Added Component: Designator=BAT?(BAT-HOLDER-SMD-1220)
Add component (AddParameter): Name = "ComponentLink1Description"; Value = "Linkedin"; VariantName = "[No Variations]"
Add component (AddParameter): Name = "ComponentLink1URL"; Value = "https://ir.linkedin.com/in/mahdi-bagherzade"; VariantName = "[No Variations]"
Add component (AddParameter): Name = "Phone Number"; Value = "0915 8700 314"; VariantName = "[No Variations]"
Add component (AddParameter): Name = "Published Date"; Value = "9-15-2024"; VariantName = "[No Variations]"
Add component (AddParameter): Name = "Publisher"; Value = "Mahdi Bagherzadeh"; VariantName = "[No Variations]"
Add component (AddParameter): Name = "Size"; Value = "1220"; VariantName = "[No Variations]"
Add component (AddParameter): Name = "Voltage"; Value = "3V"; VariantName = "[No Variations]"
Add Component: Footprint Not Found C-0805
Add Component: Footprint Not Found C-0805
Add Component: Footprint Not Found C-0805
Add Component: Footprint Not Found C-0805
Add Component: Footprint Not Found C-0805
Add Component: Footprint Not Found C-0805
Add Component: Footprint Not Found C-0805
Add Component: Footprint Not Found C-0805
Add Component: Footprint Not Found C-0805
Add Component: Footprint Not Found C-0805
Add Component: Footprint Not Found C-0805
Add Component: Footprint Not Found C-0805
Add Component: Footprint Not Found C-0805
Add Component: Footprint Not Found C-0805
Add Component: Footprint Not Found C-0805
Add Component: Footprint Not Found C-0805
Add Component: Footprint Not Found C-0805
Add Component: Footprint Not Found C-0805
Add Component: Footprint Not Found C-0805
Added Component: Designator=C?(TAN-A)
Add component (AddParameter): Name = "ComponentLink1Description"; Value = "Linkedin"; VariantName = "[No Variations]"
Add component (AddParameter): Name = "ComponentLink1URL"; Value = "https://ir.linkedin.com/in/mahdi-bagherzade"; VariantName = "[No Variations]"
Add component (AddParameter): Name = "Phone Number"; Value = "0915 8700 314"; VariantName = "[No Variations]"
Add component (AddParameter): Name = "Power"; Value = "-"; VariantName = "[No Variations]"
Add component (AddParameter): Name = "Published Date"; Value = "9-15-2024"; VariantName = "[No Variations]"
Add component (AddParameter): Name = "Publisher"; Value = "Mahdi Bagherzadeh"; VariantName = "[No Variations]"
Add component (AddParameter): Name = "Size"; Value = "A"; VariantName = "[No Variations]"
Add component (AddParameter): Name = "Tolerance"; Value = "-"; VariantName = "[No Variations]"
Add component (AddParameter): Name = "Value"; Value = "2.2uF"; VariantName = "[No Variations]"
Add component (AddParameter): Name = "Voltage"; Value = "16V"; VariantName = "[No Variations]"
Add Component: Footprint Not Found C-0805
Add Component: Footprint Not Found C-0805
Add Component: Footprint Not Found C-0805
Add Component: Footprint Not Found C-0805
Add Component: Footprint Not Found C-0805
Add Component: Footprint Not Found C-0805
Add Component: Footprint Not Found C-0805
Add Component: Footprint Not Found C-0805
Add Component: Footprint Not Found C-0805
Add Component: Footprint Not Found C-0805
Add Component: Footprint Not Found C-0805
Add Component: Footprint Not Found C-0805
Add Component: Footprint Not Found C-0805
Add Component: Footprint Not Found C-0805
Add Component: Footprint Not Found C-0805
Add Component: Footprint Not Found C-0805
Add Component: Footprint Not Found C-0805
Add Component: Footprint Not Found C-0805
Add Component: Footprint Not Found C-0805
Add Component: Footprint Not Found C-0805
Added Component: Designator=C?(TAN-A)
Add component (AddParameter): Name = "ComponentLink1Description"; Value = "Linkedin"; VariantName = "[No Variations]"
Add component (AddParameter): Name = "ComponentLink1URL"; Value = "https://ir.linkedin.com/in/mahdi-bagherzade"; VariantName = "[No Variations]"
Add component (AddParameter): Name = "Phone Number"; Value = "0915 8700 314"; VariantName = "[No Variations]"
Add component (AddParameter): Name = "Power"; Value = "-"; VariantName = "[No Variations]"
Add component (AddParameter): Name = "Published Date"; Value = "9-15-2024"; VariantName = "[No Variations]"
Add component (AddParameter): Name = "Publisher"; Value = "Mahdi Bagherzadeh"; VariantName = "[No Variations]"
Add component (AddParameter): Name = "Size"; Value = "A"; VariantName = "[No Variations]"
Add component (AddParameter): Name = "Tolerance"; Value = "-"; VariantName = "[No Variations]"
Add component (AddParameter): Name = "Value"; Value = "2.2uF"; VariantName = "[No Variations]"
Add component (AddParameter): Name = "Voltage"; Value = "16V"; VariantName = "[No Variations]"
Add Component: Footprint Not Found C-0805
Add Component: Footprint Not Found C-0805
Add Component: Footprint Not Found C-0805
Add Component: Footprint Not Found C-0805
Add Component: Footprint Not Found C-0805
Add Component: Footprint Not Found C-0805
Add Component: Footprint Not Found C-0805
Add Component: Footprint Not Found C-0805
Added Component: Designator=CN?_1(XH-2)
Add component (AddParameter): Name = "ComponentLink1Description"; Value = "Linkedin"; VariantName = "[No Variations]"
Add component (AddParameter): Name = "ComponentLink1URL"; Value = "https://ir.linkedin.com/in/mahdi-bagherzade"; VariantName = "[No Variations]"
Add component (AddParameter): Name = "Phone Number"; Value = "0915 8700 314"; VariantName = "[No Variations]"
Add component (AddParameter): Name = "Published Date"; Value = "9-15-2024"; VariantName = "[No Variations]"
Add component (AddParameter): Name = "Publisher"; Value = "Mahdi Bagherzadeh"; VariantName = "[No Variations]"
Add component (AddParameter): Name = "Size"; Value = "?mm"; VariantName = "[No Variations]"
Add component (AddParameter): Name = "Type"; Value = "Straight/Right-THD/SMD"; VariantName = "[No Variations]"
Add component (AddParameter): Name = "Value"; Value = "XH/VH/TE"; VariantName = "[No Variations]"
Added Component: Designator=CN?_1(XH-2)
Add component (AddParameter): Name = "ComponentLink1Description"; Value = "Linkedin"; VariantName = "[No Variations]"
Add component (AddParameter): Name = "ComponentLink1URL"; Value = "https://ir.linkedin.com/in/mahdi-bagherzade"; VariantName = "[No Variations]"
Add component (AddParameter): Name = "Phone Number"; Value = "0915 8700 314"; VariantName = "[No Variations]"
Add component (AddParameter): Name = "Published Date"; Value = "9-15-2024"; VariantName = "[No Variations]"
Add component (AddParameter): Name = "Publisher"; Value = "Mahdi Bagherzadeh"; VariantName = "[No Variations]"
Add component (AddParameter): Name = "Size"; Value = "?mm"; VariantName = "[No Variations]"
Add component (AddParameter): Name = "Type"; Value = "Straight/Right-THD/SMD"; VariantName = "[No Variations]"
Add component (AddParameter): Name = "Value"; Value = "XH/VH/TE"; VariantName = "[No Variations]"
Added Component: Designator=CN?_1(XH-2)
Add component (AddParameter): Name = "ComponentLink1Description"; Value = "Linkedin"; VariantName = "[No Variations]"
Add component (AddParameter): Name = "ComponentLink1URL"; Value = "https://ir.linkedin.com/in/mahdi-bagherzade"; VariantName = "[No Variations]"
Add component (AddParameter): Name = "Phone Number"; Value = "0915 8700 314"; VariantName = "[No Variations]"
Add component (AddParameter): Name = "Published Date"; Value = "9-15-2024"; VariantName = "[No Variations]"
Add component (AddParameter): Name = "Publisher"; Value = "Mahdi Bagherzadeh"; VariantName = "[No Variations]"
Add component (AddParameter): Name = "Size"; Value = "?mm"; VariantName = "[No Variations]"
Add component (AddParameter): Name = "Type"; Value = "Straight/Right-THD/SMD"; VariantName = "[No Variations]"
Add component (AddParameter): Name = "Value"; Value = "XH/VH/TE"; VariantName = "[No Variations]"
Added Component: Designator=CN?_2(XH-2)
Add component (AddParameter): Name = "ComponentLink1Description"; Value = "Linkedin"; VariantName = "[No Variations]"
Add component (AddParameter): Name = "ComponentLink1URL"; Value = "https://ir.linkedin.com/in/mahdi-bagherzade"; VariantName = "[No Variations]"
Add component (AddParameter): Name = "Phone Number"; Value = "0915 8700 314"; VariantName = "[No Variations]"
Add component (AddParameter): Name = "Published Date"; Value = "9-15-2024"; VariantName = "[No Variations]"
Add component (AddParameter): Name = "Publisher"; Value = "Mahdi Bagherzadeh"; VariantName = "[No Variations]"
Add component (AddParameter): Name = "Size"; Value = "?mm"; VariantName = "[No Variations]"
Add component (AddParameter): Name = "Type"; Value = "Straight/Right-THD/SMD"; VariantName = "[No Variations]"
Add component (AddParameter): Name = "Value"; Value = "XH/VH/TE"; VariantName = "[No Variations]"
Added Component: Designator=CN?_2(XH-2)
Add component (AddParameter): Name = "ComponentLink1Description"; Value = "Linkedin"; VariantName = "[No Variations]"
Add component (AddParameter): Name = "ComponentLink1URL"; Value = "https://ir.linkedin.com/in/mahdi-bagherzade"; VariantName = "[No Variations]"
Add component (AddParameter): Name = "Phone Number"; Value = "0915 8700 314"; VariantName = "[No Variations]"
Add component (AddParameter): Name = "Published Date"; Value = "9-15-2024"; VariantName = "[No Variations]"
Add component (AddParameter): Name = "Publisher"; Value = "Mahdi Bagherzadeh"; VariantName = "[No Variations]"
Add component (AddParameter): Name = "Size"; Value = "?mm"; VariantName = "[No Variations]"
Add component (AddParameter): Name = "Type"; Value = "Straight/Right-THD/SMD"; VariantName = "[No Variations]"
Add component (AddParameter): Name = "Value"; Value = "XH/VH/TE"; VariantName = "[No Variations]"
Added Component: Designator=CN?_2(XH-2)
Add component (AddParameter): Name = "ComponentLink1Description"; Value = "Linkedin"; VariantName = "[No Variations]"
Add component (AddParameter): Name = "ComponentLink1URL"; Value = "https://ir.linkedin.com/in/mahdi-bagherzade"; VariantName = "[No Variations]"
Add component (AddParameter): Name = "Phone Number"; Value = "0915 8700 314"; VariantName = "[No Variations]"
Add component (AddParameter): Name = "Published Date"; Value = "9-15-2024"; VariantName = "[No Variations]"
Add component (AddParameter): Name = "Publisher"; Value = "Mahdi Bagherzadeh"; VariantName = "[No Variations]"
Add component (AddParameter): Name = "Size"; Value = "?mm"; VariantName = "[No Variations]"
Add component (AddParameter): Name = "Type"; Value = "Straight/Right-THD/SMD"; VariantName = "[No Variations]"
Add component (AddParameter): Name = "Value"; Value = "XH/VH/TE"; VariantName = "[No Variations]"
Added Component: Designator=CN?_3(XH-2)
Add component (AddParameter): Name = "ComponentLink1Description"; Value = "Linkedin"; VariantName = "[No Variations]"
Add component (AddParameter): Name = "ComponentLink1URL"; Value = "https://ir.linkedin.com/in/mahdi-bagherzade"; VariantName = "[No Variations]"
Add component (AddParameter): Name = "Phone Number"; Value = "0915 8700 314"; VariantName = "[No Variations]"
Add component (AddParameter): Name = "Published Date"; Value = "9-15-2024"; VariantName = "[No Variations]"
Add component (AddParameter): Name = "Publisher"; Value = "Mahdi Bagherzadeh"; VariantName = "[No Variations]"
Add component (AddParameter): Name = "Size"; Value = "?mm"; VariantName = "[No Variations]"
Add component (AddParameter): Name = "Type"; Value = "Straight/Right-THD/SMD"; VariantName = "[No Variations]"
Add component (AddParameter): Name = "Value"; Value = "XH/VH/TE"; VariantName = "[No Variations]"
Added Component: Designator=CN?_3(XH-2)
Add component (AddParameter): Name = "ComponentLink1Description"; Value = "Linkedin"; VariantName = "[No Variations]"
Add component (AddParameter): Name = "ComponentLink1URL"; Value = "https://ir.linkedin.com/in/mahdi-bagherzade"; VariantName = "[No Variations]"
Add component (AddParameter): Name = "Phone Number"; Value = "0915 8700 314"; VariantName = "[No Variations]"
Add component (AddParameter): Name = "Published Date"; Value = "9-15-2024"; VariantName = "[No Variations]"
Add component (AddParameter): Name = "Publisher"; Value = "Mahdi Bagherzadeh"; VariantName = "[No Variations]"
Add component (AddParameter): Name = "Size"; Value = "?mm"; VariantName = "[No Variations]"
Add component (AddParameter): Name = "Type"; Value = "Straight/Right-THD/SMD"; VariantName = "[No Variations]"
Add component (AddParameter): Name = "Value"; Value = "XH/VH/TE"; VariantName = "[No Variations]"
Added Component: Designator=CN?_3(XH-2)
Add component (AddParameter): Name = "ComponentLink1Description"; Value = "Linkedin"; VariantName = "[No Variations]"
Add component (AddParameter): Name = "ComponentLink1URL"; Value = "https://ir.linkedin.com/in/mahdi-bagherzade"; VariantName = "[No Variations]"
Add component (AddParameter): Name = "Phone Number"; Value = "0915 8700 314"; VariantName = "[No Variations]"
Add component (AddParameter): Name = "Published Date"; Value = "9-15-2024"; VariantName = "[No Variations]"
Add component (AddParameter): Name = "Publisher"; Value = "Mahdi Bagherzadeh"; VariantName = "[No Variations]"
Add component (AddParameter): Name = "Size"; Value = "?mm"; VariantName = "[No Variations]"
Add component (AddParameter): Name = "Type"; Value = "Straight/Right-THD/SMD"; VariantName = "[No Variations]"
Add component (AddParameter): Name = "Value"; Value = "XH/VH/TE"; VariantName = "[No Variations]"
Added Component: Designator=CN?_4(XH-2)
Add component (AddParameter): Name = "ComponentLink1Description"; Value = "Linkedin"; VariantName = "[No Variations]"
Add component (AddParameter): Name = "ComponentLink1URL"; Value = "https://ir.linkedin.com/in/mahdi-bagherzade"; VariantName = "[No Variations]"
Add component (AddParameter): Name = "Phone Number"; Value = "0915 8700 314"; VariantName = "[No Variations]"
Add component (AddParameter): Name = "Published Date"; Value = "9-15-2024"; VariantName = "[No Variations]"
Add component (AddParameter): Name = "Publisher"; Value = "Mahdi Bagherzadeh"; VariantName = "[No Variations]"
Add component (AddParameter): Name = "Size"; Value = "?mm"; VariantName = "[No Variations]"
Add component (AddParameter): Name = "Type"; Value = "Straight/Right-THD/SMD"; VariantName = "[No Variations]"
Add component (AddParameter): Name = "Value"; Value = "XH/VH/TE"; VariantName = "[No Variations]"
Added Component: Designator=CN?_4(XH-2)
Add component (AddParameter): Name = "ComponentLink1Description"; Value = "Linkedin"; VariantName = "[No Variations]"
Add component (AddParameter): Name = "ComponentLink1URL"; Value = "https://ir.linkedin.com/in/mahdi-bagherzade"; VariantName = "[No Variations]"
Add component (AddParameter): Name = "Phone Number"; Value = "0915 8700 314"; VariantName = "[No Variations]"
Add component (AddParameter): Name = "Published Date"; Value = "9-15-2024"; VariantName = "[No Variations]"
Add component (AddParameter): Name = "Publisher"; Value = "Mahdi Bagherzadeh"; VariantName = "[No Variations]"
Add component (AddParameter): Name = "Size"; Value = "?mm"; VariantName = "[No Variations]"
Add component (AddParameter): Name = "Type"; Value = "Straight/Right-THD/SMD"; VariantName = "[No Variations]"
Add component (AddParameter): Name = "Value"; Value = "XH/VH/TE"; VariantName = "[No Variations]"
Added Component: Designator=CN?_4(XH-2)
Add component (AddParameter): Name = "ComponentLink1Description"; Value = "Linkedin"; VariantName = "[No Variations]"
Add component (AddParameter): Name = "ComponentLink1URL"; Value = "https://ir.linkedin.com/in/mahdi-bagherzade"; VariantName = "[No Variations]"
Add component (AddParameter): Name = "Phone Number"; Value = "0915 8700 314"; VariantName = "[No Variations]"
Add component (AddParameter): Name = "Published Date"; Value = "9-15-2024"; VariantName = "[No Variations]"
Add component (AddParameter): Name = "Publisher"; Value = "Mahdi Bagherzadeh"; VariantName = "[No Variations]"
Add component (AddParameter): Name = "Size"; Value = "?mm"; VariantName = "[No Variations]"
Add component (AddParameter): Name = "Type"; Value = "Straight/Right-THD/SMD"; VariantName = "[No Variations]"
Add component (AddParameter): Name = "Value"; Value = "XH/VH/TE"; VariantName = "[No Variations]"
Added Component: Designator=CN?(IDC-2x8-S)
Add component (AddParameter): Name = "ComponentLink1Description"; Value = "Linkedin"; VariantName = "[No Variations]"
Add component (AddParameter): Name = "ComponentLink1URL"; Value = "https://ir.linkedin.com/in/mahdi-bagherzade"; VariantName = "[No Variations]"
Add component (AddParameter): Name = "Phone Number"; Value = "0915 8700 314"; VariantName = "[No Variations]"
Add component (AddParameter): Name = "Published Date"; Value = "9-15-2024"; VariantName = "[No Variations]"
Add component (AddParameter): Name = "Publisher"; Value = "Mahdi Bagherzadeh"; VariantName = "[No Variations]"
Add component (AddParameter): Name = "Type"; Value = "Straight/Right"; VariantName = "[No Variations]"
Added Component: Designator=CN?(XH-6)
Add component (AddParameter): Name = "ComponentLink1Description"; Value = "Linkedin"; VariantName = "[No Variations]"
Add component (AddParameter): Name = "ComponentLink1URL"; Value = "https://ir.linkedin.com/in/mahdi-bagherzade"; VariantName = "[No Variations]"
Add component (AddParameter): Name = "Phone Number"; Value = "0915 8700 314"; VariantName = "[No Variations]"
Add component (AddParameter): Name = "Published Date"; Value = "9-15-2024"; VariantName = "[No Variations]"
Add component (AddParameter): Name = "Publisher"; Value = "Mahdi Bagherzadeh"; VariantName = "[No Variations]"
Add component (AddParameter): Name = "Size"; Value = "?mm"; VariantName = "[No Variations]"
Add component (AddParameter): Name = "Type"; Value = "Straight/Right-THD/SMD"; VariantName = "[No Variations]"
Add component (AddParameter): Name = "Value"; Value = "XH/VH/TE"; VariantName = "[No Variations]"
Added Component: Designator=CN?(XH-2)
Add component (AddParameter): Name = "ComponentLink1Description"; Value = "Linkedin"; VariantName = "[No Variations]"
Add component (AddParameter): Name = "ComponentLink1URL"; Value = "https://ir.linkedin.com/in/mahdi-bagherzade"; VariantName = "[No Variations]"
Add component (AddParameter): Name = "Phone Number"; Value = "0915 8700 314"; VariantName = "[No Variations]"
Add component (AddParameter): Name = "Published Date"; Value = "9-15-2024"; VariantName = "[No Variations]"
Add component (AddParameter): Name = "Publisher"; Value = "Mahdi Bagherzadeh"; VariantName = "[No Variations]"
Add component (AddParameter): Name = "VALUE"; Value = ""; VariantName = "[No Variations]"
Added Component: Designator=CN?(XH-4)
Add component (AddParameter): Name = "ComponentLink1Description"; Value = "Linkedin"; VariantName = "[No Variations]"
Add component (AddParameter): Name = "ComponentLink1URL"; Value = "https://ir.linkedin.com/in/mahdi-bagherzade"; VariantName = "[No Variations]"
Add component (AddParameter): Name = "Phone Number"; Value = "0915 8700 314"; VariantName = "[No Variations]"
Add component (AddParameter): Name = "Published Date"; Value = "9-15-2024"; VariantName = "[No Variations]"
Add component (AddParameter): Name = "Publisher"; Value = "Mahdi Bagherzadeh"; VariantName = "[No Variations]"
Add component (AddParameter): Name = "Size"; Value = "?mm"; VariantName = "[No Variations]"
Add component (AddParameter): Name = "Type"; Value = "Straight/Right-THD/SMD"; VariantName = "[No Variations]"
Add component (AddParameter): Name = "Value"; Value = "XH/VH/TE"; VariantName = "[No Variations]"
Added Component: Designator=CN?(CN-FPC-40-0.5mm-hor)
Add component (AddParameter): Name = "ComponentLink1Description"; Value = "Linkedin"; VariantName = "[No Variations]"
Add component (AddParameter): Name = "ComponentLink1URL"; Value = "https://ir.linkedin.com/in/mahdi-bagherzade"; VariantName = "[No Variations]"
Add component (AddParameter): Name = "Phone Number"; Value = "0915 8700 314"; VariantName = "[No Variations]"
Add component (AddParameter): Name = "Published Date"; Value = "9-15-2024"; VariantName = "[No Variations]"
Add component (AddParameter): Name = "Publisher"; Value = "Mahdi Bagherzadeh"; VariantName = "[No Variations]"
Add component (AddParameter): Name = "VALUE"; Value = ""; VariantName = "[No Variations]"
Added Component: Designator=D?_1(SOD123)
Add component (AddParameter): Name = "Code"; Value = "1N4148"; VariantName = "[No Variations]"
Add component (AddParameter): Name = "ComponentLink1Description"; Value = "Linkedin"; VariantName = "[No Variations]"
Add component (AddParameter): Name = "ComponentLink1URL"; Value = "https://ir.linkedin.com/in/mahdi-bagherzade"; VariantName = "[No Variations]"
Add component (AddParameter): Name = "Phone Number"; Value = "0915 8700 314"; VariantName = "[No Variations]"
Add component (AddParameter): Name = "Published Date"; Value = "9-15-2024"; VariantName = "[No Variations]"
Add component (AddParameter): Name = "Publisher"; Value = "Mahdi Bagherzadeh"; VariantName = "[No Variations]"
Add component (AddParameter): Name = "Type"; Value = "SMD"; VariantName = "[No Variations]"
Added Component: Designator=D?_1(SOD123)
Add component (AddParameter): Name = "Code"; Value = "1N4148"; VariantName = "[No Variations]"
Add component (AddParameter): Name = "ComponentLink1Description"; Value = "Linkedin"; VariantName = "[No Variations]"
Add component (AddParameter): Name = "ComponentLink1URL"; Value = "https://ir.linkedin.com/in/mahdi-bagherzade"; VariantName = "[No Variations]"
Add component (AddParameter): Name = "Phone Number"; Value = "0915 8700 314"; VariantName = "[No Variations]"
Add component (AddParameter): Name = "Published Date"; Value = "9-15-2024"; VariantName = "[No Variations]"
Add component (AddParameter): Name = "Publisher"; Value = "Mahdi Bagherzadeh"; VariantName = "[No Variations]"
Add component (AddParameter): Name = "Type"; Value = "SMD"; VariantName = "[No Variations]"
Added Component: Designator=D?_2(SOD123)
Add component (AddParameter): Name = "Code"; Value = "1N4148"; VariantName = "[No Variations]"
Add component (AddParameter): Name = "ComponentLink1Description"; Value = "Linkedin"; VariantName = "[No Variations]"
Add component (AddParameter): Name = "ComponentLink1URL"; Value = "https://ir.linkedin.com/in/mahdi-bagherzade"; VariantName = "[No Variations]"
Add component (AddParameter): Name = "Phone Number"; Value = "0915 8700 314"; VariantName = "[No Variations]"
Add component (AddParameter): Name = "Published Date"; Value = "9-15-2024"; VariantName = "[No Variations]"
Add component (AddParameter): Name = "Publisher"; Value = "Mahdi Bagherzadeh"; VariantName = "[No Variations]"
Add component (AddParameter): Name = "Type"; Value = "SMD"; VariantName = "[No Variations]"
Added Component: Designator=D?_2(SOD123)
Add component (AddParameter): Name = "Code"; Value = "1N4148"; VariantName = "[No Variations]"
Add component (AddParameter): Name = "ComponentLink1Description"; Value = "Linkedin"; VariantName = "[No Variations]"
Add component (AddParameter): Name = "ComponentLink1URL"; Value = "https://ir.linkedin.com/in/mahdi-bagherzade"; VariantName = "[No Variations]"
Add component (AddParameter): Name = "Phone Number"; Value = "0915 8700 314"; VariantName = "[No Variations]"
Add component (AddParameter): Name = "Published Date"; Value = "9-15-2024"; VariantName = "[No Variations]"
Add component (AddParameter): Name = "Publisher"; Value = "Mahdi Bagherzadeh"; VariantName = "[No Variations]"
Add component (AddParameter): Name = "Type"; Value = "SMD"; VariantName = "[No Variations]"
Added Component: Designator=D?_3(SOD123)
Add component (AddParameter): Name = "Code"; Value = "1N4148"; VariantName = "[No Variations]"
Add component (AddParameter): Name = "ComponentLink1Description"; Value = "Linkedin"; VariantName = "[No Variations]"
Add component (AddParameter): Name = "ComponentLink1URL"; Value = "https://ir.linkedin.com/in/mahdi-bagherzade"; VariantName = "[No Variations]"
Add component (AddParameter): Name = "Phone Number"; Value = "0915 8700 314"; VariantName = "[No Variations]"
Add component (AddParameter): Name = "Published Date"; Value = "9-15-2024"; VariantName = "[No Variations]"
Add component (AddParameter): Name = "Publisher"; Value = "Mahdi Bagherzadeh"; VariantName = "[No Variations]"
Add component (AddParameter): Name = "Type"; Value = "SMD"; VariantName = "[No Variations]"
Added Component: Designator=D?_3(SOD123)
Add component (AddParameter): Name = "Code"; Value = "1N4148"; VariantName = "[No Variations]"
Add component (AddParameter): Name = "ComponentLink1Description"; Value = "Linkedin"; VariantName = "[No Variations]"
Add component (AddParameter): Name = "ComponentLink1URL"; Value = "https://ir.linkedin.com/in/mahdi-bagherzade"; VariantName = "[No Variations]"
Add component (AddParameter): Name = "Phone Number"; Value = "0915 8700 314"; VariantName = "[No Variations]"
Add component (AddParameter): Name = "Published Date"; Value = "9-15-2024"; VariantName = "[No Variations]"
Add component (AddParameter): Name = "Publisher"; Value = "Mahdi Bagherzadeh"; VariantName = "[No Variations]"
Add component (AddParameter): Name = "Type"; Value = "SMD"; VariantName = "[No Variations]"
Added Component: Designator=D?_4(SOD123)
Add component (AddParameter): Name = "Code"; Value = "1N4148"; VariantName = "[No Variations]"
Add component (AddParameter): Name = "ComponentLink1Description"; Value = "Linkedin"; VariantName = "[No Variations]"
Add component (AddParameter): Name = "ComponentLink1URL"; Value = "https://ir.linkedin.com/in/mahdi-bagherzade"; VariantName = "[No Variations]"
Add component (AddParameter): Name = "Phone Number"; Value = "0915 8700 314"; VariantName = "[No Variations]"
Add component (AddParameter): Name = "Published Date"; Value = "9-15-2024"; VariantName = "[No Variations]"
Add component (AddParameter): Name = "Publisher"; Value = "Mahdi Bagherzadeh"; VariantName = "[No Variations]"
Add component (AddParameter): Name = "Type"; Value = "SMD"; VariantName = "[No Variations]"
Added Component: Designator=D?_4(SOD123)
Add component (AddParameter): Name = "Code"; Value = "1N4148"; VariantName = "[No Variations]"
Add component (AddParameter): Name = "ComponentLink1Description"; Value = "Linkedin"; VariantName = "[No Variations]"
Add component (AddParameter): Name = "ComponentLink1URL"; Value = "https://ir.linkedin.com/in/mahdi-bagherzade"; VariantName = "[No Variations]"
Add component (AddParameter): Name = "Phone Number"; Value = "0915 8700 314"; VariantName = "[No Variations]"
Add component (AddParameter): Name = "Published Date"; Value = "9-15-2024"; VariantName = "[No Variations]"
Add component (AddParameter): Name = "Publisher"; Value = "Mahdi Bagherzadeh"; VariantName = "[No Variations]"
Add component (AddParameter): Name = "Type"; Value = "SMD"; VariantName = "[No Variations]"
Added Component: Designator=D?(SOD123)
Add component (AddParameter): Name = "ComponentLink1Description"; Value = "Linkedin"; VariantName = "[No Variations]"
Add component (AddParameter): Name = "ComponentLink1URL"; Value = "https://ir.linkedin.com/in/mahdi-bagherzade"; VariantName = "[No Variations]"
Add component (AddParameter): Name = "Phone Number"; Value = "0915 8700 314"; VariantName = "[No Variations]"
Add component (AddParameter): Name = "Published Date"; Value = "9-15-2024"; VariantName = "[No Variations]"
Add component (AddParameter): Name = "Publisher"; Value = "Mahdi Bagherzadeh"; VariantName = "[No Variations]"
Added Component: Designator=FB4(FB-0805)
Add component (AddParameter): Name = "ComponentLink1Description"; Value = "Linkedin"; VariantName = "[No Variations]"
Add component (AddParameter): Name = "ComponentLink1URL"; Value = "https://ir.linkedin.com/in/mahdi-bagherzade"; VariantName = "[No Variations]"
Add component (AddParameter): Name = "Phone Number"; Value = "0915 8700 314"; VariantName = "[No Variations]"
Add component (AddParameter): Name = "Published Date"; Value = "9-15-2024"; VariantName = "[No Variations]"
Add component (AddParameter): Name = "Publisher"; Value = "Mahdi Bagherzadeh"; VariantName = "[No Variations]"
Add component (AddParameter): Name = "VALUE"; Value = ""; VariantName = "[No Variations]"
Added Component: Designator=FB?(FB-0805)
Add component (AddParameter): Name = "ComponentLink1Description"; Value = "Linkedin"; VariantName = "[No Variations]"
Add component (AddParameter): Name = "ComponentLink1URL"; Value = "https://ir.linkedin.com/in/mahdi-bagherzade"; VariantName = "[No Variations]"
Add component (AddParameter): Name = "Phone Number"; Value = "0915 8700 314"; VariantName = "[No Variations]"
Add component (AddParameter): Name = "Published Date"; Value = "9-15-2024"; VariantName = "[No Variations]"
Add component (AddParameter): Name = "Publisher"; Value = "Mahdi Bagherzadeh"; VariantName = "[No Variations]"
Add component (AddParameter): Name = "VALUE"; Value = ""; VariantName = "[No Variations]"
Added Component: Designator=FB?(FB-0805)
Add component (AddParameter): Name = "ComponentLink1Description"; Value = "Linkedin"; VariantName = "[No Variations]"
Add component (AddParameter): Name = "ComponentLink1URL"; Value = "https://ir.linkedin.com/in/mahdi-bagherzade"; VariantName = "[No Variations]"
Add component (AddParameter): Name = "Phone Number"; Value = "0915 8700 314"; VariantName = "[No Variations]"
Add component (AddParameter): Name = "Published Date"; Value = "9-15-2024"; VariantName = "[No Variations]"
Add component (AddParameter): Name = "Publisher"; Value = "Mahdi Bagherzadeh"; VariantName = "[No Variations]"
Added Component: Designator=FB?(FB-0805)
Add component (AddParameter): Name = "ComponentLink1Description"; Value = "Linkedin"; VariantName = "[No Variations]"
Add component (AddParameter): Name = "ComponentLink1URL"; Value = "https://ir.linkedin.com/in/mahdi-bagherzade"; VariantName = "[No Variations]"
Add component (AddParameter): Name = "Phone Number"; Value = "0915 8700 314"; VariantName = "[No Variations]"
Add component (AddParameter): Name = "Published Date"; Value = "9-15-2024"; VariantName = "[No Variations]"
Add component (AddParameter): Name = "Publisher"; Value = "Mahdi Bagherzadeh"; VariantName = "[No Variations]"
Added Component: Designator=FB?(FB-0805)
Add component (AddParameter): Name = "ComponentLink1Description"; Value = "Linkedin"; VariantName = "[No Variations]"
Add component (AddParameter): Name = "ComponentLink1URL"; Value = "https://ir.linkedin.com/in/mahdi-bagherzade"; VariantName = "[No Variations]"
Add component (AddParameter): Name = "Phone Number"; Value = "0915 8700 314"; VariantName = "[No Variations]"
Add component (AddParameter): Name = "Published Date"; Value = "9-15-2024"; VariantName = "[No Variations]"
Add component (AddParameter): Name = "Publisher"; Value = "Mahdi Bagherzadeh"; VariantName = "[No Variations]"
Add component (AddParameter): Name = "VALUE"; Value = ""; VariantName = "[No Variations]"
Added Component: Designator=H3(H-9pin-F-S)
Add component (AddParameter): Name = "ComponentLink1Description"; Value = "Linkedin"; VariantName = "[No Variations]"
Add component (AddParameter): Name = "ComponentLink1URL"; Value = "https://ir.linkedin.com/in/mahdi-bagherzade"; VariantName = "[No Variations]"
Add component (AddParameter): Name = "Phone Number"; Value = "0915 8700 314"; VariantName = "[No Variations]"
Add component (AddParameter): Name = "Published Date"; Value = "9-15-2024"; VariantName = "[No Variations]"
Add component (AddParameter): Name = "Publisher"; Value = "Mahdi Bagherzadeh"; VariantName = "[No Variations]"
Add component (AddParameter): Name = "VALUE"; Value = ""; VariantName = "[No Variations]"
Added Component: Designator=H?(H-3pin-M-S)
Add component (AddParameter): Name = "ComponentLink1Description"; Value = "Linkedin"; VariantName = "[No Variations]"
Add component (AddParameter): Name = "ComponentLink1URL"; Value = "https://ir.linkedin.com/in/mahdi-bagherzade"; VariantName = "[No Variations]"
Add component (AddParameter): Name = "Phone Number"; Value = "0915 8700 314"; VariantName = "[No Variations]"
Add component (AddParameter): Name = "Published Date"; Value = "9-15-2024"; VariantName = "[No Variations]"
Add component (AddParameter): Name = "Publisher"; Value = "Mahdi Bagherzadeh"; VariantName = "[No Variations]"
Add component (AddParameter): Name = "Type"; Value = "MALE-STRAIGHT"; VariantName = "[No Variations]"
Added Component: Designator=LED?_1(LED-1206-Y)
Add component (AddParameter): Name = "Color"; Value = "GREEN"; VariantName = "[No Variations]"
Add component (AddParameter): Name = "ComponentLink1Description"; Value = "Linkedin"; VariantName = "[No Variations]"
Add component (AddParameter): Name = "ComponentLink1URL"; Value = "https://ir.linkedin.com/in/mahdi-bagherzade"; VariantName = "[No Variations]"
Add component (AddParameter): Name = "Phone Number"; Value = "0915 8700 314"; VariantName = "[No Variations]"
Add component (AddParameter): Name = "Published Date"; Value = "9-15-2024"; VariantName = "[No Variations]"
Add component (AddParameter): Name = "Publisher"; Value = "Mahdi Bagherzadeh"; VariantName = "[No Variations]"
Add component (AddParameter): Name = "Size"; Value = "1206"; VariantName = "[No Variations]"
Add component (AddParameter): Name = "Type"; Value = "SMD"; VariantName = "[No Variations]"
Added Component: Designator=LED?_2(LED-1206-Y)
Add component (AddParameter): Name = "Color"; Value = "GREEN"; VariantName = "[No Variations]"
Add component (AddParameter): Name = "ComponentLink1Description"; Value = "Linkedin"; VariantName = "[No Variations]"
Add component (AddParameter): Name = "ComponentLink1URL"; Value = "https://ir.linkedin.com/in/mahdi-bagherzade"; VariantName = "[No Variations]"
Add component (AddParameter): Name = "Phone Number"; Value = "0915 8700 314"; VariantName = "[No Variations]"
Add component (AddParameter): Name = "Published Date"; Value = "9-15-2024"; VariantName = "[No Variations]"
Add component (AddParameter): Name = "Publisher"; Value = "Mahdi Bagherzadeh"; VariantName = "[No Variations]"
Add component (AddParameter): Name = "Size"; Value = "1206"; VariantName = "[No Variations]"
Add component (AddParameter): Name = "Type"; Value = "SMD"; VariantName = "[No Variations]"
Added Component: Designator=LED?_3(LED-1206-Y)
Add component (AddParameter): Name = "Color"; Value = "GREEN"; VariantName = "[No Variations]"
Add component (AddParameter): Name = "ComponentLink1Description"; Value = "Linkedin"; VariantName = "[No Variations]"
Add component (AddParameter): Name = "ComponentLink1URL"; Value = "https://ir.linkedin.com/in/mahdi-bagherzade"; VariantName = "[No Variations]"
Add component (AddParameter): Name = "Phone Number"; Value = "0915 8700 314"; VariantName = "[No Variations]"
Add component (AddParameter): Name = "Published Date"; Value = "9-15-2024"; VariantName = "[No Variations]"
Add component (AddParameter): Name = "Publisher"; Value = "Mahdi Bagherzadeh"; VariantName = "[No Variations]"
Add component (AddParameter): Name = "Size"; Value = "1206"; VariantName = "[No Variations]"
Add component (AddParameter): Name = "Type"; Value = "SMD"; VariantName = "[No Variations]"
Added Component: Designator=LED?_4(LED-1206-Y)
Add component (AddParameter): Name = "Color"; Value = "GREEN"; VariantName = "[No Variations]"
Add component (AddParameter): Name = "ComponentLink1Description"; Value = "Linkedin"; VariantName = "[No Variations]"
Add component (AddParameter): Name = "ComponentLink1URL"; Value = "https://ir.linkedin.com/in/mahdi-bagherzade"; VariantName = "[No Variations]"
Add component (AddParameter): Name = "Phone Number"; Value = "0915 8700 314"; VariantName = "[No Variations]"
Add component (AddParameter): Name = "Published Date"; Value = "9-15-2024"; VariantName = "[No Variations]"
Add component (AddParameter): Name = "Publisher"; Value = "Mahdi Bagherzadeh"; VariantName = "[No Variations]"
Add component (AddParameter): Name = "Size"; Value = "1206"; VariantName = "[No Variations]"
Add component (AddParameter): Name = "Type"; Value = "SMD"; VariantName = "[No Variations]"
Added Component: Designator=LED?(LED-0805-R)
Add component (AddParameter): Name = "Color"; Value = "RED"; VariantName = "[No Variations]"
Add component (AddParameter): Name = "ComponentLink1Description"; Value = "Linkedin"; VariantName = "[No Variations]"
Add component (AddParameter): Name = "ComponentLink1URL"; Value = "https://ir.linkedin.com/in/mahdi-bagherzade"; VariantName = "[No Variations]"
Add component (AddParameter): Name = "Phone Number"; Value = "0915 8700 314"; VariantName = "[No Variations]"
Add component (AddParameter): Name = "Published Date"; Value = "9-15-2024"; VariantName = "[No Variations]"
Add component (AddParameter): Name = "Publisher"; Value = "Mahdi Bagherzadeh"; VariantName = "[No Variations]"
Add component (AddParameter): Name = "Size"; Value = "0805"; VariantName = "[No Variations]"
Added Component: Designator=LED?(LED-1206-G)
Add component (AddParameter): Name = "ComponentLink1Description"; Value = "Linkedin"; VariantName = "[No Variations]"
Add component (AddParameter): Name = "ComponentLink1URL"; Value = "https://ir.linkedin.com/in/mahdi-bagherzade"; VariantName = "[No Variations]"
Add component (AddParameter): Name = "Phone Number"; Value = "0915 8700 314"; VariantName = "[No Variations]"
Add component (AddParameter): Name = "Published Date"; Value = "9-15-2024"; VariantName = "[No Variations]"
Add component (AddParameter): Name = "Publisher"; Value = "Mahdi Bagherzadeh"; VariantName = "[No Variations]"
Added Component: Designator=M1(TFT-3.2inch)
Add component (AddParameter): Name = "ComponentLink1Description"; Value = "Linkedin"; VariantName = "[No Variations]"
Add component (AddParameter): Name = "ComponentLink1URL"; Value = "https://ir.linkedin.com/in/mahdi-bagherzade"; VariantName = "[No Variations]"
Add component (AddParameter): Name = "Phone Number"; Value = "0915 8700 314"; VariantName = "[No Variations]"
Add component (AddParameter): Name = "Published Date"; Value = "9-15-2024"; VariantName = "[No Variations]"
Add component (AddParameter): Name = "Publisher"; Value = "Mahdi Bagherzadeh"; VariantName = "[No Variations]"
Added Component: Designator=MIC?(MIC-2.2mm)
Add component (AddParameter): Name = "ComponentLink1Description"; Value = "Linkedin"; VariantName = "[No Variations]"
Add component (AddParameter): Name = "ComponentLink1URL"; Value = "https://ir.linkedin.com/in/mahdi-bagherzade"; VariantName = "[No Variations]"
Add component (AddParameter): Name = "Phone Number"; Value = "0915 8700 314"; VariantName = "[No Variations]"
Add component (AddParameter): Name = "Published Date"; Value = "9-15-2024"; VariantName = "[No Variations]"
Add component (AddParameter): Name = "Publisher"; Value = "Mahdi Bagherzadeh"; VariantName = "[No Variations]"
Added Component: Designator=NT?(NET TIE-3)
Add component (AddParameter): Name = "ComponentLink1Description"; Value = "Linkedin"; VariantName = "[No Variations]"
Add component (AddParameter): Name = "ComponentLink1URL"; Value = "https://ir.linkedin.com/in/mahdi-bagherzade"; VariantName = "[No Variations]"
Add component (AddParameter): Name = "Phone Number"; Value = "0915 8700 314"; VariantName = "[No Variations]"
Add component (AddParameter): Name = "Published Date"; Value = "9-15-2024"; VariantName = "[No Variations]"
Add component (AddParameter): Name = "Publisher"; Value = "Mahdi Bagherzadeh"; VariantName = "[No Variations]"
Added Component: Designator=Q1(SOT23-213)
Add component (AddParameter): Name = "ComponentLink1Description"; Value = "Linkedin"; VariantName = "[No Variations]"
Add component (AddParameter): Name = "ComponentLink1URL"; Value = "https://ir.linkedin.com/in/mahdi-bagherzade"; VariantName = "[No Variations]"
Add component (AddParameter): Name = "Phone Number"; Value = "0915 8700 314"; VariantName = "[No Variations]"
Add component (AddParameter): Name = "Published Date"; Value = "9-15-2024"; VariantName = "[No Variations]"
Add component (AddParameter): Name = "Publisher"; Value = "Mahdi Bagherzadeh"; VariantName = "[No Variations]"
Add component (AddParameter): Name = "VALUE"; Value = ""; VariantName = "[No Variations]"
Added Component: Designator=Q?_1(SOT23-312)
Add component (AddParameter): Name = "Code"; Value = "CR"; VariantName = "[No Variations]"
Add component (AddParameter): Name = "ComponentLink1Description"; Value = "Linkedin"; VariantName = "[No Variations]"
Add component (AddParameter): Name = "ComponentLink1URL"; Value = "https://ir.linkedin.com/in/mahdi-bagherzade"; VariantName = "[No Variations]"
Add component (AddParameter): Name = "Phone Number"; Value = "0915 8700 314"; VariantName = "[No Variations]"
Add component (AddParameter): Name = "Published Date"; Value = "9-15-2024"; VariantName = "[No Variations]"
Add component (AddParameter): Name = "Publisher"; Value = "Mahdi Bagherzadeh"; VariantName = "[No Variations]"
Add component (AddParameter): Name = "Type"; Value = "SMD"; VariantName = "[No Variations]"
Add component (AddParameter): Name = "Value"; Value = "C945"; VariantName = "[No Variations]"
Added Component: Designator=Q?_1(SOT89-V02)
Add component (AddParameter): Name = "ComponentLink1Description"; Value = "New link"; VariantName = "[No Variations]"
Add component (AddParameter): Name = "ComponentLink1URL"; Value = ""; VariantName = "[No Variations]"
Add component (AddParameter): Name = "Phone Number"; Value = "0"; VariantName = "[No Variations]"
Add component (AddParameter): Name = "Published Date"; Value = "1-6-2026"; VariantName = "[No Variations]"
Add component (AddParameter): Name = "Publisher"; Value = "Fatemeh Imani"; VariantName = "[No Variations]"
Add component (AddParameter): Name = "Type"; Value = "SMD"; VariantName = "[No Variations]"
Add component (AddParameter): Name = "Value"; Value = "ZXTN2010ZTA"; VariantName = "[No Variations]"
Added Component: Designator=Q?_1(SOT23-312)
Add component (AddParameter): Name = "Code"; Value = "CR"; VariantName = "[No Variations]"
Add component (AddParameter): Name = "ComponentLink1Description"; Value = "Linkedin"; VariantName = "[No Variations]"
Add component (AddParameter): Name = "ComponentLink1URL"; Value = "https://ir.linkedin.com/in/mahdi-bagherzade"; VariantName = "[No Variations]"
Add component (AddParameter): Name = "Phone Number"; Value = "0915 8700 314"; VariantName = "[No Variations]"
Add component (AddParameter): Name = "Published Date"; Value = "9-15-2024"; VariantName = "[No Variations]"
Add component (AddParameter): Name = "Publisher"; Value = "Mahdi Bagherzadeh"; VariantName = "[No Variations]"
Add component (AddParameter): Name = "Type"; Value = "SMD"; VariantName = "[No Variations]"
Add component (AddParameter): Name = "Value"; Value = "C945"; VariantName = "[No Variations]"
Added Component: Designator=Q?_1(SOT89-V02)
Add component (AddParameter): Name = "ComponentLink1Description"; Value = "New link"; VariantName = "[No Variations]"
Add component (AddParameter): Name = "ComponentLink1URL"; Value = ""; VariantName = "[No Variations]"
Add component (AddParameter): Name = "Phone Number"; Value = "0"; VariantName = "[No Variations]"
Add component (AddParameter): Name = "Published Date"; Value = "1-6-2026"; VariantName = "[No Variations]"
Add component (AddParameter): Name = "Publisher"; Value = "Fatemeh Imani"; VariantName = "[No Variations]"
Add component (AddParameter): Name = "Type"; Value = "SMD"; VariantName = "[No Variations]"
Add component (AddParameter): Name = "Value"; Value = "ZXTN2010ZTA"; VariantName = "[No Variations]"
Added Component: Designator=Q?_2(SOT89-V02)
Add component (AddParameter): Name = "ComponentLink1Description"; Value = "New link"; VariantName = "[No Variations]"
Add component (AddParameter): Name = "ComponentLink1URL"; Value = ""; VariantName = "[No Variations]"
Add component (AddParameter): Name = "Phone Number"; Value = "0"; VariantName = "[No Variations]"
Add component (AddParameter): Name = "Published Date"; Value = "1-6-2026"; VariantName = "[No Variations]"
Add component (AddParameter): Name = "Publisher"; Value = "Fatemeh Imani"; VariantName = "[No Variations]"
Add component (AddParameter): Name = "Type"; Value = "SMD"; VariantName = "[No Variations]"
Add component (AddParameter): Name = "Value"; Value = "ZXTN2010ZTA"; VariantName = "[No Variations]"
Added Component: Designator=Q?_2(SOT23-312)
Add component (AddParameter): Name = "Code"; Value = "CR"; VariantName = "[No Variations]"
Add component (AddParameter): Name = "ComponentLink1Description"; Value = "Linkedin"; VariantName = "[No Variations]"
Add component (AddParameter): Name = "ComponentLink1URL"; Value = "https://ir.linkedin.com/in/mahdi-bagherzade"; VariantName = "[No Variations]"
Add component (AddParameter): Name = "Phone Number"; Value = "0915 8700 314"; VariantName = "[No Variations]"
Add component (AddParameter): Name = "Published Date"; Value = "9-15-2024"; VariantName = "[No Variations]"
Add component (AddParameter): Name = "Publisher"; Value = "Mahdi Bagherzadeh"; VariantName = "[No Variations]"
Add component (AddParameter): Name = "Type"; Value = "SMD"; VariantName = "[No Variations]"
Add component (AddParameter): Name = "Value"; Value = "C945"; VariantName = "[No Variations]"
Added Component: Designator=Q?_2(SOT23-312)
Add component (AddParameter): Name = "Code"; Value = "CR"; VariantName = "[No Variations]"
Add component (AddParameter): Name = "ComponentLink1Description"; Value = "Linkedin"; VariantName = "[No Variations]"
Add component (AddParameter): Name = "ComponentLink1URL"; Value = "https://ir.linkedin.com/in/mahdi-bagherzade"; VariantName = "[No Variations]"
Add component (AddParameter): Name = "Phone Number"; Value = "0915 8700 314"; VariantName = "[No Variations]"
Add component (AddParameter): Name = "Published Date"; Value = "9-15-2024"; VariantName = "[No Variations]"
Add component (AddParameter): Name = "Publisher"; Value = "Mahdi Bagherzadeh"; VariantName = "[No Variations]"
Add component (AddParameter): Name = "Type"; Value = "SMD"; VariantName = "[No Variations]"
Add component (AddParameter): Name = "Value"; Value = "C945"; VariantName = "[No Variations]"
Added Component: Designator=Q?_2(SOT89-V02)
Add component (AddParameter): Name = "ComponentLink1Description"; Value = "New link"; VariantName = "[No Variations]"
Add component (AddParameter): Name = "ComponentLink1URL"; Value = ""; VariantName = "[No Variations]"
Add component (AddParameter): Name = "Phone Number"; Value = "0"; VariantName = "[No Variations]"
Add component (AddParameter): Name = "Published Date"; Value = "1-6-2026"; VariantName = "[No Variations]"
Add component (AddParameter): Name = "Publisher"; Value = "Fatemeh Imani"; VariantName = "[No Variations]"
Add component (AddParameter): Name = "Type"; Value = "SMD"; VariantName = "[No Variations]"
Add component (AddParameter): Name = "Value"; Value = "ZXTN2010ZTA"; VariantName = "[No Variations]"
Added Component: Designator=Q?_3(SOT23-312)
Add component (AddParameter): Name = "Code"; Value = "CR"; VariantName = "[No Variations]"
Add component (AddParameter): Name = "ComponentLink1Description"; Value = "Linkedin"; VariantName = "[No Variations]"
Add component (AddParameter): Name = "ComponentLink1URL"; Value = "https://ir.linkedin.com/in/mahdi-bagherzade"; VariantName = "[No Variations]"
Add component (AddParameter): Name = "Phone Number"; Value = "0915 8700 314"; VariantName = "[No Variations]"
Add component (AddParameter): Name = "Published Date"; Value = "9-15-2024"; VariantName = "[No Variations]"
Add component (AddParameter): Name = "Publisher"; Value = "Mahdi Bagherzadeh"; VariantName = "[No Variations]"
Add component (AddParameter): Name = "Type"; Value = "SMD"; VariantName = "[No Variations]"
Add component (AddParameter): Name = "Value"; Value = "C945"; VariantName = "[No Variations]"
Added Component: Designator=Q?_3(SOT89-V02)
Add component (AddParameter): Name = "ComponentLink1Description"; Value = "New link"; VariantName = "[No Variations]"
Add component (AddParameter): Name = "ComponentLink1URL"; Value = ""; VariantName = "[No Variations]"
Add component (AddParameter): Name = "Phone Number"; Value = "0"; VariantName = "[No Variations]"
Add component (AddParameter): Name = "Published Date"; Value = "1-6-2026"; VariantName = "[No Variations]"
Add component (AddParameter): Name = "Publisher"; Value = "Fatemeh Imani"; VariantName = "[No Variations]"
Add component (AddParameter): Name = "Type"; Value = "SMD"; VariantName = "[No Variations]"
Add component (AddParameter): Name = "Value"; Value = "ZXTN2010ZTA"; VariantName = "[No Variations]"
Added Component: Designator=Q?_3(SOT23-312)
Add component (AddParameter): Name = "Code"; Value = "CR"; VariantName = "[No Variations]"
Add component (AddParameter): Name = "ComponentLink1Description"; Value = "Linkedin"; VariantName = "[No Variations]"
Add component (AddParameter): Name = "ComponentLink1URL"; Value = "https://ir.linkedin.com/in/mahdi-bagherzade"; VariantName = "[No Variations]"
Add component (AddParameter): Name = "Phone Number"; Value = "0915 8700 314"; VariantName = "[No Variations]"
Add component (AddParameter): Name = "Published Date"; Value = "9-15-2024"; VariantName = "[No Variations]"
Add component (AddParameter): Name = "Publisher"; Value = "Mahdi Bagherzadeh"; VariantName = "[No Variations]"
Add component (AddParameter): Name = "Type"; Value = "SMD"; VariantName = "[No Variations]"
Add component (AddParameter): Name = "Value"; Value = "C945"; VariantName = "[No Variations]"
Added Component: Designator=Q?_3(SOT89-V02)
Add component (AddParameter): Name = "ComponentLink1Description"; Value = "New link"; VariantName = "[No Variations]"
Add component (AddParameter): Name = "ComponentLink1URL"; Value = ""; VariantName = "[No Variations]"
Add component (AddParameter): Name = "Phone Number"; Value = "0"; VariantName = "[No Variations]"
Add component (AddParameter): Name = "Published Date"; Value = "1-6-2026"; VariantName = "[No Variations]"
Add component (AddParameter): Name = "Publisher"; Value = "Fatemeh Imani"; VariantName = "[No Variations]"
Add component (AddParameter): Name = "Type"; Value = "SMD"; VariantName = "[No Variations]"
Add component (AddParameter): Name = "Value"; Value = "ZXTN2010ZTA"; VariantName = "[No Variations]"
Added Component: Designator=Q?_4(SOT89-V02)
Add component (AddParameter): Name = "ComponentLink1Description"; Value = "New link"; VariantName = "[No Variations]"
Add component (AddParameter): Name = "ComponentLink1URL"; Value = ""; VariantName = "[No Variations]"
Add component (AddParameter): Name = "Phone Number"; Value = "0"; VariantName = "[No Variations]"
Add component (AddParameter): Name = "Published Date"; Value = "1-6-2026"; VariantName = "[No Variations]"
Add component (AddParameter): Name = "Publisher"; Value = "Fatemeh Imani"; VariantName = "[No Variations]"
Add component (AddParameter): Name = "Type"; Value = "SMD"; VariantName = "[No Variations]"
Add component (AddParameter): Name = "Value"; Value = "ZXTN2010ZTA"; VariantName = "[No Variations]"
Added Component: Designator=Q?_4(SOT23-312)
Add component (AddParameter): Name = "Code"; Value = "CR"; VariantName = "[No Variations]"
Add component (AddParameter): Name = "ComponentLink1Description"; Value = "Linkedin"; VariantName = "[No Variations]"
Add component (AddParameter): Name = "ComponentLink1URL"; Value = "https://ir.linkedin.com/in/mahdi-bagherzade"; VariantName = "[No Variations]"
Add component (AddParameter): Name = "Phone Number"; Value = "0915 8700 314"; VariantName = "[No Variations]"
Add component (AddParameter): Name = "Published Date"; Value = "9-15-2024"; VariantName = "[No Variations]"
Add component (AddParameter): Name = "Publisher"; Value = "Mahdi Bagherzadeh"; VariantName = "[No Variations]"
Add component (AddParameter): Name = "Type"; Value = "SMD"; VariantName = "[No Variations]"
Add component (AddParameter): Name = "Value"; Value = "C945"; VariantName = "[No Variations]"
Added Component: Designator=Q?_4(SOT89-V02)
Add component (AddParameter): Name = "ComponentLink1Description"; Value = "New link"; VariantName = "[No Variations]"
Add component (AddParameter): Name = "ComponentLink1URL"; Value = ""; VariantName = "[No Variations]"
Add component (AddParameter): Name = "Phone Number"; Value = "0"; VariantName = "[No Variations]"
Add component (AddParameter): Name = "Published Date"; Value = "1-6-2026"; VariantName = "[No Variations]"
Add component (AddParameter): Name = "Publisher"; Value = "Fatemeh Imani"; VariantName = "[No Variations]"
Add component (AddParameter): Name = "Type"; Value = "SMD"; VariantName = "[No Variations]"
Add component (AddParameter): Name = "Value"; Value = "ZXTN2010ZTA"; VariantName = "[No Variations]"
Added Component: Designator=Q?_4(SOT23-312)
Add component (AddParameter): Name = "Code"; Value = "CR"; VariantName = "[No Variations]"
Add component (AddParameter): Name = "ComponentLink1Description"; Value = "Linkedin"; VariantName = "[No Variations]"
Add component (AddParameter): Name = "ComponentLink1URL"; Value = "https://ir.linkedin.com/in/mahdi-bagherzade"; VariantName = "[No Variations]"
Add component (AddParameter): Name = "Phone Number"; Value = "0915 8700 314"; VariantName = "[No Variations]"
Add component (AddParameter): Name = "Published Date"; Value = "9-15-2024"; VariantName = "[No Variations]"
Add component (AddParameter): Name = "Publisher"; Value = "Mahdi Bagherzadeh"; VariantName = "[No Variations]"
Add component (AddParameter): Name = "Type"; Value = "SMD"; VariantName = "[No Variations]"
Add component (AddParameter): Name = "Value"; Value = "C945"; VariantName = "[No Variations]"
Added Component: Designator=R1_1(R-0805)
Add component (AddParameter): Name = "ComponentLink1Description"; Value = "Linkedin"; VariantName = "[No Variations]"
Add component (AddParameter): Name = "ComponentLink1URL"; Value = "https://ir.linkedin.com/in/mahdi-bagherzade"; VariantName = "[No Variations]"
Add component (AddParameter): Name = "Phone Number"; Value = "0915 8700 314"; VariantName = "[No Variations]"
Add component (AddParameter): Name = "Power"; Value = "1/8W"; VariantName = "[No Variations]"
Add component (AddParameter): Name = "Published Date"; Value = "9-15-2024"; VariantName = "[No Variations]"
Add component (AddParameter): Name = "Publisher"; Value = "Mahdi Bagherzadeh"; VariantName = "[No Variations]"
Add component (AddParameter): Name = "Tolerance"; Value = "5%"; VariantName = "[No Variations]"
Add component (AddParameter): Name = "Value"; Value = "10K"; VariantName = "[No Variations]"
Added Component: Designator=R1_2(R-0805)
Add component (AddParameter): Name = "ComponentLink1Description"; Value = "Linkedin"; VariantName = "[No Variations]"
Add component (AddParameter): Name = "ComponentLink1URL"; Value = "https://ir.linkedin.com/in/mahdi-bagherzade"; VariantName = "[No Variations]"
Add component (AddParameter): Name = "Phone Number"; Value = "0915 8700 314"; VariantName = "[No Variations]"
Add component (AddParameter): Name = "Power"; Value = "1/8W"; VariantName = "[No Variations]"
Add component (AddParameter): Name = "Published Date"; Value = "9-15-2024"; VariantName = "[No Variations]"
Add component (AddParameter): Name = "Publisher"; Value = "Mahdi Bagherzadeh"; VariantName = "[No Variations]"
Add component (AddParameter): Name = "Tolerance"; Value = "5%"; VariantName = "[No Variations]"
Add component (AddParameter): Name = "Value"; Value = "10K"; VariantName = "[No Variations]"
Added Component: Designator=R1_3(R-0805)
Add component (AddParameter): Name = "ComponentLink1Description"; Value = "Linkedin"; VariantName = "[No Variations]"
Add component (AddParameter): Name = "ComponentLink1URL"; Value = "https://ir.linkedin.com/in/mahdi-bagherzade"; VariantName = "[No Variations]"
Add component (AddParameter): Name = "Phone Number"; Value = "0915 8700 314"; VariantName = "[No Variations]"
Add component (AddParameter): Name = "Power"; Value = "1/8W"; VariantName = "[No Variations]"
Add component (AddParameter): Name = "Published Date"; Value = "9-15-2024"; VariantName = "[No Variations]"
Add component (AddParameter): Name = "Publisher"; Value = "Mahdi Bagherzadeh"; VariantName = "[No Variations]"
Add component (AddParameter): Name = "Tolerance"; Value = "5%"; VariantName = "[No Variations]"
Add component (AddParameter): Name = "Value"; Value = "10K"; VariantName = "[No Variations]"
Added Component: Designator=R17(R-0805)
Add component (AddParameter): Name = "ComponentLink1Description"; Value = "Linkedin"; VariantName = "[No Variations]"
Add component (AddParameter): Name = "ComponentLink1URL"; Value = "https://ir.linkedin.com/in/mahdi-bagherzade"; VariantName = "[No Variations]"
Add component (AddParameter): Name = "Phone Number"; Value = "0915 8700 314"; VariantName = "[No Variations]"
Add component (AddParameter): Name = "Published Date"; Value = "9-15-2024"; VariantName = "[No Variations]"
Add component (AddParameter): Name = "Publisher"; Value = "Mahdi Bagherzadeh"; VariantName = "[No Variations]"
Add component (AddParameter): Name = "VALUE"; Value = ""; VariantName = "[No Variations]"
Added Component: Designator=R18(R-0805)
Add component (AddParameter): Name = "ComponentLink1Description"; Value = "Linkedin"; VariantName = "[No Variations]"
Add component (AddParameter): Name = "ComponentLink1URL"; Value = "https://ir.linkedin.com/in/mahdi-bagherzade"; VariantName = "[No Variations]"
Add component (AddParameter): Name = "Phone Number"; Value = "0915 8700 314"; VariantName = "[No Variations]"
Add component (AddParameter): Name = "Published Date"; Value = "9-15-2024"; VariantName = "[No Variations]"
Add component (AddParameter): Name = "Publisher"; Value = "Mahdi Bagherzadeh"; VariantName = "[No Variations]"
Add component (AddParameter): Name = "VALUE"; Value = ""; VariantName = "[No Variations]"
Added Component: Designator=R19(R-0805)
Add component (AddParameter): Name = "ComponentLink1Description"; Value = "Linkedin"; VariantName = "[No Variations]"
Add component (AddParameter): Name = "ComponentLink1URL"; Value = "https://ir.linkedin.com/in/mahdi-bagherzade"; VariantName = "[No Variations]"
Add component (AddParameter): Name = "Phone Number"; Value = "0915 8700 314"; VariantName = "[No Variations]"
Add component (AddParameter): Name = "Published Date"; Value = "9-15-2024"; VariantName = "[No Variations]"
Add component (AddParameter): Name = "Publisher"; Value = "Mahdi Bagherzadeh"; VariantName = "[No Variations]"
Add component (AddParameter): Name = "VALUE"; Value = ""; VariantName = "[No Variations]"
Added Component: Designator=R20(R-0805)
Add component (AddParameter): Name = "ComponentLink1Description"; Value = "Linkedin"; VariantName = "[No Variations]"
Add component (AddParameter): Name = "ComponentLink1URL"; Value = "https://ir.linkedin.com/in/mahdi-bagherzade"; VariantName = "[No Variations]"
Add component (AddParameter): Name = "Phone Number"; Value = "0915 8700 314"; VariantName = "[No Variations]"
Add component (AddParameter): Name = "Published Date"; Value = "9-15-2024"; VariantName = "[No Variations]"
Add component (AddParameter): Name = "Publisher"; Value = "Mahdi Bagherzadeh"; VariantName = "[No Variations]"
Add component (AddParameter): Name = "VALUE"; Value = ""; VariantName = "[No Variations]"
Added Component: Designator=R21(R-0805)
Add component (AddParameter): Name = "ComponentLink1Description"; Value = "Linkedin"; VariantName = "[No Variations]"
Add component (AddParameter): Name = "ComponentLink1URL"; Value = "https://ir.linkedin.com/in/mahdi-bagherzade"; VariantName = "[No Variations]"
Add component (AddParameter): Name = "Phone Number"; Value = "0915 8700 314"; VariantName = "[No Variations]"
Add component (AddParameter): Name = "Published Date"; Value = "9-15-2024"; VariantName = "[No Variations]"
Add component (AddParameter): Name = "Publisher"; Value = "Mahdi Bagherzadeh"; VariantName = "[No Variations]"
Add component (AddParameter): Name = "VALUE"; Value = ""; VariantName = "[No Variations]"
Added Component: Designator=R22(R-0805)
Add component (AddParameter): Name = "ComponentLink1Description"; Value = "Linkedin"; VariantName = "[No Variations]"
Add component (AddParameter): Name = "ComponentLink1URL"; Value = "https://ir.linkedin.com/in/mahdi-bagherzade"; VariantName = "[No Variations]"
Add component (AddParameter): Name = "Phone Number"; Value = "0915 8700 314"; VariantName = "[No Variations]"
Add component (AddParameter): Name = "Published Date"; Value = "9-15-2024"; VariantName = "[No Variations]"
Add component (AddParameter): Name = "Publisher"; Value = "Mahdi Bagherzadeh"; VariantName = "[No Variations]"
Add component (AddParameter): Name = "VALUE"; Value = ""; VariantName = "[No Variations]"
Added Component: Designator=R23(R-0805)
Add component (AddParameter): Name = "ComponentLink1Description"; Value = "Linkedin"; VariantName = "[No Variations]"
Add component (AddParameter): Name = "ComponentLink1URL"; Value = "https://ir.linkedin.com/in/mahdi-bagherzade"; VariantName = "[No Variations]"
Add component (AddParameter): Name = "Phone Number"; Value = "0915 8700 314"; VariantName = "[No Variations]"
Add component (AddParameter): Name = "Published Date"; Value = "9-15-2024"; VariantName = "[No Variations]"
Add component (AddParameter): Name = "Publisher"; Value = "Mahdi Bagherzadeh"; VariantName = "[No Variations]"
Add component (AddParameter): Name = "VALUE"; Value = ""; VariantName = "[No Variations]"
Added Component: Designator=R24(R-0805)
Add component (AddParameter): Name = "ComponentLink1Description"; Value = "Linkedin"; VariantName = "[No Variations]"
Add component (AddParameter): Name = "ComponentLink1URL"; Value = "https://ir.linkedin.com/in/mahdi-bagherzade"; VariantName = "[No Variations]"
Add component (AddParameter): Name = "Phone Number"; Value = "0915 8700 314"; VariantName = "[No Variations]"
Add component (AddParameter): Name = "Published Date"; Value = "9-15-2024"; VariantName = "[No Variations]"
Add component (AddParameter): Name = "Publisher"; Value = "Mahdi Bagherzadeh"; VariantName = "[No Variations]"
Add component (AddParameter): Name = "VALUE"; Value = ""; VariantName = "[No Variations]"
Added Component: Designator=R25(R-0805)
Add component (AddParameter): Name = "ComponentLink1Description"; Value = "Linkedin"; VariantName = "[No Variations]"
Add component (AddParameter): Name = "ComponentLink1URL"; Value = "https://ir.linkedin.com/in/mahdi-bagherzade"; VariantName = "[No Variations]"
Add component (AddParameter): Name = "Phone Number"; Value = "0915 8700 314"; VariantName = "[No Variations]"
Add component (AddParameter): Name = "Published Date"; Value = "9-15-2024"; VariantName = "[No Variations]"
Add component (AddParameter): Name = "Publisher"; Value = "Mahdi Bagherzadeh"; VariantName = "[No Variations]"
Add component (AddParameter): Name = "VALUE"; Value = ""; VariantName = "[No Variations]"
Added Component: Designator=R26(R-0805)
Add component (AddParameter): Name = "ComponentLink1Description"; Value = "Linkedin"; VariantName = "[No Variations]"
Add component (AddParameter): Name = "ComponentLink1URL"; Value = "https://ir.linkedin.com/in/mahdi-bagherzade"; VariantName = "[No Variations]"
Add component (AddParameter): Name = "Phone Number"; Value = "0915 8700 314"; VariantName = "[No Variations]"
Add component (AddParameter): Name = "Published Date"; Value = "9-15-2024"; VariantName = "[No Variations]"
Add component (AddParameter): Name = "Publisher"; Value = "Mahdi Bagherzadeh"; VariantName = "[No Variations]"
Add component (AddParameter): Name = "VALUE"; Value = ""; VariantName = "[No Variations]"
Added Component: Designator=R?_1(R-0805)
Add component (AddParameter): Name = "ComponentLink1Description"; Value = "Linkedin"; VariantName = "[No Variations]"
Add component (AddParameter): Name = "ComponentLink1URL"; Value = "https://ir.linkedin.com/in/mahdi-bagherzade"; VariantName = "[No Variations]"
Add component (AddParameter): Name = "Phone Number"; Value = "0915 8700 314"; VariantName = "[No Variations]"
Add component (AddParameter): Name = "Power"; Value = "1/8W"; VariantName = "[No Variations]"
Add component (AddParameter): Name = "Published Date"; Value = "9-15-2024"; VariantName = "[No Variations]"
Add component (AddParameter): Name = "Publisher"; Value = "Mahdi Bagherzadeh"; VariantName = "[No Variations]"
Add component (AddParameter): Name = "Tolerance"; Value = "5%"; VariantName = "[No Variations]"
Add component (AddParameter): Name = "Type"; Value = "SMD"; VariantName = "[No Variations]"
Add component (AddParameter): Name = "Value"; Value = "10K"; VariantName = "[No Variations]"
Added Component: Designator=R?_1(R-0805)
Add component (AddParameter): Name = "ComponentLink1Description"; Value = "Linkedin"; VariantName = "[No Variations]"
Add component (AddParameter): Name = "ComponentLink1URL"; Value = "https://ir.linkedin.com/in/mahdi-bagherzade"; VariantName = "[No Variations]"
Add component (AddParameter): Name = "Phone Number"; Value = "0915 8700 314"; VariantName = "[No Variations]"
Add component (AddParameter): Name = "Power"; Value = "1/8W"; VariantName = "[No Variations]"
Add component (AddParameter): Name = "Published Date"; Value = "9-15-2024"; VariantName = "[No Variations]"
Add component (AddParameter): Name = "Publisher"; Value = "Mahdi Bagherzadeh"; VariantName = "[No Variations]"
Add component (AddParameter): Name = "Tolerance"; Value = "5%"; VariantName = "[No Variations]"
Add component (AddParameter): Name = "Type"; Value = "SMD"; VariantName = "[No Variations]"
Add component (AddParameter): Name = "Value"; Value = "1K"; VariantName = "[No Variations]"
Added Component: Designator=R?_1(R-0805)
Add component (AddParameter): Name = "ComponentLink1Description"; Value = "Linkedin"; VariantName = "[No Variations]"
Add component (AddParameter): Name = "ComponentLink1URL"; Value = "https://ir.linkedin.com/in/mahdi-bagherzade"; VariantName = "[No Variations]"
Add component (AddParameter): Name = "Phone Number"; Value = "0915 8700 314"; VariantName = "[No Variations]"
Add component (AddParameter): Name = "Power"; Value = "1/8W"; VariantName = "[No Variations]"
Add component (AddParameter): Name = "Published Date"; Value = "9-15-2024"; VariantName = "[No Variations]"
Add component (AddParameter): Name = "Publisher"; Value = "Mahdi Bagherzadeh"; VariantName = "[No Variations]"
Add component (AddParameter): Name = "Tolerance"; Value = "5%"; VariantName = "[No Variations]"
Add component (AddParameter): Name = "Type"; Value = "SMD"; VariantName = "[No Variations]"
Add component (AddParameter): Name = "Value"; Value = "1K"; VariantName = "[No Variations]"
Added Component: Designator=R?_1(R-0805)
Add component (AddParameter): Name = "ComponentLink1Description"; Value = "Linkedin"; VariantName = "[No Variations]"
Add component (AddParameter): Name = "ComponentLink1URL"; Value = "https://ir.linkedin.com/in/mahdi-bagherzade"; VariantName = "[No Variations]"
Add component (AddParameter): Name = "Phone Number"; Value = "0915 8700 314"; VariantName = "[No Variations]"
Add component (AddParameter): Name = "Power"; Value = "1/8W"; VariantName = "[No Variations]"
Add component (AddParameter): Name = "Published Date"; Value = "9-15-2024"; VariantName = "[No Variations]"
Add component (AddParameter): Name = "Publisher"; Value = "Mahdi Bagherzadeh"; VariantName = "[No Variations]"
Add component (AddParameter): Name = "Tolerance"; Value = "5%"; VariantName = "[No Variations]"
Add component (AddParameter): Name = "Value"; Value = "47K"; VariantName = "[No Variations]"
Added Component: Designator=R?_1(R-0805)
Add component (AddParameter): Name = "ComponentLink1Description"; Value = "Linkedin"; VariantName = "[No Variations]"
Add component (AddParameter): Name = "ComponentLink1URL"; Value = "https://ir.linkedin.com/in/mahdi-bagherzade"; VariantName = "[No Variations]"
Add component (AddParameter): Name = "Phone Number"; Value = "0915 8700 314"; VariantName = "[No Variations]"
Add component (AddParameter): Name = "Power"; Value = "1/8W"; VariantName = "[No Variations]"
Add component (AddParameter): Name = "Published Date"; Value = "9-15-2024"; VariantName = "[No Variations]"
Add component (AddParameter): Name = "Publisher"; Value = "Mahdi Bagherzadeh"; VariantName = "[No Variations]"
Add component (AddParameter): Name = "Tolerance"; Value = "5%"; VariantName = "[No Variations]"
Add component (AddParameter): Name = "Type"; Value = "SMD"; VariantName = "[No Variations]"
Add component (AddParameter): Name = "Value"; Value = "10K"; VariantName = "[No Variations]"
Added Component: Designator=R?_1(R-0805)
Add component (AddParameter): Name = "ComponentLink1Description"; Value = "Linkedin"; VariantName = "[No Variations]"
Add component (AddParameter): Name = "ComponentLink1URL"; Value = "https://ir.linkedin.com/in/mahdi-bagherzade"; VariantName = "[No Variations]"
Add component (AddParameter): Name = "Phone Number"; Value = "0915 8700 314"; VariantName = "[No Variations]"
Add component (AddParameter): Name = "Power"; Value = "1/8W"; VariantName = "[No Variations]"
Add component (AddParameter): Name = "Published Date"; Value = "9-15-2024"; VariantName = "[No Variations]"
Add component (AddParameter): Name = "Publisher"; Value = "Mahdi Bagherzadeh"; VariantName = "[No Variations]"
Add component (AddParameter): Name = "Tolerance"; Value = "5%"; VariantName = "[No Variations]"
Add component (AddParameter): Name = "Value"; Value = "470R"; VariantName = "[No Variations]"
Added Component: Designator=R?_1(R-0805)
Add component (AddParameter): Name = "ComponentLink1Description"; Value = "Linkedin"; VariantName = "[No Variations]"
Add component (AddParameter): Name = "ComponentLink1URL"; Value = "https://ir.linkedin.com/in/mahdi-bagherzade"; VariantName = "[No Variations]"
Add component (AddParameter): Name = "Phone Number"; Value = "0915 8700 314"; VariantName = "[No Variations]"
Add component (AddParameter): Name = "Power"; Value = "1/8W"; VariantName = "[No Variations]"
Add component (AddParameter): Name = "Published Date"; Value = "9-15-2024"; VariantName = "[No Variations]"
Add component (AddParameter): Name = "Publisher"; Value = "Mahdi Bagherzadeh"; VariantName = "[No Variations]"
Add component (AddParameter): Name = "Tolerance"; Value = "5%"; VariantName = "[No Variations]"
Add component (AddParameter): Name = "Value"; Value = "470R"; VariantName = "[No Variations]"
Added Component: Designator=R?_1(R-0805)
Add component (AddParameter): Name = "ComponentLink1Description"; Value = "Linkedin"; VariantName = "[No Variations]"
Add component (AddParameter): Name = "ComponentLink1URL"; Value = "https://ir.linkedin.com/in/mahdi-bagherzade"; VariantName = "[No Variations]"
Add component (AddParameter): Name = "Phone Number"; Value = "0915 8700 314"; VariantName = "[No Variations]"
Add component (AddParameter): Name = "Power"; Value = "1/8W"; VariantName = "[No Variations]"
Add component (AddParameter): Name = "Published Date"; Value = "9-15-2024"; VariantName = "[No Variations]"
Add component (AddParameter): Name = "Publisher"; Value = "Mahdi Bagherzadeh"; VariantName = "[No Variations]"
Add component (AddParameter): Name = "Tolerance"; Value = "5%"; VariantName = "[No Variations]"
Add component (AddParameter): Name = "Type"; Value = "SMD"; VariantName = "[No Variations]"
Add component (AddParameter): Name = "Value"; Value = "10K"; VariantName = "[No Variations]"
Added Component: Designator=R?_1(R-0805)
Add component (AddParameter): Name = "ComponentLink1Description"; Value = "Linkedin"; VariantName = "[No Variations]"
Add component (AddParameter): Name = "ComponentLink1URL"; Value = "https://ir.linkedin.com/in/mahdi-bagherzade"; VariantName = "[No Variations]"
Add component (AddParameter): Name = "Phone Number"; Value = "0915 8700 314"; VariantName = "[No Variations]"
Add component (AddParameter): Name = "Power"; Value = "1/8W"; VariantName = "[No Variations]"
Add component (AddParameter): Name = "Published Date"; Value = "9-15-2024"; VariantName = "[No Variations]"
Add component (AddParameter): Name = "Publisher"; Value = "Mahdi Bagherzadeh"; VariantName = "[No Variations]"
Add component (AddParameter): Name = "Tolerance"; Value = "5%"; VariantName = "[No Variations]"
Add component (AddParameter): Name = "Type"; Value = "SMD"; VariantName = "[No Variations]"
Add component (AddParameter): Name = "Value"; Value = "10K"; VariantName = "[No Variations]"
Added Component: Designator=R?_1(R-0805)
Add component (AddParameter): Name = "ComponentLink1Description"; Value = "Linkedin"; VariantName = "[No Variations]"
Add component (AddParameter): Name = "ComponentLink1URL"; Value = "https://ir.linkedin.com/in/mahdi-bagherzade"; VariantName = "[No Variations]"
Add component (AddParameter): Name = "Phone Number"; Value = "0915 8700 314"; VariantName = "[No Variations]"
Add component (AddParameter): Name = "Power"; Value = "1/8W"; VariantName = "[No Variations]"
Add component (AddParameter): Name = "Published Date"; Value = "9-15-2024"; VariantName = "[No Variations]"
Add component (AddParameter): Name = "Publisher"; Value = "Mahdi Bagherzadeh"; VariantName = "[No Variations]"
Add component (AddParameter): Name = "Tolerance"; Value = "5%"; VariantName = "[No Variations]"
Add component (AddParameter): Name = "Type"; Value = "SMD"; VariantName = "[No Variations]"
Add component (AddParameter): Name = "Value"; Value = "2.2K"; VariantName = "[No Variations]"
Added Component: Designator=R?_1(R-0805)
Add component (AddParameter): Name = "ComponentLink1Description"; Value = "Linkedin"; VariantName = "[No Variations]"
Add component (AddParameter): Name = "ComponentLink1URL"; Value = "https://ir.linkedin.com/in/mahdi-bagherzade"; VariantName = "[No Variations]"
Add component (AddParameter): Name = "Phone Number"; Value = "0915 8700 314"; VariantName = "[No Variations]"
Add component (AddParameter): Name = "Power"; Value = "1/8W"; VariantName = "[No Variations]"
Add component (AddParameter): Name = "Published Date"; Value = "9-15-2024"; VariantName = "[No Variations]"
Add component (AddParameter): Name = "Publisher"; Value = "Mahdi Bagherzadeh"; VariantName = "[No Variations]"
Add component (AddParameter): Name = "Tolerance"; Value = "5%"; VariantName = "[No Variations]"
Add component (AddParameter): Name = "Value"; Value = "47K"; VariantName = "[No Variations]"
Added Component: Designator=R?_1(R-0805)
Add component (AddParameter): Name = "ComponentLink1Description"; Value = "Linkedin"; VariantName = "[No Variations]"
Add component (AddParameter): Name = "ComponentLink1URL"; Value = "https://ir.linkedin.com/in/mahdi-bagherzade"; VariantName = "[No Variations]"
Add component (AddParameter): Name = "Phone Number"; Value = "0915 8700 314"; VariantName = "[No Variations]"
Add component (AddParameter): Name = "Power"; Value = "1/8W"; VariantName = "[No Variations]"
Add component (AddParameter): Name = "Published Date"; Value = "9-15-2024"; VariantName = "[No Variations]"
Add component (AddParameter): Name = "Publisher"; Value = "Mahdi Bagherzadeh"; VariantName = "[No Variations]"
Add component (AddParameter): Name = "Tolerance"; Value = "5%"; VariantName = "[No Variations]"
Add component (AddParameter): Name = "Type"; Value = "SMD"; VariantName = "[No Variations]"
Add component (AddParameter): Name = "Value"; Value = "1K"; VariantName = "[No Variations]"
Added Component: Designator=R?_1(R-0805)
Add component (AddParameter): Name = "ComponentLink1Description"; Value = "Linkedin"; VariantName = "[No Variations]"
Add component (AddParameter): Name = "ComponentLink1URL"; Value = "https://ir.linkedin.com/in/mahdi-bagherzade"; VariantName = "[No Variations]"
Add component (AddParameter): Name = "Phone Number"; Value = "0915 8700 314"; VariantName = "[No Variations]"
Add component (AddParameter): Name = "Power"; Value = "1/8W"; VariantName = "[No Variations]"
Add component (AddParameter): Name = "Published Date"; Value = "9-15-2024"; VariantName = "[No Variations]"
Add component (AddParameter): Name = "Publisher"; Value = "Mahdi Bagherzadeh"; VariantName = "[No Variations]"
Add component (AddParameter): Name = "Tolerance"; Value = "5%"; VariantName = "[No Variations]"
Add component (AddParameter): Name = "Type"; Value = "SMD"; VariantName = "[No Variations]"
Add component (AddParameter): Name = "Value"; Value = "1K"; VariantName = "[No Variations]"
Added Component: Designator=R?_2(R-0805)
Add component (AddParameter): Name = "ComponentLink1Description"; Value = "Linkedin"; VariantName = "[No Variations]"
Add component (AddParameter): Name = "ComponentLink1URL"; Value = "https://ir.linkedin.com/in/mahdi-bagherzade"; VariantName = "[No Variations]"
Add component (AddParameter): Name = "Phone Number"; Value = "0915 8700 314"; VariantName = "[No Variations]"
Add component (AddParameter): Name = "Power"; Value = "1/8W"; VariantName = "[No Variations]"
Add component (AddParameter): Name = "Published Date"; Value = "9-15-2024"; VariantName = "[No Variations]"
Add component (AddParameter): Name = "Publisher"; Value = "Mahdi Bagherzadeh"; VariantName = "[No Variations]"
Add component (AddParameter): Name = "Tolerance"; Value = "5%"; VariantName = "[No Variations]"
Add component (AddParameter): Name = "Value"; Value = "47K"; VariantName = "[No Variations]"
Added Component: Designator=R?_2(R-0805)
Add component (AddParameter): Name = "ComponentLink1Description"; Value = "Linkedin"; VariantName = "[No Variations]"
Add component (AddParameter): Name = "ComponentLink1URL"; Value = "https://ir.linkedin.com/in/mahdi-bagherzade"; VariantName = "[No Variations]"
Add component (AddParameter): Name = "Phone Number"; Value = "0915 8700 314"; VariantName = "[No Variations]"
Add component (AddParameter): Name = "Power"; Value = "1/8W"; VariantName = "[No Variations]"
Add component (AddParameter): Name = "Published Date"; Value = "9-15-2024"; VariantName = "[No Variations]"
Add component (AddParameter): Name = "Publisher"; Value = "Mahdi Bagherzadeh"; VariantName = "[No Variations]"
Add component (AddParameter): Name = "Tolerance"; Value = "5%"; VariantName = "[No Variations]"
Add component (AddParameter): Name = "Type"; Value = "SMD"; VariantName = "[No Variations]"
Add component (AddParameter): Name = "Value"; Value = "10K"; VariantName = "[No Variations]"
Added Component: Designator=R?_2(R-0805)
Add component (AddParameter): Name = "ComponentLink1Description"; Value = "Linkedin"; VariantName = "[No Variations]"
Add component (AddParameter): Name = "ComponentLink1URL"; Value = "https://ir.linkedin.com/in/mahdi-bagherzade"; VariantName = "[No Variations]"
Add component (AddParameter): Name = "Phone Number"; Value = "0915 8700 314"; VariantName = "[No Variations]"
Add component (AddParameter): Name = "Power"; Value = "1/8W"; VariantName = "[No Variations]"
Add component (AddParameter): Name = "Published Date"; Value = "9-15-2024"; VariantName = "[No Variations]"
Add component (AddParameter): Name = "Publisher"; Value = "Mahdi Bagherzadeh"; VariantName = "[No Variations]"
Add component (AddParameter): Name = "Tolerance"; Value = "5%"; VariantName = "[No Variations]"
Add component (AddParameter): Name = "Type"; Value = "SMD"; VariantName = "[No Variations]"
Add component (AddParameter): Name = "Value"; Value = "10K"; VariantName = "[No Variations]"
Added Component: Designator=R?_2(R-0805)
Add component (AddParameter): Name = "ComponentLink1Description"; Value = "Linkedin"; VariantName = "[No Variations]"
Add component (AddParameter): Name = "ComponentLink1URL"; Value = "https://ir.linkedin.com/in/mahdi-bagherzade"; VariantName = "[No Variations]"
Add component (AddParameter): Name = "Phone Number"; Value = "0915 8700 314"; VariantName = "[No Variations]"
Add component (AddParameter): Name = "Power"; Value = "1/8W"; VariantName = "[No Variations]"
Add component (AddParameter): Name = "Published Date"; Value = "9-15-2024"; VariantName = "[No Variations]"
Add component (AddParameter): Name = "Publisher"; Value = "Mahdi Bagherzadeh"; VariantName = "[No Variations]"
Add component (AddParameter): Name = "Tolerance"; Value = "5%"; VariantName = "[No Variations]"
Add component (AddParameter): Name = "Type"; Value = "SMD"; VariantName = "[No Variations]"
Add component (AddParameter): Name = "Value"; Value = "2.2K"; VariantName = "[No Variations]"
Added Component: Designator=R?_2(R-0805)
Add component (AddParameter): Name = "ComponentLink1Description"; Value = "Linkedin"; VariantName = "[No Variations]"
Add component (AddParameter): Name = "ComponentLink1URL"; Value = "https://ir.linkedin.com/in/mahdi-bagherzade"; VariantName = "[No Variations]"
Add component (AddParameter): Name = "Phone Number"; Value = "0915 8700 314"; VariantName = "[No Variations]"
Add component (AddParameter): Name = "Power"; Value = "1/8W"; VariantName = "[No Variations]"
Add component (AddParameter): Name = "Published Date"; Value = "9-15-2024"; VariantName = "[No Variations]"
Add component (AddParameter): Name = "Publisher"; Value = "Mahdi Bagherzadeh"; VariantName = "[No Variations]"
Add component (AddParameter): Name = "Tolerance"; Value = "5%"; VariantName = "[No Variations]"
Add component (AddParameter): Name = "Value"; Value = "470R"; VariantName = "[No Variations]"
Added Component: Designator=R?_2(R-0805)
Add component (AddParameter): Name = "ComponentLink1Description"; Value = "Linkedin"; VariantName = "[No Variations]"
Add component (AddParameter): Name = "ComponentLink1URL"; Value = "https://ir.linkedin.com/in/mahdi-bagherzade"; VariantName = "[No Variations]"
Add component (AddParameter): Name = "Phone Number"; Value = "0915 8700 314"; VariantName = "[No Variations]"
Add component (AddParameter): Name = "Power"; Value = "1/8W"; VariantName = "[No Variations]"
Add component (AddParameter): Name = "Published Date"; Value = "9-15-2024"; VariantName = "[No Variations]"
Add component (AddParameter): Name = "Publisher"; Value = "Mahdi Bagherzadeh"; VariantName = "[No Variations]"
Add component (AddParameter): Name = "Tolerance"; Value = "5%"; VariantName = "[No Variations]"
Add component (AddParameter): Name = "Type"; Value = "SMD"; VariantName = "[No Variations]"
Add component (AddParameter): Name = "Value"; Value = "1K"; VariantName = "[No Variations]"
Added Component: Designator=R?_2(R-0805)
Add component (AddParameter): Name = "ComponentLink1Description"; Value = "Linkedin"; VariantName = "[No Variations]"
Add component (AddParameter): Name = "ComponentLink1URL"; Value = "https://ir.linkedin.com/in/mahdi-bagherzade"; VariantName = "[No Variations]"
Add component (AddParameter): Name = "Phone Number"; Value = "0915 8700 314"; VariantName = "[No Variations]"
Add component (AddParameter): Name = "Power"; Value = "1/8W"; VariantName = "[No Variations]"
Add component (AddParameter): Name = "Published Date"; Value = "9-15-2024"; VariantName = "[No Variations]"
Add component (AddParameter): Name = "Publisher"; Value = "Mahdi Bagherzadeh"; VariantName = "[No Variations]"
Add component (AddParameter): Name = "Tolerance"; Value = "5%"; VariantName = "[No Variations]"
Add component (AddParameter): Name = "Type"; Value = "SMD"; VariantName = "[No Variations]"
Add component (AddParameter): Name = "Value"; Value = "10K"; VariantName = "[No Variations]"
Added Component: Designator=R?_2(R-0805)
Add component (AddParameter): Name = "ComponentLink1Description"; Value = "Linkedin"; VariantName = "[No Variations]"
Add component (AddParameter): Name = "ComponentLink1URL"; Value = "https://ir.linkedin.com/in/mahdi-bagherzade"; VariantName = "[No Variations]"
Add component (AddParameter): Name = "Phone Number"; Value = "0915 8700 314"; VariantName = "[No Variations]"
Add component (AddParameter): Name = "Power"; Value = "1/8W"; VariantName = "[No Variations]"
Add component (AddParameter): Name = "Published Date"; Value = "9-15-2024"; VariantName = "[No Variations]"
Add component (AddParameter): Name = "Publisher"; Value = "Mahdi Bagherzadeh"; VariantName = "[No Variations]"
Add component (AddParameter): Name = "Tolerance"; Value = "5%"; VariantName = "[No Variations]"
Add component (AddParameter): Name = "Type"; Value = "SMD"; VariantName = "[No Variations]"
Add component (AddParameter): Name = "Value"; Value = "1K"; VariantName = "[No Variations]"
Added Component: Designator=R?_2(R-0805)
Add component (AddParameter): Name = "ComponentLink1Description"; Value = "Linkedin"; VariantName = "[No Variations]"
Add component (AddParameter): Name = "ComponentLink1URL"; Value = "https://ir.linkedin.com/in/mahdi-bagherzade"; VariantName = "[No Variations]"
Add component (AddParameter): Name = "Phone Number"; Value = "0915 8700 314"; VariantName = "[No Variations]"
Add component (AddParameter): Name = "Power"; Value = "1/8W"; VariantName = "[No Variations]"
Add component (AddParameter): Name = "Published Date"; Value = "9-15-2024"; VariantName = "[No Variations]"
Add component (AddParameter): Name = "Publisher"; Value = "Mahdi Bagherzadeh"; VariantName = "[No Variations]"
Add component (AddParameter): Name = "Tolerance"; Value = "5%"; VariantName = "[No Variations]"
Add component (AddParameter): Name = "Type"; Value = "SMD"; VariantName = "[No Variations]"
Add component (AddParameter): Name = "Value"; Value = "1K"; VariantName = "[No Variations]"
Added Component: Designator=R?_2(R-0805)
Add component (AddParameter): Name = "ComponentLink1Description"; Value = "Linkedin"; VariantName = "[No Variations]"
Add component (AddParameter): Name = "ComponentLink1URL"; Value = "https://ir.linkedin.com/in/mahdi-bagherzade"; VariantName = "[No Variations]"
Add component (AddParameter): Name = "Phone Number"; Value = "0915 8700 314"; VariantName = "[No Variations]"
Add component (AddParameter): Name = "Power"; Value = "1/8W"; VariantName = "[No Variations]"
Add component (AddParameter): Name = "Published Date"; Value = "9-15-2024"; VariantName = "[No Variations]"
Add component (AddParameter): Name = "Publisher"; Value = "Mahdi Bagherzadeh"; VariantName = "[No Variations]"
Add component (AddParameter): Name = "Tolerance"; Value = "5%"; VariantName = "[No Variations]"
Add component (AddParameter): Name = "Type"; Value = "SMD"; VariantName = "[No Variations]"
Add component (AddParameter): Name = "Value"; Value = "1K"; VariantName = "[No Variations]"
Added Component: Designator=R?_2(R-0805)
Add component (AddParameter): Name = "ComponentLink1Description"; Value = "Linkedin"; VariantName = "[No Variations]"
Add component (AddParameter): Name = "ComponentLink1URL"; Value = "https://ir.linkedin.com/in/mahdi-bagherzade"; VariantName = "[No Variations]"
Add component (AddParameter): Name = "Phone Number"; Value = "0915 8700 314"; VariantName = "[No Variations]"
Add component (AddParameter): Name = "Power"; Value = "1/8W"; VariantName = "[No Variations]"
Add component (AddParameter): Name = "Published Date"; Value = "9-15-2024"; VariantName = "[No Variations]"
Add component (AddParameter): Name = "Publisher"; Value = "Mahdi Bagherzadeh"; VariantName = "[No Variations]"
Add component (AddParameter): Name = "Tolerance"; Value = "5%"; VariantName = "[No Variations]"
Add component (AddParameter): Name = "Value"; Value = "470R"; VariantName = "[No Variations]"
Added Component: Designator=R?_2(R-0805)
Add component (AddParameter): Name = "ComponentLink1Description"; Value = "Linkedin"; VariantName = "[No Variations]"
Add component (AddParameter): Name = "ComponentLink1URL"; Value = "https://ir.linkedin.com/in/mahdi-bagherzade"; VariantName = "[No Variations]"
Add component (AddParameter): Name = "Phone Number"; Value = "0915 8700 314"; VariantName = "[No Variations]"
Add component (AddParameter): Name = "Power"; Value = "1/8W"; VariantName = "[No Variations]"
Add component (AddParameter): Name = "Published Date"; Value = "9-15-2024"; VariantName = "[No Variations]"
Add component (AddParameter): Name = "Publisher"; Value = "Mahdi Bagherzadeh"; VariantName = "[No Variations]"
Add component (AddParameter): Name = "Tolerance"; Value = "5%"; VariantName = "[No Variations]"
Add component (AddParameter): Name = "Type"; Value = "SMD"; VariantName = "[No Variations]"
Add component (AddParameter): Name = "Value"; Value = "10K"; VariantName = "[No Variations]"
Added Component: Designator=R?_2(R-0805)
Add component (AddParameter): Name = "ComponentLink1Description"; Value = "Linkedin"; VariantName = "[No Variations]"
Add component (AddParameter): Name = "ComponentLink1URL"; Value = "https://ir.linkedin.com/in/mahdi-bagherzade"; VariantName = "[No Variations]"
Add component (AddParameter): Name = "Phone Number"; Value = "0915 8700 314"; VariantName = "[No Variations]"
Add component (AddParameter): Name = "Power"; Value = "1/8W"; VariantName = "[No Variations]"
Add component (AddParameter): Name = "Published Date"; Value = "9-15-2024"; VariantName = "[No Variations]"
Add component (AddParameter): Name = "Publisher"; Value = "Mahdi Bagherzadeh"; VariantName = "[No Variations]"
Add component (AddParameter): Name = "Tolerance"; Value = "5%"; VariantName = "[No Variations]"
Add component (AddParameter): Name = "Value"; Value = "47K"; VariantName = "[No Variations]"
Added Component: Designator=R?_3(R-0805)
Add component (AddParameter): Name = "ComponentLink1Description"; Value = "Linkedin"; VariantName = "[No Variations]"
Add component (AddParameter): Name = "ComponentLink1URL"; Value = "https://ir.linkedin.com/in/mahdi-bagherzade"; VariantName = "[No Variations]"
Add component (AddParameter): Name = "Phone Number"; Value = "0915 8700 314"; VariantName = "[No Variations]"
Add component (AddParameter): Name = "Power"; Value = "1/8W"; VariantName = "[No Variations]"
Add component (AddParameter): Name = "Published Date"; Value = "9-15-2024"; VariantName = "[No Variations]"
Add component (AddParameter): Name = "Publisher"; Value = "Mahdi Bagherzadeh"; VariantName = "[No Variations]"
Add component (AddParameter): Name = "Tolerance"; Value = "5%"; VariantName = "[No Variations]"
Add component (AddParameter): Name = "Value"; Value = "47K"; VariantName = "[No Variations]"
Added Component: Designator=R?_3(R-0805)
Add component (AddParameter): Name = "ComponentLink1Description"; Value = "Linkedin"; VariantName = "[No Variations]"
Add component (AddParameter): Name = "ComponentLink1URL"; Value = "https://ir.linkedin.com/in/mahdi-bagherzade"; VariantName = "[No Variations]"
Add component (AddParameter): Name = "Phone Number"; Value = "0915 8700 314"; VariantName = "[No Variations]"
Add component (AddParameter): Name = "Power"; Value = "1/8W"; VariantName = "[No Variations]"
Add component (AddParameter): Name = "Published Date"; Value = "9-15-2024"; VariantName = "[No Variations]"
Add component (AddParameter): Name = "Publisher"; Value = "Mahdi Bagherzadeh"; VariantName = "[No Variations]"
Add component (AddParameter): Name = "Tolerance"; Value = "5%"; VariantName = "[No Variations]"
Add component (AddParameter): Name = "Value"; Value = "470R"; VariantName = "[No Variations]"
Added Component: Designator=R?_3(R-0805)
Add component (AddParameter): Name = "ComponentLink1Description"; Value = "Linkedin"; VariantName = "[No Variations]"
Add component (AddParameter): Name = "ComponentLink1URL"; Value = "https://ir.linkedin.com/in/mahdi-bagherzade"; VariantName = "[No Variations]"
Add component (AddParameter): Name = "Phone Number"; Value = "0915 8700 314"; VariantName = "[No Variations]"
Add component (AddParameter): Name = "Power"; Value = "1/8W"; VariantName = "[No Variations]"
Add component (AddParameter): Name = "Published Date"; Value = "9-15-2024"; VariantName = "[No Variations]"
Add component (AddParameter): Name = "Publisher"; Value = "Mahdi Bagherzadeh"; VariantName = "[No Variations]"
Add component (AddParameter): Name = "Tolerance"; Value = "5%"; VariantName = "[No Variations]"
Add component (AddParameter): Name = "Type"; Value = "SMD"; VariantName = "[No Variations]"
Add component (AddParameter): Name = "Value"; Value = "1K"; VariantName = "[No Variations]"
Added Component: Designator=R?_3(R-0805)
Add component (AddParameter): Name = "ComponentLink1Description"; Value = "Linkedin"; VariantName = "[No Variations]"
Add component (AddParameter): Name = "ComponentLink1URL"; Value = "https://ir.linkedin.com/in/mahdi-bagherzade"; VariantName = "[No Variations]"
Add component (AddParameter): Name = "Phone Number"; Value = "0915 8700 314"; VariantName = "[No Variations]"
Add component (AddParameter): Name = "Power"; Value = "1/8W"; VariantName = "[No Variations]"
Add component (AddParameter): Name = "Published Date"; Value = "9-15-2024"; VariantName = "[No Variations]"
Add component (AddParameter): Name = "Publisher"; Value = "Mahdi Bagherzadeh"; VariantName = "[No Variations]"
Add component (AddParameter): Name = "Tolerance"; Value = "5%"; VariantName = "[No Variations]"
Add component (AddParameter): Name = "Type"; Value = "SMD"; VariantName = "[No Variations]"
Add component (AddParameter): Name = "Value"; Value = "1K"; VariantName = "[No Variations]"
Added Component: Designator=R?_3(R-0805)
Add component (AddParameter): Name = "ComponentLink1Description"; Value = "Linkedin"; VariantName = "[No Variations]"
Add component (AddParameter): Name = "ComponentLink1URL"; Value = "https://ir.linkedin.com/in/mahdi-bagherzade"; VariantName = "[No Variations]"
Add component (AddParameter): Name = "Phone Number"; Value = "0915 8700 314"; VariantName = "[No Variations]"
Add component (AddParameter): Name = "Power"; Value = "1/8W"; VariantName = "[No Variations]"
Add component (AddParameter): Name = "Published Date"; Value = "9-15-2024"; VariantName = "[No Variations]"
Add component (AddParameter): Name = "Publisher"; Value = "Mahdi Bagherzadeh"; VariantName = "[No Variations]"
Add component (AddParameter): Name = "Tolerance"; Value = "5%"; VariantName = "[No Variations]"
Add component (AddParameter): Name = "Type"; Value = "SMD"; VariantName = "[No Variations]"
Add component (AddParameter): Name = "Value"; Value = "1K"; VariantName = "[No Variations]"
Added Component: Designator=R?_3(R-0805)
Add component (AddParameter): Name = "ComponentLink1Description"; Value = "Linkedin"; VariantName = "[No Variations]"
Add component (AddParameter): Name = "ComponentLink1URL"; Value = "https://ir.linkedin.com/in/mahdi-bagherzade"; VariantName = "[No Variations]"
Add component (AddParameter): Name = "Phone Number"; Value = "0915 8700 314"; VariantName = "[No Variations]"
Add component (AddParameter): Name = "Power"; Value = "1/8W"; VariantName = "[No Variations]"
Add component (AddParameter): Name = "Published Date"; Value = "9-15-2024"; VariantName = "[No Variations]"
Add component (AddParameter): Name = "Publisher"; Value = "Mahdi Bagherzadeh"; VariantName = "[No Variations]"
Add component (AddParameter): Name = "Tolerance"; Value = "5%"; VariantName = "[No Variations]"
Add component (AddParameter): Name = "Type"; Value = "SMD"; VariantName = "[No Variations]"
Add component (AddParameter): Name = "Value"; Value = "10K"; VariantName = "[No Variations]"
Added Component: Designator=R?_3(R-0805)
Add component (AddParameter): Name = "ComponentLink1Description"; Value = "Linkedin"; VariantName = "[No Variations]"
Add component (AddParameter): Name = "ComponentLink1URL"; Value = "https://ir.linkedin.com/in/mahdi-bagherzade"; VariantName = "[No Variations]"
Add component (AddParameter): Name = "Phone Number"; Value = "0915 8700 314"; VariantName = "[No Variations]"
Add component (AddParameter): Name = "Power"; Value = "1/8W"; VariantName = "[No Variations]"
Add component (AddParameter): Name = "Published Date"; Value = "9-15-2024"; VariantName = "[No Variations]"
Add component (AddParameter): Name = "Publisher"; Value = "Mahdi Bagherzadeh"; VariantName = "[No Variations]"
Add component (AddParameter): Name = "Tolerance"; Value = "5%"; VariantName = "[No Variations]"
Add component (AddParameter): Name = "Type"; Value = "SMD"; VariantName = "[No Variations]"
Add component (AddParameter): Name = "Value"; Value = "2.2K"; VariantName = "[No Variations]"
Added Component: Designator=R?_3(R-0805)
Add component (AddParameter): Name = "ComponentLink1Description"; Value = "Linkedin"; VariantName = "[No Variations]"
Add component (AddParameter): Name = "ComponentLink1URL"; Value = "https://ir.linkedin.com/in/mahdi-bagherzade"; VariantName = "[No Variations]"
Add component (AddParameter): Name = "Phone Number"; Value = "0915 8700 314"; VariantName = "[No Variations]"
Add component (AddParameter): Name = "Power"; Value = "1/8W"; VariantName = "[No Variations]"
Add component (AddParameter): Name = "Published Date"; Value = "9-15-2024"; VariantName = "[No Variations]"
Add component (AddParameter): Name = "Publisher"; Value = "Mahdi Bagherzadeh"; VariantName = "[No Variations]"
Add component (AddParameter): Name = "Tolerance"; Value = "5%"; VariantName = "[No Variations]"
Add component (AddParameter): Name = "Value"; Value = "47K"; VariantName = "[No Variations]"
Added Component: Designator=R?_3(R-0805)
Add component (AddParameter): Name = "ComponentLink1Description"; Value = "Linkedin"; VariantName = "[No Variations]"
Add component (AddParameter): Name = "ComponentLink1URL"; Value = "https://ir.linkedin.com/in/mahdi-bagherzade"; VariantName = "[No Variations]"
Add component (AddParameter): Name = "Phone Number"; Value = "0915 8700 314"; VariantName = "[No Variations]"
Add component (AddParameter): Name = "Power"; Value = "1/8W"; VariantName = "[No Variations]"
Add component (AddParameter): Name = "Published Date"; Value = "9-15-2024"; VariantName = "[No Variations]"
Add component (AddParameter): Name = "Publisher"; Value = "Mahdi Bagherzadeh"; VariantName = "[No Variations]"
Add component (AddParameter): Name = "Tolerance"; Value = "5%"; VariantName = "[No Variations]"
Add component (AddParameter): Name = "Type"; Value = "SMD"; VariantName = "[No Variations]"
Add component (AddParameter): Name = "Value"; Value = "10K"; VariantName = "[No Variations]"
Added Component: Designator=R?_3(R-0805)
Add component (AddParameter): Name = "ComponentLink1Description"; Value = "Linkedin"; VariantName = "[No Variations]"
Add component (AddParameter): Name = "ComponentLink1URL"; Value = "https://ir.linkedin.com/in/mahdi-bagherzade"; VariantName = "[No Variations]"
Add component (AddParameter): Name = "Phone Number"; Value = "0915 8700 314"; VariantName = "[No Variations]"
Add component (AddParameter): Name = "Power"; Value = "1/8W"; VariantName = "[No Variations]"
Add component (AddParameter): Name = "Published Date"; Value = "9-15-2024"; VariantName = "[No Variations]"
Add component (AddParameter): Name = "Publisher"; Value = "Mahdi Bagherzadeh"; VariantName = "[No Variations]"
Add component (AddParameter): Name = "Tolerance"; Value = "5%"; VariantName = "[No Variations]"
Add component (AddParameter): Name = "Value"; Value = "470R"; VariantName = "[No Variations]"
Added Component: Designator=R?_3(R-0805)
Add component (AddParameter): Name = "ComponentLink1Description"; Value = "Linkedin"; VariantName = "[No Variations]"
Add component (AddParameter): Name = "ComponentLink1URL"; Value = "https://ir.linkedin.com/in/mahdi-bagherzade"; VariantName = "[No Variations]"
Add component (AddParameter): Name = "Phone Number"; Value = "0915 8700 314"; VariantName = "[No Variations]"
Add component (AddParameter): Name = "Power"; Value = "1/8W"; VariantName = "[No Variations]"
Add component (AddParameter): Name = "Published Date"; Value = "9-15-2024"; VariantName = "[No Variations]"
Add component (AddParameter): Name = "Publisher"; Value = "Mahdi Bagherzadeh"; VariantName = "[No Variations]"
Add component (AddParameter): Name = "Tolerance"; Value = "5%"; VariantName = "[No Variations]"
Add component (AddParameter): Name = "Type"; Value = "SMD"; VariantName = "[No Variations]"
Add component (AddParameter): Name = "Value"; Value = "10K"; VariantName = "[No Variations]"
Added Component: Designator=R?_3(R-0805)
Add component (AddParameter): Name = "ComponentLink1Description"; Value = "Linkedin"; VariantName = "[No Variations]"
Add component (AddParameter): Name = "ComponentLink1URL"; Value = "https://ir.linkedin.com/in/mahdi-bagherzade"; VariantName = "[No Variations]"
Add component (AddParameter): Name = "Phone Number"; Value = "0915 8700 314"; VariantName = "[No Variations]"
Add component (AddParameter): Name = "Power"; Value = "1/8W"; VariantName = "[No Variations]"
Add component (AddParameter): Name = "Published Date"; Value = "9-15-2024"; VariantName = "[No Variations]"
Add component (AddParameter): Name = "Publisher"; Value = "Mahdi Bagherzadeh"; VariantName = "[No Variations]"
Add component (AddParameter): Name = "Tolerance"; Value = "5%"; VariantName = "[No Variations]"
Add component (AddParameter): Name = "Type"; Value = "SMD"; VariantName = "[No Variations]"
Add component (AddParameter): Name = "Value"; Value = "1K"; VariantName = "[No Variations]"
Added Component: Designator=R?_3(R-0805)
Add component (AddParameter): Name = "ComponentLink1Description"; Value = "Linkedin"; VariantName = "[No Variations]"
Add component (AddParameter): Name = "ComponentLink1URL"; Value = "https://ir.linkedin.com/in/mahdi-bagherzade"; VariantName = "[No Variations]"
Add component (AddParameter): Name = "Phone Number"; Value = "0915 8700 314"; VariantName = "[No Variations]"
Add component (AddParameter): Name = "Power"; Value = "1/8W"; VariantName = "[No Variations]"
Add component (AddParameter): Name = "Published Date"; Value = "9-15-2024"; VariantName = "[No Variations]"
Add component (AddParameter): Name = "Publisher"; Value = "Mahdi Bagherzadeh"; VariantName = "[No Variations]"
Add component (AddParameter): Name = "Tolerance"; Value = "5%"; VariantName = "[No Variations]"
Add component (AddParameter): Name = "Type"; Value = "SMD"; VariantName = "[No Variations]"
Add component (AddParameter): Name = "Value"; Value = "10K"; VariantName = "[No Variations]"
Added Component: Designator=R?_4(R-0805)
Add component (AddParameter): Name = "ComponentLink1Description"; Value = "Linkedin"; VariantName = "[No Variations]"
Add component (AddParameter): Name = "ComponentLink1URL"; Value = "https://ir.linkedin.com/in/mahdi-bagherzade"; VariantName = "[No Variations]"
Add component (AddParameter): Name = "Phone Number"; Value = "0915 8700 314"; VariantName = "[No Variations]"
Add component (AddParameter): Name = "Power"; Value = "1/8W"; VariantName = "[No Variations]"
Add component (AddParameter): Name = "Published Date"; Value = "9-15-2024"; VariantName = "[No Variations]"
Add component (AddParameter): Name = "Publisher"; Value = "Mahdi Bagherzadeh"; VariantName = "[No Variations]"
Add component (AddParameter): Name = "Tolerance"; Value = "5%"; VariantName = "[No Variations]"
Add component (AddParameter): Name = "Type"; Value = "SMD"; VariantName = "[No Variations]"
Add component (AddParameter): Name = "Value"; Value = "2.2K"; VariantName = "[No Variations]"
Added Component: Designator=R?_4(R-0805)
Add component (AddParameter): Name = "ComponentLink1Description"; Value = "Linkedin"; VariantName = "[No Variations]"
Add component (AddParameter): Name = "ComponentLink1URL"; Value = "https://ir.linkedin.com/in/mahdi-bagherzade"; VariantName = "[No Variations]"
Add component (AddParameter): Name = "Phone Number"; Value = "0915 8700 314"; VariantName = "[No Variations]"
Add component (AddParameter): Name = "Power"; Value = "1/8W"; VariantName = "[No Variations]"
Add component (AddParameter): Name = "Published Date"; Value = "9-15-2024"; VariantName = "[No Variations]"
Add component (AddParameter): Name = "Publisher"; Value = "Mahdi Bagherzadeh"; VariantName = "[No Variations]"
Add component (AddParameter): Name = "Tolerance"; Value = "5%"; VariantName = "[No Variations]"
Add component (AddParameter): Name = "Value"; Value = "470R"; VariantName = "[No Variations]"
Added Component: Designator=R?_4(R-0805)
Add component (AddParameter): Name = "ComponentLink1Description"; Value = "Linkedin"; VariantName = "[No Variations]"
Add component (AddParameter): Name = "ComponentLink1URL"; Value = "https://ir.linkedin.com/in/mahdi-bagherzade"; VariantName = "[No Variations]"
Add component (AddParameter): Name = "Phone Number"; Value = "0915 8700 314"; VariantName = "[No Variations]"
Add component (AddParameter): Name = "Power"; Value = "1/8W"; VariantName = "[No Variations]"
Add component (AddParameter): Name = "Published Date"; Value = "9-15-2024"; VariantName = "[No Variations]"
Add component (AddParameter): Name = "Publisher"; Value = "Mahdi Bagherzadeh"; VariantName = "[No Variations]"
Add component (AddParameter): Name = "Tolerance"; Value = "5%"; VariantName = "[No Variations]"
Add component (AddParameter): Name = "Type"; Value = "SMD"; VariantName = "[No Variations]"
Add component (AddParameter): Name = "Value"; Value = "1K"; VariantName = "[No Variations]"
Added Component: Designator=R?_4(R-0805)
Add component (AddParameter): Name = "ComponentLink1Description"; Value = "Linkedin"; VariantName = "[No Variations]"
Add component (AddParameter): Name = "ComponentLink1URL"; Value = "https://ir.linkedin.com/in/mahdi-bagherzade"; VariantName = "[No Variations]"
Add component (AddParameter): Name = "Phone Number"; Value = "0915 8700 314"; VariantName = "[No Variations]"
Add component (AddParameter): Name = "Power"; Value = "1/8W"; VariantName = "[No Variations]"
Add component (AddParameter): Name = "Published Date"; Value = "9-15-2024"; VariantName = "[No Variations]"
Add component (AddParameter): Name = "Publisher"; Value = "Mahdi Bagherzadeh"; VariantName = "[No Variations]"
Add component (AddParameter): Name = "Tolerance"; Value = "5%"; VariantName = "[No Variations]"
Add component (AddParameter): Name = "Type"; Value = "SMD"; VariantName = "[No Variations]"
Add component (AddParameter): Name = "Value"; Value = "10K"; VariantName = "[No Variations]"
Added Component: Designator=R?_4(R-0805)
Add component (AddParameter): Name = "ComponentLink1Description"; Value = "Linkedin"; VariantName = "[No Variations]"
Add component (AddParameter): Name = "ComponentLink1URL"; Value = "https://ir.linkedin.com/in/mahdi-bagherzade"; VariantName = "[No Variations]"
Add component (AddParameter): Name = "Phone Number"; Value = "0915 8700 314"; VariantName = "[No Variations]"
Add component (AddParameter): Name = "Power"; Value = "1/8W"; VariantName = "[No Variations]"
Add component (AddParameter): Name = "Published Date"; Value = "9-15-2024"; VariantName = "[No Variations]"
Add component (AddParameter): Name = "Publisher"; Value = "Mahdi Bagherzadeh"; VariantName = "[No Variations]"
Add component (AddParameter): Name = "Tolerance"; Value = "5%"; VariantName = "[No Variations]"
Add component (AddParameter): Name = "Value"; Value = "47K"; VariantName = "[No Variations]"
Added Component: Designator=R?_4(R-0805)
Add component (AddParameter): Name = "ComponentLink1Description"; Value = "Linkedin"; VariantName = "[No Variations]"
Add component (AddParameter): Name = "ComponentLink1URL"; Value = "https://ir.linkedin.com/in/mahdi-bagherzade"; VariantName = "[No Variations]"
Add component (AddParameter): Name = "Phone Number"; Value = "0915 8700 314"; VariantName = "[No Variations]"
Add component (AddParameter): Name = "Power"; Value = "1/8W"; VariantName = "[No Variations]"
Add component (AddParameter): Name = "Published Date"; Value = "9-15-2024"; VariantName = "[No Variations]"
Add component (AddParameter): Name = "Publisher"; Value = "Mahdi Bagherzadeh"; VariantName = "[No Variations]"
Add component (AddParameter): Name = "Tolerance"; Value = "5%"; VariantName = "[No Variations]"
Add component (AddParameter): Name = "Type"; Value = "SMD"; VariantName = "[No Variations]"
Add component (AddParameter): Name = "Value"; Value = "10K"; VariantName = "[No Variations]"
Added Component: Designator=R?_4(R-0805)
Add component (AddParameter): Name = "ComponentLink1Description"; Value = "Linkedin"; VariantName = "[No Variations]"
Add component (AddParameter): Name = "ComponentLink1URL"; Value = "https://ir.linkedin.com/in/mahdi-bagherzade"; VariantName = "[No Variations]"
Add component (AddParameter): Name = "Phone Number"; Value = "0915 8700 314"; VariantName = "[No Variations]"
Add component (AddParameter): Name = "Power"; Value = "1/8W"; VariantName = "[No Variations]"
Add component (AddParameter): Name = "Published Date"; Value = "9-15-2024"; VariantName = "[No Variations]"
Add component (AddParameter): Name = "Publisher"; Value = "Mahdi Bagherzadeh"; VariantName = "[No Variations]"
Add component (AddParameter): Name = "Tolerance"; Value = "5%"; VariantName = "[No Variations]"
Add component (AddParameter): Name = "Type"; Value = "SMD"; VariantName = "[No Variations]"
Add component (AddParameter): Name = "Value"; Value = "1K"; VariantName = "[No Variations]"
Added Component: Designator=R?_4(R-0805)
Add component (AddParameter): Name = "ComponentLink1Description"; Value = "Linkedin"; VariantName = "[No Variations]"
Add component (AddParameter): Name = "ComponentLink1URL"; Value = "https://ir.linkedin.com/in/mahdi-bagherzade"; VariantName = "[No Variations]"
Add component (AddParameter): Name = "Phone Number"; Value = "0915 8700 314"; VariantName = "[No Variations]"
Add component (AddParameter): Name = "Power"; Value = "1/8W"; VariantName = "[No Variations]"
Add component (AddParameter): Name = "Published Date"; Value = "9-15-2024"; VariantName = "[No Variations]"
Add component (AddParameter): Name = "Publisher"; Value = "Mahdi Bagherzadeh"; VariantName = "[No Variations]"
Add component (AddParameter): Name = "Tolerance"; Value = "5%"; VariantName = "[No Variations]"
Add component (AddParameter): Name = "Value"; Value = "470R"; VariantName = "[No Variations]"
Added Component: Designator=R?_4(R-0805)
Add component (AddParameter): Name = "ComponentLink1Description"; Value = "Linkedin"; VariantName = "[No Variations]"
Add component (AddParameter): Name = "ComponentLink1URL"; Value = "https://ir.linkedin.com/in/mahdi-bagherzade"; VariantName = "[No Variations]"
Add component (AddParameter): Name = "Phone Number"; Value = "0915 8700 314"; VariantName = "[No Variations]"
Add component (AddParameter): Name = "Power"; Value = "1/8W"; VariantName = "[No Variations]"
Add component (AddParameter): Name = "Published Date"; Value = "9-15-2024"; VariantName = "[No Variations]"
Add component (AddParameter): Name = "Publisher"; Value = "Mahdi Bagherzadeh"; VariantName = "[No Variations]"
Add component (AddParameter): Name = "Tolerance"; Value = "5%"; VariantName = "[No Variations]"
Add component (AddParameter): Name = "Type"; Value = "SMD"; VariantName = "[No Variations]"
Add component (AddParameter): Name = "Value"; Value = "10K"; VariantName = "[No Variations]"
Added Component: Designator=R?_4(R-0805)
Add component (AddParameter): Name = "ComponentLink1Description"; Value = "Linkedin"; VariantName = "[No Variations]"
Add component (AddParameter): Name = "ComponentLink1URL"; Value = "https://ir.linkedin.com/in/mahdi-bagherzade"; VariantName = "[No Variations]"
Add component (AddParameter): Name = "Phone Number"; Value = "0915 8700 314"; VariantName = "[No Variations]"
Add component (AddParameter): Name = "Power"; Value = "1/8W"; VariantName = "[No Variations]"
Add component (AddParameter): Name = "Published Date"; Value = "9-15-2024"; VariantName = "[No Variations]"
Add component (AddParameter): Name = "Publisher"; Value = "Mahdi Bagherzadeh"; VariantName = "[No Variations]"
Add component (AddParameter): Name = "Tolerance"; Value = "5%"; VariantName = "[No Variations]"
Add component (AddParameter): Name = "Type"; Value = "SMD"; VariantName = "[No Variations]"
Add component (AddParameter): Name = "Value"; Value = "1K"; VariantName = "[No Variations]"
Added Component: Designator=R?_4(R-0805)
Add component (AddParameter): Name = "ComponentLink1Description"; Value = "Linkedin"; VariantName = "[No Variations]"
Add component (AddParameter): Name = "ComponentLink1URL"; Value = "https://ir.linkedin.com/in/mahdi-bagherzade"; VariantName = "[No Variations]"
Add component (AddParameter): Name = "Phone Number"; Value = "0915 8700 314"; VariantName = "[No Variations]"
Add component (AddParameter): Name = "Power"; Value = "1/8W"; VariantName = "[No Variations]"
Add component (AddParameter): Name = "Published Date"; Value = "9-15-2024"; VariantName = "[No Variations]"
Add component (AddParameter): Name = "Publisher"; Value = "Mahdi Bagherzadeh"; VariantName = "[No Variations]"
Add component (AddParameter): Name = "Tolerance"; Value = "5%"; VariantName = "[No Variations]"
Add component (AddParameter): Name = "Type"; Value = "SMD"; VariantName = "[No Variations]"
Add component (AddParameter): Name = "Value"; Value = "1K"; VariantName = "[No Variations]"
Added Component: Designator=R?_4(R-0805)
Add component (AddParameter): Name = "ComponentLink1Description"; Value = "Linkedin"; VariantName = "[No Variations]"
Add component (AddParameter): Name = "ComponentLink1URL"; Value = "https://ir.linkedin.com/in/mahdi-bagherzade"; VariantName = "[No Variations]"
Add component (AddParameter): Name = "Phone Number"; Value = "0915 8700 314"; VariantName = "[No Variations]"
Add component (AddParameter): Name = "Power"; Value = "1/8W"; VariantName = "[No Variations]"
Add component (AddParameter): Name = "Published Date"; Value = "9-15-2024"; VariantName = "[No Variations]"
Add component (AddParameter): Name = "Publisher"; Value = "Mahdi Bagherzadeh"; VariantName = "[No Variations]"
Add component (AddParameter): Name = "Tolerance"; Value = "5%"; VariantName = "[No Variations]"
Add component (AddParameter): Name = "Type"; Value = "SMD"; VariantName = "[No Variations]"
Add component (AddParameter): Name = "Value"; Value = "10K"; VariantName = "[No Variations]"
Added Component: Designator=R?_4(R-0805)
Add component (AddParameter): Name = "ComponentLink1Description"; Value = "Linkedin"; VariantName = "[No Variations]"
Add component (AddParameter): Name = "ComponentLink1URL"; Value = "https://ir.linkedin.com/in/mahdi-bagherzade"; VariantName = "[No Variations]"
Add component (AddParameter): Name = "Phone Number"; Value = "0915 8700 314"; VariantName = "[No Variations]"
Add component (AddParameter): Name = "Power"; Value = "1/8W"; VariantName = "[No Variations]"
Add component (AddParameter): Name = "Published Date"; Value = "9-15-2024"; VariantName = "[No Variations]"
Add component (AddParameter): Name = "Publisher"; Value = "Mahdi Bagherzadeh"; VariantName = "[No Variations]"
Add component (AddParameter): Name = "Tolerance"; Value = "5%"; VariantName = "[No Variations]"
Add component (AddParameter): Name = "Value"; Value = "47K"; VariantName = "[No Variations]"
Added Component: Designator=R?(R-0805)
Add component (AddParameter): Name = "ComponentLink1Description"; Value = "Linkedin"; VariantName = "[No Variations]"
Add component (AddParameter): Name = "ComponentLink1URL"; Value = "https://ir.linkedin.com/in/mahdi-bagherzade"; VariantName = "[No Variations]"
Add component (AddParameter): Name = "Phone Number"; Value = "0915 8700 314"; VariantName = "[No Variations]"
Add component (AddParameter): Name = "Published Date"; Value = "9-15-2024"; VariantName = "[No Variations]"
Add component (AddParameter): Name = "Publisher"; Value = "Mahdi Bagherzadeh"; VariantName = "[No Variations]"
Add component (AddParameter): Name = "VALUE"; Value = ""; VariantName = "[No Variations]"
Added Component: Designator=R?(R-0805)
Add component (AddParameter): Name = "ComponentLink1Description"; Value = "Linkedin"; VariantName = "[No Variations]"
Add component (AddParameter): Name = "ComponentLink1URL"; Value = "https://ir.linkedin.com/in/mahdi-bagherzade"; VariantName = "[No Variations]"
Add component (AddParameter): Name = "Phone Number"; Value = "0915 8700 314"; VariantName = "[No Variations]"
Add component (AddParameter): Name = "Published Date"; Value = "9-15-2024"; VariantName = "[No Variations]"
Add component (AddParameter): Name = "Publisher"; Value = "Mahdi Bagherzadeh"; VariantName = "[No Variations]"
Add component (AddParameter): Name = "VALUE"; Value = ""; VariantName = "[No Variations]"
Added Component: Designator=R?(R-0805)
Add component (AddParameter): Name = "ComponentLink1Description"; Value = "Linkedin"; VariantName = "[No Variations]"
Add component (AddParameter): Name = "ComponentLink1URL"; Value = "https://ir.linkedin.com/in/mahdi-bagherzade"; VariantName = "[No Variations]"
Add component (AddParameter): Name = "Phone Number"; Value = "0915 8700 314"; VariantName = "[No Variations]"
Add component (AddParameter): Name = "Published Date"; Value = "9-15-2024"; VariantName = "[No Variations]"
Add component (AddParameter): Name = "Publisher"; Value = "Mahdi Bagherzadeh"; VariantName = "[No Variations]"
Add component (AddParameter): Name = "VALUE"; Value = ""; VariantName = "[No Variations]"
Added Component: Designator=R?(R-0805)
Add component (AddParameter): Name = "ComponentLink1Description"; Value = "Linkedin"; VariantName = "[No Variations]"
Add component (AddParameter): Name = "ComponentLink1URL"; Value = "https://ir.linkedin.com/in/mahdi-bagherzade"; VariantName = "[No Variations]"
Add component (AddParameter): Name = "Phone Number"; Value = "0915 8700 314"; VariantName = "[No Variations]"
Add component (AddParameter): Name = "Power"; Value = "1/8W"; VariantName = "[No Variations]"
Add component (AddParameter): Name = "Published Date"; Value = "9-15-2024"; VariantName = "[No Variations]"
Add component (AddParameter): Name = "Publisher"; Value = "Mahdi Bagherzadeh"; VariantName = "[No Variations]"
Add component (AddParameter): Name = "Tolerance"; Value = "5%"; VariantName = "[No Variations]"
Add component (AddParameter): Name = "VALUE"; Value = "10K"; VariantName = "[No Variations]"
Added Component: Designator=R?(R-0805)
Add component (AddParameter): Name = "ComponentLink1Description"; Value = "Linkedin"; VariantName = "[No Variations]"
Add component (AddParameter): Name = "ComponentLink1URL"; Value = "https://ir.linkedin.com/in/mahdi-bagherzade"; VariantName = "[No Variations]"
Add component (AddParameter): Name = "Phone Number"; Value = "0915 8700 314"; VariantName = "[No Variations]"
Add component (AddParameter): Name = "Power"; Value = "1/8W"; VariantName = "[No Variations]"
Add component (AddParameter): Name = "Published Date"; Value = "9-15-2024"; VariantName = "[No Variations]"
Add component (AddParameter): Name = "Publisher"; Value = "Mahdi Bagherzadeh"; VariantName = "[No Variations]"
Add component (AddParameter): Name = "Tolerance"; Value = "5%"; VariantName = "[No Variations]"
Add component (AddParameter): Name = "VALUE"; Value = "10K"; VariantName = "[No Variations]"
Added Component: Designator=R?(R-0805)
Add component (AddParameter): Name = "ComponentLink1Description"; Value = "Linkedin"; VariantName = "[No Variations]"
Add component (AddParameter): Name = "ComponentLink1URL"; Value = "https://ir.linkedin.com/in/mahdi-bagherzade"; VariantName = "[No Variations]"
Add component (AddParameter): Name = "Phone Number"; Value = "0915 8700 314"; VariantName = "[No Variations]"
Add component (AddParameter): Name = "Power"; Value = "1/8W"; VariantName = "[No Variations]"
Add component (AddParameter): Name = "Published Date"; Value = "9-15-2024"; VariantName = "[No Variations]"
Add component (AddParameter): Name = "Publisher"; Value = "Mahdi Bagherzadeh"; VariantName = "[No Variations]"
Add component (AddParameter): Name = "Tolerance"; Value = "5%"; VariantName = "[No Variations]"
Add component (AddParameter): Name = "VALUE"; Value = "2.2K"; VariantName = "[No Variations]"
Added Component: Designator=R?(R-0805)
Add component (AddParameter): Name = "ComponentLink1Description"; Value = "Linkedin"; VariantName = "[No Variations]"
Add component (AddParameter): Name = "ComponentLink1URL"; Value = "https://ir.linkedin.com/in/mahdi-bagherzade"; VariantName = "[No Variations]"
Add component (AddParameter): Name = "Phone Number"; Value = "0915 8700 314"; VariantName = "[No Variations]"
Add component (AddParameter): Name = "Published Date"; Value = "9-15-2024"; VariantName = "[No Variations]"
Add component (AddParameter): Name = "Publisher"; Value = "Mahdi Bagherzadeh"; VariantName = "[No Variations]"
Add component (AddParameter): Name = "VALUE"; Value = ""; VariantName = "[No Variations]"
Added Component: Designator=R?(R-0805)
Add component (AddParameter): Name = "ComponentLink1Description"; Value = "Linkedin"; VariantName = "[No Variations]"
Add component (AddParameter): Name = "ComponentLink1URL"; Value = "https://ir.linkedin.com/in/mahdi-bagherzade"; VariantName = "[No Variations]"
Add component (AddParameter): Name = "Phone Number"; Value = "0915 8700 314"; VariantName = "[No Variations]"
Add component (AddParameter): Name = "Power"; Value = "1/8W"; VariantName = "[No Variations]"
Add component (AddParameter): Name = "Published Date"; Value = "9-15-2024"; VariantName = "[No Variations]"
Add component (AddParameter): Name = "Publisher"; Value = "Mahdi Bagherzadeh"; VariantName = "[No Variations]"
Add component (AddParameter): Name = "Tolerance"; Value = "5%"; VariantName = "[No Variations]"
Add component (AddParameter): Name = "Value"; Value = "4.7K"; VariantName = "[No Variations]"
Added Component: Designator=R?(R-0805)
Add component (AddParameter): Name = "ComponentLink1Description"; Value = "Linkedin"; VariantName = "[No Variations]"
Add component (AddParameter): Name = "ComponentLink1URL"; Value = "https://ir.linkedin.com/in/mahdi-bagherzade"; VariantName = "[No Variations]"
Add component (AddParameter): Name = "Phone Number"; Value = "0915 8700 314"; VariantName = "[No Variations]"
Add component (AddParameter): Name = "Power"; Value = "1/8W"; VariantName = "[No Variations]"
Add component (AddParameter): Name = "Published Date"; Value = "9-15-2024"; VariantName = "[No Variations]"
Add component (AddParameter): Name = "Publisher"; Value = "Mahdi Bagherzadeh"; VariantName = "[No Variations]"
Add component (AddParameter): Name = "Tolerance"; Value = "5%"; VariantName = "[No Variations]"
Add component (AddParameter): Name = "Value"; Value = "4.7K"; VariantName = "[No Variations]"
Added Component: Designator=R?(R-0805)
Add component (AddParameter): Name = "ComponentLink1Description"; Value = "Linkedin"; VariantName = "[No Variations]"
Add component (AddParameter): Name = "ComponentLink1URL"; Value = "https://ir.linkedin.com/in/mahdi-bagherzade"; VariantName = "[No Variations]"
Add component (AddParameter): Name = "Phone Number"; Value = "0915 8700 314"; VariantName = "[No Variations]"
Add component (AddParameter): Name = "Published Date"; Value = "9-15-2024"; VariantName = "[No Variations]"
Add component (AddParameter): Name = "Publisher"; Value = "Mahdi Bagherzadeh"; VariantName = "[No Variations]"
Add component (AddParameter): Name = "VALUE"; Value = ""; VariantName = "[No Variations]"
Added Component: Designator=R?(R-0805)
Add component (AddParameter): Name = "ComponentLink1Description"; Value = "Linkedin"; VariantName = "[No Variations]"
Add component (AddParameter): Name = "ComponentLink1URL"; Value = "https://ir.linkedin.com/in/mahdi-bagherzade"; VariantName = "[No Variations]"
Add component (AddParameter): Name = "Phone Number"; Value = "0915 8700 314"; VariantName = "[No Variations]"
Add component (AddParameter): Name = "Published Date"; Value = "9-15-2024"; VariantName = "[No Variations]"
Add component (AddParameter): Name = "Publisher"; Value = "Mahdi Bagherzadeh"; VariantName = "[No Variations]"
Add component (AddParameter): Name = "VALUE"; Value = ""; VariantName = "[No Variations]"
Added Component: Designator=R?(R-0805)
Add component (AddParameter): Name = "ComponentLink1Description"; Value = "Linkedin"; VariantName = "[No Variations]"
Add component (AddParameter): Name = "ComponentLink1URL"; Value = "https://ir.linkedin.com/in/mahdi-bagherzade"; VariantName = "[No Variations]"
Add component (AddParameter): Name = "Phone Number"; Value = "0915 8700 314"; VariantName = "[No Variations]"
Add component (AddParameter): Name = "Published Date"; Value = "9-15-2024"; VariantName = "[No Variations]"
Add component (AddParameter): Name = "Publisher"; Value = "Mahdi Bagherzadeh"; VariantName = "[No Variations]"
Add component (AddParameter): Name = "VALUE"; Value = ""; VariantName = "[No Variations]"
Added Component: Designator=RL?_1(MILON)
Add component (AddParameter): Name = "ComponentLink1Description"; Value = "Linkedin"; VariantName = "[No Variations]"
Add component (AddParameter): Name = "ComponentLink1URL"; Value = "https://ir.linkedin.com/in/mahdi-bagherzade"; VariantName = "[No Variations]"
Add component (AddParameter): Name = "Phone Number"; Value = "0915 8700 314"; VariantName = "[No Variations]"
Add component (AddParameter): Name = "Power"; Value = "5A"; VariantName = "[No Variations]"
Add component (AddParameter): Name = "Published Date"; Value = "9-15-2024"; VariantName = "[No Variations]"
Add component (AddParameter): Name = "Publisher"; Value = "Mahdi Bagherzadeh"; VariantName = "[No Variations]"
Add component (AddParameter): Name = "Type"; Value = "MILON-CHILD"; VariantName = "[No Variations]"
Add component (AddParameter): Name = "Voltage"; Value = "12V"; VariantName = "[No Variations]"
Added Component: Designator=RL?_2(MILON)
Add component (AddParameter): Name = "ComponentLink1Description"; Value = "Linkedin"; VariantName = "[No Variations]"
Add component (AddParameter): Name = "ComponentLink1URL"; Value = "https://ir.linkedin.com/in/mahdi-bagherzade"; VariantName = "[No Variations]"
Add component (AddParameter): Name = "Phone Number"; Value = "0915 8700 314"; VariantName = "[No Variations]"
Add component (AddParameter): Name = "Power"; Value = "5A"; VariantName = "[No Variations]"
Add component (AddParameter): Name = "Published Date"; Value = "9-15-2024"; VariantName = "[No Variations]"
Add component (AddParameter): Name = "Publisher"; Value = "Mahdi Bagherzadeh"; VariantName = "[No Variations]"
Add component (AddParameter): Name = "Type"; Value = "MILON-CHILD"; VariantName = "[No Variations]"
Add component (AddParameter): Name = "Voltage"; Value = "12V"; VariantName = "[No Variations]"
Added Component: Designator=RL?_3(MILON)
Add component (AddParameter): Name = "ComponentLink1Description"; Value = "Linkedin"; VariantName = "[No Variations]"
Add component (AddParameter): Name = "ComponentLink1URL"; Value = "https://ir.linkedin.com/in/mahdi-bagherzade"; VariantName = "[No Variations]"
Add component (AddParameter): Name = "Phone Number"; Value = "0915 8700 314"; VariantName = "[No Variations]"
Add component (AddParameter): Name = "Power"; Value = "5A"; VariantName = "[No Variations]"
Add component (AddParameter): Name = "Published Date"; Value = "9-15-2024"; VariantName = "[No Variations]"
Add component (AddParameter): Name = "Publisher"; Value = "Mahdi Bagherzadeh"; VariantName = "[No Variations]"
Add component (AddParameter): Name = "Type"; Value = "MILON-CHILD"; VariantName = "[No Variations]"
Add component (AddParameter): Name = "Voltage"; Value = "12V"; VariantName = "[No Variations]"
Added Component: Designator=RL?_4(MILON)
Add component (AddParameter): Name = "ComponentLink1Description"; Value = "Linkedin"; VariantName = "[No Variations]"
Add component (AddParameter): Name = "ComponentLink1URL"; Value = "https://ir.linkedin.com/in/mahdi-bagherzade"; VariantName = "[No Variations]"
Add component (AddParameter): Name = "Phone Number"; Value = "0915 8700 314"; VariantName = "[No Variations]"
Add component (AddParameter): Name = "Power"; Value = "5A"; VariantName = "[No Variations]"
Add component (AddParameter): Name = "Published Date"; Value = "9-15-2024"; VariantName = "[No Variations]"
Add component (AddParameter): Name = "Publisher"; Value = "Mahdi Bagherzadeh"; VariantName = "[No Variations]"
Add component (AddParameter): Name = "Type"; Value = "MILON-CHILD"; VariantName = "[No Variations]"
Add component (AddParameter): Name = "Voltage"; Value = "12V"; VariantName = "[No Variations]"
Added Component: Designator=S1_1(SW-SMD-4pin-6x6)
Add component (AddParameter): Name = "ComponentLink1Description"; Value = "Linkedin"; VariantName = "[No Variations]"
Add component (AddParameter): Name = "ComponentLink1URL"; Value = "https://ir.linkedin.com/in/mahdi-bagherzade"; VariantName = "[No Variations]"
Add component (AddParameter): Name = "Phone Number"; Value = "0915 8700 314"; VariantName = "[No Variations]"
Add component (AddParameter): Name = "Published Date"; Value = "9-15-2024"; VariantName = "[No Variations]"
Add component (AddParameter): Name = "Publisher"; Value = "Mahdi Bagherzadeh"; VariantName = "[No Variations]"
Add component (AddParameter): Name = "Size"; Value = "6x6"; VariantName = "[No Variations]"
Added Component: Designator=S1_2(SW-SMD-4pin-6x6)
Add component (AddParameter): Name = "ComponentLink1Description"; Value = "Linkedin"; VariantName = "[No Variations]"
Add component (AddParameter): Name = "ComponentLink1URL"; Value = "https://ir.linkedin.com/in/mahdi-bagherzade"; VariantName = "[No Variations]"
Add component (AddParameter): Name = "Phone Number"; Value = "0915 8700 314"; VariantName = "[No Variations]"
Add component (AddParameter): Name = "Published Date"; Value = "9-15-2024"; VariantName = "[No Variations]"
Add component (AddParameter): Name = "Publisher"; Value = "Mahdi Bagherzadeh"; VariantName = "[No Variations]"
Add component (AddParameter): Name = "Size"; Value = "6x6"; VariantName = "[No Variations]"
Added Component: Designator=S1_3(SW-SMD-4pin-6x6)
Add component (AddParameter): Name = "ComponentLink1Description"; Value = "Linkedin"; VariantName = "[No Variations]"
Add component (AddParameter): Name = "ComponentLink1URL"; Value = "https://ir.linkedin.com/in/mahdi-bagherzade"; VariantName = "[No Variations]"
Add component (AddParameter): Name = "Phone Number"; Value = "0915 8700 314"; VariantName = "[No Variations]"
Add component (AddParameter): Name = "Published Date"; Value = "9-15-2024"; VariantName = "[No Variations]"
Add component (AddParameter): Name = "Publisher"; Value = "Mahdi Bagherzadeh"; VariantName = "[No Variations]"
Add component (AddParameter): Name = "Size"; Value = "6x6"; VariantName = "[No Variations]"
Added Component: Designator=S?(SW-SMD-2pin-3x6)
Add component (AddParameter): Name = "ComponentLink1Description"; Value = "Linkedin"; VariantName = "[No Variations]"
Add component (AddParameter): Name = "ComponentLink1URL"; Value = "https://ir.linkedin.com/in/mahdi-bagherzade"; VariantName = "[No Variations]"
Add component (AddParameter): Name = "Phone Number"; Value = "0915 8700 314"; VariantName = "[No Variations]"
Add component (AddParameter): Name = "Published Date"; Value = "9-15-2024"; VariantName = "[No Variations]"
Add component (AddParameter): Name = "Publisher"; Value = "Mahdi Bagherzadeh"; VariantName = "[No Variations]"
Add component (AddParameter): Name = "Size"; Value = "3x6mm-2Pin"; VariantName = "[No Variations]"
Added Component: Designator=U4(STM-LQFP144_M)
Add component (AddParameter): Name = "ComponentLink1Description"; Value = "Manufacturer URL"; VariantName = "[No Variations]"
Add component (AddParameter): Name = "ComponentLink1URL"; Value = "http://www.st.com/web/en/home.html"; VariantName = "[No Variations]"
Add component (AddParameter): Name = "ComponentLink2Description"; Value = "Datasheet"; VariantName = "[No Variations]"
Add component (AddParameter): Name = "ComponentLink2URL"; Value = "http://www.st.com/st-web-ui/static/active/en/resource/technical/document/datasheet/DM00037051.pdf"; VariantName = "[No Variations]"
Add component (AddParameter): Name = "ComponentLink3Description"; Value = "Package Specification"; VariantName = "[No Variations]"
Add component (AddParameter): Name = "ComponentLink3URL"; Value = "http://www.st.com/st-web-ui/static/active/en/resource/technical/document/datasheet/DM00037051.pdf"; VariantName = "[No Variations]"
Add component (AddParameter): Name = "Core"; Value = "ARM Cortex-M4"; VariantName = "[No Variations]"
Add component (AddParameter): Name = "D/A Converter"; Value = "2x12-bit"; VariantName = "[No Variations]"
Add component (AddParameter): Name = "DatasheetVersion"; Value = "Rev. 4"; VariantName = "[No Variations]"
Add component (AddParameter): Name = "FLASH Size (Prog) (kB)"; Value = "1024"; VariantName = "[No Variations]"
Add component (AddParameter): Name = "I/Os (High Current)"; Value = "114"; VariantName = "[No Variations]"
Add component (AddParameter): Name = "Internal RAM Size (kB)"; Value = "192"; VariantName = "[No Variations]"
Add component (AddParameter): Name = "Manufacturer"; Value = "STMicroelectronics"; VariantName = "[No Variations]"
Add component (AddParameter): Name = "Mounting Technology"; Value = "Surface Mount"; VariantName = "[No Variations]"
Add component (AddParameter): Name = "Operating Frequency(F) (Processor speed) (MHz)"; Value = "168"; VariantName = "[No Variations]"
Add component (AddParameter): Name = "PackageDescription"; Value = "144-Pin Low Profile Quad Flat Package, 20 x 20 mm Body, 0.5 mm Pitch"; VariantName = "[No Variations]"
Add component (AddParameter): Name = "PackageReference"; Value = "LQFP144"; VariantName = "[No Variations]"
Add component (AddParameter): Name = "PackageVersion"; Value = "Rev. 4, 06/2013"; VariantName = "[No Variations]"
Add component (AddParameter): Name = "Packing"; Value = "Tray"; VariantName = "[No Variations]"
Add component (AddParameter): Name = "PartNumber"; Value = "STM32F407ZGT6"; VariantName = "[No Variations]"
Add component (AddParameter): Name = "Supplier 1"; Value = "Digi-Key"; VariantName = "[No Variations]"
Add component (AddParameter): Name = "Supplier 2"; Value = "Newark"; VariantName = "[No Variations]"
Add component (AddParameter): Name = "Supplier 3"; Value = "Mouser"; VariantName = "[No Variations]"
Add component (AddParameter): Name = "Supplier Part Number 1"; Value = "497-11766-ND"; VariantName = "[No Variations]"
Add component (AddParameter): Name = "Supplier Part Number 2"; Value = "73T2334"; VariantName = "[No Variations]"
Add component (AddParameter): Name = "Supplier Part Number 3"; Value = "511-STM32F407ZGT6"; VariantName = "[No Variations]"
Add component (AddParameter): Name = "Supply Voltage(Vcc) max (V)"; Value = "3.6"; VariantName = "[No Variations]"
Add component (AddParameter): Name = "Supply Voltage(Vcc) min (V)"; Value = "1.8"; VariantName = "[No Variations]"
Added Component: Designator=U?(DIP28-wide)
Add component (AddParameter): Name = "ComponentLink1Description"; Value = "Linkedin"; VariantName = "[No Variations]"
Add component (AddParameter): Name = "ComponentLink1URL"; Value = "https://ir.linkedin.com/in/mahdi-bagherzade"; VariantName = "[No Variations]"
Add component (AddParameter): Name = "Phone Number"; Value = "0915 8700 314"; VariantName = "[No Variations]"
Add component (AddParameter): Name = "Published Date"; Value = "9-15-2024"; VariantName = "[No Variations]"
Add component (AddParameter): Name = "Publisher"; Value = "Mahdi Bagherzadeh"; VariantName = "[No Variations]"
Added Component: Designator=U?(SOT223)
Add component (AddParameter): Name = "ComponentLink1Description"; Value = "Linkedin"; VariantName = "[No Variations]"
Add component (AddParameter): Name = "ComponentLink1URL"; Value = "https://ir.linkedin.com/in/mahdi-bagherzade"; VariantName = "[No Variations]"
Add component (AddParameter): Name = "Phone Number"; Value = "0915 8700 314"; VariantName = "[No Variations]"
Add component (AddParameter): Name = "Published Date"; Value = "9-15-2024"; VariantName = "[No Variations]"
Add component (AddParameter): Name = "Publisher"; Value = "Mahdi Bagherzadeh"; VariantName = "[No Variations]"
Add component (AddParameter): Name = "Voltage"; Value = "?V"; VariantName = "[No Variations]"
Added Component: Designator=U?(SOIC8)
Add component (AddParameter): Name = "ComponentLink1Description"; Value = "Linkedin"; VariantName = "[No Variations]"
Add component (AddParameter): Name = "ComponentLink1URL"; Value = "https://ir.linkedin.com/in/mahdi-bagherzade"; VariantName = "[No Variations]"
Add component (AddParameter): Name = "Phone Number"; Value = "0915 8700 314"; VariantName = "[No Variations]"
Add component (AddParameter): Name = "Published Date"; Value = "9-15-2024"; VariantName = "[No Variations]"
Add component (AddParameter): Name = "Publisher"; Value = "Mahdi Bagherzadeh"; VariantName = "[No Variations]"
Added Component: Designator=U?(SOIC8)
Add component (AddParameter): Name = "ComponentLink1Description"; Value = "Linkedin"; VariantName = "[No Variations]"
Add component (AddParameter): Name = "ComponentLink1URL"; Value = "https://ir.linkedin.com/in/mahdi-bagherzade"; VariantName = "[No Variations]"
Add component (AddParameter): Name = "Phone Number"; Value = "0915 8700 314"; VariantName = "[No Variations]"
Add component (AddParameter): Name = "Published Date"; Value = "9-15-2024"; VariantName = "[No Variations]"
Add component (AddParameter): Name = "Publisher"; Value = "Mahdi Bagherzadeh"; VariantName = "[No Variations]"
Added Component: Designator=Y?(CRYSTAL-SMD)
Add component (AddParameter): Name = "ComponentLink1Description"; Value = "Linkedin"; VariantName = "[No Variations]"
Add component (AddParameter): Name = "ComponentLink1URL"; Value = "https://ir.linkedin.com/in/mahdi-bagherzade"; VariantName = "[No Variations]"
Add component (AddParameter): Name = "Phone Number"; Value = "0915 8700 314"; VariantName = "[No Variations]"
Add component (AddParameter): Name = "Published Date"; Value = "9-15-2024"; VariantName = "[No Variations]"
Add component (AddParameter): Name = "Publisher"; Value = "Mahdi Bagherzadeh"; VariantName = "[No Variations]"
Add component (AddParameter): Name = "Value"; Value = "8MHz"; VariantName = "[No Variations]"
Added Component: Designator=Y?(CRYSTAL-CLK-S)
Add component (AddParameter): Name = "ComponentLink1Description"; Value = "Linkedin"; VariantName = "[No Variations]"
Add component (AddParameter): Name = "ComponentLink1URL"; Value = "https://ir.linkedin.com/in/mahdi-bagherzade"; VariantName = "[No Variations]"
Add component (AddParameter): Name = "Phone Number"; Value = "0915 8700 314"; VariantName = "[No Variations]"
Add component (AddParameter): Name = "Published Date"; Value = "9-15-2024"; VariantName = "[No Variations]"
Add component (AddParameter): Name = "Publisher"; Value = "Mahdi Bagherzadeh"; VariantName = "[No Variations]"
Add component (AddParameter): Name = "Value"; Value = "32.768KHz"; VariantName = "[No Variations]"
Added Component: Designator=ZD?_1(SOD80)
Add component (AddParameter): Name = "Code"; Value = ""; VariantName = "[No Variations]"
Add component (AddParameter): Name = "ComponentLink1Description"; Value = "Linkedin"; VariantName = "[No Variations]"
Add component (AddParameter): Name = "ComponentLink1URL"; Value = "https://ir.linkedin.com/in/mahdi-bagherzade"; VariantName = "[No Variations]"
Add component (AddParameter): Name = "Phone Number"; Value = "0915 8700 314"; VariantName = "[No Variations]"
Add component (AddParameter): Name = "Power"; Value = "Minimelf"; VariantName = "[No Variations]"
Add component (AddParameter): Name = "Published Date"; Value = "9-15-2024"; VariantName = "[No Variations]"
Add component (AddParameter): Name = "Publisher"; Value = "Mahdi Bagherzadeh"; VariantName = "[No Variations]"
Add component (AddParameter): Name = "Type"; Value = "SMD"; VariantName = "[No Variations]"
Add component (AddParameter): Name = "Voltage"; Value = "3.3V"; VariantName = "[No Variations]"
Added Component: Designator=ZD?_1(SOD80)
Add component (AddParameter): Name = "Code"; Value = ""; VariantName = "[No Variations]"
Add component (AddParameter): Name = "ComponentLink1Description"; Value = "Linkedin"; VariantName = "[No Variations]"
Add component (AddParameter): Name = "ComponentLink1URL"; Value = "https://ir.linkedin.com/in/mahdi-bagherzade"; VariantName = "[No Variations]"
Add component (AddParameter): Name = "Phone Number"; Value = "0915 8700 314"; VariantName = "[No Variations]"
Add component (AddParameter): Name = "Power"; Value = "Minimelf"; VariantName = "[No Variations]"
Add component (AddParameter): Name = "Published Date"; Value = "9-15-2024"; VariantName = "[No Variations]"
Add component (AddParameter): Name = "Publisher"; Value = "Mahdi Bagherzadeh"; VariantName = "[No Variations]"
Add component (AddParameter): Name = "Type"; Value = "SMD"; VariantName = "[No Variations]"
Add component (AddParameter): Name = "Voltage"; Value = "3.3V"; VariantName = "[No Variations]"
Added Component: Designator=ZD?_2(SOD80)
Add component (AddParameter): Name = "Code"; Value = ""; VariantName = "[No Variations]"
Add component (AddParameter): Name = "ComponentLink1Description"; Value = "Linkedin"; VariantName = "[No Variations]"
Add component (AddParameter): Name = "ComponentLink1URL"; Value = "https://ir.linkedin.com/in/mahdi-bagherzade"; VariantName = "[No Variations]"
Add component (AddParameter): Name = "Phone Number"; Value = "0915 8700 314"; VariantName = "[No Variations]"
Add component (AddParameter): Name = "Power"; Value = "Minimelf"; VariantName = "[No Variations]"
Add component (AddParameter): Name = "Published Date"; Value = "9-15-2024"; VariantName = "[No Variations]"
Add component (AddParameter): Name = "Publisher"; Value = "Mahdi Bagherzadeh"; VariantName = "[No Variations]"
Add component (AddParameter): Name = "Type"; Value = "SMD"; VariantName = "[No Variations]"
Add component (AddParameter): Name = "Voltage"; Value = "3.3V"; VariantName = "[No Variations]"
Added Component: Designator=ZD?_2(SOD80)
Add component (AddParameter): Name = "Code"; Value = ""; VariantName = "[No Variations]"
Add component (AddParameter): Name = "ComponentLink1Description"; Value = "Linkedin"; VariantName = "[No Variations]"
Add component (AddParameter): Name = "ComponentLink1URL"; Value = "https://ir.linkedin.com/in/mahdi-bagherzade"; VariantName = "[No Variations]"
Add component (AddParameter): Name = "Phone Number"; Value = "0915 8700 314"; VariantName = "[No Variations]"
Add component (AddParameter): Name = "Power"; Value = "Minimelf"; VariantName = "[No Variations]"
Add component (AddParameter): Name = "Published Date"; Value = "9-15-2024"; VariantName = "[No Variations]"
Add component (AddParameter): Name = "Publisher"; Value = "Mahdi Bagherzadeh"; VariantName = "[No Variations]"
Add component (AddParameter): Name = "Type"; Value = "SMD"; VariantName = "[No Variations]"
Add component (AddParameter): Name = "Voltage"; Value = "3.3V"; VariantName = "[No Variations]"
Added Component: Designator=ZD?_3(SOD80)
Add component (AddParameter): Name = "Code"; Value = ""; VariantName = "[No Variations]"
Add component (AddParameter): Name = "ComponentLink1Description"; Value = "Linkedin"; VariantName = "[No Variations]"
Add component (AddParameter): Name = "ComponentLink1URL"; Value = "https://ir.linkedin.com/in/mahdi-bagherzade"; VariantName = "[No Variations]"
Add component (AddParameter): Name = "Phone Number"; Value = "0915 8700 314"; VariantName = "[No Variations]"
Add component (AddParameter): Name = "Power"; Value = "Minimelf"; VariantName = "[No Variations]"
Add component (AddParameter): Name = "Published Date"; Value = "9-15-2024"; VariantName = "[No Variations]"
Add component (AddParameter): Name = "Publisher"; Value = "Mahdi Bagherzadeh"; VariantName = "[No Variations]"
Add component (AddParameter): Name = "Type"; Value = "SMD"; VariantName = "[No Variations]"
Add component (AddParameter): Name = "Voltage"; Value = "3.3V"; VariantName = "[No Variations]"
Added Component: Designator=ZD?_3(SOD80)
Add component (AddParameter): Name = "Code"; Value = ""; VariantName = "[No Variations]"
Add component (AddParameter): Name = "ComponentLink1Description"; Value = "Linkedin"; VariantName = "[No Variations]"
Add component (AddParameter): Name = "ComponentLink1URL"; Value = "https://ir.linkedin.com/in/mahdi-bagherzade"; VariantName = "[No Variations]"
Add component (AddParameter): Name = "Phone Number"; Value = "0915 8700 314"; VariantName = "[No Variations]"
Add component (AddParameter): Name = "Power"; Value = "Minimelf"; VariantName = "[No Variations]"
Add component (AddParameter): Name = "Published Date"; Value = "9-15-2024"; VariantName = "[No Variations]"
Add component (AddParameter): Name = "Publisher"; Value = "Mahdi Bagherzadeh"; VariantName = "[No Variations]"
Add component (AddParameter): Name = "Type"; Value = "SMD"; VariantName = "[No Variations]"
Add component (AddParameter): Name = "Voltage"; Value = "3.3V"; VariantName = "[No Variations]"
Added Component: Designator=ZD?_4(SOD80)
Add component (AddParameter): Name = "Code"; Value = ""; VariantName = "[No Variations]"
Add component (AddParameter): Name = "ComponentLink1Description"; Value = "Linkedin"; VariantName = "[No Variations]"
Add component (AddParameter): Name = "ComponentLink1URL"; Value = "https://ir.linkedin.com/in/mahdi-bagherzade"; VariantName = "[No Variations]"
Add component (AddParameter): Name = "Phone Number"; Value = "0915 8700 314"; VariantName = "[No Variations]"
Add component (AddParameter): Name = "Power"; Value = "Minimelf"; VariantName = "[No Variations]"
Add component (AddParameter): Name = "Published Date"; Value = "9-15-2024"; VariantName = "[No Variations]"
Add component (AddParameter): Name = "Publisher"; Value = "Mahdi Bagherzadeh"; VariantName = "[No Variations]"
Add component (AddParameter): Name = "Type"; Value = "SMD"; VariantName = "[No Variations]"
Add component (AddParameter): Name = "Voltage"; Value = "3.3V"; VariantName = "[No Variations]"
Added Component: Designator=ZD?_4(SOD80)
Add component (AddParameter): Name = "Code"; Value = ""; VariantName = "[No Variations]"
Add component (AddParameter): Name = "ComponentLink1Description"; Value = "Linkedin"; VariantName = "[No Variations]"
Add component (AddParameter): Name = "ComponentLink1URL"; Value = "https://ir.linkedin.com/in/mahdi-bagherzade"; VariantName = "[No Variations]"
Add component (AddParameter): Name = "Phone Number"; Value = "0915 8700 314"; VariantName = "[No Variations]"
Add component (AddParameter): Name = "Power"; Value = "Minimelf"; VariantName = "[No Variations]"
Add component (AddParameter): Name = "Published Date"; Value = "9-15-2024"; VariantName = "[No Variations]"
Add component (AddParameter): Name = "Publisher"; Value = "Mahdi Bagherzadeh"; VariantName = "[No Variations]"
Add component (AddParameter): Name = "Type"; Value = "SMD"; VariantName = "[No Variations]"
Add component (AddParameter): Name = "Voltage"; Value = "3.3V"; VariantName = "[No Variations]"
Added Pin To Net: NetName=NetBAT?_1 Pin=BAT?-1
Added Pin To Net: NetName=GND_MCU Pin=BAT?-2
Add Pin To Net: Unknown Pin: Pin C1_1-1
Add Pin To Net: Unknown Pin: Pin C1_1-2
Add Pin To Net: Unknown Pin: Pin C1_2-1
Add Pin To Net: Unknown Pin: Pin C1_2-2
Add Pin To Net: Unknown Pin: Pin C1_3-1
Add Pin To Net: Unknown Pin: Pin C1_3-2
Add Pin To Net: Unknown Pin: Pin C22-1
Add Pin To Net: Unknown Pin: Pin C22-2
Add Pin To Net: Unknown Pin: Pin C23-1
Add Pin To Net: Unknown Pin: Pin C23-2
Add Pin To Net: Unknown Pin: Pin C24-1
Add Pin To Net: Unknown Pin: Pin C24-2
Add Pin To Net: Unknown Pin: Pin C25-1
Add Pin To Net: Unknown Pin: Pin C25-2
Add Pin To Net: Unknown Pin: Pin C26-1
Add Pin To Net: Unknown Pin: Pin C26-2
Add Pin To Net: Unknown Pin: Pin C27-1
Add Pin To Net: Unknown Pin: Pin C27-2
Added Pin To Net: NetName=+3V3 Pin=C?-1
Added Pin To Net: NetName=+5 Pin=C?-1
Added Pin To Net: NetName=GND_MCU Pin=C?-1
Added Pin To Net: NetName=MCU_NRST Pin=C?-1
Added Pin To Net: NetName=MCU_OCS_N Pin=C?-1
Added Pin To Net: NetName=MCU_OCS_P Pin=C?-1
Added Pin To Net: NetName=NetC?_1 Pin=C?-1
Added Pin To Net: NetName=V_CAP_1 Pin=C?-1
Added Pin To Net: NetName=V_CAP_2 Pin=C?-1
Added Pin To Net: NetName=VCC_EEPROM Pin=C?-1
Added Pin To Net: NetName=VCC_ISD Pin=C?-1
Added Pin To Net: NetName=VCC_MCU Pin=C?-1
Added Pin To Net: NetName=GND_MCU Pin=C?-2
Added Pin To Net: NetName=GND_MCU Pin=C?-2
Added Pin To Net: NetName=ISD_MIC_N Pin=C?-2
Added Pin To Net: NetName=ISD_MIC_P Pin=C?-2
Added Pin To Net: NetName=VCC_DS1307 Pin=C?-2
Add Pin To Net: Unknown Pin: Pin C?_1-1
Add Pin To Net: Unknown Pin: Pin C?_1-1
Add Pin To Net: Unknown Pin: Pin C?_1-2
Add Pin To Net: Unknown Pin: Pin C?_1-2
Add Pin To Net: Unknown Pin: Pin C?_2-1
Add Pin To Net: Unknown Pin: Pin C?_2-1
Add Pin To Net: Unknown Pin: Pin C?_2-2
Add Pin To Net: Unknown Pin: Pin C?_2-2
Add Pin To Net: Unknown Pin: Pin C?_3-1
Add Pin To Net: Unknown Pin: Pin C?_3-1
Add Pin To Net: Unknown Pin: Pin C?_3-2
Add Pin To Net: Unknown Pin: Pin C?_3-2
Add Pin To Net: Unknown Pin: Pin C?_4-1
Add Pin To Net: Unknown Pin: Pin C?_4-1
Add Pin To Net: Unknown Pin: Pin C?_4-2
Add Pin To Net: Unknown Pin: Pin C?_4-2
Added Pin To Net: NetName=MCU_RELAY_EX1 Pin=CN?-1
Added Pin To Net: NetName=MCU_SWDIO Pin=CN?-1
Added Pin To Net: NetName=SPK_P Pin=CN?-1
Added Pin To Net: NetName=MCU_RELAY_EX4 Pin=CN?-2
Added Pin To Net: NetName=SPK_N Pin=CN?-2
Added Pin To Net: NetName=VCC_MCU Pin=CN?-2
Added Pin To Net: NetName=+5 Pin=CN?-3
Added Pin To Net: NetName=MCU_LED_EX1 Pin=CN?-3
Added Pin To Net: NetName=MCU_SWCLK Pin=CN?-3
Added Pin To Net: NetName=GND_MCU Pin=CN?-4
Added Pin To Net: NetName=MCU_LED_EX4 Pin=CN?-4
Added Pin To Net: NetName=MCU_RXD Pin=CN?-4
Added Pin To Net: NetName=GND_MCU Pin=CN?-5
Added Pin To Net: NetName=MCU_MAGNET_EX1 Pin=CN?-5
Added Pin To Net: NetName=MCU_TXD Pin=CN?-5
Added Pin To Net: NetName=GND_MCU Pin=CN?-6
Added Pin To Net: NetName=MCU_MAGNET_EX4 Pin=CN?-6
Added Pin To Net: NetName=VCC_TFT Pin=CN?-6
Added Pin To Net: NetName=GND Pin=CN?-7
Added Pin To Net: NetName=VCC_TFT Pin=CN?-7
Added Pin To Net: NetName=GND Pin=CN?-8
Added Pin To Net: NetName=MCU_RELAY_EX2 Pin=CN?-9
Added Pin To Net: NetName=TFT_CS Pin=CN?-9
Added Pin To Net: NetName=MCU_RELAY_EX3 Pin=CN?-10
Added Pin To Net: NetName=TFT_CLK Pin=CN?-10
Added Pin To Net: NetName=MCU_LED_EX2 Pin=CN?-11
Added Pin To Net: NetName=TFT_DC Pin=CN?-11
Added Pin To Net: NetName=MCU_LED_EX3 Pin=CN?-12
Added Pin To Net: NetName=VCC_TFT Pin=CN?-12
Added Pin To Net: NetName=MCU_MAGNET_EX2 Pin=CN?-13
Added Pin To Net: NetName=TFT_MOSI Pin=CN?-13
Added Pin To Net: NetName=MCU_MAGNET_EX3 Pin=CN?-14
Added Pin To Net: NetName=TFT_MISO Pin=CN?-14
Added Pin To Net: NetName=GND Pin=CN?-15
Added Pin To Net: NetName=TFT_RES Pin=CN?-15
Added Pin To Net: NetName=+12 Pin=CN?-16
Added Pin To Net: NetName=GND_MCU Pin=CN?-16
Added Pin To Net: NetName=GND_MCU Pin=CN?-17
Added Pin To Net: NetName=GND_MCU Pin=CN?-18
Added Pin To Net: NetName=GND_MCU Pin=CN?-19
Added Pin To Net: NetName=GND_MCU Pin=CN?-20
Added Pin To Net: NetName=GND_MCU Pin=CN?-21
Added Pin To Net: NetName=GND_MCU Pin=CN?-22
Added Pin To Net: NetName=GND_MCU Pin=CN?-23
Added Pin To Net: NetName=GND_MCU Pin=CN?-24
Added Pin To Net: NetName=GND_MCU Pin=CN?-25
Added Pin To Net: NetName=GND_MCU Pin=CN?-26
Added Pin To Net: NetName=GND_MCU Pin=CN?-27
Added Pin To Net: NetName=GND_MCU Pin=CN?-28
Added Pin To Net: NetName=GND_MCU Pin=CN?-29
Added Pin To Net: NetName=GND_MCU Pin=CN?-30
Added Pin To Net: NetName=GND_MCU Pin=CN?-31
Added Pin To Net: NetName=GND_MCU Pin=CN?-32
Added Pin To Net: NetName=VCC_TFT Pin=CN?-33
Added Pin To Net: NetName=TFT_LED_K1 Pin=CN?-34
Added Pin To Net: NetName=TFT_LED_K2 Pin=CN?-35
Added Pin To Net: NetName=TFT_LED_K3 Pin=CN?-36
Added Pin To Net: NetName=GND_MCU Pin=CN?-37
Added Pin To Net: NetName=TFT_IM0 Pin=CN?-38
Added Pin To Net: NetName=TFT_IM1 Pin=CN?-39
Added Pin To Net: NetName=TFT_IM2 Pin=CN?-40
Added Pin To Net: NetName=GND_MCU Pin=CN?-41
Added Pin To Net: NetName=GND_MCU Pin=CN?-42
Added Pin To Net: NetName=GND Pin=CN?_1-1
Added Pin To Net: NetName=+12 Pin=CN?_1-2
Added Pin To Net: NetName=GND Pin=CN?_1-2
Added Pin To Net: NetName=GND Pin=CN?_2-1
Added Pin To Net: NetName=+12 Pin=CN?_2-2
Added Pin To Net: NetName=GND Pin=CN?_2-2
Added Pin To Net: NetName=GND Pin=CN?_3-1
Added Pin To Net: NetName=+12 Pin=CN?_3-2
Added Pin To Net: NetName=GND Pin=CN?_3-2
Added Pin To Net: NetName=GND Pin=CN?_4-1
Added Pin To Net: NetName=+12 Pin=CN?_4-2
Added Pin To Net: NetName=GND Pin=CN?_4-2
Added Pin To Net: NetName=+3V3 Pin=D?-1
Added Pin To Net: NetName=+5 Pin=D?-2
Added Pin To Net: NetName=+12 Pin=D?_1-2
Added Pin To Net: NetName=+12 Pin=D?_1-2
Added Pin To Net: NetName=+12 Pin=D?_2-2
Added Pin To Net: NetName=+12 Pin=D?_2-2
Added Pin To Net: NetName=+12 Pin=D?_3-2
Added Pin To Net: NetName=+12 Pin=D?_3-2
Added Pin To Net: NetName=+12 Pin=D?_4-2
Added Pin To Net: NetName=+12 Pin=D?_4-2
Added Pin To Net: NetName=+3V3 Pin=FB4-1
Added Pin To Net: NetName=VCC_TFT Pin=FB4-2
Added Pin To Net: NetName=+3V3 Pin=FB?-1
Added Pin To Net: NetName=+5 Pin=FB?-1
Added Pin To Net: NetName=+5 Pin=FB?-1
Added Pin To Net: NetName=VCC_EEPROM Pin=FB?-1
Added Pin To Net: NetName=+3V3 Pin=FB?-2
Added Pin To Net: NetName=VCC_DS1307 Pin=FB?-2
Added Pin To Net: NetName=VCC_ISD Pin=FB?-2
Added Pin To Net: NetName=VCC_MCU Pin=FB?-2
Added Pin To Net: NetName=GND_MCU Pin=H3-1
Added Pin To Net: NetName=+3V3 Pin=H3-2
Added Pin To Net: NetName=TFT_CS Pin=H3-3
Added Pin To Net: NetName=TFT_CLK Pin=H3-4
Added Pin To Net: NetName=TFT_DC Pin=H3-5
Added Pin To Net: NetName=TFT_MOSI Pin=H3-6
Added Pin To Net: NetName=TFT_MISO Pin=H3-7
Added Pin To Net: NetName=TFT_RES Pin=H3-8
Added Pin To Net: NetName=TFT_BLK Pin=H3-9
Added Pin To Net: NetName=NetH?_1 Pin=H?-1
Added Pin To Net: NetName=MCU_BOOT0 Pin=H?-2
Added Pin To Net: NetName=GND_MCU Pin=H?-3
Added Pin To Net: NetName=NetLED?_1 Pin=LED?-1
Added Pin To Net: NetName=VCC_ISD Pin=LED?-1
Added Pin To Net: NetName=GND_MCU Pin=LED?-2
Added Pin To Net: NetName=NetLED?_2 Pin=LED?-2
Added Pin To Net: NetName=+12 Pin=LED?_1-1
Added Pin To Net: NetName=+12 Pin=LED?_2-1
Added Pin To Net: NetName=+12 Pin=LED?_3-1
Added Pin To Net: NetName=+12 Pin=LED?_4-1
Added Pin To Net: NetName=GND_MCU Pin=NT?-1
Added Pin To Net: NetName=GND Pin=NT?-2
Added Pin To Net: NetName=GND_MCU Pin=Q1-1
Added Pin To Net: NetName=NetQ1_2 Pin=Q1-2
Added Pin To Net: NetName=NetQ1_3 Pin=Q1-3
Added Pin To Net: NetName=GND Pin=Q?_1-1
Added Pin To Net: NetName=GND Pin=Q?_1-1
Added Pin To Net: NetName=GND Pin=Q?_1-3
Added Pin To Net: NetName=GND Pin=Q?_1-3
Added Pin To Net: NetName=GND Pin=Q?_2-1
Added Pin To Net: NetName=GND Pin=Q?_2-1
Added Pin To Net: NetName=GND Pin=Q?_2-3
Added Pin To Net: NetName=GND Pin=Q?_2-3
Added Pin To Net: NetName=GND Pin=Q?_3-1
Added Pin To Net: NetName=GND Pin=Q?_3-1
Added Pin To Net: NetName=GND Pin=Q?_3-3
Added Pin To Net: NetName=GND Pin=Q?_3-3
Added Pin To Net: NetName=GND Pin=Q?_4-1
Added Pin To Net: NetName=GND Pin=Q?_4-1
Added Pin To Net: NetName=GND Pin=Q?_4-3
Added Pin To Net: NetName=GND Pin=Q?_4-3
Added Pin To Net: NetName=+3V3 Pin=R1_1-1
Added Pin To Net: NetName=MCU_KEY1 Pin=R1_1-2
Added Pin To Net: NetName=+3V3 Pin=R1_2-1
Added Pin To Net: NetName=MCU_KEY2 Pin=R1_2-2
Added Pin To Net: NetName=+3V3 Pin=R1_3-1
Added Pin To Net: NetName=MCU_KEY3 Pin=R1_3-2
Added Pin To Net: NetName=NetQ1_3 Pin=R17-1
Added Pin To Net: NetName=TFT_LED_K1 Pin=R17-2
Added Pin To Net: NetName=NetQ1_3 Pin=R18-1
Added Pin To Net: NetName=TFT_LED_K2 Pin=R18-2
Added Pin To Net: NetName=TFT_IM2 Pin=R19-1
Added Pin To Net: NetName=VCC_TFT Pin=R19-2
Added Pin To Net: NetName=TFT_IM1 Pin=R20-1
Added Pin To Net: NetName=VCC_TFT Pin=R20-2
Added Pin To Net: NetName=TFT_IM0 Pin=R21-1
Added Pin To Net: NetName=VCC_TFT Pin=R21-2
Added Pin To Net: NetName=NetQ1_3 Pin=R22-1
Added Pin To Net: NetName=TFT_LED_K3 Pin=R22-2
Added Pin To Net: NetName=TFT_BLK Pin=R23-1
Added Pin To Net: NetName=NetQ1_2 Pin=R23-2
Added Pin To Net: NetName=GND_MCU Pin=R24-1
Added Pin To Net: NetName=TFT_IM1 Pin=R24-2
Added Pin To Net: NetName=GND_MCU Pin=R25-1
Added Pin To Net: NetName=TFT_IM0 Pin=R25-2
Added Pin To Net: NetName=GND_MCU Pin=R26-1
Added Pin To Net: NetName=NetQ1_2 Pin=R26-2
Added Pin To Net: NetName=+3V3 Pin=R?-1
Added Pin To Net: NetName=GND_MCU Pin=R?-1
Added Pin To Net: NetName=GND_MCU Pin=R?-1
Added Pin To Net: NetName=MCU_NRST Pin=R?-1
Added Pin To Net: NetName=MCU_SCL Pin=R?-1
Added Pin To Net: NetName=MCU_SCL Pin=R?-1
Added Pin To Net: NetName=MCU_SDA Pin=R?-1
Added Pin To Net: NetName=MCU_SDA Pin=R?-1
Added Pin To Net: NetName=NetC?_1 Pin=R?-1
Added Pin To Net: NetName=NetLED?_2 Pin=R?-1
Added Pin To Net: NetName=VCC_MCU Pin=R?-1
Added Pin To Net: NetName=ISD_LED Pin=R?-2
Added Pin To Net: NetName=NetC?_1 Pin=R?-2
Added Pin To Net: NetName=NetH?_1 Pin=R?-2
Added Pin To Net: NetName=NetLED?_1 Pin=R?-2
Added Pin To Net: NetName=NetR?_2 Pin=R?-2
Added Pin To Net: NetName=VCC_DS1307 Pin=R?-2
Added Pin To Net: NetName=VCC_DS1307 Pin=R?-2
Added Pin To Net: NetName=VCC_EEPROM Pin=R?-2
Added Pin To Net: NetName=VCC_EEPROM Pin=R?-2
Added Pin To Net: NetName=VCC_ISD Pin=R?-2
Added Pin To Net: NetName=VCC_MCU Pin=R?-2
Added Pin To Net: NetName=+12 Pin=R?_1-1
Added Pin To Net: NetName=+12 Pin=R?_1-1
Added Pin To Net: NetName=GND Pin=R?_1-1
Added Pin To Net: NetName=GND Pin=R?_1-1
Added Pin To Net: NetName=GND Pin=R?_1-1
Added Pin To Net: NetName=GND Pin=R?_1-1
Added Pin To Net: NetName=MCU_LED1 Pin=R?_1-1
Added Pin To Net: NetName=MCU_LED_EX1 Pin=R?_1-1
Added Pin To Net: NetName=MCU_RELAY1 Pin=R?_1-1
Added Pin To Net: NetName=MCU_RELAY_EX1 Pin=R?_1-1
Added Pin To Net: NetName=MCU_MAGNET1 Pin=R?_1-2
Added Pin To Net: NetName=MCU_MAGNET1 Pin=R?_1-2
Added Pin To Net: NetName=MCU_MAGNET_EX1 Pin=R?_1-2
Added Pin To Net: NetName=MCU_MAGNET_EX1 Pin=R?_1-2
Added Pin To Net: NetName=+12 Pin=R?_2-1
Added Pin To Net: NetName=+12 Pin=R?_2-1
Added Pin To Net: NetName=GND Pin=R?_2-1
Added Pin To Net: NetName=GND Pin=R?_2-1
Added Pin To Net: NetName=GND Pin=R?_2-1
Added Pin To Net: NetName=GND Pin=R?_2-1
Added Pin To Net: NetName=MCU_LED2 Pin=R?_2-1
Added Pin To Net: NetName=MCU_LED_EX2 Pin=R?_2-1
Added Pin To Net: NetName=MCU_RELAY2 Pin=R?_2-1
Added Pin To Net: NetName=MCU_RELAY_EX2 Pin=R?_2-1
Added Pin To Net: NetName=MCU_MAGNET2 Pin=R?_2-2
Added Pin To Net: NetName=MCU_MAGNET2 Pin=R?_2-2
Added Pin To Net: NetName=MCU_MAGNET_EX2 Pin=R?_2-2
Added Pin To Net: NetName=MCU_MAGNET_EX2 Pin=R?_2-2
Added Pin To Net: NetName=+12 Pin=R?_3-1
Added Pin To Net: NetName=+12 Pin=R?_3-1
Added Pin To Net: NetName=GND Pin=R?_3-1
Added Pin To Net: NetName=GND Pin=R?_3-1
Added Pin To Net: NetName=GND Pin=R?_3-1
Added Pin To Net: NetName=GND Pin=R?_3-1
Added Pin To Net: NetName=MCU_LED3 Pin=R?_3-1
Added Pin To Net: NetName=MCU_LED_EX3 Pin=R?_3-1
Added Pin To Net: NetName=MCU_RELAY3 Pin=R?_3-1
Added Pin To Net: NetName=MCU_RELAY_EX3 Pin=R?_3-1
Added Pin To Net: NetName=MCU_MAGNET3 Pin=R?_3-2
Added Pin To Net: NetName=MCU_MAGNET3 Pin=R?_3-2
Added Pin To Net: NetName=MCU_MAGNET_EX3 Pin=R?_3-2
Added Pin To Net: NetName=MCU_MAGNET_EX3 Pin=R?_3-2
Added Pin To Net: NetName=+12 Pin=R?_4-1
Added Pin To Net: NetName=+12 Pin=R?_4-1
Added Pin To Net: NetName=GND Pin=R?_4-1
Added Pin To Net: NetName=GND Pin=R?_4-1
Added Pin To Net: NetName=GND Pin=R?_4-1
Added Pin To Net: NetName=GND Pin=R?_4-1
Added Pin To Net: NetName=MCU_LED4 Pin=R?_4-1
Added Pin To Net: NetName=MCU_LED_EX4 Pin=R?_4-1
Added Pin To Net: NetName=MCU_RELAY4 Pin=R?_4-1
Added Pin To Net: NetName=MCU_RELAY_EX4 Pin=R?_4-1
Added Pin To Net: NetName=MCU_MAGNET4 Pin=R?_4-2
Added Pin To Net: NetName=MCU_MAGNET4 Pin=R?_4-2
Added Pin To Net: NetName=MCU_MAGNET_EX4 Pin=R?_4-2
Added Pin To Net: NetName=MCU_MAGNET_EX4 Pin=R?_4-2
Added Pin To Net: NetName=+12 Pin=RL?_1-1
Added Pin To Net: NetName=+12 Pin=RL?_1-4
Added Pin To Net: NetName=+12 Pin=RL?_2-1
Added Pin To Net: NetName=+12 Pin=RL?_2-4
Added Pin To Net: NetName=+12 Pin=RL?_3-1
Added Pin To Net: NetName=+12 Pin=RL?_3-4
Added Pin To Net: NetName=+12 Pin=RL?_4-1
Added Pin To Net: NetName=+12 Pin=RL?_4-4
Added Pin To Net: NetName=GND_MCU Pin=S1_1-1
Added Pin To Net: NetName=MCU_KEY1 Pin=S1_1-2
Added Pin To Net: NetName=GND_MCU Pin=S1_2-1
Added Pin To Net: NetName=MCU_KEY2 Pin=S1_2-2
Added Pin To Net: NetName=GND_MCU Pin=S1_3-1
Added Pin To Net: NetName=MCU_KEY3 Pin=S1_3-2
Added Pin To Net: NetName=GND_MCU Pin=S?-1
Added Pin To Net: NetName=MCU_NRST Pin=S?-2
Added Pin To Net: NetName=VCC_MCU Pin=U4-6
Added Pin To Net: NetName=GND_MCU Pin=U4-16
Added Pin To Net: NetName=VCC_MCU Pin=U4-17
Added Pin To Net: NetName=MCU_OCS_N Pin=U4-23
Added Pin To Net: NetName=MCU_OCS_P Pin=U4-24
Added Pin To Net: NetName=MCU_NRST Pin=U4-25
Added Pin To Net: NetName=VCC_MCU Pin=U4-30
Added Pin To Net: NetName=GND_MCU Pin=U4-31
Added Pin To Net: NetName=VCC_MCU Pin=U4-32
Added Pin To Net: NetName=VCC_MCU Pin=U4-33
Added Pin To Net: NetName=GND_MCU Pin=U4-38
Added Pin To Net: NetName=VCC_MCU Pin=U4-39
Added Pin To Net: NetName=TFT_CLK Pin=U4-41
Added Pin To Net: NetName=TFT_MISO Pin=U4-42
Added Pin To Net: NetName=TFT_MOSI Pin=U4-43
Added Pin To Net: NetName=TFT_CS Pin=U4-44
Added Pin To Net: NetName=TFT_DC Pin=U4-45
Added Pin To Net: NetName=TFT_RES Pin=U4-46
Added Pin To Net: NetName=TFT_BLK Pin=U4-47
Added Pin To Net: NetName=GND_MCU Pin=U4-51
Added Pin To Net: NetName=VCC_MCU Pin=U4-52
Added Pin To Net: NetName=MCU_KEY1 Pin=U4-58
Added Pin To Net: NetName=MCU_KEY2 Pin=U4-59
Added Pin To Net: NetName=MCU_KEY3 Pin=U4-60
Added Pin To Net: NetName=GND_MCU Pin=U4-61
Added Pin To Net: NetName=VCC_MCU Pin=U4-62
Added Pin To Net: NetName=V_CAP_1 Pin=U4-71
Added Pin To Net: NetName=VCC_MCU Pin=U4-72
Added Pin To Net: NetName=ISD_SS Pin=U4-73
Added Pin To Net: NetName=ISD_SCK Pin=U4-74
Added Pin To Net: NetName=ISD_MISO Pin=U4-75
Added Pin To Net: NetName=ISD_MOSI Pin=U4-76
Added Pin To Net: NetName=GND_MCU Pin=U4-83
Added Pin To Net: NetName=VCC_MCU Pin=U4-84
Added Pin To Net: NetName=GND_MCU Pin=U4-94
Added Pin To Net: NetName=VCC_MCU Pin=U4-95
Added Pin To Net: NetName=MCU_TXD Pin=U4-101
Added Pin To Net: NetName=MCU_RXD Pin=U4-102
Added Pin To Net: NetName=MCU_SWDIO Pin=U4-105
Added Pin To Net: NetName=V_CAP_2 Pin=U4-106
Added Pin To Net: NetName=GND_MCU Pin=U4-107
Added Pin To Net: NetName=VCC_MCU Pin=U4-108
Added Pin To Net: NetName=MCU_SWCLK Pin=U4-109
Added Pin To Net: NetName=GND_MCU Pin=U4-120
Added Pin To Net: NetName=VCC_MCU Pin=U4-121
Added Pin To Net: NetName=MCU_RELAY5 Pin=U4-128
Added Pin To Net: NetName=MCU_RELAY6 Pin=U4-129
Added Pin To Net: NetName=GND_MCU Pin=U4-130
Added Pin To Net: NetName=VCC_MCU Pin=U4-131
Added Pin To Net: NetName=MCU_SCL Pin=U4-136
Added Pin To Net: NetName=MCU_SDA Pin=U4-137
Added Pin To Net: NetName=MCU_BOOT0 Pin=U4-138
Added Pin To Net: NetName=VCC_MCU Pin=U4-144
Added Pin To Net: NetName=GND_MCU Pin=U?-1
Added Pin To Net: NetName=GND_MCU Pin=U?-1
Added Pin To Net: NetName=NetU?_1 Pin=U?-1
Added Pin To Net: NetName=VCC_ISD Pin=U?-1
Added Pin To Net: NetName=+3V3 Pin=U?-2
Added Pin To Net: NetName=GND_MCU Pin=U?-2
Added Pin To Net: NetName=ISD_LED Pin=U?-2
Added Pin To Net: NetName=NetU?_2 Pin=U?-2
Added Pin To Net: NetName=+5 Pin=U?-3
Added Pin To Net: NetName=GND_MCU Pin=U?-3
Added Pin To Net: NetName=NetBAT?_1 Pin=U?-3
Added Pin To Net: NetName=GND_MCU Pin=U?-4
Added Pin To Net: NetName=GND_MCU Pin=U?-4
Added Pin To Net: NetName=ISD_MISO Pin=U?-4
Added Pin To Net: NetName=ISD_MOSI Pin=U?-5
Added Pin To Net: NetName=MCU_SDA Pin=U?-5
Added Pin To Net: NetName=MCU_SDA Pin=U?-5
Added Pin To Net: NetName=ISD_SCK Pin=U?-6
Added Pin To Net: NetName=MCU_SCL Pin=U?-6
Added Pin To Net: NetName=MCU_SCL Pin=U?-6
Added Pin To Net: NetName=GND_MCU Pin=U?-7
Added Pin To Net: NetName=ISD_SS Pin=U?-7
Added Pin To Net: NetName=GND_MCU Pin=U?-8
Added Pin To Net: NetName=VCC_DS1307 Pin=U?-8
Added Pin To Net: NetName=VCC_EEPROM Pin=U?-8
Added Pin To Net: NetName=ISD_MIC_P Pin=U?-10
Added Pin To Net: NetName=ISD_MIC_N Pin=U?-11
Added Pin To Net: NetName=GND_MCU Pin=U?-12
Added Pin To Net: NetName=SPK_N Pin=U?-13
Added Pin To Net: NetName=VCC_ISD Pin=U?-14
Added Pin To Net: NetName=SPK_P Pin=U?-15
Added Pin To Net: NetName=GND_MCU Pin=U?-16
Added Pin To Net: NetName=NetR?_2 Pin=U?-20
Added Pin To Net: NetName=VCC_ISD Pin=U?-21
Added Pin To Net: NetName=GND_MCU Pin=U?-28
Added Pin To Net: NetName=MCU_OCS_N Pin=Y?-1
Added Pin To Net: NetName=NetU?_2 Pin=Y?-1
Added Pin To Net: NetName=MCU_OCS_P Pin=Y?-2
Added Pin To Net: NetName=NetU?_1 Pin=Y?-2
Added Pin To Net: NetName=GND Pin=ZD?_1-1
Added Pin To Net: NetName=GND Pin=ZD?_1-1
Added Pin To Net: NetName=MCU_MAGNET1 Pin=ZD?_1-2
Added Pin To Net: NetName=MCU_MAGNET_EX1 Pin=ZD?_1-2
Added Pin To Net: NetName=GND Pin=ZD?_2-1
Added Pin To Net: NetName=GND Pin=ZD?_2-1
Added Pin To Net: NetName=MCU_MAGNET2 Pin=ZD?_2-2
Added Pin To Net: NetName=MCU_MAGNET_EX2 Pin=ZD?_2-2
Added Pin To Net: NetName=GND Pin=ZD?_3-1
Added Pin To Net: NetName=GND Pin=ZD?_3-1
Added Pin To Net: NetName=MCU_MAGNET3 Pin=ZD?_3-2
Added Pin To Net: NetName=MCU_MAGNET_EX3 Pin=ZD?_3-2
Added Pin To Net: NetName=GND Pin=ZD?_4-1
Added Pin To Net: NetName=GND Pin=ZD?_4-1
Added Pin To Net: NetName=MCU_MAGNET4 Pin=ZD?_4-2
Added Pin To Net: NetName=MCU_MAGNET_EX4 Pin=ZD?_4-2
Add Net: Net with name "MCU_RELAY1" already exists
Add Net: Net with name "MCU_RELAY2" already exists
Add Net: Net with name "MCU_RELAY3" already exists
Add Net: Net with name "MCU_RELAY4" already exists
Add Net: Net with name "NetC?_1" already exists
Add Net: Net with name "NetC?_1" already exists
Add Net: Net with name "NetC?_1" already exists
Added Pin To Net: NetName=NetCN?_1_1 Pin=CN?_1-1
Added Pin To Net: NetName=NetCN?_1_1 Pin=RL?_1-3
Added Net: Name=NetCN?_1_1
Add Net: Net with name "NetCN?_1_1" already exists
Added Pin To Net: NetName=NetCN?_1_2 Pin=CN?_1-2
Added Pin To Net: NetName=NetCN?_1_2 Pin=R?_1-1
Added Net: Name=NetCN?_1_2
Added Pin To Net: NetName=NetCN?_2_1 Pin=CN?_2-1
Added Pin To Net: NetName=NetCN?_2_1 Pin=RL?_2-3
Added Net: Name=NetCN?_2_1
Add Net: Net with name "NetCN?_2_1" already exists
Added Pin To Net: NetName=NetCN?_2_2 Pin=CN?_2-2
Added Pin To Net: NetName=NetCN?_2_2 Pin=R?_2-1
Added Net: Name=NetCN?_2_2
Added Pin To Net: NetName=NetCN?_3_1 Pin=CN?_3-1
Added Pin To Net: NetName=NetCN?_3_1 Pin=Q?_3-2
Added Pin To Net: NetName=NetCN?_3_1 Pin=Q?_3-2
Added Net: Name=NetCN?_3_1
Add Net: Net with name "NetCN?_3_1" already exists
Added Pin To Net: NetName=NetCN?_3_2 Pin=CN?_3-2
Added Pin To Net: NetName=NetCN?_3_2 Pin=R?_3-1
Added Net: Name=NetCN?_3_2
Added Pin To Net: NetName=NetCN?_4_1 Pin=CN?_4-1
Added Pin To Net: NetName=NetCN?_4_1 Pin=RL?_4-3
Added Net: Name=NetCN?_4_1
Add Net: Net with name "NetCN?_4_1" already exists
Added Pin To Net: NetName=NetCN?_4_2 Pin=CN?_4-2
Added Pin To Net: NetName=NetCN?_4_2 Pin=R?_4-1
Added Net: Name=NetCN?_4_2
Added Pin To Net: NetName=NetD?_1_1 Pin=D?_1-1
Added Pin To Net: NetName=NetD?_1_1 Pin=Q?_1-2
Added Net: Name=NetD?_1_1
Add Net: Net with name "NetD?_1_1" already exists
Added Pin To Net: NetName=NetD?_2_1 Pin=D?_2-1
Added Pin To Net: NetName=NetD?_2_1 Pin=Q?_2-2
Added Pin To Net: NetName=NetD?_2_1 Pin=R?_2-2
Added Pin To Net: NetName=NetD?_2_1 Pin=RL?_2-5
Added Net: Name=NetD?_2_1
Add Net: Net with name "NetD?_2_1" already exists
Added Pin To Net: NetName=NetD?_3_1 Pin=D?_3-1
Added Pin To Net: NetName=NetD?_3_1 Pin=Q?_3-2
Added Pin To Net: NetName=NetD?_3_1 Pin=R?_3-2
Added Pin To Net: NetName=NetD?_3_1 Pin=RL?_3-5
Added Net: Name=NetD?_3_1
Add Net: Net with name "NetD?_3_1" already exists
Added Pin To Net: NetName=NetD?_4_1 Pin=D?_4-1
Added Pin To Net: NetName=NetD?_4_1 Pin=Q?_4-2
Added Net: Name=NetD?_4_1
Add Net: Net with name "NetD?_4_1" already exists
Added Pin To Net: NetName=NetLED?_1_2 Pin=LED?_1-2
Added Pin To Net: NetName=NetLED?_1_2 Pin=R?_1-1
Added Net: Name=NetLED?_1_2
Added Pin To Net: NetName=NetLED?_2_2 Pin=LED?_2-2
Added Pin To Net: NetName=NetLED?_2_2 Pin=R?_2-1
Added Net: Name=NetLED?_2_2
Added Pin To Net: NetName=NetLED?_3_2 Pin=LED?_3-2
Added Pin To Net: NetName=NetLED?_3_2 Pin=R?_3-1
Added Net: Name=NetLED?_3_2
Added Pin To Net: NetName=NetLED?_4_2 Pin=LED?_4-2
Added Pin To Net: NetName=NetLED?_4_2 Pin=R?_4-1
Added Net: Name=NetLED?_4_2
Added Pin To Net: NetName=NetQ?_1_1 Pin=Q?_1-1
Added Pin To Net: NetName=NetQ?_1_1 Pin=R?_1-2
Added Pin To Net: NetName=NetQ?_1_1 Pin=R?_1-2
Added Net: Name=NetQ?_1_1
Add Net: Net with name "NetQ?_1_1" already exists
Added Pin To Net: NetName=NetQ?_1_2 Pin=Q?_1-2
Added Pin To Net: NetName=NetQ?_1_2 Pin=Q?_1-2
Added Net: Name=NetQ?_1_2
Added Pin To Net: NetName=NetQ?_1_3 Pin=Q?_1-3
Added Pin To Net: NetName=NetQ?_1_3 Pin=R?_1-2
Added Pin To Net: NetName=NetQ?_1_3 Pin=R?_1-2
Added Net: Name=NetQ?_1_3
Add Net: Net with name "NetQ?_1_3" already exists
Added Pin To Net: NetName=NetQ?_2_1 Pin=Q?_2-1
Added Pin To Net: NetName=NetQ?_2_1 Pin=R?_2-2
Added Pin To Net: NetName=NetQ?_2_1 Pin=R?_2-2
Added Net: Name=NetQ?_2_1
Add Net: Net with name "NetQ?_2_1" already exists
Added Pin To Net: NetName=NetQ?_2_2 Pin=Q?_2-2
Added Pin To Net: NetName=NetQ?_2_2 Pin=Q?_2-2
Added Net: Name=NetQ?_2_2
Added Pin To Net: NetName=NetQ?_2_3 Pin=Q?_2-3
Added Pin To Net: NetName=NetQ?_2_3 Pin=R?_2-2
Added Pin To Net: NetName=NetQ?_2_3 Pin=R?_2-2
Added Net: Name=NetQ?_2_3
Add Net: Net with name "NetQ?_2_3" already exists
Added Pin To Net: NetName=NetQ?_3_1 Pin=Q?_3-1
Added Pin To Net: NetName=NetQ?_3_1 Pin=R?_3-2
Added Pin To Net: NetName=NetQ?_3_1 Pin=R?_3-2
Added Net: Name=NetQ?_3_1
Add Net: Net with name "NetQ?_3_1" already exists
Added Pin To Net: NetName=NetQ?_3_2 Pin=Q?_3-2
Added Pin To Net: NetName=NetQ?_3_2 Pin=Q?_3-2
Added Net: Name=NetQ?_3_2
Added Pin To Net: NetName=NetQ?_3_3 Pin=Q?_3-3
Added Pin To Net: NetName=NetQ?_3_3 Pin=R?_3-2
Added Pin To Net: NetName=NetQ?_3_3 Pin=R?_3-2
Added Net: Name=NetQ?_3_3
Add Net: Net with name "NetQ?_3_3" already exists
Added Pin To Net: NetName=NetQ?_4_1 Pin=Q?_4-1
Added Pin To Net: NetName=NetQ?_4_1 Pin=R?_4-2
Added Pin To Net: NetName=NetQ?_4_1 Pin=R?_4-2
Added Net: Name=NetQ?_4_1
Add Net: Net with name "NetQ?_4_1" already exists
Added Pin To Net: NetName=NetQ?_4_2 Pin=Q?_4-2
Added Pin To Net: NetName=NetQ?_4_2 Pin=Q?_4-2
Added Net: Name=NetQ?_4_2
Added Pin To Net: NetName=NetQ?_4_3 Pin=Q?_4-3
Added Pin To Net: NetName=NetQ?_4_3 Pin=R?_4-2
Added Pin To Net: NetName=NetQ?_4_3 Pin=R?_4-2
Added Net: Name=NetQ?_4_3
Add Net: Net with name "NetQ?_4_3" already exists
Added Pin To Net: NetName=NetR?_1_1 Pin=R?_1-1
Added Net: Name=NetR?_1_1
Added Pin To Net: NetName=NetR?_2_1 Pin=R?_2-1
Added Net: Name=NetR?_2_1
Added Pin To Net: NetName=NetR?_3_1 Pin=R?_3-1
Added Net: Name=NetR?_3_1
Added Pin To Net: NetName=NetR?_4_1 Pin=R?_4-1
Added Net: Name=NetR?_4_1
Added Member To Class: ClassName=Designator Member=Component BAT? BATTERY HOLDER-3V
Add Class Member: Failed to add class member : Component C1_1 (C1)
Add Class Member: Failed to add class member : Component C1_2 (C1)
Add Class Member: Failed to add class member : Component C1_3 (C1)
Add Class Member: Failed to add class member : Component C22 1uF-50V
Add Class Member: Failed to add class member : Component C23 1uF-50V
Add Class Member: Failed to add class member : Component C24 1uF-50V
Add Class Member: Failed to add class member : Component C25 1uF-50V
Add Class Member: Failed to add class member : Component C26 100nF-50V
Add Class Member: Failed to add class member : Component C27 100nF-50V
Add Class Member: Failed to add class member : Component C?_1 (C?)
Add Class Member: Failed to add class member : Component C?_1 (C?)
Add Class Member: Failed to add class member : Component C?_2 (C?)
Add Class Member: Failed to add class member : Component C?_2 (C?)
Add Class Member: Failed to add class member : Component C?_3 (C?)
Add Class Member: Failed to add class member : Component C?_3 (C?)
Add Class Member: Failed to add class member : Component C?_4 (C?)
Add Class Member: Failed to add class member : Component C?_4 (C?)
Added Member To Class: ClassName=Designator Member=Component C?
Added Member To Class: ClassName=Designator Member=Component C? 100nF-50V
Added Member To Class: ClassName=Designator Member=Component C? 4.7uF-50V
Added Member To Class: ClassName=Designator Member=Component C?
Added Member To Class: ClassName=Designator Member=Component C?
Added Member To Class: ClassName=Designator Member=Component C?
Added Member To Class: ClassName=Designator Member=Component C?
Added Member To Class: ClassName=Designator Member=Component C?
Added Member To Class: ClassName=Designator Member=Component C?
Added Member To Class: ClassName=Designator Member=Component C?
Added Member To Class: ClassName=Designator Member=Component C?
Added Member To Class: ClassName=Designator Member=Component C?
Added Member To Class: ClassName=Designator Member=Component C?
Added Member To Class: ClassName=Designator Member=Component C?
Added Member To Class: ClassName=Designator Member=Component C? 100nF-50V
Added Member To Class: ClassName=Designator Member=Component C?
Added Member To Class: ClassName=Designator Member=Component C? 100nF-50V
Added Member To Class: ClassName=Designator Member=Component C?
Added Member To Class: ClassName=Designator Member=Component C?
Added Member To Class: ClassName=Designator Member=Component C? 100nF-50V
Added Member To Class: ClassName=Designator Member=Component C?
Added Member To Class: ClassName=Designator Member=Component C? 100nF-50V
Added Member To Class: ClassName=Designator Member=Component C?
Added Member To Class: ClassName=Designator Member=Component C?
Added Member To Class: ClassName=Designator Member=Component C?
Added Member To Class: ClassName=Designator Member=Component C?
Added Member To Class: ClassName=Designator Member=Component C? 100nF-50V
Added Member To Class: ClassName=Designator Member=Component C? 4.7uF-50V
Added Member To Class: ClassName=Designator Member=Component C?
Added Member To Class: ClassName=Designator Member=Component C?
Added Member To Class: ClassName=Designator Member=Component C?
Added Member To Class: ClassName=Designator Member=Component C?
Added Member To Class: ClassName=CHANNEL1 Member=Component CN?_1 (CN?) Connector XH/VH/TE-Straight/Right-THD/SMD-?mm
Added Member To Class: ClassName=CHANNEL1 Member=Component CN?_1 (CN?) Connector XH/VH/TE-Straight/Right-THD/SMD-?mm
Added Member To Class: ClassName=CHANNEL1 Member=Component CN?_1 (CN?) Connector XH/VH/TE-Straight/Right-THD/SMD-?mm
Added Member To Class: ClassName=CHANNEL2 Member=Component CN?_2 (CN?) Connector XH/VH/TE-Straight/Right-THD/SMD-?mm
Added Member To Class: ClassName=CHANNEL2 Member=Component CN?_2 (CN?) Connector XH/VH/TE-Straight/Right-THD/SMD-?mm
Added Member To Class: ClassName=CHANNEL2 Member=Component CN?_2 (CN?) Connector XH/VH/TE-Straight/Right-THD/SMD-?mm
Added Member To Class: ClassName=CHANNEL3 Member=Component CN?_3 (CN?) Connector XH/VH/TE-Straight/Right-THD/SMD-?mm
Added Member To Class: ClassName=CHANNEL3 Member=Component CN?_3 (CN?) Connector XH/VH/TE-Straight/Right-THD/SMD-?mm
Added Member To Class: ClassName=CHANNEL3 Member=Component CN?_3 (CN?) Connector XH/VH/TE-Straight/Right-THD/SMD-?mm
Added Member To Class: ClassName=CHANNEL4 Member=Component CN?_4 (CN?) Connector XH/VH/TE-Straight/Right-THD/SMD-?mm
Added Member To Class: ClassName=CHANNEL4 Member=Component CN?_4 (CN?) Connector XH/VH/TE-Straight/Right-THD/SMD-?mm
Added Member To Class: ClassName=CHANNEL4 Member=Component CN?_4 (CN?) Connector XH/VH/TE-Straight/Right-THD/SMD-?mm
Added Member To Class: ClassName=Designator Member=Component CN? 0.5mm-Horizontal
Added Member To Class: ClassName=Designator Member=Component CN? XH-2
Added Member To Class: ClassName=Designator Member=Component CN? Connector XH/VH/TE-Straight/Right-THD/SMD-?mm
Added Member To Class: ClassName=Interface Member=Component CN? Box Header IDC 2x8 Straight/Right
Added Member To Class: ClassName=Interface Member=Component CN? Connector XH/VH/TE-Straight/Right-THD/SMD-?mm
Added Member To Class: ClassName=CHANNEL1 Member=Component D?_1 (D?) Diode 1N4148-SMD
Added Member To Class: ClassName=CHANNEL_EX1 Member=Component D?_1 (D?) Diode 1N4148-SMD
Added Member To Class: ClassName=CHANNEL2 Member=Component D?_2 (D?) Diode 1N4148-SMD
Added Member To Class: ClassName=CHANNEL_EX2 Member=Component D?_2 (D?) Diode 1N4148-SMD
Added Member To Class: ClassName=CHANNEL3 Member=Component D?_3 (D?) Diode 1N4148-SMD
Added Member To Class: ClassName=CHANNEL_EX3 Member=Component D?_3 (D?) Diode 1N4148-SMD
Added Member To Class: ClassName=CHANNEL4 Member=Component D?_4 (D?) Diode 1N4148-SMD
Added Member To Class: ClassName=CHANNEL_EX4 Member=Component D?_4 (D?) Diode 1N4148-SMD
Added Member To Class: ClassName=Designator Member=Component D? 1N4007(M7)
Added Member To Class: ClassName=Designator Member=Component FB4 FERRITE BEAD
Added Member To Class: ClassName=Designator Member=Component FB? FERRITE BEAD
Added Member To Class: ClassName=Designator Member=Component FB? FERRITE BEAD
Added Member To Class: ClassName=Designator Member=Component FB? FERRITE BEAD
Added Member To Class: ClassName=Designator Member=Component FB? FERRITE BEAD
Added Member To Class: ClassName=Designator Member=Component H3 MALE-STRAIGHT
Added Member To Class: ClassName=Designator Member=Component H? BOOT
Added Member To Class: ClassName=CHANNEL1 Member=Component LED?_1 (LED?) LED GREEN-1206-SMD
Added Member To Class: ClassName=CHANNEL2 Member=Component LED?_2 (LED?) LED GREEN-1206-SMD
Added Member To Class: ClassName=CHANNEL3 Member=Component LED?_3 (LED?) LED GREEN-1206-SMD
Added Member To Class: ClassName=CHANNEL4 Member=Component LED?_4 (LED?) LED GREEN-1206-SMD
Added Member To Class: ClassName=Designator Member=Component LED? YELLO-0805
Added Member To Class: ClassName=Designator Member=Component LED? 3V3D
Added Member To Class: ClassName=Designator Member=Component M1 3.2inch-40pin-without touch
Added Member To Class: ClassName=Designator Member=Component MIC? 2.2mm
Added Member To Class: ClassName=Designator Member=Component NT? NET TIE-3
Added Member To Class: ClassName=Designator Member=Component Q1 S8050(J3Y)
Added Member To Class: ClassName=CHANNEL1 Member=Component Q?_1 (Q?) TR ZXTN2010ZTA-SMD
Added Member To Class: ClassName=CHANNEL1 Member=Component Q?_1 (Q?) TR C945-SMD
Added Member To Class: ClassName=CHANNEL_EX1 Member=Component Q?_1 (Q?) TR ZXTN2010ZTA-SMD
Added Member To Class: ClassName=CHANNEL_EX1 Member=Component Q?_1 (Q?) TR C945-SMD
Added Member To Class: ClassName=CHANNEL2 Member=Component Q?_2 (Q?) TR C945-SMD
Added Member To Class: ClassName=CHANNEL2 Member=Component Q?_2 (Q?) TR ZXTN2010ZTA-SMD
Added Member To Class: ClassName=CHANNEL_EX2 Member=Component Q?_2 (Q?) TR ZXTN2010ZTA-SMD
Added Member To Class: ClassName=CHANNEL_EX2 Member=Component Q?_2 (Q?) TR C945-SMD
Added Member To Class: ClassName=CHANNEL3 Member=Component Q?_3 (Q?) TR ZXTN2010ZTA-SMD
Added Member To Class: ClassName=CHANNEL3 Member=Component Q?_3 (Q?) TR C945-SMD
Added Member To Class: ClassName=CHANNEL_EX3 Member=Component Q?_3 (Q?) TR ZXTN2010ZTA-SMD
Added Member To Class: ClassName=CHANNEL_EX3 Member=Component Q?_3 (Q?) TR C945-SMD
Added Member To Class: ClassName=CHANNEL4 Member=Component Q?_4 (Q?) TR C945-SMD
Added Member To Class: ClassName=CHANNEL4 Member=Component Q?_4 (Q?) TR ZXTN2010ZTA-SMD
Added Member To Class: ClassName=CHANNEL_EX4 Member=Component Q?_4 (Q?) TR C945-SMD
Added Member To Class: ClassName=CHANNEL_EX4 Member=Component Q?_4 (Q?) TR ZXTN2010ZTA-SMD
Added Member To Class: ClassName=KEY1 Member=Component R1_1 (R1)
Added Member To Class: ClassName=KEY2 Member=Component R1_2 (R1)
Added Member To Class: ClassName=KEY3 Member=Component R1_3 (R1)
Added Member To Class: ClassName=Designator Member=Component R17 10R-1/8W-5%
Added Member To Class: ClassName=Designator Member=Component R18 10R-1/8W-5%
Added Member To Class: ClassName=Designator Member=Component R19 4.7K-1/8W-5%
Added Member To Class: ClassName=Designator Member=Component R20 4.7K-1/8W-5%
Added Member To Class: ClassName=Designator Member=Component R21 4.7K-1/8W-5%
Added Member To Class: ClassName=Designator Member=Component R22 10R-1/8W-5%
Added Member To Class: ClassName=Designator Member=Component R23 1K-1/8W-5%
Added Member To Class: ClassName=Designator Member=Component R24 4.7K-1/8W-5%
Added Member To Class: ClassName=Designator Member=Component R25 4.7K-1/8W-5%
Added Member To Class: ClassName=Designator Member=Component R26 10K-1/8W-5%
Added Member To Class: ClassName=CHANNEL1 Member=Component R?_1 (R?) RES 10K-5%-1/8W-SMD
Added Member To Class: ClassName=CHANNEL1 Member=Component R?_1 (R?) RES 10K-5%-1/8W-SMD
Added Member To Class: ClassName=CHANNEL1 Member=Component R?_1 (R?) RES 2.2K-5%-1/8W-SMD
Added Member To Class: ClassName=CHANNEL1 Member=Component R?_1 (R?) RES 1K-5%-1/8W-SMD
Added Member To Class: ClassName=CHANNEL1 Member=Component R?_1 (R?)
Added Member To Class: ClassName=CHANNEL1 Member=Component R?_1 (R?)
Added Member To Class: ClassName=CHANNEL1 Member=Component R?_1 (R?) RES 1K-5%-1/8W-SMD
Added Member To Class: ClassName=CHANNEL_EX1 Member=Component R?_1 (R?) RES 1K-5%-1/8W-SMD
Added Member To Class: ClassName=CHANNEL_EX1 Member=Component R?_1 (R?) RES 1K-5%-1/8W-SMD
Added Member To Class: ClassName=CHANNEL_EX1 Member=Component R?_1 (R?)
Added Member To Class: ClassName=CHANNEL_EX1 Member=Component R?_1 (R?) RES 10K-5%-1/8W-SMD
Added Member To Class: ClassName=CHANNEL_EX1 Member=Component R?_1 (R?)
Added Member To Class: ClassName=CHANNEL_EX1 Member=Component R?_1 (R?) RES 10K-5%-1/8W-SMD
Added Member To Class: ClassName=CHANNEL2 Member=Component R?_2 (R?)
Added Member To Class: ClassName=CHANNEL2 Member=Component R?_2 (R?) RES 2.2K-5%-1/8W-SMD
Added Member To Class: ClassName=CHANNEL2 Member=Component R?_2 (R?) RES 1K-5%-1/8W-SMD
Added Member To Class: ClassName=CHANNEL2 Member=Component R?_2 (R?) RES 1K-5%-1/8W-SMD
Added Member To Class: ClassName=CHANNEL2 Member=Component R?_2 (R?) RES 10K-5%-1/8W-SMD
Added Member To Class: ClassName=CHANNEL2 Member=Component R?_2 (R?) RES 10K-5%-1/8W-SMD
Added Member To Class: ClassName=CHANNEL2 Member=Component R?_2 (R?)
Added Member To Class: ClassName=CHANNEL_EX2 Member=Component R?_2 (R?) RES 10K-5%-1/8W-SMD
Added Member To Class: ClassName=CHANNEL_EX2 Member=Component R?_2 (R?) RES 10K-5%-1/8W-SMD
Added Member To Class: ClassName=CHANNEL_EX2 Member=Component R?_2 (R?)
Added Member To Class: ClassName=CHANNEL_EX2 Member=Component R?_2 (R?)
Added Member To Class: ClassName=CHANNEL_EX2 Member=Component R?_2 (R?) RES 1K-5%-1/8W-SMD
Added Member To Class: ClassName=CHANNEL_EX2 Member=Component R?_2 (R?) RES 1K-5%-1/8W-SMD
Added Member To Class: ClassName=CHANNEL3 Member=Component R?_3 (R?) RES 10K-5%-1/8W-SMD
Added Member To Class: ClassName=CHANNEL3 Member=Component R?_3 (R?) RES 1K-5%-1/8W-SMD
Added Member To Class: ClassName=CHANNEL3 Member=Component R?_3 (R?) RES 1K-5%-1/8W-SMD
Added Member To Class: ClassName=CHANNEL3 Member=Component R?_3 (R?)
Added Member To Class: ClassName=CHANNEL3 Member=Component R?_3 (R?) RES 10K-5%-1/8W-SMD
Added Member To Class: ClassName=CHANNEL3 Member=Component R?_3 (R?)
Added Member To Class: ClassName=CHANNEL3 Member=Component R?_3 (R?) RES 2.2K-5%-1/8W-SMD
Added Member To Class: ClassName=CHANNEL_EX3 Member=Component R?_3 (R?) RES 1K-5%-1/8W-SMD
Added Member To Class: ClassName=CHANNEL_EX3 Member=Component R?_3 (R?) RES 1K-5%-1/8W-SMD
Added Member To Class: ClassName=CHANNEL_EX3 Member=Component R?_3 (R?) RES 10K-5%-1/8W-SMD
Added Member To Class: ClassName=CHANNEL_EX3 Member=Component R?_3 (R?)
Added Member To Class: ClassName=CHANNEL_EX3 Member=Component R?_3 (R?)
Added Member To Class: ClassName=CHANNEL_EX3 Member=Component R?_3 (R?) RES 10K-5%-1/8W-SMD
Added Member To Class: ClassName=CHANNEL4 Member=Component R?_4 (R?) RES 10K-5%-1/8W-SMD
Added Member To Class: ClassName=CHANNEL4 Member=Component R?_4 (R?)
Added Member To Class: ClassName=CHANNEL4 Member=Component R?_4 (R?) RES 10K-5%-1/8W-SMD
Added Member To Class: ClassName=CHANNEL4 Member=Component R?_4 (R?) RES 2.2K-5%-1/8W-SMD
Added Member To Class: ClassName=CHANNEL4 Member=Component R?_4 (R?) RES 1K-5%-1/8W-SMD
Added Member To Class: ClassName=CHANNEL4 Member=Component R?_4 (R?) RES 1K-5%-1/8W-SMD
Added Member To Class: ClassName=CHANNEL4 Member=Component R?_4 (R?)
Added Member To Class: ClassName=CHANNEL_EX4 Member=Component R?_4 (R?)
Added Member To Class: ClassName=CHANNEL_EX4 Member=Component R?_4 (R?) RES 10K-5%-1/8W-SMD
Added Member To Class: ClassName=CHANNEL_EX4 Member=Component R?_4 (R?)
Added Member To Class: ClassName=CHANNEL_EX4 Member=Component R?_4 (R?) RES 1K-5%-1/8W-SMD
Added Member To Class: ClassName=CHANNEL_EX4 Member=Component R?_4 (R?) RES 10K-5%-1/8W-SMD
Added Member To Class: ClassName=CHANNEL_EX4 Member=Component R?_4 (R?) RES 1K-5%-1/8W-SMD
Added Member To Class: ClassName=Designator Member=Component R?
Added Member To Class: ClassName=Designator Member=Component R? 4.7K-1/8W-5%
Added Member To Class: ClassName=Designator Member=Component R? 4.7K-1/8W-5%
Added Member To Class: ClassName=Designator Member=Component R? 1K-1/8W-5%
Added Member To Class: ClassName=Designator Member=Component R?
Added Member To Class: ClassName=Designator Member=Component R? 4.7K-1/8W-5%
Added Member To Class: ClassName=Designator Member=Component R? 4.7K-1/8W-5%
Added Member To Class: ClassName=Designator Member=Component R?
Added Member To Class: ClassName=Designator Member=Component R?
Added Member To Class: ClassName=Designator Member=Component R? 4.7K-1/8W-5%
Added Member To Class: ClassName=Designator Member=Component R? 82K-1/8W-5%
Added Member To Class: ClassName=Designator Member=Component R?
Added Member To Class: ClassName=CHANNEL1 Member=Component RL?_1 (RL?) Relay SPDT 12V-5A-MILON-CHILD-5 Pin
Added Member To Class: ClassName=CHANNEL2 Member=Component RL?_2 (RL?) Relay SPDT 12V-5A-MILON-CHILD-5 Pin
Added Member To Class: ClassName=CHANNEL3 Member=Component RL?_3 (RL?) Relay SPDT 12V-5A-MILON-CHILD-5 Pin
Added Member To Class: ClassName=CHANNEL4 Member=Component RL?_4 (RL?) Relay SPDT 12V-5A-MILON-CHILD-5 Pin
Added Member To Class: ClassName=KEY1 Member=Component S1_1 (S1) UP
Added Member To Class: ClassName=KEY2 Member=Component S1_2 (S1) UP
Added Member To Class: ClassName=KEY3 Member=Component S1_3 (S1) UP
Added Member To Class: ClassName=Designator Member=Component S? RESET
Added Member To Class: ClassName=Designator Member=Component U4 STM32F407ZGT6
Added Member To Class: ClassName=Designator Member=Component U? DS1307
Added Member To Class: ClassName=Designator Member=Component U? AT24C04
Added Member To Class: ClassName=Designator Member=Component U? ISD1730
Added Member To Class: ClassName=Designator Member=Component U? AMS1117-3.3V
Added Member To Class: ClassName=Designator Member=Component Y?
Added Member To Class: ClassName=Designator Member=Component Y?
Added Member To Class: ClassName=CHANNEL1 Member=Component ZD?_1 (ZD?) Zener -3.3V-SMD
Added Member To Class: ClassName=CHANNEL_EX1 Member=Component ZD?_1 (ZD?) Zener -3.3V-SMD
Added Member To Class: ClassName=CHANNEL2 Member=Component ZD?_2 (ZD?) Zener -3.3V-SMD
Added Member To Class: ClassName=CHANNEL_EX2 Member=Component ZD?_2 (ZD?) Zener -3.3V-SMD
Added Member To Class: ClassName=CHANNEL3 Member=Component ZD?_3 (ZD?) Zener -3.3V-SMD
Added Member To Class: ClassName=CHANNEL_EX3 Member=Component ZD?_3 (ZD?) Zener -3.3V-SMD
Added Member To Class: ClassName=CHANNEL4 Member=Component ZD?_4 (ZD?) Zener -3.3V-SMD
Added Member To Class: ClassName=CHANNEL_EX4 Member=Component ZD?_4 (ZD?) Zener -3.3V-SMD
Added Room: Name=Designator
Added Room: Name=Designator
Added Room: Name=Designator
Added Room: Name=Designator
Added Room: Name=Designator
Added Room: Name=Designator
Added Room: Name=Interface
Added Room: Name=KEY1
Added Room: Name=KEY2
Added Room: Name=KEY3
