Removed Member From Class: ClassName=ISD Member=NetC?_1
Removed Member From Class: ClassName=ISD Member=NetLED?_2
Removed Member From Class: ClassName=ISD Member=NetR?_2
Added Component: Designator=BAT1(BAT-HOLDER-SMD-1220)
Add component (AddParameter): Name = "ComponentLink1Description"; Value = "Linkedin"; VariantName = "[No Variations]"
Add component (AddParameter): Name = "ComponentLink1URL"; Value = "https://ir.linkedin.com/in/mahdi-bagherzade"; VariantName = "[No Variations]"
Add component (AddParameter): Name = "Phone Number"; Value = "0915 8700 314"; VariantName = "[No Variations]"
Add component (AddParameter): Name = "Published Date"; Value = "9-15-2024"; VariantName = "[No Variations]"
Add component (AddParameter): Name = "Publisher"; Value = "Mahdi Bagherzadeh"; VariantName = "[No Variations]"
Add component (AddParameter): Name = "Size"; Value = "1220"; VariantName = "[No Variations]"
Add component (AddParameter): Name = "Voltage"; Value = "3V"; VariantName = "[No Variations]"
Add Component: Footprint Not Found C-0805
Add Component: Footprint Not Found C-0805
Add Component: Footprint Not Found C-0805
Add Component: Footprint Not Found C-0805
Add Component: Footprint Not Found C-0805
Add Component: Footprint Not Found C-0805
Add Component: Footprint Not Found C-0805
Add Component: Footprint Not Found C-0805
Add Component: Footprint Not Found C-0805
Add Component: Footprint Not Found C-0805
Add Component: Footprint Not Found C-0805
Add Component: Footprint Not Found C-0805
Add Component: Footprint Not Found C-0805
Add Component: Footprint Not Found C-0805
Add Component: Footprint Not Found C-0805
Add Component: Footprint Not Found C-0805
Add Component: Footprint Not Found C-0805
Add Component: Footprint Not Found C-0805
Add Component: Footprint Not Found C-0805
Add Component: Footprint Not Found C-0805
Add Component: Footprint Not Found C-0805
Add Component: Footprint Not Found C-0805
Add Component: Footprint Not Found C-0805
Add Component: Footprint Not Found C-0805
Add Component: Footprint Not Found C-0805
Add Component: Footprint Not Found C-0805
Add Component: Footprint Not Found C-0805
Add Component: Footprint Not Found C-0805
Add Component: Footprint Not Found C-0805
Add Component: Footprint Not Found C-0805
Add Component: Footprint Not Found C-0805
Add Component: Footprint Not Found C-0805
Add Component: Footprint Not Found C-0805
Add Component: Footprint Not Found C-0805
Add Component: Footprint Not Found C-0805
Add Component: Footprint Not Found C-0805
Add Component: Footprint Not Found C-0805
Add Component: Footprint Not Found C-0805
Add Component: Footprint Not Found C-0805
Added Component: Designator=C35(TAN-A)
Add component (AddParameter): Name = "ComponentLink1Description"; Value = "Linkedin"; VariantName = "[No Variations]"
Add component (AddParameter): Name = "ComponentLink1URL"; Value = "https://ir.linkedin.com/in/mahdi-bagherzade"; VariantName = "[No Variations]"
Add component (AddParameter): Name = "Phone Number"; Value = "0915 8700 314"; VariantName = "[No Variations]"
Add component (AddParameter): Name = "Power"; Value = "-"; VariantName = "[No Variations]"
Add component (AddParameter): Name = "Published Date"; Value = "9-15-2024"; VariantName = "[No Variations]"
Add component (AddParameter): Name = "Publisher"; Value = "Mahdi Bagherzadeh"; VariantName = "[No Variations]"
Add component (AddParameter): Name = "Size"; Value = "A"; VariantName = "[No Variations]"
Add component (AddParameter): Name = "Tolerance"; Value = "-"; VariantName = "[No Variations]"
Add component (AddParameter): Name = "Value"; Value = "2.2uF"; VariantName = "[No Variations]"
Add component (AddParameter): Name = "Voltage"; Value = "16V"; VariantName = "[No Variations]"
Add Component: Footprint Not Found C-0805
Add Component: Footprint Not Found C-0805
Add Component: Footprint Not Found C-0805
Add Component: Footprint Not Found C-0805
Added Component: Designator=C40(TAN-A)
Add component (AddParameter): Name = "ComponentLink1Description"; Value = "Linkedin"; VariantName = "[No Variations]"
Add component (AddParameter): Name = "ComponentLink1URL"; Value = "https://ir.linkedin.com/in/mahdi-bagherzade"; VariantName = "[No Variations]"
Add component (AddParameter): Name = "Phone Number"; Value = "0915 8700 314"; VariantName = "[No Variations]"
Add component (AddParameter): Name = "Power"; Value = "-"; VariantName = "[No Variations]"
Add component (AddParameter): Name = "Published Date"; Value = "9-15-2024"; VariantName = "[No Variations]"
Add component (AddParameter): Name = "Publisher"; Value = "Mahdi Bagherzadeh"; VariantName = "[No Variations]"
Add component (AddParameter): Name = "Size"; Value = "A"; VariantName = "[No Variations]"
Add component (AddParameter): Name = "Tolerance"; Value = "-"; VariantName = "[No Variations]"
Add component (AddParameter): Name = "Value"; Value = "2.2uF"; VariantName = "[No Variations]"
Add component (AddParameter): Name = "Voltage"; Value = "16V"; VariantName = "[No Variations]"
Add Component: Footprint Not Found C-0805
Add Component: Footprint Not Found C-0805
Add Component: Footprint Not Found C-0805
Add Component: Footprint Not Found C-0805
Added Component: Designator=CN1_1(XH-2)
Add component (AddParameter): Name = "ComponentLink1Description"; Value = "Linkedin"; VariantName = "[No Variations]"
Add component (AddParameter): Name = "ComponentLink1URL"; Value = "https://ir.linkedin.com/in/mahdi-bagherzade"; VariantName = "[No Variations]"
Add component (AddParameter): Name = "Phone Number"; Value = "0915 8700 314"; VariantName = "[No Variations]"
Add component (AddParameter): Name = "Published Date"; Value = "9-15-2024"; VariantName = "[No Variations]"
Add component (AddParameter): Name = "Publisher"; Value = "Mahdi Bagherzadeh"; VariantName = "[No Variations]"
Add component (AddParameter): Name = "Size"; Value = "?mm"; VariantName = "[No Variations]"
Add component (AddParameter): Name = "Type"; Value = "Straight/Right-THD/SMD"; VariantName = "[No Variations]"
Add component (AddParameter): Name = "Value"; Value = "XH/VH/TE"; VariantName = "[No Variations]"
Added Component: Designator=CN1_2(XH-2)
Add component (AddParameter): Name = "ComponentLink1Description"; Value = "Linkedin"; VariantName = "[No Variations]"
Add component (AddParameter): Name = "ComponentLink1URL"; Value = "https://ir.linkedin.com/in/mahdi-bagherzade"; VariantName = "[No Variations]"
Add component (AddParameter): Name = "Phone Number"; Value = "0915 8700 314"; VariantName = "[No Variations]"
Add component (AddParameter): Name = "Published Date"; Value = "9-15-2024"; VariantName = "[No Variations]"
Add component (AddParameter): Name = "Publisher"; Value = "Mahdi Bagherzadeh"; VariantName = "[No Variations]"
Add component (AddParameter): Name = "Size"; Value = "?mm"; VariantName = "[No Variations]"
Add component (AddParameter): Name = "Type"; Value = "Straight/Right-THD/SMD"; VariantName = "[No Variations]"
Add component (AddParameter): Name = "Value"; Value = "XH/VH/TE"; VariantName = "[No Variations]"
Added Component: Designator=CN1_3(XH-2)
Add component (AddParameter): Name = "ComponentLink1Description"; Value = "Linkedin"; VariantName = "[No Variations]"
Add component (AddParameter): Name = "ComponentLink1URL"; Value = "https://ir.linkedin.com/in/mahdi-bagherzade"; VariantName = "[No Variations]"
Add component (AddParameter): Name = "Phone Number"; Value = "0915 8700 314"; VariantName = "[No Variations]"
Add component (AddParameter): Name = "Published Date"; Value = "9-15-2024"; VariantName = "[No Variations]"
Add component (AddParameter): Name = "Publisher"; Value = "Mahdi Bagherzadeh"; VariantName = "[No Variations]"
Add component (AddParameter): Name = "Size"; Value = "?mm"; VariantName = "[No Variations]"
Add component (AddParameter): Name = "Type"; Value = "Straight/Right-THD/SMD"; VariantName = "[No Variations]"
Add component (AddParameter): Name = "Value"; Value = "XH/VH/TE"; VariantName = "[No Variations]"
Added Component: Designator=CN1_4(XH-2)
Add component (AddParameter): Name = "ComponentLink1Description"; Value = "Linkedin"; VariantName = "[No Variations]"
Add component (AddParameter): Name = "ComponentLink1URL"; Value = "https://ir.linkedin.com/in/mahdi-bagherzade"; VariantName = "[No Variations]"
Add component (AddParameter): Name = "Phone Number"; Value = "0915 8700 314"; VariantName = "[No Variations]"
Add component (AddParameter): Name = "Published Date"; Value = "9-15-2024"; VariantName = "[No Variations]"
Add component (AddParameter): Name = "Publisher"; Value = "Mahdi Bagherzadeh"; VariantName = "[No Variations]"
Add component (AddParameter): Name = "Size"; Value = "?mm"; VariantName = "[No Variations]"
Add component (AddParameter): Name = "Type"; Value = "Straight/Right-THD/SMD"; VariantName = "[No Variations]"
Add component (AddParameter): Name = "Value"; Value = "XH/VH/TE"; VariantName = "[No Variations]"
Added Component: Designator=CN2_1(XH-2)
Add component (AddParameter): Name = "ComponentLink1Description"; Value = "Linkedin"; VariantName = "[No Variations]"
Add component (AddParameter): Name = "ComponentLink1URL"; Value = "https://ir.linkedin.com/in/mahdi-bagherzade"; VariantName = "[No Variations]"
Add component (AddParameter): Name = "Phone Number"; Value = "0915 8700 314"; VariantName = "[No Variations]"
Add component (AddParameter): Name = "Published Date"; Value = "9-15-2024"; VariantName = "[No Variations]"
Add component (AddParameter): Name = "Publisher"; Value = "Mahdi Bagherzadeh"; VariantName = "[No Variations]"
Add component (AddParameter): Name = "Size"; Value = "?mm"; VariantName = "[No Variations]"
Add component (AddParameter): Name = "Type"; Value = "Straight/Right-THD/SMD"; VariantName = "[No Variations]"
Add component (AddParameter): Name = "Value"; Value = "XH/VH/TE"; VariantName = "[No Variations]"
Added Component: Designator=CN2_2(XH-2)
Add component (AddParameter): Name = "ComponentLink1Description"; Value = "Linkedin"; VariantName = "[No Variations]"
Add component (AddParameter): Name = "ComponentLink1URL"; Value = "https://ir.linkedin.com/in/mahdi-bagherzade"; VariantName = "[No Variations]"
Add component (AddParameter): Name = "Phone Number"; Value = "0915 8700 314"; VariantName = "[No Variations]"
Add component (AddParameter): Name = "Published Date"; Value = "9-15-2024"; VariantName = "[No Variations]"
Add component (AddParameter): Name = "Publisher"; Value = "Mahdi Bagherzadeh"; VariantName = "[No Variations]"
Add component (AddParameter): Name = "Size"; Value = "?mm"; VariantName = "[No Variations]"
Add component (AddParameter): Name = "Type"; Value = "Straight/Right-THD/SMD"; VariantName = "[No Variations]"
Add component (AddParameter): Name = "Value"; Value = "XH/VH/TE"; VariantName = "[No Variations]"
Added Component: Designator=CN2_3(XH-2)
Add component (AddParameter): Name = "ComponentLink1Description"; Value = "Linkedin"; VariantName = "[No Variations]"
Add component (AddParameter): Name = "ComponentLink1URL"; Value = "https://ir.linkedin.com/in/mahdi-bagherzade"; VariantName = "[No Variations]"
Add component (AddParameter): Name = "Phone Number"; Value = "0915 8700 314"; VariantName = "[No Variations]"
Add component (AddParameter): Name = "Published Date"; Value = "9-15-2024"; VariantName = "[No Variations]"
Add component (AddParameter): Name = "Publisher"; Value = "Mahdi Bagherzadeh"; VariantName = "[No Variations]"
Add component (AddParameter): Name = "Size"; Value = "?mm"; VariantName = "[No Variations]"
Add component (AddParameter): Name = "Type"; Value = "Straight/Right-THD/SMD"; VariantName = "[No Variations]"
Add component (AddParameter): Name = "Value"; Value = "XH/VH/TE"; VariantName = "[No Variations]"
Added Component: Designator=CN2_4(XH-2)
Add component (AddParameter): Name = "ComponentLink1Description"; Value = "Linkedin"; VariantName = "[No Variations]"
Add component (AddParameter): Name = "ComponentLink1URL"; Value = "https://ir.linkedin.com/in/mahdi-bagherzade"; VariantName = "[No Variations]"
Add component (AddParameter): Name = "Phone Number"; Value = "0915 8700 314"; VariantName = "[No Variations]"
Add component (AddParameter): Name = "Published Date"; Value = "9-15-2024"; VariantName = "[No Variations]"
Add component (AddParameter): Name = "Publisher"; Value = "Mahdi Bagherzadeh"; VariantName = "[No Variations]"
Add component (AddParameter): Name = "Size"; Value = "?mm"; VariantName = "[No Variations]"
Add component (AddParameter): Name = "Type"; Value = "Straight/Right-THD/SMD"; VariantName = "[No Variations]"
Add component (AddParameter): Name = "Value"; Value = "XH/VH/TE"; VariantName = "[No Variations]"
Added Component: Designator=CN3_1(XH-2)
Add component (AddParameter): Name = "ComponentLink1Description"; Value = "Linkedin"; VariantName = "[No Variations]"
Add component (AddParameter): Name = "ComponentLink1URL"; Value = "https://ir.linkedin.com/in/mahdi-bagherzade"; VariantName = "[No Variations]"
Add component (AddParameter): Name = "Phone Number"; Value = "0915 8700 314"; VariantName = "[No Variations]"
Add component (AddParameter): Name = "Published Date"; Value = "9-15-2024"; VariantName = "[No Variations]"
Add component (AddParameter): Name = "Publisher"; Value = "Mahdi Bagherzadeh"; VariantName = "[No Variations]"
Add component (AddParameter): Name = "Size"; Value = "?mm"; VariantName = "[No Variations]"
Add component (AddParameter): Name = "Type"; Value = "Straight/Right-THD/SMD"; VariantName = "[No Variations]"
Add component (AddParameter): Name = "Value"; Value = "XH/VH/TE"; VariantName = "[No Variations]"
Added Component: Designator=CN3_2(XH-2)
Add component (AddParameter): Name = "ComponentLink1Description"; Value = "Linkedin"; VariantName = "[No Variations]"
Add component (AddParameter): Name = "ComponentLink1URL"; Value = "https://ir.linkedin.com/in/mahdi-bagherzade"; VariantName = "[No Variations]"
Add component (AddParameter): Name = "Phone Number"; Value = "0915 8700 314"; VariantName = "[No Variations]"
Add component (AddParameter): Name = "Published Date"; Value = "9-15-2024"; VariantName = "[No Variations]"
Add component (AddParameter): Name = "Publisher"; Value = "Mahdi Bagherzadeh"; VariantName = "[No Variations]"
Add component (AddParameter): Name = "Size"; Value = "?mm"; VariantName = "[No Variations]"
Add component (AddParameter): Name = "Type"; Value = "Straight/Right-THD/SMD"; VariantName = "[No Variations]"
Add component (AddParameter): Name = "Value"; Value = "XH/VH/TE"; VariantName = "[No Variations]"
Added Component: Designator=CN3_3(XH-2)
Add component (AddParameter): Name = "ComponentLink1Description"; Value = "Linkedin"; VariantName = "[No Variations]"
Add component (AddParameter): Name = "ComponentLink1URL"; Value = "https://ir.linkedin.com/in/mahdi-bagherzade"; VariantName = "[No Variations]"
Add component (AddParameter): Name = "Phone Number"; Value = "0915 8700 314"; VariantName = "[No Variations]"
Add component (AddParameter): Name = "Published Date"; Value = "9-15-2024"; VariantName = "[No Variations]"
Add component (AddParameter): Name = "Publisher"; Value = "Mahdi Bagherzadeh"; VariantName = "[No Variations]"
Add component (AddParameter): Name = "Size"; Value = "?mm"; VariantName = "[No Variations]"
Add component (AddParameter): Name = "Type"; Value = "Straight/Right-THD/SMD"; VariantName = "[No Variations]"
Add component (AddParameter): Name = "Value"; Value = "XH/VH/TE"; VariantName = "[No Variations]"
Added Component: Designator=CN3_4(XH-2)
Add component (AddParameter): Name = "ComponentLink1Description"; Value = "Linkedin"; VariantName = "[No Variations]"
Add component (AddParameter): Name = "ComponentLink1URL"; Value = "https://ir.linkedin.com/in/mahdi-bagherzade"; VariantName = "[No Variations]"
Add component (AddParameter): Name = "Phone Number"; Value = "0915 8700 314"; VariantName = "[No Variations]"
Add component (AddParameter): Name = "Published Date"; Value = "9-15-2024"; VariantName = "[No Variations]"
Add component (AddParameter): Name = "Publisher"; Value = "Mahdi Bagherzadeh"; VariantName = "[No Variations]"
Add component (AddParameter): Name = "Size"; Value = "?mm"; VariantName = "[No Variations]"
Add component (AddParameter): Name = "Type"; Value = "Straight/Right-THD/SMD"; VariantName = "[No Variations]"
Add component (AddParameter): Name = "Value"; Value = "XH/VH/TE"; VariantName = "[No Variations]"
Added Component: Designator=CN4(XH-2)
Add component (AddParameter): Name = "ComponentLink1Description"; Value = "Linkedin"; VariantName = "[No Variations]"
Add component (AddParameter): Name = "ComponentLink1URL"; Value = "https://ir.linkedin.com/in/mahdi-bagherzade"; VariantName = "[No Variations]"
Add component (AddParameter): Name = "Phone Number"; Value = "0915 8700 314"; VariantName = "[No Variations]"
Add component (AddParameter): Name = "Published Date"; Value = "9-15-2024"; VariantName = "[No Variations]"
Add component (AddParameter): Name = "Publisher"; Value = "Mahdi Bagherzadeh"; VariantName = "[No Variations]"
Add component (AddParameter): Name = "VALUE"; Value = ""; VariantName = "[No Variations]"
Added Component: Designator=CN5(CN-FPC-40-0.5mm-hor)
Add component (AddParameter): Name = "ComponentLink1Description"; Value = "Linkedin"; VariantName = "[No Variations]"
Add component (AddParameter): Name = "ComponentLink1URL"; Value = "https://ir.linkedin.com/in/mahdi-bagherzade"; VariantName = "[No Variations]"
Add component (AddParameter): Name = "Phone Number"; Value = "0915 8700 314"; VariantName = "[No Variations]"
Add component (AddParameter): Name = "Published Date"; Value = "9-15-2024"; VariantName = "[No Variations]"
Add component (AddParameter): Name = "Publisher"; Value = "Mahdi Bagherzadeh"; VariantName = "[No Variations]"
Add component (AddParameter): Name = "VALUE"; Value = ""; VariantName = "[No Variations]"
Added Component: Designator=CN6(XH-4)
Add component (AddParameter): Name = "ComponentLink1Description"; Value = "Linkedin"; VariantName = "[No Variations]"
Add component (AddParameter): Name = "ComponentLink1URL"; Value = "https://ir.linkedin.com/in/mahdi-bagherzade"; VariantName = "[No Variations]"
Add component (AddParameter): Name = "Phone Number"; Value = "0915 8700 314"; VariantName = "[No Variations]"
Add component (AddParameter): Name = "Published Date"; Value = "9-15-2024"; VariantName = "[No Variations]"
Add component (AddParameter): Name = "Publisher"; Value = "Mahdi Bagherzadeh"; VariantName = "[No Variations]"
Add component (AddParameter): Name = "Size"; Value = "?mm"; VariantName = "[No Variations]"
Add component (AddParameter): Name = "Type"; Value = "Straight/Right-THD/SMD"; VariantName = "[No Variations]"
Add component (AddParameter): Name = "Value"; Value = "XH/VH/TE"; VariantName = "[No Variations]"
Added Component: Designator=CN7(XH-6)
Add component (AddParameter): Name = "ComponentLink1Description"; Value = "Linkedin"; VariantName = "[No Variations]"
Add component (AddParameter): Name = "ComponentLink1URL"; Value = "https://ir.linkedin.com/in/mahdi-bagherzade"; VariantName = "[No Variations]"
Add component (AddParameter): Name = "Phone Number"; Value = "0915 8700 314"; VariantName = "[No Variations]"
Add component (AddParameter): Name = "Published Date"; Value = "9-15-2024"; VariantName = "[No Variations]"
Add component (AddParameter): Name = "Publisher"; Value = "Mahdi Bagherzadeh"; VariantName = "[No Variations]"
Add component (AddParameter): Name = "Size"; Value = "?mm"; VariantName = "[No Variations]"
Add component (AddParameter): Name = "Type"; Value = "Straight/Right-THD/SMD"; VariantName = "[No Variations]"
Add component (AddParameter): Name = "Value"; Value = "XH/VH/TE"; VariantName = "[No Variations]"
Added Component: Designator=CN8(IDC-2x8-S)
Add component (AddParameter): Name = "ComponentLink1Description"; Value = "Linkedin"; VariantName = "[No Variations]"
Add component (AddParameter): Name = "ComponentLink1URL"; Value = "https://ir.linkedin.com/in/mahdi-bagherzade"; VariantName = "[No Variations]"
Add component (AddParameter): Name = "Phone Number"; Value = "0915 8700 314"; VariantName = "[No Variations]"
Add component (AddParameter): Name = "Published Date"; Value = "9-15-2024"; VariantName = "[No Variations]"
Add component (AddParameter): Name = "Publisher"; Value = "Mahdi Bagherzadeh"; VariantName = "[No Variations]"
Add component (AddParameter): Name = "Type"; Value = "Straight/Right"; VariantName = "[No Variations]"
Added Component: Designator=D1_1(SOD123)
Add component (AddParameter): Name = "Code"; Value = "1N4148"; VariantName = "[No Variations]"
Add component (AddParameter): Name = "ComponentLink1Description"; Value = "Linkedin"; VariantName = "[No Variations]"
Add component (AddParameter): Name = "ComponentLink1URL"; Value = "https://ir.linkedin.com/in/mahdi-bagherzade"; VariantName = "[No Variations]"
Add component (AddParameter): Name = "Phone Number"; Value = "0915 8700 314"; VariantName = "[No Variations]"
Add component (AddParameter): Name = "Published Date"; Value = "9-15-2024"; VariantName = "[No Variations]"
Add component (AddParameter): Name = "Publisher"; Value = "Mahdi Bagherzadeh"; VariantName = "[No Variations]"
Add component (AddParameter): Name = "Type"; Value = "SMD"; VariantName = "[No Variations]"
Added Component: Designator=D1_2(SOD123)
Add component (AddParameter): Name = "Code"; Value = "1N4148"; VariantName = "[No Variations]"
Add component (AddParameter): Name = "ComponentLink1Description"; Value = "Linkedin"; VariantName = "[No Variations]"
Add component (AddParameter): Name = "ComponentLink1URL"; Value = "https://ir.linkedin.com/in/mahdi-bagherzade"; VariantName = "[No Variations]"
Add component (AddParameter): Name = "Phone Number"; Value = "0915 8700 314"; VariantName = "[No Variations]"
Add component (AddParameter): Name = "Published Date"; Value = "9-15-2024"; VariantName = "[No Variations]"
Add component (AddParameter): Name = "Publisher"; Value = "Mahdi Bagherzadeh"; VariantName = "[No Variations]"
Add component (AddParameter): Name = "Type"; Value = "SMD"; VariantName = "[No Variations]"
Added Component: Designator=D1_3(SOD123)
Add component (AddParameter): Name = "Code"; Value = "1N4148"; VariantName = "[No Variations]"
Add component (AddParameter): Name = "ComponentLink1Description"; Value = "Linkedin"; VariantName = "[No Variations]"
Add component (AddParameter): Name = "ComponentLink1URL"; Value = "https://ir.linkedin.com/in/mahdi-bagherzade"; VariantName = "[No Variations]"
Add component (AddParameter): Name = "Phone Number"; Value = "0915 8700 314"; VariantName = "[No Variations]"
Add component (AddParameter): Name = "Published Date"; Value = "9-15-2024"; VariantName = "[No Variations]"
Add component (AddParameter): Name = "Publisher"; Value = "Mahdi Bagherzadeh"; VariantName = "[No Variations]"
Add component (AddParameter): Name = "Type"; Value = "SMD"; VariantName = "[No Variations]"
Added Component: Designator=D1_4(SOD123)
Add component (AddParameter): Name = "Code"; Value = "1N4148"; VariantName = "[No Variations]"
Add component (AddParameter): Name = "ComponentLink1Description"; Value = "Linkedin"; VariantName = "[No Variations]"
Add component (AddParameter): Name = "ComponentLink1URL"; Value = "https://ir.linkedin.com/in/mahdi-bagherzade"; VariantName = "[No Variations]"
Add component (AddParameter): Name = "Phone Number"; Value = "0915 8700 314"; VariantName = "[No Variations]"
Add component (AddParameter): Name = "Published Date"; Value = "9-15-2024"; VariantName = "[No Variations]"
Add component (AddParameter): Name = "Publisher"; Value = "Mahdi Bagherzadeh"; VariantName = "[No Variations]"
Add component (AddParameter): Name = "Type"; Value = "SMD"; VariantName = "[No Variations]"
Added Component: Designator=D2(SOD123)
Add component (AddParameter): Name = "ComponentLink1Description"; Value = "Linkedin"; VariantName = "[No Variations]"
Add component (AddParameter): Name = "ComponentLink1URL"; Value = "https://ir.linkedin.com/in/mahdi-bagherzade"; VariantName = "[No Variations]"
Add component (AddParameter): Name = "Phone Number"; Value = "0915 8700 314"; VariantName = "[No Variations]"
Add component (AddParameter): Name = "Published Date"; Value = "9-15-2024"; VariantName = "[No Variations]"
Add component (AddParameter): Name = "Publisher"; Value = "Mahdi Bagherzadeh"; VariantName = "[No Variations]"
Added Component: Designator=D3_1(SOD123)
Add component (AddParameter): Name = "Code"; Value = "1N4148"; VariantName = "[No Variations]"
Add component (AddParameter): Name = "ComponentLink1Description"; Value = "Linkedin"; VariantName = "[No Variations]"
Add component (AddParameter): Name = "ComponentLink1URL"; Value = "https://ir.linkedin.com/in/mahdi-bagherzade"; VariantName = "[No Variations]"
Add component (AddParameter): Name = "Phone Number"; Value = "0915 8700 314"; VariantName = "[No Variations]"
Add component (AddParameter): Name = "Published Date"; Value = "9-15-2024"; VariantName = "[No Variations]"
Add component (AddParameter): Name = "Publisher"; Value = "Mahdi Bagherzadeh"; VariantName = "[No Variations]"
Add component (AddParameter): Name = "Type"; Value = "SMD"; VariantName = "[No Variations]"
Added Component: Designator=D3_2(SOD123)
Add component (AddParameter): Name = "Code"; Value = "1N4148"; VariantName = "[No Variations]"
Add component (AddParameter): Name = "ComponentLink1Description"; Value = "Linkedin"; VariantName = "[No Variations]"
Add component (AddParameter): Name = "ComponentLink1URL"; Value = "https://ir.linkedin.com/in/mahdi-bagherzade"; VariantName = "[No Variations]"
Add component (AddParameter): Name = "Phone Number"; Value = "0915 8700 314"; VariantName = "[No Variations]"
Add component (AddParameter): Name = "Published Date"; Value = "9-15-2024"; VariantName = "[No Variations]"
Add component (AddParameter): Name = "Publisher"; Value = "Mahdi Bagherzadeh"; VariantName = "[No Variations]"
Add component (AddParameter): Name = "Type"; Value = "SMD"; VariantName = "[No Variations]"
Added Component: Designator=D3_3(SOD123)
Add component (AddParameter): Name = "Code"; Value = "1N4148"; VariantName = "[No Variations]"
Add component (AddParameter): Name = "ComponentLink1Description"; Value = "Linkedin"; VariantName = "[No Variations]"
Add component (AddParameter): Name = "ComponentLink1URL"; Value = "https://ir.linkedin.com/in/mahdi-bagherzade"; VariantName = "[No Variations]"
Add component (AddParameter): Name = "Phone Number"; Value = "0915 8700 314"; VariantName = "[No Variations]"
Add component (AddParameter): Name = "Published Date"; Value = "9-15-2024"; VariantName = "[No Variations]"
Add component (AddParameter): Name = "Publisher"; Value = "Mahdi Bagherzadeh"; VariantName = "[No Variations]"
Add component (AddParameter): Name = "Type"; Value = "SMD"; VariantName = "[No Variations]"
Added Component: Designator=D3_4(SOD123)
Add component (AddParameter): Name = "Code"; Value = "1N4148"; VariantName = "[No Variations]"
Add component (AddParameter): Name = "ComponentLink1Description"; Value = "Linkedin"; VariantName = "[No Variations]"
Add component (AddParameter): Name = "ComponentLink1URL"; Value = "https://ir.linkedin.com/in/mahdi-bagherzade"; VariantName = "[No Variations]"
Add component (AddParameter): Name = "Phone Number"; Value = "0915 8700 314"; VariantName = "[No Variations]"
Add component (AddParameter): Name = "Published Date"; Value = "9-15-2024"; VariantName = "[No Variations]"
Add component (AddParameter): Name = "Publisher"; Value = "Mahdi Bagherzadeh"; VariantName = "[No Variations]"
Add component (AddParameter): Name = "Type"; Value = "SMD"; VariantName = "[No Variations]"
Added Component: Designator=FB1(FB-0805)
Add component (AddParameter): Name = "ComponentLink1Description"; Value = "Linkedin"; VariantName = "[No Variations]"
Add component (AddParameter): Name = "ComponentLink1URL"; Value = "https://ir.linkedin.com/in/mahdi-bagherzade"; VariantName = "[No Variations]"
Add component (AddParameter): Name = "Phone Number"; Value = "0915 8700 314"; VariantName = "[No Variations]"
Add component (AddParameter): Name = "Published Date"; Value = "9-15-2024"; VariantName = "[No Variations]"
Add component (AddParameter): Name = "Publisher"; Value = "Mahdi Bagherzadeh"; VariantName = "[No Variations]"
Added Component: Designator=FB2(FB-0805)
Add component (AddParameter): Name = "ComponentLink1Description"; Value = "Linkedin"; VariantName = "[No Variations]"
Add component (AddParameter): Name = "ComponentLink1URL"; Value = "https://ir.linkedin.com/in/mahdi-bagherzade"; VariantName = "[No Variations]"
Add component (AddParameter): Name = "Phone Number"; Value = "0915 8700 314"; VariantName = "[No Variations]"
Add component (AddParameter): Name = "Published Date"; Value = "9-15-2024"; VariantName = "[No Variations]"
Add component (AddParameter): Name = "Publisher"; Value = "Mahdi Bagherzadeh"; VariantName = "[No Variations]"
Add component (AddParameter): Name = "VALUE"; Value = ""; VariantName = "[No Variations]"
Added Component: Designator=FB3(FB-0805)
Add component (AddParameter): Name = "ComponentLink1Description"; Value = "Linkedin"; VariantName = "[No Variations]"
Add component (AddParameter): Name = "ComponentLink1URL"; Value = "https://ir.linkedin.com/in/mahdi-bagherzade"; VariantName = "[No Variations]"
Add component (AddParameter): Name = "Phone Number"; Value = "0915 8700 314"; VariantName = "[No Variations]"
Add component (AddParameter): Name = "Published Date"; Value = "9-15-2024"; VariantName = "[No Variations]"
Add component (AddParameter): Name = "Publisher"; Value = "Mahdi Bagherzadeh"; VariantName = "[No Variations]"
Add component (AddParameter): Name = "VALUE"; Value = ""; VariantName = "[No Variations]"
Added Component: Designator=FB4(FB-0805)
Add component (AddParameter): Name = "ComponentLink1Description"; Value = "Linkedin"; VariantName = "[No Variations]"
Add component (AddParameter): Name = "ComponentLink1URL"; Value = "https://ir.linkedin.com/in/mahdi-bagherzade"; VariantName = "[No Variations]"
Add component (AddParameter): Name = "Phone Number"; Value = "0915 8700 314"; VariantName = "[No Variations]"
Add component (AddParameter): Name = "Published Date"; Value = "9-15-2024"; VariantName = "[No Variations]"
Add component (AddParameter): Name = "Publisher"; Value = "Mahdi Bagherzadeh"; VariantName = "[No Variations]"
Add component (AddParameter): Name = "VALUE"; Value = ""; VariantName = "[No Variations]"
Added Component: Designator=FB5(FB-0805)
Add component (AddParameter): Name = "ComponentLink1Description"; Value = "Linkedin"; VariantName = "[No Variations]"
Add component (AddParameter): Name = "ComponentLink1URL"; Value = "https://ir.linkedin.com/in/mahdi-bagherzade"; VariantName = "[No Variations]"
Add component (AddParameter): Name = "Phone Number"; Value = "0915 8700 314"; VariantName = "[No Variations]"
Add component (AddParameter): Name = "Published Date"; Value = "9-15-2024"; VariantName = "[No Variations]"
Add component (AddParameter): Name = "Publisher"; Value = "Mahdi Bagherzadeh"; VariantName = "[No Variations]"
Added Component: Designator=H1(H-3pin-M-S)
Add component (AddParameter): Name = "ComponentLink1Description"; Value = "Linkedin"; VariantName = "[No Variations]"
Add component (AddParameter): Name = "ComponentLink1URL"; Value = "https://ir.linkedin.com/in/mahdi-bagherzade"; VariantName = "[No Variations]"
Add component (AddParameter): Name = "Phone Number"; Value = "0915 8700 314"; VariantName = "[No Variations]"
Add component (AddParameter): Name = "Published Date"; Value = "9-15-2024"; VariantName = "[No Variations]"
Add component (AddParameter): Name = "Publisher"; Value = "Mahdi Bagherzadeh"; VariantName = "[No Variations]"
Add component (AddParameter): Name = "Type"; Value = "MALE-STRAIGHT"; VariantName = "[No Variations]"
Added Component: Designator=H3(H-9pin-F-S)
Add component (AddParameter): Name = "ComponentLink1Description"; Value = "Linkedin"; VariantName = "[No Variations]"
Add component (AddParameter): Name = "ComponentLink1URL"; Value = "https://ir.linkedin.com/in/mahdi-bagherzade"; VariantName = "[No Variations]"
Add component (AddParameter): Name = "Phone Number"; Value = "0915 8700 314"; VariantName = "[No Variations]"
Add component (AddParameter): Name = "Published Date"; Value = "9-15-2024"; VariantName = "[No Variations]"
Add component (AddParameter): Name = "Publisher"; Value = "Mahdi Bagherzadeh"; VariantName = "[No Variations]"
Add component (AddParameter): Name = "VALUE"; Value = ""; VariantName = "[No Variations]"
Added Component: Designator=LED1_1(LED-1206-Y)
Add component (AddParameter): Name = "Color"; Value = "GREEN"; VariantName = "[No Variations]"
Add component (AddParameter): Name = "ComponentLink1Description"; Value = "Linkedin"; VariantName = "[No Variations]"
Add component (AddParameter): Name = "ComponentLink1URL"; Value = "https://ir.linkedin.com/in/mahdi-bagherzade"; VariantName = "[No Variations]"
Add component (AddParameter): Name = "Phone Number"; Value = "0915 8700 314"; VariantName = "[No Variations]"
Add component (AddParameter): Name = "Published Date"; Value = "9-15-2024"; VariantName = "[No Variations]"
Add component (AddParameter): Name = "Publisher"; Value = "Mahdi Bagherzadeh"; VariantName = "[No Variations]"
Add component (AddParameter): Name = "Size"; Value = "1206"; VariantName = "[No Variations]"
Add component (AddParameter): Name = "Type"; Value = "SMD"; VariantName = "[No Variations]"
Added Component: Designator=LED1_2(LED-1206-Y)
Add component (AddParameter): Name = "Color"; Value = "GREEN"; VariantName = "[No Variations]"
Add component (AddParameter): Name = "ComponentLink1Description"; Value = "Linkedin"; VariantName = "[No Variations]"
Add component (AddParameter): Name = "ComponentLink1URL"; Value = "https://ir.linkedin.com/in/mahdi-bagherzade"; VariantName = "[No Variations]"
Add component (AddParameter): Name = "Phone Number"; Value = "0915 8700 314"; VariantName = "[No Variations]"
Add component (AddParameter): Name = "Published Date"; Value = "9-15-2024"; VariantName = "[No Variations]"
Add component (AddParameter): Name = "Publisher"; Value = "Mahdi Bagherzadeh"; VariantName = "[No Variations]"
Add component (AddParameter): Name = "Size"; Value = "1206"; VariantName = "[No Variations]"
Add component (AddParameter): Name = "Type"; Value = "SMD"; VariantName = "[No Variations]"
Added Component: Designator=LED1_3(LED-1206-Y)
Add component (AddParameter): Name = "Color"; Value = "GREEN"; VariantName = "[No Variations]"
Add component (AddParameter): Name = "ComponentLink1Description"; Value = "Linkedin"; VariantName = "[No Variations]"
Add component (AddParameter): Name = "ComponentLink1URL"; Value = "https://ir.linkedin.com/in/mahdi-bagherzade"; VariantName = "[No Variations]"
Add component (AddParameter): Name = "Phone Number"; Value = "0915 8700 314"; VariantName = "[No Variations]"
Add component (AddParameter): Name = "Published Date"; Value = "9-15-2024"; VariantName = "[No Variations]"
Add component (AddParameter): Name = "Publisher"; Value = "Mahdi Bagherzadeh"; VariantName = "[No Variations]"
Add component (AddParameter): Name = "Size"; Value = "1206"; VariantName = "[No Variations]"
Add component (AddParameter): Name = "Type"; Value = "SMD"; VariantName = "[No Variations]"
Added Component: Designator=LED1_4(LED-1206-Y)
Add component (AddParameter): Name = "Color"; Value = "GREEN"; VariantName = "[No Variations]"
Add component (AddParameter): Name = "ComponentLink1Description"; Value = "Linkedin"; VariantName = "[No Variations]"
Add component (AddParameter): Name = "ComponentLink1URL"; Value = "https://ir.linkedin.com/in/mahdi-bagherzade"; VariantName = "[No Variations]"
Add component (AddParameter): Name = "Phone Number"; Value = "0915 8700 314"; VariantName = "[No Variations]"
Add component (AddParameter): Name = "Published Date"; Value = "9-15-2024"; VariantName = "[No Variations]"
Add component (AddParameter): Name = "Publisher"; Value = "Mahdi Bagherzadeh"; VariantName = "[No Variations]"
Add component (AddParameter): Name = "Size"; Value = "1206"; VariantName = "[No Variations]"
Add component (AddParameter): Name = "Type"; Value = "SMD"; VariantName = "[No Variations]"
Added Component: Designator=LED2(LED-1206-G)
Add component (AddParameter): Name = "ComponentLink1Description"; Value = "Linkedin"; VariantName = "[No Variations]"
Add component (AddParameter): Name = "ComponentLink1URL"; Value = "https://ir.linkedin.com/in/mahdi-bagherzade"; VariantName = "[No Variations]"
Add component (AddParameter): Name = "Phone Number"; Value = "0915 8700 314"; VariantName = "[No Variations]"
Add component (AddParameter): Name = "Published Date"; Value = "9-15-2024"; VariantName = "[No Variations]"
Add component (AddParameter): Name = "Publisher"; Value = "Mahdi Bagherzadeh"; VariantName = "[No Variations]"
Added Component: Designator=LED3(LED-0805-R)
Add component (AddParameter): Name = "Color"; Value = "RED"; VariantName = "[No Variations]"
Add component (AddParameter): Name = "ComponentLink1Description"; Value = "Linkedin"; VariantName = "[No Variations]"
Add component (AddParameter): Name = "ComponentLink1URL"; Value = "https://ir.linkedin.com/in/mahdi-bagherzade"; VariantName = "[No Variations]"
Add component (AddParameter): Name = "Phone Number"; Value = "0915 8700 314"; VariantName = "[No Variations]"
Add component (AddParameter): Name = "Published Date"; Value = "9-15-2024"; VariantName = "[No Variations]"
Add component (AddParameter): Name = "Publisher"; Value = "Mahdi Bagherzadeh"; VariantName = "[No Variations]"
Add component (AddParameter): Name = "Size"; Value = "0805"; VariantName = "[No Variations]"
Added Component: Designator=M1(TFT-3.2inch)
Add component (AddParameter): Name = "ComponentLink1Description"; Value = "Linkedin"; VariantName = "[No Variations]"
Add component (AddParameter): Name = "ComponentLink1URL"; Value = "https://ir.linkedin.com/in/mahdi-bagherzade"; VariantName = "[No Variations]"
Add component (AddParameter): Name = "Phone Number"; Value = "0915 8700 314"; VariantName = "[No Variations]"
Add component (AddParameter): Name = "Published Date"; Value = "9-15-2024"; VariantName = "[No Variations]"
Add component (AddParameter): Name = "Publisher"; Value = "Mahdi Bagherzadeh"; VariantName = "[No Variations]"
Added Component: Designator=MIC1(MIC-2.2mm)
Add component (AddParameter): Name = "ComponentLink1Description"; Value = "Linkedin"; VariantName = "[No Variations]"
Add component (AddParameter): Name = "ComponentLink1URL"; Value = "https://ir.linkedin.com/in/mahdi-bagherzade"; VariantName = "[No Variations]"
Add component (AddParameter): Name = "Phone Number"; Value = "0915 8700 314"; VariantName = "[No Variations]"
Add component (AddParameter): Name = "Published Date"; Value = "9-15-2024"; VariantName = "[No Variations]"
Add component (AddParameter): Name = "Publisher"; Value = "Mahdi Bagherzadeh"; VariantName = "[No Variations]"
Added Component: Designator=NT1(NET TIE-3)
Add component (AddParameter): Name = "ComponentLink1Description"; Value = "Linkedin"; VariantName = "[No Variations]"
Add component (AddParameter): Name = "ComponentLink1URL"; Value = "https://ir.linkedin.com/in/mahdi-bagherzade"; VariantName = "[No Variations]"
Add component (AddParameter): Name = "Phone Number"; Value = "0915 8700 314"; VariantName = "[No Variations]"
Add component (AddParameter): Name = "Published Date"; Value = "9-15-2024"; VariantName = "[No Variations]"
Add component (AddParameter): Name = "Publisher"; Value = "Mahdi Bagherzadeh"; VariantName = "[No Variations]"
Added Component: Designator=Q1(SOT23-213)
Add component (AddParameter): Name = "ComponentLink1Description"; Value = "Linkedin"; VariantName = "[No Variations]"
Add component (AddParameter): Name = "ComponentLink1URL"; Value = "https://ir.linkedin.com/in/mahdi-bagherzade"; VariantName = "[No Variations]"
Add component (AddParameter): Name = "Phone Number"; Value = "0915 8700 314"; VariantName = "[No Variations]"
Add component (AddParameter): Name = "Published Date"; Value = "9-15-2024"; VariantName = "[No Variations]"
Add component (AddParameter): Name = "Publisher"; Value = "Mahdi Bagherzadeh"; VariantName = "[No Variations]"
Add component (AddParameter): Name = "VALUE"; Value = ""; VariantName = "[No Variations]"
Added Component: Designator=Q2_1(SOT23-312)
Add component (AddParameter): Name = "Code"; Value = "CR"; VariantName = "[No Variations]"
Add component (AddParameter): Name = "ComponentLink1Description"; Value = "Linkedin"; VariantName = "[No Variations]"
Add component (AddParameter): Name = "ComponentLink1URL"; Value = "https://ir.linkedin.com/in/mahdi-bagherzade"; VariantName = "[No Variations]"
Add component (AddParameter): Name = "Phone Number"; Value = "0915 8700 314"; VariantName = "[No Variations]"
Add component (AddParameter): Name = "Published Date"; Value = "9-15-2024"; VariantName = "[No Variations]"
Add component (AddParameter): Name = "Publisher"; Value = "Mahdi Bagherzadeh"; VariantName = "[No Variations]"
Add component (AddParameter): Name = "Type"; Value = "SMD"; VariantName = "[No Variations]"
Add component (AddParameter): Name = "Value"; Value = "C945"; VariantName = "[No Variations]"
Added Component: Designator=Q2_2(SOT23-312)
Add component (AddParameter): Name = "Code"; Value = "CR"; VariantName = "[No Variations]"
Add component (AddParameter): Name = "ComponentLink1Description"; Value = "Linkedin"; VariantName = "[No Variations]"
Add component (AddParameter): Name = "ComponentLink1URL"; Value = "https://ir.linkedin.com/in/mahdi-bagherzade"; VariantName = "[No Variations]"
Add component (AddParameter): Name = "Phone Number"; Value = "0915 8700 314"; VariantName = "[No Variations]"
Add component (AddParameter): Name = "Published Date"; Value = "9-15-2024"; VariantName = "[No Variations]"
Add component (AddParameter): Name = "Publisher"; Value = "Mahdi Bagherzadeh"; VariantName = "[No Variations]"
Add component (AddParameter): Name = "Type"; Value = "SMD"; VariantName = "[No Variations]"
Add component (AddParameter): Name = "Value"; Value = "C945"; VariantName = "[No Variations]"
Added Component: Designator=Q2_3(SOT23-312)
Add component (AddParameter): Name = "Code"; Value = "CR"; VariantName = "[No Variations]"
Add component (AddParameter): Name = "ComponentLink1Description"; Value = "Linkedin"; VariantName = "[No Variations]"
Add component (AddParameter): Name = "ComponentLink1URL"; Value = "https://ir.linkedin.com/in/mahdi-bagherzade"; VariantName = "[No Variations]"
Add component (AddParameter): Name = "Phone Number"; Value = "0915 8700 314"; VariantName = "[No Variations]"
Add component (AddParameter): Name = "Published Date"; Value = "9-15-2024"; VariantName = "[No Variations]"
Add component (AddParameter): Name = "Publisher"; Value = "Mahdi Bagherzadeh"; VariantName = "[No Variations]"
Add component (AddParameter): Name = "Type"; Value = "SMD"; VariantName = "[No Variations]"
Add component (AddParameter): Name = "Value"; Value = "C945"; VariantName = "[No Variations]"
Added Component: Designator=Q2_4(SOT23-312)
Add component (AddParameter): Name = "Code"; Value = "CR"; VariantName = "[No Variations]"
Add component (AddParameter): Name = "ComponentLink1Description"; Value = "Linkedin"; VariantName = "[No Variations]"
Add component (AddParameter): Name = "ComponentLink1URL"; Value = "https://ir.linkedin.com/in/mahdi-bagherzade"; VariantName = "[No Variations]"
Add component (AddParameter): Name = "Phone Number"; Value = "0915 8700 314"; VariantName = "[No Variations]"
Add component (AddParameter): Name = "Published Date"; Value = "9-15-2024"; VariantName = "[No Variations]"
Add component (AddParameter): Name = "Publisher"; Value = "Mahdi Bagherzadeh"; VariantName = "[No Variations]"
Add component (AddParameter): Name = "Type"; Value = "SMD"; VariantName = "[No Variations]"
Add component (AddParameter): Name = "Value"; Value = "C945"; VariantName = "[No Variations]"
Added Component: Designator=Q3_1(SOT89-V02)
Add component (AddParameter): Name = "ComponentLink1Description"; Value = "New link"; VariantName = "[No Variations]"
Add component (AddParameter): Name = "ComponentLink1URL"; Value = ""; VariantName = "[No Variations]"
Add component (AddParameter): Name = "Phone Number"; Value = "0"; VariantName = "[No Variations]"
Add component (AddParameter): Name = "Published Date"; Value = "1-6-2026"; VariantName = "[No Variations]"
Add component (AddParameter): Name = "Publisher"; Value = "Fatemeh Imani"; VariantName = "[No Variations]"
Add component (AddParameter): Name = "Type"; Value = "SMD"; VariantName = "[No Variations]"
Add component (AddParameter): Name = "Value"; Value = "ZXTN2010ZTA"; VariantName = "[No Variations]"
Added Component: Designator=Q3_2(SOT89-V02)
Add component (AddParameter): Name = "ComponentLink1Description"; Value = "New link"; VariantName = "[No Variations]"
Add component (AddParameter): Name = "ComponentLink1URL"; Value = ""; VariantName = "[No Variations]"
Add component (AddParameter): Name = "Phone Number"; Value = "0"; VariantName = "[No Variations]"
Add component (AddParameter): Name = "Published Date"; Value = "1-6-2026"; VariantName = "[No Variations]"
Add component (AddParameter): Name = "Publisher"; Value = "Fatemeh Imani"; VariantName = "[No Variations]"
Add component (AddParameter): Name = "Type"; Value = "SMD"; VariantName = "[No Variations]"
Add component (AddParameter): Name = "Value"; Value = "ZXTN2010ZTA"; VariantName = "[No Variations]"
Added Component: Designator=Q3_3(SOT89-V02)
Add component (AddParameter): Name = "ComponentLink1Description"; Value = "New link"; VariantName = "[No Variations]"
Add component (AddParameter): Name = "ComponentLink1URL"; Value = ""; VariantName = "[No Variations]"
Add component (AddParameter): Name = "Phone Number"; Value = "0"; VariantName = "[No Variations]"
Add component (AddParameter): Name = "Published Date"; Value = "1-6-2026"; VariantName = "[No Variations]"
Add component (AddParameter): Name = "Publisher"; Value = "Fatemeh Imani"; VariantName = "[No Variations]"
Add component (AddParameter): Name = "Type"; Value = "SMD"; VariantName = "[No Variations]"
Add component (AddParameter): Name = "Value"; Value = "ZXTN2010ZTA"; VariantName = "[No Variations]"
Added Component: Designator=Q3_4(SOT89-V02)
Add component (AddParameter): Name = "ComponentLink1Description"; Value = "New link"; VariantName = "[No Variations]"
Add component (AddParameter): Name = "ComponentLink1URL"; Value = ""; VariantName = "[No Variations]"
Add component (AddParameter): Name = "Phone Number"; Value = "0"; VariantName = "[No Variations]"
Add component (AddParameter): Name = "Published Date"; Value = "1-6-2026"; VariantName = "[No Variations]"
Add component (AddParameter): Name = "Publisher"; Value = "Fatemeh Imani"; VariantName = "[No Variations]"
Add component (AddParameter): Name = "Type"; Value = "SMD"; VariantName = "[No Variations]"
Add component (AddParameter): Name = "Value"; Value = "ZXTN2010ZTA"; VariantName = "[No Variations]"
Added Component: Designator=Q4_1(SOT23-312)
Add component (AddParameter): Name = "Code"; Value = "CR"; VariantName = "[No Variations]"
Add component (AddParameter): Name = "ComponentLink1Description"; Value = "Linkedin"; VariantName = "[No Variations]"
Add component (AddParameter): Name = "ComponentLink1URL"; Value = "https://ir.linkedin.com/in/mahdi-bagherzade"; VariantName = "[No Variations]"
Add component (AddParameter): Name = "Phone Number"; Value = "0915 8700 314"; VariantName = "[No Variations]"
Add component (AddParameter): Name = "Published Date"; Value = "9-15-2024"; VariantName = "[No Variations]"
Add component (AddParameter): Name = "Publisher"; Value = "Mahdi Bagherzadeh"; VariantName = "[No Variations]"
Add component (AddParameter): Name = "Type"; Value = "SMD"; VariantName = "[No Variations]"
Add component (AddParameter): Name = "Value"; Value = "C945"; VariantName = "[No Variations]"
Added Component: Designator=Q4_2(SOT23-312)
Add component (AddParameter): Name = "Code"; Value = "CR"; VariantName = "[No Variations]"
Add component (AddParameter): Name = "ComponentLink1Description"; Value = "Linkedin"; VariantName = "[No Variations]"
Add component (AddParameter): Name = "ComponentLink1URL"; Value = "https://ir.linkedin.com/in/mahdi-bagherzade"; VariantName = "[No Variations]"
Add component (AddParameter): Name = "Phone Number"; Value = "0915 8700 314"; VariantName = "[No Variations]"
Add component (AddParameter): Name = "Published Date"; Value = "9-15-2024"; VariantName = "[No Variations]"
Add component (AddParameter): Name = "Publisher"; Value = "Mahdi Bagherzadeh"; VariantName = "[No Variations]"
Add component (AddParameter): Name = "Type"; Value = "SMD"; VariantName = "[No Variations]"
Add component (AddParameter): Name = "Value"; Value = "C945"; VariantName = "[No Variations]"
Added Component: Designator=Q4_3(SOT23-312)
Add component (AddParameter): Name = "Code"; Value = "CR"; VariantName = "[No Variations]"
Add component (AddParameter): Name = "ComponentLink1Description"; Value = "Linkedin"; VariantName = "[No Variations]"
Add component (AddParameter): Name = "ComponentLink1URL"; Value = "https://ir.linkedin.com/in/mahdi-bagherzade"; VariantName = "[No Variations]"
Add component (AddParameter): Name = "Phone Number"; Value = "0915 8700 314"; VariantName = "[No Variations]"
Add component (AddParameter): Name = "Published Date"; Value = "9-15-2024"; VariantName = "[No Variations]"
Add component (AddParameter): Name = "Publisher"; Value = "Mahdi Bagherzadeh"; VariantName = "[No Variations]"
Add component (AddParameter): Name = "Type"; Value = "SMD"; VariantName = "[No Variations]"
Add component (AddParameter): Name = "Value"; Value = "C945"; VariantName = "[No Variations]"
Added Component: Designator=Q4_4(SOT23-312)
Add component (AddParameter): Name = "Code"; Value = "CR"; VariantName = "[No Variations]"
Add component (AddParameter): Name = "ComponentLink1Description"; Value = "Linkedin"; VariantName = "[No Variations]"
Add component (AddParameter): Name = "ComponentLink1URL"; Value = "https://ir.linkedin.com/in/mahdi-bagherzade"; VariantName = "[No Variations]"
Add component (AddParameter): Name = "Phone Number"; Value = "0915 8700 314"; VariantName = "[No Variations]"
Add component (AddParameter): Name = "Published Date"; Value = "9-15-2024"; VariantName = "[No Variations]"
Add component (AddParameter): Name = "Publisher"; Value = "Mahdi Bagherzadeh"; VariantName = "[No Variations]"
Add component (AddParameter): Name = "Type"; Value = "SMD"; VariantName = "[No Variations]"
Add component (AddParameter): Name = "Value"; Value = "C945"; VariantName = "[No Variations]"
Added Component: Designator=Q5_1(SOT89-V02)
Add component (AddParameter): Name = "ComponentLink1Description"; Value = "New link"; VariantName = "[No Variations]"
Add component (AddParameter): Name = "ComponentLink1URL"; Value = ""; VariantName = "[No Variations]"
Add component (AddParameter): Name = "Phone Number"; Value = "0"; VariantName = "[No Variations]"
Add component (AddParameter): Name = "Published Date"; Value = "1-6-2026"; VariantName = "[No Variations]"
Add component (AddParameter): Name = "Publisher"; Value = "Fatemeh Imani"; VariantName = "[No Variations]"
Add component (AddParameter): Name = "Type"; Value = "SMD"; VariantName = "[No Variations]"
Add component (AddParameter): Name = "Value"; Value = "ZXTN2010ZTA"; VariantName = "[No Variations]"
Added Component: Designator=Q5_2(SOT89-V02)
Add component (AddParameter): Name = "ComponentLink1Description"; Value = "New link"; VariantName = "[No Variations]"
Add component (AddParameter): Name = "ComponentLink1URL"; Value = ""; VariantName = "[No Variations]"
Add component (AddParameter): Name = "Phone Number"; Value = "0"; VariantName = "[No Variations]"
Add component (AddParameter): Name = "Published Date"; Value = "1-6-2026"; VariantName = "[No Variations]"
Add component (AddParameter): Name = "Publisher"; Value = "Fatemeh Imani"; VariantName = "[No Variations]"
Add component (AddParameter): Name = "Type"; Value = "SMD"; VariantName = "[No Variations]"
Add component (AddParameter): Name = "Value"; Value = "ZXTN2010ZTA"; VariantName = "[No Variations]"
Added Component: Designator=Q5_3(SOT89-V02)
Add component (AddParameter): Name = "ComponentLink1Description"; Value = "New link"; VariantName = "[No Variations]"
Add component (AddParameter): Name = "ComponentLink1URL"; Value = ""; VariantName = "[No Variations]"
Add component (AddParameter): Name = "Phone Number"; Value = "0"; VariantName = "[No Variations]"
Add component (AddParameter): Name = "Published Date"; Value = "1-6-2026"; VariantName = "[No Variations]"
Add component (AddParameter): Name = "Publisher"; Value = "Fatemeh Imani"; VariantName = "[No Variations]"
Add component (AddParameter): Name = "Type"; Value = "SMD"; VariantName = "[No Variations]"
Add component (AddParameter): Name = "Value"; Value = "ZXTN2010ZTA"; VariantName = "[No Variations]"
Added Component: Designator=Q5_4(SOT89-V02)
Add component (AddParameter): Name = "ComponentLink1Description"; Value = "New link"; VariantName = "[No Variations]"
Add component (AddParameter): Name = "ComponentLink1URL"; Value = ""; VariantName = "[No Variations]"
Add component (AddParameter): Name = "Phone Number"; Value = "0"; VariantName = "[No Variations]"
Add component (AddParameter): Name = "Published Date"; Value = "1-6-2026"; VariantName = "[No Variations]"
Add component (AddParameter): Name = "Publisher"; Value = "Fatemeh Imani"; VariantName = "[No Variations]"
Add component (AddParameter): Name = "Type"; Value = "SMD"; VariantName = "[No Variations]"
Add component (AddParameter): Name = "Value"; Value = "ZXTN2010ZTA"; VariantName = "[No Variations]"
Added Component: Designator=R1_1(R-0805)
Add component (AddParameter): Name = "ComponentLink1Description"; Value = "Linkedin"; VariantName = "[No Variations]"
Add component (AddParameter): Name = "ComponentLink1URL"; Value = "https://ir.linkedin.com/in/mahdi-bagherzade"; VariantName = "[No Variations]"
Add component (AddParameter): Name = "Phone Number"; Value = "0915 8700 314"; VariantName = "[No Variations]"
Add component (AddParameter): Name = "Power"; Value = "1/8W"; VariantName = "[No Variations]"
Add component (AddParameter): Name = "Published Date"; Value = "9-15-2024"; VariantName = "[No Variations]"
Add component (AddParameter): Name = "Publisher"; Value = "Mahdi Bagherzadeh"; VariantName = "[No Variations]"
Add component (AddParameter): Name = "Tolerance"; Value = "5%"; VariantName = "[No Variations]"
Add component (AddParameter): Name = "Value"; Value = "10K"; VariantName = "[No Variations]"
Added Component: Designator=R1_2(R-0805)
Add component (AddParameter): Name = "ComponentLink1Description"; Value = "Linkedin"; VariantName = "[No Variations]"
Add component (AddParameter): Name = "ComponentLink1URL"; Value = "https://ir.linkedin.com/in/mahdi-bagherzade"; VariantName = "[No Variations]"
Add component (AddParameter): Name = "Phone Number"; Value = "0915 8700 314"; VariantName = "[No Variations]"
Add component (AddParameter): Name = "Power"; Value = "1/8W"; VariantName = "[No Variations]"
Add component (AddParameter): Name = "Published Date"; Value = "9-15-2024"; VariantName = "[No Variations]"
Add component (AddParameter): Name = "Publisher"; Value = "Mahdi Bagherzadeh"; VariantName = "[No Variations]"
Add component (AddParameter): Name = "Tolerance"; Value = "5%"; VariantName = "[No Variations]"
Add component (AddParameter): Name = "Value"; Value = "10K"; VariantName = "[No Variations]"
Added Component: Designator=R1_3(R-0805)
Add component (AddParameter): Name = "ComponentLink1Description"; Value = "Linkedin"; VariantName = "[No Variations]"
Add component (AddParameter): Name = "ComponentLink1URL"; Value = "https://ir.linkedin.com/in/mahdi-bagherzade"; VariantName = "[No Variations]"
Add component (AddParameter): Name = "Phone Number"; Value = "0915 8700 314"; VariantName = "[No Variations]"
Add component (AddParameter): Name = "Power"; Value = "1/8W"; VariantName = "[No Variations]"
Add component (AddParameter): Name = "Published Date"; Value = "9-15-2024"; VariantName = "[No Variations]"
Add component (AddParameter): Name = "Publisher"; Value = "Mahdi Bagherzadeh"; VariantName = "[No Variations]"
Add component (AddParameter): Name = "Tolerance"; Value = "5%"; VariantName = "[No Variations]"
Add component (AddParameter): Name = "Value"; Value = "10K"; VariantName = "[No Variations]"
Added Component: Designator=R2_1(R-0805)
Add component (AddParameter): Name = "ComponentLink1Description"; Value = "Linkedin"; VariantName = "[No Variations]"
Add component (AddParameter): Name = "ComponentLink1URL"; Value = "https://ir.linkedin.com/in/mahdi-bagherzade"; VariantName = "[No Variations]"
Add component (AddParameter): Name = "Phone Number"; Value = "0915 8700 314"; VariantName = "[No Variations]"
Add component (AddParameter): Name = "Power"; Value = "1/8W"; VariantName = "[No Variations]"
Add component (AddParameter): Name = "Published Date"; Value = "9-15-2024"; VariantName = "[No Variations]"
Add component (AddParameter): Name = "Publisher"; Value = "Mahdi Bagherzadeh"; VariantName = "[No Variations]"
Add component (AddParameter): Name = "Tolerance"; Value = "5%"; VariantName = "[No Variations]"
Add component (AddParameter): Name = "Type"; Value = "SMD"; VariantName = "[No Variations]"
Add component (AddParameter): Name = "Value"; Value = "2.2K"; VariantName = "[No Variations]"
Added Component: Designator=R2_2(R-0805)
Add component (AddParameter): Name = "ComponentLink1Description"; Value = "Linkedin"; VariantName = "[No Variations]"
Add component (AddParameter): Name = "ComponentLink1URL"; Value = "https://ir.linkedin.com/in/mahdi-bagherzade"; VariantName = "[No Variations]"
Add component (AddParameter): Name = "Phone Number"; Value = "0915 8700 314"; VariantName = "[No Variations]"
Add component (AddParameter): Name = "Power"; Value = "1/8W"; VariantName = "[No Variations]"
Add component (AddParameter): Name = "Published Date"; Value = "9-15-2024"; VariantName = "[No Variations]"
Add component (AddParameter): Name = "Publisher"; Value = "Mahdi Bagherzadeh"; VariantName = "[No Variations]"
Add component (AddParameter): Name = "Tolerance"; Value = "5%"; VariantName = "[No Variations]"
Add component (AddParameter): Name = "Type"; Value = "SMD"; VariantName = "[No Variations]"
Add component (AddParameter): Name = "Value"; Value = "2.2K"; VariantName = "[No Variations]"
Added Component: Designator=R2_3(R-0805)
Add component (AddParameter): Name = "ComponentLink1Description"; Value = "Linkedin"; VariantName = "[No Variations]"
Add component (AddParameter): Name = "ComponentLink1URL"; Value = "https://ir.linkedin.com/in/mahdi-bagherzade"; VariantName = "[No Variations]"
Add component (AddParameter): Name = "Phone Number"; Value = "0915 8700 314"; VariantName = "[No Variations]"
Add component (AddParameter): Name = "Power"; Value = "1/8W"; VariantName = "[No Variations]"
Add component (AddParameter): Name = "Published Date"; Value = "9-15-2024"; VariantName = "[No Variations]"
Add component (AddParameter): Name = "Publisher"; Value = "Mahdi Bagherzadeh"; VariantName = "[No Variations]"
Add component (AddParameter): Name = "Tolerance"; Value = "5%"; VariantName = "[No Variations]"
Add component (AddParameter): Name = "Type"; Value = "SMD"; VariantName = "[No Variations]"
Add component (AddParameter): Name = "Value"; Value = "2.2K"; VariantName = "[No Variations]"
Added Component: Designator=R2_4(R-0805)
Add component (AddParameter): Name = "ComponentLink1Description"; Value = "Linkedin"; VariantName = "[No Variations]"
Add component (AddParameter): Name = "ComponentLink1URL"; Value = "https://ir.linkedin.com/in/mahdi-bagherzade"; VariantName = "[No Variations]"
Add component (AddParameter): Name = "Phone Number"; Value = "0915 8700 314"; VariantName = "[No Variations]"
Add component (AddParameter): Name = "Power"; Value = "1/8W"; VariantName = "[No Variations]"
Add component (AddParameter): Name = "Published Date"; Value = "9-15-2024"; VariantName = "[No Variations]"
Add component (AddParameter): Name = "Publisher"; Value = "Mahdi Bagherzadeh"; VariantName = "[No Variations]"
Add component (AddParameter): Name = "Tolerance"; Value = "5%"; VariantName = "[No Variations]"
Add component (AddParameter): Name = "Type"; Value = "SMD"; VariantName = "[No Variations]"
Add component (AddParameter): Name = "Value"; Value = "2.2K"; VariantName = "[No Variations]"
Added Component: Designator=R3_1(R-0805)
Add component (AddParameter): Name = "ComponentLink1Description"; Value = "Linkedin"; VariantName = "[No Variations]"
Add component (AddParameter): Name = "ComponentLink1URL"; Value = "https://ir.linkedin.com/in/mahdi-bagherzade"; VariantName = "[No Variations]"
Add component (AddParameter): Name = "Phone Number"; Value = "0915 8700 314"; VariantName = "[No Variations]"
Add component (AddParameter): Name = "Power"; Value = "1/8W"; VariantName = "[No Variations]"
Add component (AddParameter): Name = "Published Date"; Value = "9-15-2024"; VariantName = "[No Variations]"
Add component (AddParameter): Name = "Publisher"; Value = "Mahdi Bagherzadeh"; VariantName = "[No Variations]"
Add component (AddParameter): Name = "Tolerance"; Value = "5%"; VariantName = "[No Variations]"
Add component (AddParameter): Name = "Type"; Value = "SMD"; VariantName = "[No Variations]"
Add component (AddParameter): Name = "Value"; Value = "1K"; VariantName = "[No Variations]"
Added Component: Designator=R3_2(R-0805)
Add component (AddParameter): Name = "ComponentLink1Description"; Value = "Linkedin"; VariantName = "[No Variations]"
Add component (AddParameter): Name = "ComponentLink1URL"; Value = "https://ir.linkedin.com/in/mahdi-bagherzade"; VariantName = "[No Variations]"
Add component (AddParameter): Name = "Phone Number"; Value = "0915 8700 314"; VariantName = "[No Variations]"
Add component (AddParameter): Name = "Power"; Value = "1/8W"; VariantName = "[No Variations]"
Add component (AddParameter): Name = "Published Date"; Value = "9-15-2024"; VariantName = "[No Variations]"
Add component (AddParameter): Name = "Publisher"; Value = "Mahdi Bagherzadeh"; VariantName = "[No Variations]"
Add component (AddParameter): Name = "Tolerance"; Value = "5%"; VariantName = "[No Variations]"
Add component (AddParameter): Name = "Type"; Value = "SMD"; VariantName = "[No Variations]"
Add component (AddParameter): Name = "Value"; Value = "1K"; VariantName = "[No Variations]"
Added Component: Designator=R3_3(R-0805)
Add component (AddParameter): Name = "ComponentLink1Description"; Value = "Linkedin"; VariantName = "[No Variations]"
Add component (AddParameter): Name = "ComponentLink1URL"; Value = "https://ir.linkedin.com/in/mahdi-bagherzade"; VariantName = "[No Variations]"
Add component (AddParameter): Name = "Phone Number"; Value = "0915 8700 314"; VariantName = "[No Variations]"
Add component (AddParameter): Name = "Power"; Value = "1/8W"; VariantName = "[No Variations]"
Add component (AddParameter): Name = "Published Date"; Value = "9-15-2024"; VariantName = "[No Variations]"
Add component (AddParameter): Name = "Publisher"; Value = "Mahdi Bagherzadeh"; VariantName = "[No Variations]"
Add component (AddParameter): Name = "Tolerance"; Value = "5%"; VariantName = "[No Variations]"
Add component (AddParameter): Name = "Type"; Value = "SMD"; VariantName = "[No Variations]"
Add component (AddParameter): Name = "Value"; Value = "1K"; VariantName = "[No Variations]"
Added Component: Designator=R3_4(R-0805)
Add component (AddParameter): Name = "ComponentLink1Description"; Value = "Linkedin"; VariantName = "[No Variations]"
Add component (AddParameter): Name = "ComponentLink1URL"; Value = "https://ir.linkedin.com/in/mahdi-bagherzade"; VariantName = "[No Variations]"
Add component (AddParameter): Name = "Phone Number"; Value = "0915 8700 314"; VariantName = "[No Variations]"
Add component (AddParameter): Name = "Power"; Value = "1/8W"; VariantName = "[No Variations]"
Add component (AddParameter): Name = "Published Date"; Value = "9-15-2024"; VariantName = "[No Variations]"
Add component (AddParameter): Name = "Publisher"; Value = "Mahdi Bagherzadeh"; VariantName = "[No Variations]"
Add component (AddParameter): Name = "Tolerance"; Value = "5%"; VariantName = "[No Variations]"
Add component (AddParameter): Name = "Type"; Value = "SMD"; VariantName = "[No Variations]"
Add component (AddParameter): Name = "Value"; Value = "1K"; VariantName = "[No Variations]"
Added Component: Designator=R4_1(R-0805)
Add component (AddParameter): Name = "ComponentLink1Description"; Value = "Linkedin"; VariantName = "[No Variations]"
Add component (AddParameter): Name = "ComponentLink1URL"; Value = "https://ir.linkedin.com/in/mahdi-bagherzade"; VariantName = "[No Variations]"
Add component (AddParameter): Name = "Phone Number"; Value = "0915 8700 314"; VariantName = "[No Variations]"
Add component (AddParameter): Name = "Power"; Value = "1/8W"; VariantName = "[No Variations]"
Add component (AddParameter): Name = "Published Date"; Value = "9-15-2024"; VariantName = "[No Variations]"
Add component (AddParameter): Name = "Publisher"; Value = "Mahdi Bagherzadeh"; VariantName = "[No Variations]"
Add component (AddParameter): Name = "Tolerance"; Value = "5%"; VariantName = "[No Variations]"
Add component (AddParameter): Name = "Type"; Value = "SMD"; VariantName = "[No Variations]"
Add component (AddParameter): Name = "Value"; Value = "10K"; VariantName = "[No Variations]"
Added Component: Designator=R4_2(R-0805)
Add component (AddParameter): Name = "ComponentLink1Description"; Value = "Linkedin"; VariantName = "[No Variations]"
Add component (AddParameter): Name = "ComponentLink1URL"; Value = "https://ir.linkedin.com/in/mahdi-bagherzade"; VariantName = "[No Variations]"
Add component (AddParameter): Name = "Phone Number"; Value = "0915 8700 314"; VariantName = "[No Variations]"
Add component (AddParameter): Name = "Power"; Value = "1/8W"; VariantName = "[No Variations]"
Add component (AddParameter): Name = "Published Date"; Value = "9-15-2024"; VariantName = "[No Variations]"
Add component (AddParameter): Name = "Publisher"; Value = "Mahdi Bagherzadeh"; VariantName = "[No Variations]"
Add component (AddParameter): Name = "Tolerance"; Value = "5%"; VariantName = "[No Variations]"
Add component (AddParameter): Name = "Type"; Value = "SMD"; VariantName = "[No Variations]"
Add component (AddParameter): Name = "Value"; Value = "10K"; VariantName = "[No Variations]"
Added Component: Designator=R4_3(R-0805)
Add component (AddParameter): Name = "ComponentLink1Description"; Value = "Linkedin"; VariantName = "[No Variations]"
Add component (AddParameter): Name = "ComponentLink1URL"; Value = "https://ir.linkedin.com/in/mahdi-bagherzade"; VariantName = "[No Variations]"
Add component (AddParameter): Name = "Phone Number"; Value = "0915 8700 314"; VariantName = "[No Variations]"
Add component (AddParameter): Name = "Power"; Value = "1/8W"; VariantName = "[No Variations]"
Add component (AddParameter): Name = "Published Date"; Value = "9-15-2024"; VariantName = "[No Variations]"
Add component (AddParameter): Name = "Publisher"; Value = "Mahdi Bagherzadeh"; VariantName = "[No Variations]"
Add component (AddParameter): Name = "Tolerance"; Value = "5%"; VariantName = "[No Variations]"
Add component (AddParameter): Name = "Type"; Value = "SMD"; VariantName = "[No Variations]"
Add component (AddParameter): Name = "Value"; Value = "10K"; VariantName = "[No Variations]"
Added Component: Designator=R4_4(R-0805)
Add component (AddParameter): Name = "ComponentLink1Description"; Value = "Linkedin"; VariantName = "[No Variations]"
Add component (AddParameter): Name = "ComponentLink1URL"; Value = "https://ir.linkedin.com/in/mahdi-bagherzade"; VariantName = "[No Variations]"
Add component (AddParameter): Name = "Phone Number"; Value = "0915 8700 314"; VariantName = "[No Variations]"
Add component (AddParameter): Name = "Power"; Value = "1/8W"; VariantName = "[No Variations]"
Add component (AddParameter): Name = "Published Date"; Value = "9-15-2024"; VariantName = "[No Variations]"
Add component (AddParameter): Name = "Publisher"; Value = "Mahdi Bagherzadeh"; VariantName = "[No Variations]"
Add component (AddParameter): Name = "Tolerance"; Value = "5%"; VariantName = "[No Variations]"
Add component (AddParameter): Name = "Type"; Value = "SMD"; VariantName = "[No Variations]"
Add component (AddParameter): Name = "Value"; Value = "10K"; VariantName = "[No Variations]"
Added Component: Designator=R5_1(R-0805)
Add component (AddParameter): Name = "ComponentLink1Description"; Value = "Linkedin"; VariantName = "[No Variations]"
Add component (AddParameter): Name = "ComponentLink1URL"; Value = "https://ir.linkedin.com/in/mahdi-bagherzade"; VariantName = "[No Variations]"
Add component (AddParameter): Name = "Phone Number"; Value = "0915 8700 314"; VariantName = "[No Variations]"
Add component (AddParameter): Name = "Power"; Value = "1/8W"; VariantName = "[No Variations]"
Add component (AddParameter): Name = "Published Date"; Value = "9-15-2024"; VariantName = "[No Variations]"
Add component (AddParameter): Name = "Publisher"; Value = "Mahdi Bagherzadeh"; VariantName = "[No Variations]"
Add component (AddParameter): Name = "Tolerance"; Value = "5%"; VariantName = "[No Variations]"
Add component (AddParameter): Name = "Type"; Value = "SMD"; VariantName = "[No Variations]"
Add component (AddParameter): Name = "Value"; Value = "1K"; VariantName = "[No Variations]"
Added Component: Designator=R5_2(R-0805)
Add component (AddParameter): Name = "ComponentLink1Description"; Value = "Linkedin"; VariantName = "[No Variations]"
Add component (AddParameter): Name = "ComponentLink1URL"; Value = "https://ir.linkedin.com/in/mahdi-bagherzade"; VariantName = "[No Variations]"
Add component (AddParameter): Name = "Phone Number"; Value = "0915 8700 314"; VariantName = "[No Variations]"
Add component (AddParameter): Name = "Power"; Value = "1/8W"; VariantName = "[No Variations]"
Add component (AddParameter): Name = "Published Date"; Value = "9-15-2024"; VariantName = "[No Variations]"
Add component (AddParameter): Name = "Publisher"; Value = "Mahdi Bagherzadeh"; VariantName = "[No Variations]"
Add component (AddParameter): Name = "Tolerance"; Value = "5%"; VariantName = "[No Variations]"
Add component (AddParameter): Name = "Type"; Value = "SMD"; VariantName = "[No Variations]"
Add component (AddParameter): Name = "Value"; Value = "1K"; VariantName = "[No Variations]"
Added Component: Designator=R5_3(R-0805)
Add component (AddParameter): Name = "ComponentLink1Description"; Value = "Linkedin"; VariantName = "[No Variations]"
Add component (AddParameter): Name = "ComponentLink1URL"; Value = "https://ir.linkedin.com/in/mahdi-bagherzade"; VariantName = "[No Variations]"
Add component (AddParameter): Name = "Phone Number"; Value = "0915 8700 314"; VariantName = "[No Variations]"
Add component (AddParameter): Name = "Power"; Value = "1/8W"; VariantName = "[No Variations]"
Add component (AddParameter): Name = "Published Date"; Value = "9-15-2024"; VariantName = "[No Variations]"
Add component (AddParameter): Name = "Publisher"; Value = "Mahdi Bagherzadeh"; VariantName = "[No Variations]"
Add component (AddParameter): Name = "Tolerance"; Value = "5%"; VariantName = "[No Variations]"
Add component (AddParameter): Name = "Type"; Value = "SMD"; VariantName = "[No Variations]"
Add component (AddParameter): Name = "Value"; Value = "1K"; VariantName = "[No Variations]"
Added Component: Designator=R5_4(R-0805)
Add component (AddParameter): Name = "ComponentLink1Description"; Value = "Linkedin"; VariantName = "[No Variations]"
Add component (AddParameter): Name = "ComponentLink1URL"; Value = "https://ir.linkedin.com/in/mahdi-bagherzade"; VariantName = "[No Variations]"
Add component (AddParameter): Name = "Phone Number"; Value = "0915 8700 314"; VariantName = "[No Variations]"
Add component (AddParameter): Name = "Power"; Value = "1/8W"; VariantName = "[No Variations]"
Add component (AddParameter): Name = "Published Date"; Value = "9-15-2024"; VariantName = "[No Variations]"
Add component (AddParameter): Name = "Publisher"; Value = "Mahdi Bagherzadeh"; VariantName = "[No Variations]"
Add component (AddParameter): Name = "Tolerance"; Value = "5%"; VariantName = "[No Variations]"
Add component (AddParameter): Name = "Type"; Value = "SMD"; VariantName = "[No Variations]"
Add component (AddParameter): Name = "Value"; Value = "1K"; VariantName = "[No Variations]"
Added Component: Designator=R6_1(R-0805)
Add component (AddParameter): Name = "ComponentLink1Description"; Value = "Linkedin"; VariantName = "[No Variations]"
Add component (AddParameter): Name = "ComponentLink1URL"; Value = "https://ir.linkedin.com/in/mahdi-bagherzade"; VariantName = "[No Variations]"
Add component (AddParameter): Name = "Phone Number"; Value = "0915 8700 314"; VariantName = "[No Variations]"
Add component (AddParameter): Name = "Power"; Value = "1/8W"; VariantName = "[No Variations]"
Add component (AddParameter): Name = "Published Date"; Value = "9-15-2024"; VariantName = "[No Variations]"
Add component (AddParameter): Name = "Publisher"; Value = "Mahdi Bagherzadeh"; VariantName = "[No Variations]"
Add component (AddParameter): Name = "Tolerance"; Value = "5%"; VariantName = "[No Variations]"
Add component (AddParameter): Name = "Type"; Value = "SMD"; VariantName = "[No Variations]"
Add component (AddParameter): Name = "Value"; Value = "10K"; VariantName = "[No Variations]"
Added Component: Designator=R6_2(R-0805)
Add component (AddParameter): Name = "ComponentLink1Description"; Value = "Linkedin"; VariantName = "[No Variations]"
Add component (AddParameter): Name = "ComponentLink1URL"; Value = "https://ir.linkedin.com/in/mahdi-bagherzade"; VariantName = "[No Variations]"
Add component (AddParameter): Name = "Phone Number"; Value = "0915 8700 314"; VariantName = "[No Variations]"
Add component (AddParameter): Name = "Power"; Value = "1/8W"; VariantName = "[No Variations]"
Add component (AddParameter): Name = "Published Date"; Value = "9-15-2024"; VariantName = "[No Variations]"
Add component (AddParameter): Name = "Publisher"; Value = "Mahdi Bagherzadeh"; VariantName = "[No Variations]"
Add component (AddParameter): Name = "Tolerance"; Value = "5%"; VariantName = "[No Variations]"
Add component (AddParameter): Name = "Type"; Value = "SMD"; VariantName = "[No Variations]"
Add component (AddParameter): Name = "Value"; Value = "10K"; VariantName = "[No Variations]"
Added Component: Designator=R6_3(R-0805)
Add component (AddParameter): Name = "ComponentLink1Description"; Value = "Linkedin"; VariantName = "[No Variations]"
Add component (AddParameter): Name = "ComponentLink1URL"; Value = "https://ir.linkedin.com/in/mahdi-bagherzade"; VariantName = "[No Variations]"
Add component (AddParameter): Name = "Phone Number"; Value = "0915 8700 314"; VariantName = "[No Variations]"
Add component (AddParameter): Name = "Power"; Value = "1/8W"; VariantName = "[No Variations]"
Add component (AddParameter): Name = "Published Date"; Value = "9-15-2024"; VariantName = "[No Variations]"
Add component (AddParameter): Name = "Publisher"; Value = "Mahdi Bagherzadeh"; VariantName = "[No Variations]"
Add component (AddParameter): Name = "Tolerance"; Value = "5%"; VariantName = "[No Variations]"
Add component (AddParameter): Name = "Type"; Value = "SMD"; VariantName = "[No Variations]"
Add component (AddParameter): Name = "Value"; Value = "10K"; VariantName = "[No Variations]"
Added Component: Designator=R6_4(R-0805)
Add component (AddParameter): Name = "ComponentLink1Description"; Value = "Linkedin"; VariantName = "[No Variations]"
Add component (AddParameter): Name = "ComponentLink1URL"; Value = "https://ir.linkedin.com/in/mahdi-bagherzade"; VariantName = "[No Variations]"
Add component (AddParameter): Name = "Phone Number"; Value = "0915 8700 314"; VariantName = "[No Variations]"
Add component (AddParameter): Name = "Power"; Value = "1/8W"; VariantName = "[No Variations]"
Add component (AddParameter): Name = "Published Date"; Value = "9-15-2024"; VariantName = "[No Variations]"
Add component (AddParameter): Name = "Publisher"; Value = "Mahdi Bagherzadeh"; VariantName = "[No Variations]"
Add component (AddParameter): Name = "Tolerance"; Value = "5%"; VariantName = "[No Variations]"
Add component (AddParameter): Name = "Type"; Value = "SMD"; VariantName = "[No Variations]"
Add component (AddParameter): Name = "Value"; Value = "10K"; VariantName = "[No Variations]"
Added Component: Designator=R7_1(R-0805)
Add component (AddParameter): Name = "ComponentLink1Description"; Value = "Linkedin"; VariantName = "[No Variations]"
Add component (AddParameter): Name = "ComponentLink1URL"; Value = "https://ir.linkedin.com/in/mahdi-bagherzade"; VariantName = "[No Variations]"
Add component (AddParameter): Name = "Phone Number"; Value = "0915 8700 314"; VariantName = "[No Variations]"
Add component (AddParameter): Name = "Power"; Value = "1/8W"; VariantName = "[No Variations]"
Add component (AddParameter): Name = "Published Date"; Value = "9-15-2024"; VariantName = "[No Variations]"
Add component (AddParameter): Name = "Publisher"; Value = "Mahdi Bagherzadeh"; VariantName = "[No Variations]"
Add component (AddParameter): Name = "Tolerance"; Value = "5%"; VariantName = "[No Variations]"
Add component (AddParameter): Name = "Value"; Value = "47K"; VariantName = "[No Variations]"
Added Component: Designator=R7_2(R-0805)
Add component (AddParameter): Name = "ComponentLink1Description"; Value = "Linkedin"; VariantName = "[No Variations]"
Add component (AddParameter): Name = "ComponentLink1URL"; Value = "https://ir.linkedin.com/in/mahdi-bagherzade"; VariantName = "[No Variations]"
Add component (AddParameter): Name = "Phone Number"; Value = "0915 8700 314"; VariantName = "[No Variations]"
Add component (AddParameter): Name = "Power"; Value = "1/8W"; VariantName = "[No Variations]"
Add component (AddParameter): Name = "Published Date"; Value = "9-15-2024"; VariantName = "[No Variations]"
Add component (AddParameter): Name = "Publisher"; Value = "Mahdi Bagherzadeh"; VariantName = "[No Variations]"
Add component (AddParameter): Name = "Tolerance"; Value = "5%"; VariantName = "[No Variations]"
Add component (AddParameter): Name = "Value"; Value = "47K"; VariantName = "[No Variations]"
Added Component: Designator=R7_3(R-0805)
Add component (AddParameter): Name = "ComponentLink1Description"; Value = "Linkedin"; VariantName = "[No Variations]"
Add component (AddParameter): Name = "ComponentLink1URL"; Value = "https://ir.linkedin.com/in/mahdi-bagherzade"; VariantName = "[No Variations]"
Add component (AddParameter): Name = "Phone Number"; Value = "0915 8700 314"; VariantName = "[No Variations]"
Add component (AddParameter): Name = "Power"; Value = "1/8W"; VariantName = "[No Variations]"
Add component (AddParameter): Name = "Published Date"; Value = "9-15-2024"; VariantName = "[No Variations]"
Add component (AddParameter): Name = "Publisher"; Value = "Mahdi Bagherzadeh"; VariantName = "[No Variations]"
Add component (AddParameter): Name = "Tolerance"; Value = "5%"; VariantName = "[No Variations]"
Add component (AddParameter): Name = "Value"; Value = "47K"; VariantName = "[No Variations]"
Added Component: Designator=R7_4(R-0805)
Add component (AddParameter): Name = "ComponentLink1Description"; Value = "Linkedin"; VariantName = "[No Variations]"
Add component (AddParameter): Name = "ComponentLink1URL"; Value = "https://ir.linkedin.com/in/mahdi-bagherzade"; VariantName = "[No Variations]"
Add component (AddParameter): Name = "Phone Number"; Value = "0915 8700 314"; VariantName = "[No Variations]"
Add component (AddParameter): Name = "Power"; Value = "1/8W"; VariantName = "[No Variations]"
Add component (AddParameter): Name = "Published Date"; Value = "9-15-2024"; VariantName = "[No Variations]"
Add component (AddParameter): Name = "Publisher"; Value = "Mahdi Bagherzadeh"; VariantName = "[No Variations]"
Add component (AddParameter): Name = "Tolerance"; Value = "5%"; VariantName = "[No Variations]"
Add component (AddParameter): Name = "Value"; Value = "47K"; VariantName = "[No Variations]"
Added Component: Designator=R8_1(R-0805)
Add component (AddParameter): Name = "ComponentLink1Description"; Value = "Linkedin"; VariantName = "[No Variations]"
Add component (AddParameter): Name = "ComponentLink1URL"; Value = "https://ir.linkedin.com/in/mahdi-bagherzade"; VariantName = "[No Variations]"
Add component (AddParameter): Name = "Phone Number"; Value = "0915 8700 314"; VariantName = "[No Variations]"
Add component (AddParameter): Name = "Power"; Value = "1/8W"; VariantName = "[No Variations]"
Add component (AddParameter): Name = "Published Date"; Value = "9-15-2024"; VariantName = "[No Variations]"
Add component (AddParameter): Name = "Publisher"; Value = "Mahdi Bagherzadeh"; VariantName = "[No Variations]"
Add component (AddParameter): Name = "Tolerance"; Value = "5%"; VariantName = "[No Variations]"
Add component (AddParameter): Name = "Value"; Value = "470R"; VariantName = "[No Variations]"
Added Component: Designator=R8_2(R-0805)
Add component (AddParameter): Name = "ComponentLink1Description"; Value = "Linkedin"; VariantName = "[No Variations]"
Add component (AddParameter): Name = "ComponentLink1URL"; Value = "https://ir.linkedin.com/in/mahdi-bagherzade"; VariantName = "[No Variations]"
Add component (AddParameter): Name = "Phone Number"; Value = "0915 8700 314"; VariantName = "[No Variations]"
Add component (AddParameter): Name = "Power"; Value = "1/8W"; VariantName = "[No Variations]"
Add component (AddParameter): Name = "Published Date"; Value = "9-15-2024"; VariantName = "[No Variations]"
Add component (AddParameter): Name = "Publisher"; Value = "Mahdi Bagherzadeh"; VariantName = "[No Variations]"
Add component (AddParameter): Name = "Tolerance"; Value = "5%"; VariantName = "[No Variations]"
Add component (AddParameter): Name = "Value"; Value = "470R"; VariantName = "[No Variations]"
Added Component: Designator=R8_3(R-0805)
Add component (AddParameter): Name = "ComponentLink1Description"; Value = "Linkedin"; VariantName = "[No Variations]"
Add component (AddParameter): Name = "ComponentLink1URL"; Value = "https://ir.linkedin.com/in/mahdi-bagherzade"; VariantName = "[No Variations]"
Add component (AddParameter): Name = "Phone Number"; Value = "0915 8700 314"; VariantName = "[No Variations]"
Add component (AddParameter): Name = "Power"; Value = "1/8W"; VariantName = "[No Variations]"
Add component (AddParameter): Name = "Published Date"; Value = "9-15-2024"; VariantName = "[No Variations]"
Add component (AddParameter): Name = "Publisher"; Value = "Mahdi Bagherzadeh"; VariantName = "[No Variations]"
Add component (AddParameter): Name = "Tolerance"; Value = "5%"; VariantName = "[No Variations]"
Add component (AddParameter): Name = "Value"; Value = "470R"; VariantName = "[No Variations]"
Added Component: Designator=R8_4(R-0805)
Add component (AddParameter): Name = "ComponentLink1Description"; Value = "Linkedin"; VariantName = "[No Variations]"
Add component (AddParameter): Name = "ComponentLink1URL"; Value = "https://ir.linkedin.com/in/mahdi-bagherzade"; VariantName = "[No Variations]"
Add component (AddParameter): Name = "Phone Number"; Value = "0915 8700 314"; VariantName = "[No Variations]"
Add component (AddParameter): Name = "Power"; Value = "1/8W"; VariantName = "[No Variations]"
Add component (AddParameter): Name = "Published Date"; Value = "9-15-2024"; VariantName = "[No Variations]"
Add component (AddParameter): Name = "Publisher"; Value = "Mahdi Bagherzadeh"; VariantName = "[No Variations]"
Add component (AddParameter): Name = "Tolerance"; Value = "5%"; VariantName = "[No Variations]"
Add component (AddParameter): Name = "Value"; Value = "470R"; VariantName = "[No Variations]"
Added Component: Designator=R9(R-0805)
Add component (AddParameter): Name = "ComponentLink1Description"; Value = "Linkedin"; VariantName = "[No Variations]"
Add component (AddParameter): Name = "ComponentLink1URL"; Value = "https://ir.linkedin.com/in/mahdi-bagherzade"; VariantName = "[No Variations]"
Add component (AddParameter): Name = "Phone Number"; Value = "0915 8700 314"; VariantName = "[No Variations]"
Add component (AddParameter): Name = "Power"; Value = "1/8W"; VariantName = "[No Variations]"
Add component (AddParameter): Name = "Published Date"; Value = "9-15-2024"; VariantName = "[No Variations]"
Add component (AddParameter): Name = "Publisher"; Value = "Mahdi Bagherzadeh"; VariantName = "[No Variations]"
Add component (AddParameter): Name = "Tolerance"; Value = "5%"; VariantName = "[No Variations]"
Add component (AddParameter): Name = "Value"; Value = "4.7K"; VariantName = "[No Variations]"
Added Component: Designator=R10(R-0805)
Add component (AddParameter): Name = "ComponentLink1Description"; Value = "Linkedin"; VariantName = "[No Variations]"
Add component (AddParameter): Name = "ComponentLink1URL"; Value = "https://ir.linkedin.com/in/mahdi-bagherzade"; VariantName = "[No Variations]"
Add component (AddParameter): Name = "Phone Number"; Value = "0915 8700 314"; VariantName = "[No Variations]"
Add component (AddParameter): Name = "Power"; Value = "1/8W"; VariantName = "[No Variations]"
Add component (AddParameter): Name = "Published Date"; Value = "9-15-2024"; VariantName = "[No Variations]"
Add component (AddParameter): Name = "Publisher"; Value = "Mahdi Bagherzadeh"; VariantName = "[No Variations]"
Add component (AddParameter): Name = "Tolerance"; Value = "5%"; VariantName = "[No Variations]"
Add component (AddParameter): Name = "Value"; Value = "4.7K"; VariantName = "[No Variations]"
Added Component: Designator=R11(R-0805)
Add component (AddParameter): Name = "ComponentLink1Description"; Value = "Linkedin"; VariantName = "[No Variations]"
Add component (AddParameter): Name = "ComponentLink1URL"; Value = "https://ir.linkedin.com/in/mahdi-bagherzade"; VariantName = "[No Variations]"
Add component (AddParameter): Name = "Phone Number"; Value = "0915 8700 314"; VariantName = "[No Variations]"
Add component (AddParameter): Name = "Published Date"; Value = "9-15-2024"; VariantName = "[No Variations]"
Add component (AddParameter): Name = "Publisher"; Value = "Mahdi Bagherzadeh"; VariantName = "[No Variations]"
Add component (AddParameter): Name = "VALUE"; Value = ""; VariantName = "[No Variations]"
Added Component: Designator=R12(R-0805)
Add component (AddParameter): Name = "ComponentLink1Description"; Value = "Linkedin"; VariantName = "[No Variations]"
Add component (AddParameter): Name = "ComponentLink1URL"; Value = "https://ir.linkedin.com/in/mahdi-bagherzade"; VariantName = "[No Variations]"
Add component (AddParameter): Name = "Phone Number"; Value = "0915 8700 314"; VariantName = "[No Variations]"
Add component (AddParameter): Name = "Published Date"; Value = "9-15-2024"; VariantName = "[No Variations]"
Add component (AddParameter): Name = "Publisher"; Value = "Mahdi Bagherzadeh"; VariantName = "[No Variations]"
Add component (AddParameter): Name = "VALUE"; Value = ""; VariantName = "[No Variations]"
Added Component: Designator=R13(R-0805)
Add component (AddParameter): Name = "ComponentLink1Description"; Value = "Linkedin"; VariantName = "[No Variations]"
Add component (AddParameter): Name = "ComponentLink1URL"; Value = "https://ir.linkedin.com/in/mahdi-bagherzade"; VariantName = "[No Variations]"
Add component (AddParameter): Name = "Phone Number"; Value = "0915 8700 314"; VariantName = "[No Variations]"
Add component (AddParameter): Name = "Published Date"; Value = "9-15-2024"; VariantName = "[No Variations]"
Add component (AddParameter): Name = "Publisher"; Value = "Mahdi Bagherzadeh"; VariantName = "[No Variations]"
Add component (AddParameter): Name = "VALUE"; Value = ""; VariantName = "[No Variations]"
Added Component: Designator=R14(R-0805)
Add component (AddParameter): Name = "ComponentLink1Description"; Value = "Linkedin"; VariantName = "[No Variations]"
Add component (AddParameter): Name = "ComponentLink1URL"; Value = "https://ir.linkedin.com/in/mahdi-bagherzade"; VariantName = "[No Variations]"
Add component (AddParameter): Name = "Phone Number"; Value = "0915 8700 314"; VariantName = "[No Variations]"
Add component (AddParameter): Name = "Published Date"; Value = "9-15-2024"; VariantName = "[No Variations]"
Add component (AddParameter): Name = "Publisher"; Value = "Mahdi Bagherzadeh"; VariantName = "[No Variations]"
Add component (AddParameter): Name = "VALUE"; Value = ""; VariantName = "[No Variations]"
Added Component: Designator=R15(R-0805)
Add component (AddParameter): Name = "ComponentLink1Description"; Value = "Linkedin"; VariantName = "[No Variations]"
Add component (AddParameter): Name = "ComponentLink1URL"; Value = "https://ir.linkedin.com/in/mahdi-bagherzade"; VariantName = "[No Variations]"
Add component (AddParameter): Name = "Phone Number"; Value = "0915 8700 314"; VariantName = "[No Variations]"
Add component (AddParameter): Name = "Published Date"; Value = "9-15-2024"; VariantName = "[No Variations]"
Add component (AddParameter): Name = "Publisher"; Value = "Mahdi Bagherzadeh"; VariantName = "[No Variations]"
Add component (AddParameter): Name = "VALUE"; Value = ""; VariantName = "[No Variations]"
Added Component: Designator=R16(R-0805)
Add component (AddParameter): Name = "ComponentLink1Description"; Value = "Linkedin"; VariantName = "[No Variations]"
Add component (AddParameter): Name = "ComponentLink1URL"; Value = "https://ir.linkedin.com/in/mahdi-bagherzade"; VariantName = "[No Variations]"
Add component (AddParameter): Name = "Phone Number"; Value = "0915 8700 314"; VariantName = "[No Variations]"
Add component (AddParameter): Name = "Published Date"; Value = "9-15-2024"; VariantName = "[No Variations]"
Add component (AddParameter): Name = "Publisher"; Value = "Mahdi Bagherzadeh"; VariantName = "[No Variations]"
Add component (AddParameter): Name = "VALUE"; Value = ""; VariantName = "[No Variations]"
Added Component: Designator=R17(R-0805)
Add component (AddParameter): Name = "ComponentLink1Description"; Value = "Linkedin"; VariantName = "[No Variations]"
Add component (AddParameter): Name = "ComponentLink1URL"; Value = "https://ir.linkedin.com/in/mahdi-bagherzade"; VariantName = "[No Variations]"
Add component (AddParameter): Name = "Phone Number"; Value = "0915 8700 314"; VariantName = "[No Variations]"
Add component (AddParameter): Name = "Published Date"; Value = "9-15-2024"; VariantName = "[No Variations]"
Add component (AddParameter): Name = "Publisher"; Value = "Mahdi Bagherzadeh"; VariantName = "[No Variations]"
Add component (AddParameter): Name = "VALUE"; Value = ""; VariantName = "[No Variations]"
Added Component: Designator=R18(R-0805)
Add component (AddParameter): Name = "ComponentLink1Description"; Value = "Linkedin"; VariantName = "[No Variations]"
Add component (AddParameter): Name = "ComponentLink1URL"; Value = "https://ir.linkedin.com/in/mahdi-bagherzade"; VariantName = "[No Variations]"
Add component (AddParameter): Name = "Phone Number"; Value = "0915 8700 314"; VariantName = "[No Variations]"
Add component (AddParameter): Name = "Published Date"; Value = "9-15-2024"; VariantName = "[No Variations]"
Add component (AddParameter): Name = "Publisher"; Value = "Mahdi Bagherzadeh"; VariantName = "[No Variations]"
Add component (AddParameter): Name = "VALUE"; Value = ""; VariantName = "[No Variations]"
Added Component: Designator=R19(R-0805)
Add component (AddParameter): Name = "ComponentLink1Description"; Value = "Linkedin"; VariantName = "[No Variations]"
Add component (AddParameter): Name = "ComponentLink1URL"; Value = "https://ir.linkedin.com/in/mahdi-bagherzade"; VariantName = "[No Variations]"
Add component (AddParameter): Name = "Phone Number"; Value = "0915 8700 314"; VariantName = "[No Variations]"
Add component (AddParameter): Name = "Published Date"; Value = "9-15-2024"; VariantName = "[No Variations]"
Add component (AddParameter): Name = "Publisher"; Value = "Mahdi Bagherzadeh"; VariantName = "[No Variations]"
Add component (AddParameter): Name = "VALUE"; Value = ""; VariantName = "[No Variations]"
Added Component: Designator=R20(R-0805)
Add component (AddParameter): Name = "ComponentLink1Description"; Value = "Linkedin"; VariantName = "[No Variations]"
Add component (AddParameter): Name = "ComponentLink1URL"; Value = "https://ir.linkedin.com/in/mahdi-bagherzade"; VariantName = "[No Variations]"
Add component (AddParameter): Name = "Phone Number"; Value = "0915 8700 314"; VariantName = "[No Variations]"
Add component (AddParameter): Name = "Published Date"; Value = "9-15-2024"; VariantName = "[No Variations]"
Add component (AddParameter): Name = "Publisher"; Value = "Mahdi Bagherzadeh"; VariantName = "[No Variations]"
Add component (AddParameter): Name = "VALUE"; Value = ""; VariantName = "[No Variations]"
Added Component: Designator=R21(R-0805)
Add component (AddParameter): Name = "ComponentLink1Description"; Value = "Linkedin"; VariantName = "[No Variations]"
Add component (AddParameter): Name = "ComponentLink1URL"; Value = "https://ir.linkedin.com/in/mahdi-bagherzade"; VariantName = "[No Variations]"
Add component (AddParameter): Name = "Phone Number"; Value = "0915 8700 314"; VariantName = "[No Variations]"
Add component (AddParameter): Name = "Published Date"; Value = "9-15-2024"; VariantName = "[No Variations]"
Add component (AddParameter): Name = "Publisher"; Value = "Mahdi Bagherzadeh"; VariantName = "[No Variations]"
Add component (AddParameter): Name = "VALUE"; Value = ""; VariantName = "[No Variations]"
Added Component: Designator=R22(R-0805)
Add component (AddParameter): Name = "ComponentLink1Description"; Value = "Linkedin"; VariantName = "[No Variations]"
Add component (AddParameter): Name = "ComponentLink1URL"; Value = "https://ir.linkedin.com/in/mahdi-bagherzade"; VariantName = "[No Variations]"
Add component (AddParameter): Name = "Phone Number"; Value = "0915 8700 314"; VariantName = "[No Variations]"
Add component (AddParameter): Name = "Published Date"; Value = "9-15-2024"; VariantName = "[No Variations]"
Add component (AddParameter): Name = "Publisher"; Value = "Mahdi Bagherzadeh"; VariantName = "[No Variations]"
Add component (AddParameter): Name = "VALUE"; Value = ""; VariantName = "[No Variations]"
Added Component: Designator=R23(R-0805)
Add component (AddParameter): Name = "ComponentLink1Description"; Value = "Linkedin"; VariantName = "[No Variations]"
Add component (AddParameter): Name = "ComponentLink1URL"; Value = "https://ir.linkedin.com/in/mahdi-bagherzade"; VariantName = "[No Variations]"
Add component (AddParameter): Name = "Phone Number"; Value = "0915 8700 314"; VariantName = "[No Variations]"
Add component (AddParameter): Name = "Published Date"; Value = "9-15-2024"; VariantName = "[No Variations]"
Add component (AddParameter): Name = "Publisher"; Value = "Mahdi Bagherzadeh"; VariantName = "[No Variations]"
Add component (AddParameter): Name = "VALUE"; Value = ""; VariantName = "[No Variations]"
Added Component: Designator=R24(R-0805)
Add component (AddParameter): Name = "ComponentLink1Description"; Value = "Linkedin"; VariantName = "[No Variations]"
Add component (AddParameter): Name = "ComponentLink1URL"; Value = "https://ir.linkedin.com/in/mahdi-bagherzade"; VariantName = "[No Variations]"
Add component (AddParameter): Name = "Phone Number"; Value = "0915 8700 314"; VariantName = "[No Variations]"
Add component (AddParameter): Name = "Published Date"; Value = "9-15-2024"; VariantName = "[No Variations]"
Add component (AddParameter): Name = "Publisher"; Value = "Mahdi Bagherzadeh"; VariantName = "[No Variations]"
Add component (AddParameter): Name = "VALUE"; Value = ""; VariantName = "[No Variations]"
Added Component: Designator=R25(R-0805)
Add component (AddParameter): Name = "ComponentLink1Description"; Value = "Linkedin"; VariantName = "[No Variations]"
Add component (AddParameter): Name = "ComponentLink1URL"; Value = "https://ir.linkedin.com/in/mahdi-bagherzade"; VariantName = "[No Variations]"
Add component (AddParameter): Name = "Phone Number"; Value = "0915 8700 314"; VariantName = "[No Variations]"
Add component (AddParameter): Name = "Published Date"; Value = "9-15-2024"; VariantName = "[No Variations]"
Add component (AddParameter): Name = "Publisher"; Value = "Mahdi Bagherzadeh"; VariantName = "[No Variations]"
Add component (AddParameter): Name = "VALUE"; Value = ""; VariantName = "[No Variations]"
Added Component: Designator=R26(R-0805)
Add component (AddParameter): Name = "ComponentLink1Description"; Value = "Linkedin"; VariantName = "[No Variations]"
Add component (AddParameter): Name = "ComponentLink1URL"; Value = "https://ir.linkedin.com/in/mahdi-bagherzade"; VariantName = "[No Variations]"
Add component (AddParameter): Name = "Phone Number"; Value = "0915 8700 314"; VariantName = "[No Variations]"
Add component (AddParameter): Name = "Published Date"; Value = "9-15-2024"; VariantName = "[No Variations]"
Add component (AddParameter): Name = "Publisher"; Value = "Mahdi Bagherzadeh"; VariantName = "[No Variations]"
Add component (AddParameter): Name = "VALUE"; Value = ""; VariantName = "[No Variations]"
Added Component: Designator=R27(R-0805)
Add component (AddParameter): Name = "ComponentLink1Description"; Value = "Linkedin"; VariantName = "[No Variations]"
Add component (AddParameter): Name = "ComponentLink1URL"; Value = "https://ir.linkedin.com/in/mahdi-bagherzade"; VariantName = "[No Variations]"
Add component (AddParameter): Name = "Phone Number"; Value = "0915 8700 314"; VariantName = "[No Variations]"
Add component (AddParameter): Name = "Published Date"; Value = "9-15-2024"; VariantName = "[No Variations]"
Add component (AddParameter): Name = "Publisher"; Value = "Mahdi Bagherzadeh"; VariantName = "[No Variations]"
Add component (AddParameter): Name = "VALUE"; Value = ""; VariantName = "[No Variations]"
Added Component: Designator=R28(R-0805)
Add component (AddParameter): Name = "ComponentLink1Description"; Value = "Linkedin"; VariantName = "[No Variations]"
Add component (AddParameter): Name = "ComponentLink1URL"; Value = "https://ir.linkedin.com/in/mahdi-bagherzade"; VariantName = "[No Variations]"
Add component (AddParameter): Name = "Phone Number"; Value = "0915 8700 314"; VariantName = "[No Variations]"
Add component (AddParameter): Name = "Power"; Value = "1/8W"; VariantName = "[No Variations]"
Add component (AddParameter): Name = "Published Date"; Value = "9-15-2024"; VariantName = "[No Variations]"
Add component (AddParameter): Name = "Publisher"; Value = "Mahdi Bagherzadeh"; VariantName = "[No Variations]"
Add component (AddParameter): Name = "Tolerance"; Value = "5%"; VariantName = "[No Variations]"
Add component (AddParameter): Name = "VALUE"; Value = "10K"; VariantName = "[No Variations]"
Added Component: Designator=R29(R-0805)
Add component (AddParameter): Name = "ComponentLink1Description"; Value = "Linkedin"; VariantName = "[No Variations]"
Add component (AddParameter): Name = "ComponentLink1URL"; Value = "https://ir.linkedin.com/in/mahdi-bagherzade"; VariantName = "[No Variations]"
Add component (AddParameter): Name = "Phone Number"; Value = "0915 8700 314"; VariantName = "[No Variations]"
Add component (AddParameter): Name = "Power"; Value = "1/8W"; VariantName = "[No Variations]"
Add component (AddParameter): Name = "Published Date"; Value = "9-15-2024"; VariantName = "[No Variations]"
Add component (AddParameter): Name = "Publisher"; Value = "Mahdi Bagherzadeh"; VariantName = "[No Variations]"
Add component (AddParameter): Name = "Tolerance"; Value = "5%"; VariantName = "[No Variations]"
Add component (AddParameter): Name = "VALUE"; Value = "10K"; VariantName = "[No Variations]"
Added Component: Designator=R30(R-0805)
Add component (AddParameter): Name = "ComponentLink1Description"; Value = "Linkedin"; VariantName = "[No Variations]"
Add component (AddParameter): Name = "ComponentLink1URL"; Value = "https://ir.linkedin.com/in/mahdi-bagherzade"; VariantName = "[No Variations]"
Add component (AddParameter): Name = "Phone Number"; Value = "0915 8700 314"; VariantName = "[No Variations]"
Add component (AddParameter): Name = "Power"; Value = "1/8W"; VariantName = "[No Variations]"
Add component (AddParameter): Name = "Published Date"; Value = "9-15-2024"; VariantName = "[No Variations]"
Add component (AddParameter): Name = "Publisher"; Value = "Mahdi Bagherzadeh"; VariantName = "[No Variations]"
Add component (AddParameter): Name = "Tolerance"; Value = "5%"; VariantName = "[No Variations]"
Add component (AddParameter): Name = "VALUE"; Value = "2.2K"; VariantName = "[No Variations]"
Added Component: Designator=R31_1(R-0805)
Add component (AddParameter): Name = "ComponentLink1Description"; Value = "Linkedin"; VariantName = "[No Variations]"
Add component (AddParameter): Name = "ComponentLink1URL"; Value = "https://ir.linkedin.com/in/mahdi-bagherzade"; VariantName = "[No Variations]"
Add component (AddParameter): Name = "Phone Number"; Value = "0915 8700 314"; VariantName = "[No Variations]"
Add component (AddParameter): Name = "Power"; Value = "1/8W"; VariantName = "[No Variations]"
Add component (AddParameter): Name = "Published Date"; Value = "9-15-2024"; VariantName = "[No Variations]"
Add component (AddParameter): Name = "Publisher"; Value = "Mahdi Bagherzadeh"; VariantName = "[No Variations]"
Add component (AddParameter): Name = "Tolerance"; Value = "5%"; VariantName = "[No Variations]"
Add component (AddParameter): Name = "Type"; Value = "SMD"; VariantName = "[No Variations]"
Add component (AddParameter): Name = "Value"; Value = "1K"; VariantName = "[No Variations]"
Added Component: Designator=R31_2(R-0805)
Add component (AddParameter): Name = "ComponentLink1Description"; Value = "Linkedin"; VariantName = "[No Variations]"
Add component (AddParameter): Name = "ComponentLink1URL"; Value = "https://ir.linkedin.com/in/mahdi-bagherzade"; VariantName = "[No Variations]"
Add component (AddParameter): Name = "Phone Number"; Value = "0915 8700 314"; VariantName = "[No Variations]"
Add component (AddParameter): Name = "Power"; Value = "1/8W"; VariantName = "[No Variations]"
Add component (AddParameter): Name = "Published Date"; Value = "9-15-2024"; VariantName = "[No Variations]"
Add component (AddParameter): Name = "Publisher"; Value = "Mahdi Bagherzadeh"; VariantName = "[No Variations]"
Add component (AddParameter): Name = "Tolerance"; Value = "5%"; VariantName = "[No Variations]"
Add component (AddParameter): Name = "Type"; Value = "SMD"; VariantName = "[No Variations]"
Add component (AddParameter): Name = "Value"; Value = "1K"; VariantName = "[No Variations]"
Added Component: Designator=R31_3(R-0805)
Add component (AddParameter): Name = "ComponentLink1Description"; Value = "Linkedin"; VariantName = "[No Variations]"
Add component (AddParameter): Name = "ComponentLink1URL"; Value = "https://ir.linkedin.com/in/mahdi-bagherzade"; VariantName = "[No Variations]"
Add component (AddParameter): Name = "Phone Number"; Value = "0915 8700 314"; VariantName = "[No Variations]"
Add component (AddParameter): Name = "Power"; Value = "1/8W"; VariantName = "[No Variations]"
Add component (AddParameter): Name = "Published Date"; Value = "9-15-2024"; VariantName = "[No Variations]"
Add component (AddParameter): Name = "Publisher"; Value = "Mahdi Bagherzadeh"; VariantName = "[No Variations]"
Add component (AddParameter): Name = "Tolerance"; Value = "5%"; VariantName = "[No Variations]"
Add component (AddParameter): Name = "Type"; Value = "SMD"; VariantName = "[No Variations]"
Add component (AddParameter): Name = "Value"; Value = "1K"; VariantName = "[No Variations]"
Added Component: Designator=R31_4(R-0805)
Add component (AddParameter): Name = "ComponentLink1Description"; Value = "Linkedin"; VariantName = "[No Variations]"
Add component (AddParameter): Name = "ComponentLink1URL"; Value = "https://ir.linkedin.com/in/mahdi-bagherzade"; VariantName = "[No Variations]"
Add component (AddParameter): Name = "Phone Number"; Value = "0915 8700 314"; VariantName = "[No Variations]"
Add component (AddParameter): Name = "Power"; Value = "1/8W"; VariantName = "[No Variations]"
Add component (AddParameter): Name = "Published Date"; Value = "9-15-2024"; VariantName = "[No Variations]"
Add component (AddParameter): Name = "Publisher"; Value = "Mahdi Bagherzadeh"; VariantName = "[No Variations]"
Add component (AddParameter): Name = "Tolerance"; Value = "5%"; VariantName = "[No Variations]"
Add component (AddParameter): Name = "Type"; Value = "SMD"; VariantName = "[No Variations]"
Add component (AddParameter): Name = "Value"; Value = "1K"; VariantName = "[No Variations]"
Added Component: Designator=R32_1(R-0805)
Add component (AddParameter): Name = "ComponentLink1Description"; Value = "Linkedin"; VariantName = "[No Variations]"
Add component (AddParameter): Name = "ComponentLink1URL"; Value = "https://ir.linkedin.com/in/mahdi-bagherzade"; VariantName = "[No Variations]"
Add component (AddParameter): Name = "Phone Number"; Value = "0915 8700 314"; VariantName = "[No Variations]"
Add component (AddParameter): Name = "Power"; Value = "1/8W"; VariantName = "[No Variations]"
Add component (AddParameter): Name = "Published Date"; Value = "9-15-2024"; VariantName = "[No Variations]"
Add component (AddParameter): Name = "Publisher"; Value = "Mahdi Bagherzadeh"; VariantName = "[No Variations]"
Add component (AddParameter): Name = "Tolerance"; Value = "5%"; VariantName = "[No Variations]"
Add component (AddParameter): Name = "Type"; Value = "SMD"; VariantName = "[No Variations]"
Add component (AddParameter): Name = "Value"; Value = "10K"; VariantName = "[No Variations]"
Added Component: Designator=R32_2(R-0805)
Add component (AddParameter): Name = "ComponentLink1Description"; Value = "Linkedin"; VariantName = "[No Variations]"
Add component (AddParameter): Name = "ComponentLink1URL"; Value = "https://ir.linkedin.com/in/mahdi-bagherzade"; VariantName = "[No Variations]"
Add component (AddParameter): Name = "Phone Number"; Value = "0915 8700 314"; VariantName = "[No Variations]"
Add component (AddParameter): Name = "Power"; Value = "1/8W"; VariantName = "[No Variations]"
Add component (AddParameter): Name = "Published Date"; Value = "9-15-2024"; VariantName = "[No Variations]"
Add component (AddParameter): Name = "Publisher"; Value = "Mahdi Bagherzadeh"; VariantName = "[No Variations]"
Add component (AddParameter): Name = "Tolerance"; Value = "5%"; VariantName = "[No Variations]"
Add component (AddParameter): Name = "Type"; Value = "SMD"; VariantName = "[No Variations]"
Add component (AddParameter): Name = "Value"; Value = "10K"; VariantName = "[No Variations]"
Added Component: Designator=R32_3(R-0805)
Add component (AddParameter): Name = "ComponentLink1Description"; Value = "Linkedin"; VariantName = "[No Variations]"
Add component (AddParameter): Name = "ComponentLink1URL"; Value = "https://ir.linkedin.com/in/mahdi-bagherzade"; VariantName = "[No Variations]"
Add component (AddParameter): Name = "Phone Number"; Value = "0915 8700 314"; VariantName = "[No Variations]"
Add component (AddParameter): Name = "Power"; Value = "1/8W"; VariantName = "[No Variations]"
Add component (AddParameter): Name = "Published Date"; Value = "9-15-2024"; VariantName = "[No Variations]"
Add component (AddParameter): Name = "Publisher"; Value = "Mahdi Bagherzadeh"; VariantName = "[No Variations]"
Add component (AddParameter): Name = "Tolerance"; Value = "5%"; VariantName = "[No Variations]"
Add component (AddParameter): Name = "Type"; Value = "SMD"; VariantName = "[No Variations]"
Add component (AddParameter): Name = "Value"; Value = "10K"; VariantName = "[No Variations]"
Added Component: Designator=R32_4(R-0805)
Add component (AddParameter): Name = "ComponentLink1Description"; Value = "Linkedin"; VariantName = "[No Variations]"
Add component (AddParameter): Name = "ComponentLink1URL"; Value = "https://ir.linkedin.com/in/mahdi-bagherzade"; VariantName = "[No Variations]"
Add component (AddParameter): Name = "Phone Number"; Value = "0915 8700 314"; VariantName = "[No Variations]"
Add component (AddParameter): Name = "Power"; Value = "1/8W"; VariantName = "[No Variations]"
Add component (AddParameter): Name = "Published Date"; Value = "9-15-2024"; VariantName = "[No Variations]"
Add component (AddParameter): Name = "Publisher"; Value = "Mahdi Bagherzadeh"; VariantName = "[No Variations]"
Add component (AddParameter): Name = "Tolerance"; Value = "5%"; VariantName = "[No Variations]"
Add component (AddParameter): Name = "Type"; Value = "SMD"; VariantName = "[No Variations]"
Add component (AddParameter): Name = "Value"; Value = "10K"; VariantName = "[No Variations]"
Added Component: Designator=R33_1(R-0805)
Add component (AddParameter): Name = "ComponentLink1Description"; Value = "Linkedin"; VariantName = "[No Variations]"
Add component (AddParameter): Name = "ComponentLink1URL"; Value = "https://ir.linkedin.com/in/mahdi-bagherzade"; VariantName = "[No Variations]"
Add component (AddParameter): Name = "Phone Number"; Value = "0915 8700 314"; VariantName = "[No Variations]"
Add component (AddParameter): Name = "Power"; Value = "1/8W"; VariantName = "[No Variations]"
Add component (AddParameter): Name = "Published Date"; Value = "9-15-2024"; VariantName = "[No Variations]"
Add component (AddParameter): Name = "Publisher"; Value = "Mahdi Bagherzadeh"; VariantName = "[No Variations]"
Add component (AddParameter): Name = "Tolerance"; Value = "5%"; VariantName = "[No Variations]"
Add component (AddParameter): Name = "Type"; Value = "SMD"; VariantName = "[No Variations]"
Add component (AddParameter): Name = "Value"; Value = "1K"; VariantName = "[No Variations]"
Added Component: Designator=R33_2(R-0805)
Add component (AddParameter): Name = "ComponentLink1Description"; Value = "Linkedin"; VariantName = "[No Variations]"
Add component (AddParameter): Name = "ComponentLink1URL"; Value = "https://ir.linkedin.com/in/mahdi-bagherzade"; VariantName = "[No Variations]"
Add component (AddParameter): Name = "Phone Number"; Value = "0915 8700 314"; VariantName = "[No Variations]"
Add component (AddParameter): Name = "Power"; Value = "1/8W"; VariantName = "[No Variations]"
Add component (AddParameter): Name = "Published Date"; Value = "9-15-2024"; VariantName = "[No Variations]"
Add component (AddParameter): Name = "Publisher"; Value = "Mahdi Bagherzadeh"; VariantName = "[No Variations]"
Add component (AddParameter): Name = "Tolerance"; Value = "5%"; VariantName = "[No Variations]"
Add component (AddParameter): Name = "Type"; Value = "SMD"; VariantName = "[No Variations]"
Add component (AddParameter): Name = "Value"; Value = "1K"; VariantName = "[No Variations]"
Added Component: Designator=R33_3(R-0805)
Add component (AddParameter): Name = "ComponentLink1Description"; Value = "Linkedin"; VariantName = "[No Variations]"
Add component (AddParameter): Name = "ComponentLink1URL"; Value = "https://ir.linkedin.com/in/mahdi-bagherzade"; VariantName = "[No Variations]"
Add component (AddParameter): Name = "Phone Number"; Value = "0915 8700 314"; VariantName = "[No Variations]"
Add component (AddParameter): Name = "Power"; Value = "1/8W"; VariantName = "[No Variations]"
Add component (AddParameter): Name = "Published Date"; Value = "9-15-2024"; VariantName = "[No Variations]"
Add component (AddParameter): Name = "Publisher"; Value = "Mahdi Bagherzadeh"; VariantName = "[No Variations]"
Add component (AddParameter): Name = "Tolerance"; Value = "5%"; VariantName = "[No Variations]"
Add component (AddParameter): Name = "Type"; Value = "SMD"; VariantName = "[No Variations]"
Add component (AddParameter): Name = "Value"; Value = "1K"; VariantName = "[No Variations]"
Added Component: Designator=R33_4(R-0805)
Add component (AddParameter): Name = "ComponentLink1Description"; Value = "Linkedin"; VariantName = "[No Variations]"
Add component (AddParameter): Name = "ComponentLink1URL"; Value = "https://ir.linkedin.com/in/mahdi-bagherzade"; VariantName = "[No Variations]"
Add component (AddParameter): Name = "Phone Number"; Value = "0915 8700 314"; VariantName = "[No Variations]"
Add component (AddParameter): Name = "Power"; Value = "1/8W"; VariantName = "[No Variations]"
Add component (AddParameter): Name = "Published Date"; Value = "9-15-2024"; VariantName = "[No Variations]"
Add component (AddParameter): Name = "Publisher"; Value = "Mahdi Bagherzadeh"; VariantName = "[No Variations]"
Add component (AddParameter): Name = "Tolerance"; Value = "5%"; VariantName = "[No Variations]"
Add component (AddParameter): Name = "Type"; Value = "SMD"; VariantName = "[No Variations]"
Add component (AddParameter): Name = "Value"; Value = "1K"; VariantName = "[No Variations]"
Added Component: Designator=R34_1(R-0805)
Add component (AddParameter): Name = "ComponentLink1Description"; Value = "Linkedin"; VariantName = "[No Variations]"
Add component (AddParameter): Name = "ComponentLink1URL"; Value = "https://ir.linkedin.com/in/mahdi-bagherzade"; VariantName = "[No Variations]"
Add component (AddParameter): Name = "Phone Number"; Value = "0915 8700 314"; VariantName = "[No Variations]"
Add component (AddParameter): Name = "Power"; Value = "1/8W"; VariantName = "[No Variations]"
Add component (AddParameter): Name = "Published Date"; Value = "9-15-2024"; VariantName = "[No Variations]"
Add component (AddParameter): Name = "Publisher"; Value = "Mahdi Bagherzadeh"; VariantName = "[No Variations]"
Add component (AddParameter): Name = "Tolerance"; Value = "5%"; VariantName = "[No Variations]"
Add component (AddParameter): Name = "Type"; Value = "SMD"; VariantName = "[No Variations]"
Add component (AddParameter): Name = "Value"; Value = "10K"; VariantName = "[No Variations]"
Added Component: Designator=R34_2(R-0805)
Add component (AddParameter): Name = "ComponentLink1Description"; Value = "Linkedin"; VariantName = "[No Variations]"
Add component (AddParameter): Name = "ComponentLink1URL"; Value = "https://ir.linkedin.com/in/mahdi-bagherzade"; VariantName = "[No Variations]"
Add component (AddParameter): Name = "Phone Number"; Value = "0915 8700 314"; VariantName = "[No Variations]"
Add component (AddParameter): Name = "Power"; Value = "1/8W"; VariantName = "[No Variations]"
Add component (AddParameter): Name = "Published Date"; Value = "9-15-2024"; VariantName = "[No Variations]"
Add component (AddParameter): Name = "Publisher"; Value = "Mahdi Bagherzadeh"; VariantName = "[No Variations]"
Add component (AddParameter): Name = "Tolerance"; Value = "5%"; VariantName = "[No Variations]"
Add component (AddParameter): Name = "Type"; Value = "SMD"; VariantName = "[No Variations]"
Add component (AddParameter): Name = "Value"; Value = "10K"; VariantName = "[No Variations]"
Added Component: Designator=R34_3(R-0805)
Add component (AddParameter): Name = "ComponentLink1Description"; Value = "Linkedin"; VariantName = "[No Variations]"
Add component (AddParameter): Name = "ComponentLink1URL"; Value = "https://ir.linkedin.com/in/mahdi-bagherzade"; VariantName = "[No Variations]"
Add component (AddParameter): Name = "Phone Number"; Value = "0915 8700 314"; VariantName = "[No Variations]"
Add component (AddParameter): Name = "Power"; Value = "1/8W"; VariantName = "[No Variations]"
Add component (AddParameter): Name = "Published Date"; Value = "9-15-2024"; VariantName = "[No Variations]"
Add component (AddParameter): Name = "Publisher"; Value = "Mahdi Bagherzadeh"; VariantName = "[No Variations]"
Add component (AddParameter): Name = "Tolerance"; Value = "5%"; VariantName = "[No Variations]"
Add component (AddParameter): Name = "Type"; Value = "SMD"; VariantName = "[No Variations]"
Add component (AddParameter): Name = "Value"; Value = "10K"; VariantName = "[No Variations]"
Added Component: Designator=R34_4(R-0805)
Add component (AddParameter): Name = "ComponentLink1Description"; Value = "Linkedin"; VariantName = "[No Variations]"
Add component (AddParameter): Name = "ComponentLink1URL"; Value = "https://ir.linkedin.com/in/mahdi-bagherzade"; VariantName = "[No Variations]"
Add component (AddParameter): Name = "Phone Number"; Value = "0915 8700 314"; VariantName = "[No Variations]"
Add component (AddParameter): Name = "Power"; Value = "1/8W"; VariantName = "[No Variations]"
Add component (AddParameter): Name = "Published Date"; Value = "9-15-2024"; VariantName = "[No Variations]"
Add component (AddParameter): Name = "Publisher"; Value = "Mahdi Bagherzadeh"; VariantName = "[No Variations]"
Add component (AddParameter): Name = "Tolerance"; Value = "5%"; VariantName = "[No Variations]"
Add component (AddParameter): Name = "Type"; Value = "SMD"; VariantName = "[No Variations]"
Add component (AddParameter): Name = "Value"; Value = "10K"; VariantName = "[No Variations]"
Added Component: Designator=R35_1(R-0805)
Add component (AddParameter): Name = "ComponentLink1Description"; Value = "Linkedin"; VariantName = "[No Variations]"
Add component (AddParameter): Name = "ComponentLink1URL"; Value = "https://ir.linkedin.com/in/mahdi-bagherzade"; VariantName = "[No Variations]"
Add component (AddParameter): Name = "Phone Number"; Value = "0915 8700 314"; VariantName = "[No Variations]"
Add component (AddParameter): Name = "Power"; Value = "1/8W"; VariantName = "[No Variations]"
Add component (AddParameter): Name = "Published Date"; Value = "9-15-2024"; VariantName = "[No Variations]"
Add component (AddParameter): Name = "Publisher"; Value = "Mahdi Bagherzadeh"; VariantName = "[No Variations]"
Add component (AddParameter): Name = "Tolerance"; Value = "5%"; VariantName = "[No Variations]"
Add component (AddParameter): Name = "Value"; Value = "47K"; VariantName = "[No Variations]"
Added Component: Designator=R35_2(R-0805)
Add component (AddParameter): Name = "ComponentLink1Description"; Value = "Linkedin"; VariantName = "[No Variations]"
Add component (AddParameter): Name = "ComponentLink1URL"; Value = "https://ir.linkedin.com/in/mahdi-bagherzade"; VariantName = "[No Variations]"
Add component (AddParameter): Name = "Phone Number"; Value = "0915 8700 314"; VariantName = "[No Variations]"
Add component (AddParameter): Name = "Power"; Value = "1/8W"; VariantName = "[No Variations]"
Add component (AddParameter): Name = "Published Date"; Value = "9-15-2024"; VariantName = "[No Variations]"
Add component (AddParameter): Name = "Publisher"; Value = "Mahdi Bagherzadeh"; VariantName = "[No Variations]"
Add component (AddParameter): Name = "Tolerance"; Value = "5%"; VariantName = "[No Variations]"
Add component (AddParameter): Name = "Value"; Value = "47K"; VariantName = "[No Variations]"
Added Component: Designator=R35_3(R-0805)
Add component (AddParameter): Name = "ComponentLink1Description"; Value = "Linkedin"; VariantName = "[No Variations]"
Add component (AddParameter): Name = "ComponentLink1URL"; Value = "https://ir.linkedin.com/in/mahdi-bagherzade"; VariantName = "[No Variations]"
Add component (AddParameter): Name = "Phone Number"; Value = "0915 8700 314"; VariantName = "[No Variations]"
Add component (AddParameter): Name = "Power"; Value = "1/8W"; VariantName = "[No Variations]"
Add component (AddParameter): Name = "Published Date"; Value = "9-15-2024"; VariantName = "[No Variations]"
Add component (AddParameter): Name = "Publisher"; Value = "Mahdi Bagherzadeh"; VariantName = "[No Variations]"
Add component (AddParameter): Name = "Tolerance"; Value = "5%"; VariantName = "[No Variations]"
Add component (AddParameter): Name = "Value"; Value = "47K"; VariantName = "[No Variations]"
Added Component: Designator=R35_4(R-0805)
Add component (AddParameter): Name = "ComponentLink1Description"; Value = "Linkedin"; VariantName = "[No Variations]"
Add component (AddParameter): Name = "ComponentLink1URL"; Value = "https://ir.linkedin.com/in/mahdi-bagherzade"; VariantName = "[No Variations]"
Add component (AddParameter): Name = "Phone Number"; Value = "0915 8700 314"; VariantName = "[No Variations]"
Add component (AddParameter): Name = "Power"; Value = "1/8W"; VariantName = "[No Variations]"
Add component (AddParameter): Name = "Published Date"; Value = "9-15-2024"; VariantName = "[No Variations]"
Add component (AddParameter): Name = "Publisher"; Value = "Mahdi Bagherzadeh"; VariantName = "[No Variations]"
Add component (AddParameter): Name = "Tolerance"; Value = "5%"; VariantName = "[No Variations]"
Add component (AddParameter): Name = "Value"; Value = "47K"; VariantName = "[No Variations]"
Added Component: Designator=R36_1(R-0805)
Add component (AddParameter): Name = "ComponentLink1Description"; Value = "Linkedin"; VariantName = "[No Variations]"
Add component (AddParameter): Name = "ComponentLink1URL"; Value = "https://ir.linkedin.com/in/mahdi-bagherzade"; VariantName = "[No Variations]"
Add component (AddParameter): Name = "Phone Number"; Value = "0915 8700 314"; VariantName = "[No Variations]"
Add component (AddParameter): Name = "Power"; Value = "1/8W"; VariantName = "[No Variations]"
Add component (AddParameter): Name = "Published Date"; Value = "9-15-2024"; VariantName = "[No Variations]"
Add component (AddParameter): Name = "Publisher"; Value = "Mahdi Bagherzadeh"; VariantName = "[No Variations]"
Add component (AddParameter): Name = "Tolerance"; Value = "5%"; VariantName = "[No Variations]"
Add component (AddParameter): Name = "Value"; Value = "470R"; VariantName = "[No Variations]"
Added Component: Designator=R36_2(R-0805)
Add component (AddParameter): Name = "ComponentLink1Description"; Value = "Linkedin"; VariantName = "[No Variations]"
Add component (AddParameter): Name = "ComponentLink1URL"; Value = "https://ir.linkedin.com/in/mahdi-bagherzade"; VariantName = "[No Variations]"
Add component (AddParameter): Name = "Phone Number"; Value = "0915 8700 314"; VariantName = "[No Variations]"
Add component (AddParameter): Name = "Power"; Value = "1/8W"; VariantName = "[No Variations]"
Add component (AddParameter): Name = "Published Date"; Value = "9-15-2024"; VariantName = "[No Variations]"
Add component (AddParameter): Name = "Publisher"; Value = "Mahdi Bagherzadeh"; VariantName = "[No Variations]"
Add component (AddParameter): Name = "Tolerance"; Value = "5%"; VariantName = "[No Variations]"
Add component (AddParameter): Name = "Value"; Value = "470R"; VariantName = "[No Variations]"
Added Component: Designator=R36_3(R-0805)
Add component (AddParameter): Name = "ComponentLink1Description"; Value = "Linkedin"; VariantName = "[No Variations]"
Add component (AddParameter): Name = "ComponentLink1URL"; Value = "https://ir.linkedin.com/in/mahdi-bagherzade"; VariantName = "[No Variations]"
Add component (AddParameter): Name = "Phone Number"; Value = "0915 8700 314"; VariantName = "[No Variations]"
Add component (AddParameter): Name = "Power"; Value = "1/8W"; VariantName = "[No Variations]"
Add component (AddParameter): Name = "Published Date"; Value = "9-15-2024"; VariantName = "[No Variations]"
Add component (AddParameter): Name = "Publisher"; Value = "Mahdi Bagherzadeh"; VariantName = "[No Variations]"
Add component (AddParameter): Name = "Tolerance"; Value = "5%"; VariantName = "[No Variations]"
Add component (AddParameter): Name = "Value"; Value = "470R"; VariantName = "[No Variations]"
Added Component: Designator=R36_4(R-0805)
Add component (AddParameter): Name = "ComponentLink1Description"; Value = "Linkedin"; VariantName = "[No Variations]"
Add component (AddParameter): Name = "ComponentLink1URL"; Value = "https://ir.linkedin.com/in/mahdi-bagherzade"; VariantName = "[No Variations]"
Add component (AddParameter): Name = "Phone Number"; Value = "0915 8700 314"; VariantName = "[No Variations]"
Add component (AddParameter): Name = "Power"; Value = "1/8W"; VariantName = "[No Variations]"
Add component (AddParameter): Name = "Published Date"; Value = "9-15-2024"; VariantName = "[No Variations]"
Add component (AddParameter): Name = "Publisher"; Value = "Mahdi Bagherzadeh"; VariantName = "[No Variations]"
Add component (AddParameter): Name = "Tolerance"; Value = "5%"; VariantName = "[No Variations]"
Add component (AddParameter): Name = "Value"; Value = "470R"; VariantName = "[No Variations]"
Added Component: Designator=RL1_1(MILON)
Add component (AddParameter): Name = "ComponentLink1Description"; Value = "Linkedin"; VariantName = "[No Variations]"
Add component (AddParameter): Name = "ComponentLink1URL"; Value = "https://ir.linkedin.com/in/mahdi-bagherzade"; VariantName = "[No Variations]"
Add component (AddParameter): Name = "Phone Number"; Value = "0915 8700 314"; VariantName = "[No Variations]"
Add component (AddParameter): Name = "Power"; Value = "5A"; VariantName = "[No Variations]"
Add component (AddParameter): Name = "Published Date"; Value = "9-15-2024"; VariantName = "[No Variations]"
Add component (AddParameter): Name = "Publisher"; Value = "Mahdi Bagherzadeh"; VariantName = "[No Variations]"
Add component (AddParameter): Name = "Type"; Value = "MILON-CHILD"; VariantName = "[No Variations]"
Add component (AddParameter): Name = "Voltage"; Value = "12V"; VariantName = "[No Variations]"
Added Component: Designator=RL1_2(MILON)
Add component (AddParameter): Name = "ComponentLink1Description"; Value = "Linkedin"; VariantName = "[No Variations]"
Add component (AddParameter): Name = "ComponentLink1URL"; Value = "https://ir.linkedin.com/in/mahdi-bagherzade"; VariantName = "[No Variations]"
Add component (AddParameter): Name = "Phone Number"; Value = "0915 8700 314"; VariantName = "[No Variations]"
Add component (AddParameter): Name = "Power"; Value = "5A"; VariantName = "[No Variations]"
Add component (AddParameter): Name = "Published Date"; Value = "9-15-2024"; VariantName = "[No Variations]"
Add component (AddParameter): Name = "Publisher"; Value = "Mahdi Bagherzadeh"; VariantName = "[No Variations]"
Add component (AddParameter): Name = "Type"; Value = "MILON-CHILD"; VariantName = "[No Variations]"
Add component (AddParameter): Name = "Voltage"; Value = "12V"; VariantName = "[No Variations]"
Added Component: Designator=RL1_3(MILON)
Add component (AddParameter): Name = "ComponentLink1Description"; Value = "Linkedin"; VariantName = "[No Variations]"
Add component (AddParameter): Name = "ComponentLink1URL"; Value = "https://ir.linkedin.com/in/mahdi-bagherzade"; VariantName = "[No Variations]"
Add component (AddParameter): Name = "Phone Number"; Value = "0915 8700 314"; VariantName = "[No Variations]"
Add component (AddParameter): Name = "Power"; Value = "5A"; VariantName = "[No Variations]"
Add component (AddParameter): Name = "Published Date"; Value = "9-15-2024"; VariantName = "[No Variations]"
Add component (AddParameter): Name = "Publisher"; Value = "Mahdi Bagherzadeh"; VariantName = "[No Variations]"
Add component (AddParameter): Name = "Type"; Value = "MILON-CHILD"; VariantName = "[No Variations]"
Add component (AddParameter): Name = "Voltage"; Value = "12V"; VariantName = "[No Variations]"
Added Component: Designator=RL1_4(MILON)
Add component (AddParameter): Name = "ComponentLink1Description"; Value = "Linkedin"; VariantName = "[No Variations]"
Add component (AddParameter): Name = "ComponentLink1URL"; Value = "https://ir.linkedin.com/in/mahdi-bagherzade"; VariantName = "[No Variations]"
Add component (AddParameter): Name = "Phone Number"; Value = "0915 8700 314"; VariantName = "[No Variations]"
Add component (AddParameter): Name = "Power"; Value = "5A"; VariantName = "[No Variations]"
Add component (AddParameter): Name = "Published Date"; Value = "9-15-2024"; VariantName = "[No Variations]"
Add component (AddParameter): Name = "Publisher"; Value = "Mahdi Bagherzadeh"; VariantName = "[No Variations]"
Add component (AddParameter): Name = "Type"; Value = "MILON-CHILD"; VariantName = "[No Variations]"
Add component (AddParameter): Name = "Voltage"; Value = "12V"; VariantName = "[No Variations]"
Added Component: Designator=S1_1(SW-SMD-4pin-6x6)
Add component (AddParameter): Name = "ComponentLink1Description"; Value = "Linkedin"; VariantName = "[No Variations]"
Add component (AddParameter): Name = "ComponentLink1URL"; Value = "https://ir.linkedin.com/in/mahdi-bagherzade"; VariantName = "[No Variations]"
Add component (AddParameter): Name = "Phone Number"; Value = "0915 8700 314"; VariantName = "[No Variations]"
Add component (AddParameter): Name = "Published Date"; Value = "9-15-2024"; VariantName = "[No Variations]"
Add component (AddParameter): Name = "Publisher"; Value = "Mahdi Bagherzadeh"; VariantName = "[No Variations]"
Add component (AddParameter): Name = "Size"; Value = "6x6"; VariantName = "[No Variations]"
Added Component: Designator=S1_2(SW-SMD-4pin-6x6)
Add component (AddParameter): Name = "ComponentLink1Description"; Value = "Linkedin"; VariantName = "[No Variations]"
Add component (AddParameter): Name = "ComponentLink1URL"; Value = "https://ir.linkedin.com/in/mahdi-bagherzade"; VariantName = "[No Variations]"
Add component (AddParameter): Name = "Phone Number"; Value = "0915 8700 314"; VariantName = "[No Variations]"
Add component (AddParameter): Name = "Published Date"; Value = "9-15-2024"; VariantName = "[No Variations]"
Add component (AddParameter): Name = "Publisher"; Value = "Mahdi Bagherzadeh"; VariantName = "[No Variations]"
Add component (AddParameter): Name = "Size"; Value = "6x6"; VariantName = "[No Variations]"
Added Component: Designator=S1_3(SW-SMD-4pin-6x6)
Add component (AddParameter): Name = "ComponentLink1Description"; Value = "Linkedin"; VariantName = "[No Variations]"
Add component (AddParameter): Name = "ComponentLink1URL"; Value = "https://ir.linkedin.com/in/mahdi-bagherzade"; VariantName = "[No Variations]"
Add component (AddParameter): Name = "Phone Number"; Value = "0915 8700 314"; VariantName = "[No Variations]"
Add component (AddParameter): Name = "Published Date"; Value = "9-15-2024"; VariantName = "[No Variations]"
Add component (AddParameter): Name = "Publisher"; Value = "Mahdi Bagherzadeh"; VariantName = "[No Variations]"
Add component (AddParameter): Name = "Size"; Value = "6x6"; VariantName = "[No Variations]"
Added Component: Designator=S2(SW-SMD-2pin-3x6)
Add component (AddParameter): Name = "ComponentLink1Description"; Value = "Linkedin"; VariantName = "[No Variations]"
Add component (AddParameter): Name = "ComponentLink1URL"; Value = "https://ir.linkedin.com/in/mahdi-bagherzade"; VariantName = "[No Variations]"
Add component (AddParameter): Name = "Phone Number"; Value = "0915 8700 314"; VariantName = "[No Variations]"
Add component (AddParameter): Name = "Published Date"; Value = "9-15-2024"; VariantName = "[No Variations]"
Add component (AddParameter): Name = "Publisher"; Value = "Mahdi Bagherzadeh"; VariantName = "[No Variations]"
Add component (AddParameter): Name = "Size"; Value = "3x6mm-2Pin"; VariantName = "[No Variations]"
Added Component: Designator=U1(SOIC8)
Add component (AddParameter): Name = "ComponentLink1Description"; Value = "Linkedin"; VariantName = "[No Variations]"
Add component (AddParameter): Name = "ComponentLink1URL"; Value = "https://ir.linkedin.com/in/mahdi-bagherzade"; VariantName = "[No Variations]"
Add component (AddParameter): Name = "Phone Number"; Value = "0915 8700 314"; VariantName = "[No Variations]"
Add component (AddParameter): Name = "Published Date"; Value = "9-15-2024"; VariantName = "[No Variations]"
Add component (AddParameter): Name = "Publisher"; Value = "Mahdi Bagherzadeh"; VariantName = "[No Variations]"
Added Component: Designator=U2(SOIC8)
Add component (AddParameter): Name = "ComponentLink1Description"; Value = "Linkedin"; VariantName = "[No Variations]"
Add component (AddParameter): Name = "ComponentLink1URL"; Value = "https://ir.linkedin.com/in/mahdi-bagherzade"; VariantName = "[No Variations]"
Add component (AddParameter): Name = "Phone Number"; Value = "0915 8700 314"; VariantName = "[No Variations]"
Add component (AddParameter): Name = "Published Date"; Value = "9-15-2024"; VariantName = "[No Variations]"
Add component (AddParameter): Name = "Publisher"; Value = "Mahdi Bagherzadeh"; VariantName = "[No Variations]"
Added Component: Designator=U3(DIP28-wide)
Add component (AddParameter): Name = "ComponentLink1Description"; Value = "Linkedin"; VariantName = "[No Variations]"
Add component (AddParameter): Name = "ComponentLink1URL"; Value = "https://ir.linkedin.com/in/mahdi-bagherzade"; VariantName = "[No Variations]"
Add component (AddParameter): Name = "Phone Number"; Value = "0915 8700 314"; VariantName = "[No Variations]"
Add component (AddParameter): Name = "Published Date"; Value = "9-15-2024"; VariantName = "[No Variations]"
Add component (AddParameter): Name = "Publisher"; Value = "Mahdi Bagherzadeh"; VariantName = "[No Variations]"
Added Component: Designator=U4(STM-LQFP144_M)
Add component (AddParameter): Name = "ComponentLink1Description"; Value = "Manufacturer URL"; VariantName = "[No Variations]"
Add component (AddParameter): Name = "ComponentLink1URL"; Value = "http://www.st.com/web/en/home.html"; VariantName = "[No Variations]"
Add component (AddParameter): Name = "ComponentLink2Description"; Value = "Datasheet"; VariantName = "[No Variations]"
Add component (AddParameter): Name = "ComponentLink2URL"; Value = "http://www.st.com/st-web-ui/static/active/en/resource/technical/document/datasheet/DM00037051.pdf"; VariantName = "[No Variations]"
Add component (AddParameter): Name = "ComponentLink3Description"; Value = "Package Specification"; VariantName = "[No Variations]"
Add component (AddParameter): Name = "ComponentLink3URL"; Value = "http://www.st.com/st-web-ui/static/active/en/resource/technical/document/datasheet/DM00037051.pdf"; VariantName = "[No Variations]"
Add component (AddParameter): Name = "Core"; Value = "ARM Cortex-M4"; VariantName = "[No Variations]"
Add component (AddParameter): Name = "D/A Converter"; Value = "2x12-bit"; VariantName = "[No Variations]"
Add component (AddParameter): Name = "DatasheetVersion"; Value = "Rev. 4"; VariantName = "[No Variations]"
Add component (AddParameter): Name = "FLASH Size (Prog) (kB)"; Value = "1024"; VariantName = "[No Variations]"
Add component (AddParameter): Name = "I/Os (High Current)"; Value = "114"; VariantName = "[No Variations]"
Add component (AddParameter): Name = "Internal RAM Size (kB)"; Value = "192"; VariantName = "[No Variations]"
Add component (AddParameter): Name = "Manufacturer"; Value = "STMicroelectronics"; VariantName = "[No Variations]"
Add component (AddParameter): Name = "Mounting Technology"; Value = "Surface Mount"; VariantName = "[No Variations]"
Add component (AddParameter): Name = "Operating Frequency(F) (Processor speed) (MHz)"; Value = "168"; VariantName = "[No Variations]"
Add component (AddParameter): Name = "PackageDescription"; Value = "144-Pin Low Profile Quad Flat Package, 20 x 20 mm Body, 0.5 mm Pitch"; VariantName = "[No Variations]"
Add component (AddParameter): Name = "PackageReference"; Value = "LQFP144"; VariantName = "[No Variations]"
Add component (AddParameter): Name = "PackageVersion"; Value = "Rev. 4, 06/2013"; VariantName = "[No Variations]"
Add component (AddParameter): Name = "Packing"; Value = "Tray"; VariantName = "[No Variations]"
Add component (AddParameter): Name = "PartNumber"; Value = "STM32F407ZGT6"; VariantName = "[No Variations]"
Add component (AddParameter): Name = "Supplier 1"; Value = "Digi-Key"; VariantName = "[No Variations]"
Add component (AddParameter): Name = "Supplier 2"; Value = "Newark"; VariantName = "[No Variations]"
Add component (AddParameter): Name = "Supplier 3"; Value = "Mouser"; VariantName = "[No Variations]"
Add component (AddParameter): Name = "Supplier Part Number 1"; Value = "497-11766-ND"; VariantName = "[No Variations]"
Add component (AddParameter): Name = "Supplier Part Number 2"; Value = "73T2334"; VariantName = "[No Variations]"
Add component (AddParameter): Name = "Supplier Part Number 3"; Value = "511-STM32F407ZGT6"; VariantName = "[No Variations]"
Add component (AddParameter): Name = "Supply Voltage(Vcc) max (V)"; Value = "3.6"; VariantName = "[No Variations]"
Add component (AddParameter): Name = "Supply Voltage(Vcc) min (V)"; Value = "1.8"; VariantName = "[No Variations]"
Added Component: Designator=U5(SOT223)
Add component (AddParameter): Name = "ComponentLink1Description"; Value = "Linkedin"; VariantName = "[No Variations]"
Add component (AddParameter): Name = "ComponentLink1URL"; Value = "https://ir.linkedin.com/in/mahdi-bagherzade"; VariantName = "[No Variations]"
Add component (AddParameter): Name = "Phone Number"; Value = "0915 8700 314"; VariantName = "[No Variations]"
Add component (AddParameter): Name = "Published Date"; Value = "9-15-2024"; VariantName = "[No Variations]"
Add component (AddParameter): Name = "Publisher"; Value = "Mahdi Bagherzadeh"; VariantName = "[No Variations]"
Add component (AddParameter): Name = "Voltage"; Value = "?V"; VariantName = "[No Variations]"
Added Component: Designator=Y1(CRYSTAL-CLK-S)
Add component (AddParameter): Name = "ComponentLink1Description"; Value = "Linkedin"; VariantName = "[No Variations]"
Add component (AddParameter): Name = "ComponentLink1URL"; Value = "https://ir.linkedin.com/in/mahdi-bagherzade"; VariantName = "[No Variations]"
Add component (AddParameter): Name = "Phone Number"; Value = "0915 8700 314"; VariantName = "[No Variations]"
Add component (AddParameter): Name = "Published Date"; Value = "9-15-2024"; VariantName = "[No Variations]"
Add component (AddParameter): Name = "Publisher"; Value = "Mahdi Bagherzadeh"; VariantName = "[No Variations]"
Add component (AddParameter): Name = "Value"; Value = "32.768KHz"; VariantName = "[No Variations]"
Added Component: Designator=Y2(CRYSTAL-SMD)
Add component (AddParameter): Name = "ComponentLink1Description"; Value = "Linkedin"; VariantName = "[No Variations]"
Add component (AddParameter): Name = "ComponentLink1URL"; Value = "https://ir.linkedin.com/in/mahdi-bagherzade"; VariantName = "[No Variations]"
Add component (AddParameter): Name = "Phone Number"; Value = "0915 8700 314"; VariantName = "[No Variations]"
Add component (AddParameter): Name = "Published Date"; Value = "9-15-2024"; VariantName = "[No Variations]"
Add component (AddParameter): Name = "Publisher"; Value = "Mahdi Bagherzadeh"; VariantName = "[No Variations]"
Add component (AddParameter): Name = "Value"; Value = "8MHz"; VariantName = "[No Variations]"
Added Component: Designator=ZD1_1(SOD80)
Add component (AddParameter): Name = "Code"; Value = ""; VariantName = "[No Variations]"
Add component (AddParameter): Name = "ComponentLink1Description"; Value = "Linkedin"; VariantName = "[No Variations]"
Add component (AddParameter): Name = "ComponentLink1URL"; Value = "https://ir.linkedin.com/in/mahdi-bagherzade"; VariantName = "[No Variations]"
Add component (AddParameter): Name = "Phone Number"; Value = "0915 8700 314"; VariantName = "[No Variations]"
Add component (AddParameter): Name = "Power"; Value = "Minimelf"; VariantName = "[No Variations]"
Add component (AddParameter): Name = "Published Date"; Value = "9-15-2024"; VariantName = "[No Variations]"
Add component (AddParameter): Name = "Publisher"; Value = "Mahdi Bagherzadeh"; VariantName = "[No Variations]"
Add component (AddParameter): Name = "Type"; Value = "SMD"; VariantName = "[No Variations]"
Add component (AddParameter): Name = "Voltage"; Value = "3.3V"; VariantName = "[No Variations]"
Added Component: Designator=ZD1_2(SOD80)
Add component (AddParameter): Name = "Code"; Value = ""; VariantName = "[No Variations]"
Add component (AddParameter): Name = "ComponentLink1Description"; Value = "Linkedin"; VariantName = "[No Variations]"
Add component (AddParameter): Name = "ComponentLink1URL"; Value = "https://ir.linkedin.com/in/mahdi-bagherzade"; VariantName = "[No Variations]"
Add component (AddParameter): Name = "Phone Number"; Value = "0915 8700 314"; VariantName = "[No Variations]"
Add component (AddParameter): Name = "Power"; Value = "Minimelf"; VariantName = "[No Variations]"
Add component (AddParameter): Name = "Published Date"; Value = "9-15-2024"; VariantName = "[No Variations]"
Add component (AddParameter): Name = "Publisher"; Value = "Mahdi Bagherzadeh"; VariantName = "[No Variations]"
Add component (AddParameter): Name = "Type"; Value = "SMD"; VariantName = "[No Variations]"
Add component (AddParameter): Name = "Voltage"; Value = "3.3V"; VariantName = "[No Variations]"
Added Component: Designator=ZD1_3(SOD80)
Add component (AddParameter): Name = "Code"; Value = ""; VariantName = "[No Variations]"
Add component (AddParameter): Name = "ComponentLink1Description"; Value = "Linkedin"; VariantName = "[No Variations]"
Add component (AddParameter): Name = "ComponentLink1URL"; Value = "https://ir.linkedin.com/in/mahdi-bagherzade"; VariantName = "[No Variations]"
Add component (AddParameter): Name = "Phone Number"; Value = "0915 8700 314"; VariantName = "[No Variations]"
Add component (AddParameter): Name = "Power"; Value = "Minimelf"; VariantName = "[No Variations]"
Add component (AddParameter): Name = "Published Date"; Value = "9-15-2024"; VariantName = "[No Variations]"
Add component (AddParameter): Name = "Publisher"; Value = "Mahdi Bagherzadeh"; VariantName = "[No Variations]"
Add component (AddParameter): Name = "Type"; Value = "SMD"; VariantName = "[No Variations]"
Add component (AddParameter): Name = "Voltage"; Value = "3.3V"; VariantName = "[No Variations]"
Added Component: Designator=ZD1_4(SOD80)
Add component (AddParameter): Name = "Code"; Value = ""; VariantName = "[No Variations]"
Add component (AddParameter): Name = "ComponentLink1Description"; Value = "Linkedin"; VariantName = "[No Variations]"
Add component (AddParameter): Name = "ComponentLink1URL"; Value = "https://ir.linkedin.com/in/mahdi-bagherzade"; VariantName = "[No Variations]"
Add component (AddParameter): Name = "Phone Number"; Value = "0915 8700 314"; VariantName = "[No Variations]"
Add component (AddParameter): Name = "Power"; Value = "Minimelf"; VariantName = "[No Variations]"
Add component (AddParameter): Name = "Published Date"; Value = "9-15-2024"; VariantName = "[No Variations]"
Add component (AddParameter): Name = "Publisher"; Value = "Mahdi Bagherzadeh"; VariantName = "[No Variations]"
Add component (AddParameter): Name = "Type"; Value = "SMD"; VariantName = "[No Variations]"
Add component (AddParameter): Name = "Voltage"; Value = "3.3V"; VariantName = "[No Variations]"
Added Component: Designator=ZD2_1(SOD80)
Add component (AddParameter): Name = "Code"; Value = ""; VariantName = "[No Variations]"
Add component (AddParameter): Name = "ComponentLink1Description"; Value = "Linkedin"; VariantName = "[No Variations]"
Add component (AddParameter): Name = "ComponentLink1URL"; Value = "https://ir.linkedin.com/in/mahdi-bagherzade"; VariantName = "[No Variations]"
Add component (AddParameter): Name = "Phone Number"; Value = "0915 8700 314"; VariantName = "[No Variations]"
Add component (AddParameter): Name = "Power"; Value = "Minimelf"; VariantName = "[No Variations]"
Add component (AddParameter): Name = "Published Date"; Value = "9-15-2024"; VariantName = "[No Variations]"
Add component (AddParameter): Name = "Publisher"; Value = "Mahdi Bagherzadeh"; VariantName = "[No Variations]"
Add component (AddParameter): Name = "Type"; Value = "SMD"; VariantName = "[No Variations]"
Add component (AddParameter): Name = "Voltage"; Value = "3.3V"; VariantName = "[No Variations]"
Added Component: Designator=ZD2_2(SOD80)
Add component (AddParameter): Name = "Code"; Value = ""; VariantName = "[No Variations]"
Add component (AddParameter): Name = "ComponentLink1Description"; Value = "Linkedin"; VariantName = "[No Variations]"
Add component (AddParameter): Name = "ComponentLink1URL"; Value = "https://ir.linkedin.com/in/mahdi-bagherzade"; VariantName = "[No Variations]"
Add component (AddParameter): Name = "Phone Number"; Value = "0915 8700 314"; VariantName = "[No Variations]"
Add component (AddParameter): Name = "Power"; Value = "Minimelf"; VariantName = "[No Variations]"
Add component (AddParameter): Name = "Published Date"; Value = "9-15-2024"; VariantName = "[No Variations]"
Add component (AddParameter): Name = "Publisher"; Value = "Mahdi Bagherzadeh"; VariantName = "[No Variations]"
Add component (AddParameter): Name = "Type"; Value = "SMD"; VariantName = "[No Variations]"
Add component (AddParameter): Name = "Voltage"; Value = "3.3V"; VariantName = "[No Variations]"
Added Component: Designator=ZD2_3(SOD80)
Add component (AddParameter): Name = "Code"; Value = ""; VariantName = "[No Variations]"
Add component (AddParameter): Name = "ComponentLink1Description"; Value = "Linkedin"; VariantName = "[No Variations]"
Add component (AddParameter): Name = "ComponentLink1URL"; Value = "https://ir.linkedin.com/in/mahdi-bagherzade"; VariantName = "[No Variations]"
Add component (AddParameter): Name = "Phone Number"; Value = "0915 8700 314"; VariantName = "[No Variations]"
Add component (AddParameter): Name = "Power"; Value = "Minimelf"; VariantName = "[No Variations]"
Add component (AddParameter): Name = "Published Date"; Value = "9-15-2024"; VariantName = "[No Variations]"
Add component (AddParameter): Name = "Publisher"; Value = "Mahdi Bagherzadeh"; VariantName = "[No Variations]"
Add component (AddParameter): Name = "Type"; Value = "SMD"; VariantName = "[No Variations]"
Add component (AddParameter): Name = "Voltage"; Value = "3.3V"; VariantName = "[No Variations]"
Added Component: Designator=ZD2_4(SOD80)
Add component (AddParameter): Name = "Code"; Value = ""; VariantName = "[No Variations]"
Add component (AddParameter): Name = "ComponentLink1Description"; Value = "Linkedin"; VariantName = "[No Variations]"
Add component (AddParameter): Name = "ComponentLink1URL"; Value = "https://ir.linkedin.com/in/mahdi-bagherzade"; VariantName = "[No Variations]"
Add component (AddParameter): Name = "Phone Number"; Value = "0915 8700 314"; VariantName = "[No Variations]"
Add component (AddParameter): Name = "Power"; Value = "Minimelf"; VariantName = "[No Variations]"
Add component (AddParameter): Name = "Published Date"; Value = "9-15-2024"; VariantName = "[No Variations]"
Add component (AddParameter): Name = "Publisher"; Value = "Mahdi Bagherzadeh"; VariantName = "[No Variations]"
Add component (AddParameter): Name = "Type"; Value = "SMD"; VariantName = "[No Variations]"
Add component (AddParameter): Name = "Voltage"; Value = "3.3V"; VariantName = "[No Variations]"
Added Pin To Net: NetName=GND_MCU Pin=BAT1-2
Add Pin To Net: Unknown Pin: Pin C1_1-1
Add Pin To Net: Unknown Pin: Pin C1_1-2
Add Pin To Net: Unknown Pin: Pin C1_2-1
Add Pin To Net: Unknown Pin: Pin C1_2-2
Add Pin To Net: Unknown Pin: Pin C1_3-1
Add Pin To Net: Unknown Pin: Pin C1_3-2
Add Pin To Net: Unknown Pin: Pin C2_1-1
Add Pin To Net: Unknown Pin: Pin C2_1-2
Add Pin To Net: Unknown Pin: Pin C2_2-1
Add Pin To Net: Unknown Pin: Pin C2_2-2
Add Pin To Net: Unknown Pin: Pin C2_3-1
Add Pin To Net: Unknown Pin: Pin C2_3-2
Add Pin To Net: Unknown Pin: Pin C2_4-1
Add Pin To Net: Unknown Pin: Pin C2_4-2
Add Pin To Net: Unknown Pin: Pin C3-1
Add Pin To Net: Unknown Pin: Pin C3-2
Add Pin To Net: Unknown Pin: Pin C4-1
Add Pin To Net: Unknown Pin: Pin C4-2
Add Pin To Net: Unknown Pin: Pin C5-2
Add Pin To Net: Unknown Pin: Pin C6-2
Add Pin To Net: Unknown Pin: Pin C7-2
Add Pin To Net: Unknown Pin: Pin C8-1
Add Pin To Net: Unknown Pin: Pin C8-2
Add Pin To Net: Unknown Pin: Pin C9-1
Add Pin To Net: Unknown Pin: Pin C9-2
Add Pin To Net: Unknown Pin: Pin C10-1
Add Pin To Net: Unknown Pin: Pin C10-2
Add Pin To Net: Unknown Pin: Pin C11-2
Add Pin To Net: Unknown Pin: Pin C12-1
Add Pin To Net: Unknown Pin: Pin C12-2
Add Pin To Net: Unknown Pin: Pin C13-1
Add Pin To Net: Unknown Pin: Pin C13-2
Add Pin To Net: Unknown Pin: Pin C14-1
Add Pin To Net: Unknown Pin: Pin C14-2
Add Pin To Net: Unknown Pin: Pin C15-1
Add Pin To Net: Unknown Pin: Pin C15-2
Add Pin To Net: Unknown Pin: Pin C16-1
Add Pin To Net: Unknown Pin: Pin C16-2
Add Pin To Net: Unknown Pin: Pin C17-1
Add Pin To Net: Unknown Pin: Pin C17-2
Add Pin To Net: Unknown Pin: Pin C18-1
Add Pin To Net: Unknown Pin: Pin C18-2
Add Pin To Net: Unknown Pin: Pin C19-1
Add Pin To Net: Unknown Pin: Pin C19-2
Add Pin To Net: Unknown Pin: Pin C20-1
Add Pin To Net: Unknown Pin: Pin C20-2
Add Pin To Net: Unknown Pin: Pin C21-1
Add Pin To Net: Unknown Pin: Pin C21-2
Add Pin To Net: Unknown Pin: Pin C22-1
Add Pin To Net: Unknown Pin: Pin C22-2
Add Pin To Net: Unknown Pin: Pin C23-1
Add Pin To Net: Unknown Pin: Pin C23-2
Add Pin To Net: Unknown Pin: Pin C24-1
Add Pin To Net: Unknown Pin: Pin C24-2
Add Pin To Net: Unknown Pin: Pin C25-1
Add Pin To Net: Unknown Pin: Pin C25-2
Add Pin To Net: Unknown Pin: Pin C26-1
Add Pin To Net: Unknown Pin: Pin C26-2
Add Pin To Net: Unknown Pin: Pin C27-1
Add Pin To Net: Unknown Pin: Pin C27-2
Add Pin To Net: Unknown Pin: Pin C28-1
Add Pin To Net: Unknown Pin: Pin C28-2
Add Pin To Net: Unknown Pin: Pin C29-1
Add Pin To Net: Unknown Pin: Pin C29-2
Add Pin To Net: Unknown Pin: Pin C30-1
Add Pin To Net: Unknown Pin: Pin C30-2
Add Pin To Net: Unknown Pin: Pin C31-1
Add Pin To Net: Unknown Pin: Pin C31-2
Add Pin To Net: Unknown Pin: Pin C32-1
Add Pin To Net: Unknown Pin: Pin C32-2
Add Pin To Net: Unknown Pin: Pin C33-1
Add Pin To Net: Unknown Pin: Pin C33-2
Add Pin To Net: Unknown Pin: Pin C34-1
Add Pin To Net: Unknown Pin: Pin C34-2
Added Pin To Net: NetName=V_CAP_1 Pin=C35-1
Added Pin To Net: NetName=GND_MCU Pin=C35-2
Add Pin To Net: Unknown Pin: Pin C36-1
Add Pin To Net: Unknown Pin: Pin C36-2
Add Pin To Net: Unknown Pin: Pin C37-1
Add Pin To Net: Unknown Pin: Pin C37-2
Add Pin To Net: Unknown Pin: Pin C38-1
Add Pin To Net: Unknown Pin: Pin C38-2
Add Pin To Net: Unknown Pin: Pin C39-1
Add Pin To Net: Unknown Pin: Pin C39-2
Added Pin To Net: NetName=V_CAP_2 Pin=C40-1
Added Pin To Net: NetName=GND_MCU Pin=C40-2
Add Pin To Net: Unknown Pin: Pin C41_1-1
Add Pin To Net: Unknown Pin: Pin C41_1-2
Add Pin To Net: Unknown Pin: Pin C41_2-1
Add Pin To Net: Unknown Pin: Pin C41_2-2
Add Pin To Net: Unknown Pin: Pin C41_3-1
Add Pin To Net: Unknown Pin: Pin C41_3-2
Add Pin To Net: Unknown Pin: Pin C41_4-1
Add Pin To Net: Unknown Pin: Pin C41_4-2
Added Pin To Net: NetName=GND Pin=CN1_1-2
Added Pin To Net: NetName=GND Pin=CN1_2-2
Added Pin To Net: NetName=GND Pin=CN1_3-2
Added Pin To Net: NetName=GND Pin=CN1_4-2
Added Pin To Net: NetName=+12 Pin=CN2_1-2
Added Pin To Net: NetName=+12 Pin=CN2_2-2
Added Pin To Net: NetName=+12 Pin=CN2_3-2
Added Pin To Net: NetName=+12 Pin=CN2_4-2
Added Pin To Net: NetName=GND Pin=CN3_1-1
Added Pin To Net: NetName=GND Pin=CN3_2-1
Added Pin To Net: NetName=GND Pin=CN3_3-1
Added Pin To Net: NetName=GND Pin=CN3_4-1
Added Pin To Net: NetName=SPK_P Pin=CN4-1
Added Pin To Net: NetName=SPK_N Pin=CN4-2
Added Pin To Net: NetName=GND_MCU Pin=CN5-5
Added Pin To Net: NetName=VCC_TFT Pin=CN5-6
Added Pin To Net: NetName=VCC_TFT Pin=CN5-7
Added Pin To Net: NetName=TFT_CS Pin=CN5-9
Added Pin To Net: NetName=TFT_CLK Pin=CN5-10
Added Pin To Net: NetName=TFT_DC Pin=CN5-11
Added Pin To Net: NetName=VCC_TFT Pin=CN5-12
Added Pin To Net: NetName=TFT_MOSI Pin=CN5-13
Added Pin To Net: NetName=TFT_MISO Pin=CN5-14
Added Pin To Net: NetName=TFT_RES Pin=CN5-15
Added Pin To Net: NetName=GND_MCU Pin=CN5-16
Added Pin To Net: NetName=GND_MCU Pin=CN5-17
Added Pin To Net: NetName=GND_MCU Pin=CN5-18
Added Pin To Net: NetName=GND_MCU Pin=CN5-19
Added Pin To Net: NetName=GND_MCU Pin=CN5-20
Added Pin To Net: NetName=GND_MCU Pin=CN5-21
Added Pin To Net: NetName=GND_MCU Pin=CN5-22
Added Pin To Net: NetName=GND_MCU Pin=CN5-23
Added Pin To Net: NetName=GND_MCU Pin=CN5-24
Added Pin To Net: NetName=GND_MCU Pin=CN5-25
Added Pin To Net: NetName=GND_MCU Pin=CN5-26
Added Pin To Net: NetName=GND_MCU Pin=CN5-27
Added Pin To Net: NetName=GND_MCU Pin=CN5-28
Added Pin To Net: NetName=GND_MCU Pin=CN5-29
Added Pin To Net: NetName=GND_MCU Pin=CN5-30
Added Pin To Net: NetName=GND_MCU Pin=CN5-31
Added Pin To Net: NetName=GND_MCU Pin=CN5-32
Added Pin To Net: NetName=VCC_TFT Pin=CN5-33
Added Pin To Net: NetName=TFT_LED_K1 Pin=CN5-34
Added Pin To Net: NetName=TFT_LED_K2 Pin=CN5-35
Added Pin To Net: NetName=TFT_LED_K3 Pin=CN5-36
Added Pin To Net: NetName=GND_MCU Pin=CN5-37
Added Pin To Net: NetName=TFT_IM0 Pin=CN5-38
Added Pin To Net: NetName=TFT_IM1 Pin=CN5-39
Added Pin To Net: NetName=TFT_IM2 Pin=CN5-40
Added Pin To Net: NetName=GND_MCU Pin=CN5-41
Added Pin To Net: NetName=GND_MCU Pin=CN5-42
Added Pin To Net: NetName=MCU_SWDIO Pin=CN6-1
Added Pin To Net: NetName=VCC_MCU Pin=CN6-2
Added Pin To Net: NetName=MCU_SWCLK Pin=CN6-3
Added Pin To Net: NetName=GND_MCU Pin=CN6-4
Added Pin To Net: NetName=+5 Pin=CN7-3
Added Pin To Net: NetName=MCU_RXD Pin=CN7-4
Added Pin To Net: NetName=MCU_TXD Pin=CN7-5
Added Pin To Net: NetName=GND_MCU Pin=CN7-6
Added Pin To Net: NetName=MCU_RELAY_EX1 Pin=CN8-1
Added Pin To Net: NetName=MCU_RELAY_EX4 Pin=CN8-2
Added Pin To Net: NetName=MCU_LED_EX1 Pin=CN8-3
Added Pin To Net: NetName=MCU_LED_EX4 Pin=CN8-4
Added Pin To Net: NetName=MCU_MAGNET_EX1 Pin=CN8-5
Added Pin To Net: NetName=MCU_MAGNET_EX4 Pin=CN8-6
Added Pin To Net: NetName=GND Pin=CN8-7
Added Pin To Net: NetName=GND Pin=CN8-8
Added Pin To Net: NetName=MCU_RELAY_EX2 Pin=CN8-9
Added Pin To Net: NetName=MCU_RELAY_EX3 Pin=CN8-10
Added Pin To Net: NetName=MCU_LED_EX2 Pin=CN8-11
Added Pin To Net: NetName=MCU_LED_EX3 Pin=CN8-12
Added Pin To Net: NetName=MCU_MAGNET_EX2 Pin=CN8-13
Added Pin To Net: NetName=MCU_MAGNET_EX3 Pin=CN8-14
Added Pin To Net: NetName=GND Pin=CN8-15
Added Pin To Net: NetName=+12 Pin=CN8-16
Added Pin To Net: NetName=+12 Pin=D1_1-2
Added Pin To Net: NetName=+12 Pin=D1_2-2
Added Pin To Net: NetName=+12 Pin=D1_3-2
Added Pin To Net: NetName=+12 Pin=D1_4-2
Added Pin To Net: NetName=+3V3 Pin=D2-1
Added Pin To Net: NetName=+5 Pin=D2-2
Added Pin To Net: NetName=+12 Pin=D3_1-2
Added Pin To Net: NetName=+12 Pin=D3_2-2
Added Pin To Net: NetName=+12 Pin=D3_3-2
Added Pin To Net: NetName=+12 Pin=D3_4-2
Added Pin To Net: NetName=+5 Pin=FB1-1
Added Pin To Net: NetName=VCC_DS1307 Pin=FB1-2
Added Pin To Net: NetName=VCC_EEPROM Pin=FB2-1
Added Pin To Net: NetName=+3V3 Pin=FB2-2
Added Pin To Net: NetName=+5 Pin=FB3-1
Added Pin To Net: NetName=VCC_ISD Pin=FB3-2
Added Pin To Net: NetName=+3V3 Pin=FB4-1
Added Pin To Net: NetName=VCC_TFT Pin=FB4-2
Added Pin To Net: NetName=+3V3 Pin=FB5-1
Added Pin To Net: NetName=VCC_MCU Pin=FB5-2
Added Pin To Net: NetName=MCU_BOOT0 Pin=H1-2
Added Pin To Net: NetName=GND_MCU Pin=H1-3
Added Pin To Net: NetName=GND_MCU Pin=H3-1
Added Pin To Net: NetName=+3V3 Pin=H3-2
Added Pin To Net: NetName=TFT_CS Pin=H3-3
Added Pin To Net: NetName=TFT_CLK Pin=H3-4
Added Pin To Net: NetName=TFT_DC Pin=H3-5
Added Pin To Net: NetName=TFT_MOSI Pin=H3-6
Added Pin To Net: NetName=TFT_MISO Pin=H3-7
Added Pin To Net: NetName=TFT_RES Pin=H3-8
Added Pin To Net: NetName=TFT_BLK Pin=H3-9
Added Pin To Net: NetName=+12 Pin=LED1_1-1
Added Pin To Net: NetName=+12 Pin=LED1_2-1
Added Pin To Net: NetName=+12 Pin=LED1_3-1
Added Pin To Net: NetName=+12 Pin=LED1_4-1
Added Pin To Net: NetName=VCC_ISD Pin=LED2-1
Added Pin To Net: NetName=GND_MCU Pin=LED3-2
Added Pin To Net: NetName=GND_MCU Pin=NT1-1
Added Pin To Net: NetName=GND Pin=NT1-2
Added Pin To Net: NetName=GND_MCU Pin=Q1-1
Added Pin To Net: NetName=NetQ1_2 Pin=Q1-2
Added Pin To Net: NetName=NetQ1_3 Pin=Q1-3
Added Pin To Net: NetName=GND Pin=Q2_1-1
Added Pin To Net: NetName=GND Pin=Q2_2-1
Added Pin To Net: NetName=GND Pin=Q2_3-1
Added Pin To Net: NetName=GND Pin=Q2_4-1
Added Pin To Net: NetName=GND Pin=Q3_1-3
Added Pin To Net: NetName=GND Pin=Q3_2-3
Added Pin To Net: NetName=GND Pin=Q3_3-3
Added Pin To Net: NetName=GND Pin=Q3_4-3
Added Pin To Net: NetName=GND Pin=Q4_1-1
Added Pin To Net: NetName=GND Pin=Q4_2-1
Added Pin To Net: NetName=GND Pin=Q4_3-1
Added Pin To Net: NetName=GND Pin=Q4_4-1
Added Pin To Net: NetName=GND Pin=Q5_1-3
Added Pin To Net: NetName=GND Pin=Q5_2-3
Added Pin To Net: NetName=GND Pin=Q5_3-3
Added Pin To Net: NetName=GND Pin=Q5_4-3
Added Pin To Net: NetName=+3V3 Pin=R1_1-1
Added Pin To Net: NetName=MCU_KEY1 Pin=R1_1-2
Added Pin To Net: NetName=+3V3 Pin=R1_2-1
Added Pin To Net: NetName=MCU_KEY2 Pin=R1_2-2
Added Pin To Net: NetName=+3V3 Pin=R1_3-1
Added Pin To Net: NetName=MCU_KEY3 Pin=R1_3-2
Added Pin To Net: NetName=MCU_RELAY1 Pin=R3_1-1
Added Pin To Net: NetName=MCU_RELAY2 Pin=R3_2-1
Added Pin To Net: NetName=MCU_RELAY3 Pin=R3_3-1
Added Pin To Net: NetName=MCU_RELAY4 Pin=R3_4-1
Added Pin To Net: NetName=GND Pin=R4_1-1
Added Pin To Net: NetName=GND Pin=R4_2-1
Added Pin To Net: NetName=GND Pin=R4_3-1
Added Pin To Net: NetName=GND Pin=R4_4-1
Added Pin To Net: NetName=MCU_LED1 Pin=R5_1-1
Added Pin To Net: NetName=MCU_LED2 Pin=R5_2-1
Added Pin To Net: NetName=MCU_LED3 Pin=R5_3-1
Added Pin To Net: NetName=MCU_LED4 Pin=R5_4-1
Added Pin To Net: NetName=GND Pin=R6_1-1
Added Pin To Net: NetName=GND Pin=R6_2-1
Added Pin To Net: NetName=GND Pin=R6_3-1
Added Pin To Net: NetName=GND Pin=R6_4-1
Added Pin To Net: NetName=+12 Pin=R7_1-1
Added Pin To Net: NetName=MCU_MAGNET1 Pin=R7_1-2
Added Pin To Net: NetName=+12 Pin=R7_2-1
Added Pin To Net: NetName=MCU_MAGNET2 Pin=R7_2-2
Added Pin To Net: NetName=+12 Pin=R7_3-1
Added Pin To Net: NetName=MCU_MAGNET3 Pin=R7_3-2
Added Pin To Net: NetName=+12 Pin=R7_4-1
Added Pin To Net: NetName=MCU_MAGNET4 Pin=R7_4-2
Added Pin To Net: NetName=MCU_MAGNET1 Pin=R8_1-2
Added Pin To Net: NetName=MCU_MAGNET2 Pin=R8_2-2
Added Pin To Net: NetName=MCU_MAGNET3 Pin=R8_3-2
Added Pin To Net: NetName=MCU_MAGNET4 Pin=R8_4-2
Added Pin To Net: NetName=MCU_SDA Pin=R9-1
Added Pin To Net: NetName=VCC_DS1307 Pin=R9-2
Added Pin To Net: NetName=MCU_SCL Pin=R10-1
Added Pin To Net: NetName=VCC_DS1307 Pin=R10-2
Added Pin To Net: NetName=MCU_SCL Pin=R11-1
Added Pin To Net: NetName=VCC_EEPROM Pin=R11-2
Added Pin To Net: NetName=MCU_SDA Pin=R12-1
Added Pin To Net: NetName=VCC_EEPROM Pin=R12-2
Added Pin To Net: NetName=ISD_LED Pin=R13-2
Added Pin To Net: NetName=VCC_ISD Pin=R14-2
Added Pin To Net: NetName=GND_MCU Pin=R16-1
Added Pin To Net: NetName=NetQ1_3 Pin=R17-1
Added Pin To Net: NetName=TFT_LED_K1 Pin=R17-2
Added Pin To Net: NetName=NetQ1_3 Pin=R18-1
Added Pin To Net: NetName=TFT_LED_K2 Pin=R18-2
Added Pin To Net: NetName=TFT_IM2 Pin=R19-1
Added Pin To Net: NetName=VCC_TFT Pin=R19-2
Added Pin To Net: NetName=TFT_IM1 Pin=R20-1
Added Pin To Net: NetName=VCC_TFT Pin=R20-2
Added Pin To Net: NetName=TFT_IM0 Pin=R21-1
Added Pin To Net: NetName=VCC_TFT Pin=R21-2
Added Pin To Net: NetName=NetQ1_3 Pin=R22-1
Added Pin To Net: NetName=TFT_LED_K3 Pin=R22-2
Added Pin To Net: NetName=TFT_BLK Pin=R23-1
Added Pin To Net: NetName=NetQ1_2 Pin=R23-2
Added Pin To Net: NetName=GND_MCU Pin=R24-1
Added Pin To Net: NetName=TFT_IM1 Pin=R24-2
Added Pin To Net: NetName=GND_MCU Pin=R25-1
Added Pin To Net: NetName=TFT_IM0 Pin=R25-2
Added Pin To Net: NetName=GND_MCU Pin=R26-1
Added Pin To Net: NetName=NetQ1_2 Pin=R26-2
Added Pin To Net: NetName=GND_MCU Pin=R27-1
Added Pin To Net: NetName=MCU_NRST Pin=R28-1
Added Pin To Net: NetName=VCC_MCU Pin=R28-2
Added Pin To Net: NetName=VCC_MCU Pin=R29-1
Added Pin To Net: NetName=+3V3 Pin=R30-1
Added Pin To Net: NetName=MCU_RELAY_EX1 Pin=R31_1-1
Added Pin To Net: NetName=MCU_RELAY_EX2 Pin=R31_2-1
Added Pin To Net: NetName=MCU_RELAY_EX3 Pin=R31_3-1
Added Pin To Net: NetName=MCU_RELAY_EX4 Pin=R31_4-1
Added Pin To Net: NetName=GND Pin=R32_1-1
Added Pin To Net: NetName=GND Pin=R32_2-1
Added Pin To Net: NetName=GND Pin=R32_3-1
Added Pin To Net: NetName=GND Pin=R32_4-1
Added Pin To Net: NetName=MCU_LED_EX1 Pin=R33_1-1
Added Pin To Net: NetName=MCU_LED_EX2 Pin=R33_2-1
Added Pin To Net: NetName=MCU_LED_EX3 Pin=R33_3-1
Added Pin To Net: NetName=MCU_LED_EX4 Pin=R33_4-1
Added Pin To Net: NetName=GND Pin=R34_1-1
Added Pin To Net: NetName=GND Pin=R34_2-1
Added Pin To Net: NetName=GND Pin=R34_3-1
Added Pin To Net: NetName=GND Pin=R34_4-1
Added Pin To Net: NetName=+12 Pin=R35_1-1
Added Pin To Net: NetName=MCU_MAGNET_EX1 Pin=R35_1-2
Added Pin To Net: NetName=+12 Pin=R35_2-1
Added Pin To Net: NetName=MCU_MAGNET_EX2 Pin=R35_2-2
Added Pin To Net: NetName=+12 Pin=R35_3-1
Added Pin To Net: NetName=MCU_MAGNET_EX3 Pin=R35_3-2
Added Pin To Net: NetName=+12 Pin=R35_4-1
Added Pin To Net: NetName=MCU_MAGNET_EX4 Pin=R35_4-2
Added Pin To Net: NetName=MCU_MAGNET_EX1 Pin=R36_1-2
Added Pin To Net: NetName=MCU_MAGNET_EX2 Pin=R36_2-2
Added Pin To Net: NetName=MCU_MAGNET_EX3 Pin=R36_3-2
Added Pin To Net: NetName=MCU_MAGNET_EX4 Pin=R36_4-2
Added Pin To Net: NetName=+12 Pin=RL1_1-1
Added Pin To Net: NetName=+12 Pin=RL1_1-4
Added Pin To Net: NetName=+12 Pin=RL1_2-1
Added Pin To Net: NetName=+12 Pin=RL1_2-4
Added Pin To Net: NetName=+12 Pin=RL1_3-1
Added Pin To Net: NetName=+12 Pin=RL1_3-4
Added Pin To Net: NetName=+12 Pin=RL1_4-1
Added Pin To Net: NetName=+12 Pin=RL1_4-4
Added Pin To Net: NetName=GND_MCU Pin=S1_1-1
Added Pin To Net: NetName=MCU_KEY1 Pin=S1_1-2
Added Pin To Net: NetName=GND_MCU Pin=S1_2-1
Added Pin To Net: NetName=MCU_KEY2 Pin=S1_2-2
Added Pin To Net: NetName=GND_MCU Pin=S1_3-1
Added Pin To Net: NetName=MCU_KEY3 Pin=S1_3-2
Added Pin To Net: NetName=GND_MCU Pin=S2-1
Added Pin To Net: NetName=MCU_NRST Pin=S2-2
Added Pin To Net: NetName=GND_MCU Pin=U1-4
Added Pin To Net: NetName=MCU_SDA Pin=U1-5
Added Pin To Net: NetName=MCU_SCL Pin=U1-6
Added Pin To Net: NetName=VCC_DS1307 Pin=U1-8
Added Pin To Net: NetName=GND_MCU Pin=U2-1
Added Pin To Net: NetName=GND_MCU Pin=U2-2
Added Pin To Net: NetName=GND_MCU Pin=U2-3
Added Pin To Net: NetName=GND_MCU Pin=U2-4
Added Pin To Net: NetName=MCU_SDA Pin=U2-5
Added Pin To Net: NetName=MCU_SCL Pin=U2-6
Added Pin To Net: NetName=GND_MCU Pin=U2-7
Added Pin To Net: NetName=VCC_EEPROM Pin=U2-8
Added Pin To Net: NetName=VCC_ISD Pin=U3-1
Added Pin To Net: NetName=ISD_LED Pin=U3-2
Added Pin To Net: NetName=ISD_MISO Pin=U3-4
Added Pin To Net: NetName=ISD_MOSI Pin=U3-5
Added Pin To Net: NetName=ISD_SCK Pin=U3-6
Added Pin To Net: NetName=ISD_SS Pin=U3-7
Added Pin To Net: NetName=GND_MCU Pin=U3-8
Added Pin To Net: NetName=ISD_MIC_P Pin=U3-10
Added Pin To Net: NetName=ISD_MIC_N Pin=U3-11
Added Pin To Net: NetName=GND_MCU Pin=U3-12
Added Pin To Net: NetName=SPK_N Pin=U3-13
Added Pin To Net: NetName=VCC_ISD Pin=U3-14
Added Pin To Net: NetName=SPK_P Pin=U3-15
Added Pin To Net: NetName=GND_MCU Pin=U3-16
Added Pin To Net: NetName=VCC_ISD Pin=U3-21
Added Pin To Net: NetName=GND_MCU Pin=U3-28
Added Pin To Net: NetName=VCC_MCU Pin=U4-6
Added Pin To Net: NetName=GND_MCU Pin=U4-16
Added Pin To Net: NetName=VCC_MCU Pin=U4-17
Added Pin To Net: NetName=MCU_OCS_N Pin=U4-23
Added Pin To Net: NetName=MCU_OCS_P Pin=U4-24
Added Pin To Net: NetName=MCU_NRST Pin=U4-25
Added Pin To Net: NetName=VCC_MCU Pin=U4-30
Added Pin To Net: NetName=GND_MCU Pin=U4-31
Added Pin To Net: NetName=VCC_MCU Pin=U4-32
Added Pin To Net: NetName=VCC_MCU Pin=U4-33
Added Pin To Net: NetName=GND_MCU Pin=U4-38
Added Pin To Net: NetName=VCC_MCU Pin=U4-39
Added Pin To Net: NetName=TFT_CLK Pin=U4-41
Added Pin To Net: NetName=TFT_MISO Pin=U4-42
Added Pin To Net: NetName=TFT_MOSI Pin=U4-43
Added Pin To Net: NetName=TFT_CS Pin=U4-44
Added Pin To Net: NetName=TFT_DC Pin=U4-45
Added Pin To Net: NetName=TFT_RES Pin=U4-46
Added Pin To Net: NetName=TFT_BLK Pin=U4-47
Added Pin To Net: NetName=GND_MCU Pin=U4-51
Added Pin To Net: NetName=VCC_MCU Pin=U4-52
Added Pin To Net: NetName=MCU_KEY1 Pin=U4-58
Added Pin To Net: NetName=MCU_KEY2 Pin=U4-59
Added Pin To Net: NetName=MCU_KEY3 Pin=U4-60
Added Pin To Net: NetName=GND_MCU Pin=U4-61
Added Pin To Net: NetName=VCC_MCU Pin=U4-62
Added Pin To Net: NetName=V_CAP_1 Pin=U4-71
Added Pin To Net: NetName=VCC_MCU Pin=U4-72
Added Pin To Net: NetName=ISD_SS Pin=U4-73
Added Pin To Net: NetName=ISD_SCK Pin=U4-74
Added Pin To Net: NetName=ISD_MISO Pin=U4-75
Added Pin To Net: NetName=ISD_MOSI Pin=U4-76
Added Pin To Net: NetName=GND_MCU Pin=U4-83
Added Pin To Net: NetName=VCC_MCU Pin=U4-84
Added Pin To Net: NetName=GND_MCU Pin=U4-94
Added Pin To Net: NetName=VCC_MCU Pin=U4-95
Added Pin To Net: NetName=MCU_TXD Pin=U4-101
Added Pin To Net: NetName=MCU_RXD Pin=U4-102
Added Pin To Net: NetName=MCU_SWDIO Pin=U4-105
Added Pin To Net: NetName=V_CAP_2 Pin=U4-106
Added Pin To Net: NetName=GND_MCU Pin=U4-107
Added Pin To Net: NetName=VCC_MCU Pin=U4-108
Added Pin To Net: NetName=MCU_SWCLK Pin=U4-109
Added Pin To Net: NetName=GND_MCU Pin=U4-120
Added Pin To Net: NetName=VCC_MCU Pin=U4-121
Added Pin To Net: NetName=MCU_RELAY5 Pin=U4-128
Added Pin To Net: NetName=MCU_RELAY6 Pin=U4-129
Added Pin To Net: NetName=GND_MCU Pin=U4-130
Added Pin To Net: NetName=VCC_MCU Pin=U4-131
Added Pin To Net: NetName=MCU_SCL Pin=U4-136
Added Pin To Net: NetName=MCU_SDA Pin=U4-137
Added Pin To Net: NetName=MCU_BOOT0 Pin=U4-138
Added Pin To Net: NetName=VCC_MCU Pin=U4-144
Added Pin To Net: NetName=GND_MCU Pin=U5-1
Added Pin To Net: NetName=+3V3 Pin=U5-2
Added Pin To Net: NetName=+5 Pin=U5-3
Added Pin To Net: NetName=MCU_OCS_N Pin=Y2-1
Added Pin To Net: NetName=MCU_OCS_P Pin=Y2-2
Added Pin To Net: NetName=GND Pin=ZD1_1-1
Added Pin To Net: NetName=MCU_MAGNET1 Pin=ZD1_1-2
Added Pin To Net: NetName=GND Pin=ZD1_2-1
Added Pin To Net: NetName=MCU_MAGNET2 Pin=ZD1_2-2
Added Pin To Net: NetName=GND Pin=ZD1_3-1
Added Pin To Net: NetName=MCU_MAGNET3 Pin=ZD1_3-2
Added Pin To Net: NetName=GND Pin=ZD1_4-1
Added Pin To Net: NetName=MCU_MAGNET4 Pin=ZD1_4-2
Added Pin To Net: NetName=GND Pin=ZD2_1-1
Added Pin To Net: NetName=MCU_MAGNET_EX1 Pin=ZD2_1-2
Added Pin To Net: NetName=GND Pin=ZD2_2-1
Added Pin To Net: NetName=MCU_MAGNET_EX2 Pin=ZD2_2-2
Added Pin To Net: NetName=GND Pin=ZD2_3-1
Added Pin To Net: NetName=MCU_MAGNET_EX3 Pin=ZD2_3-2
Added Pin To Net: NetName=GND Pin=ZD2_4-1
Added Pin To Net: NetName=MCU_MAGNET_EX4 Pin=ZD2_4-2
Add Net: Net with name "MCU_RELAY1" already exists
Add Net: Net with name "MCU_RELAY2" already exists
Add Net: Net with name "MCU_RELAY3" already exists
Add Net: Net with name "MCU_RELAY4" already exists
Added Pin To Net: NetName=NetBAT1_1 Pin=BAT1-1
Added Pin To Net: NetName=NetBAT1_1 Pin=U1-3
Added Net: Name=NetBAT1_1
Added Pin To Net: NetName=NetC5_1 Pin=R14-1
Added Pin To Net: NetName=NetC5_1 Pin=R15-2
Added Net: Name=NetC5_1
Added Pin To Net: NetName=NetC6_1 Pin=MIC1-1
Added Pin To Net: NetName=NetC6_1 Pin=R15-1
Added Net: Name=NetC6_1
Added Pin To Net: NetName=NetC7_1 Pin=U3-18
Added Net: Name=NetC7_1
Added Pin To Net: NetName=NetC11_1 Pin=MIC1-2
Added Pin To Net: NetName=NetC11_1 Pin=R27-2
Added Net: Name=NetC11_1
Added Pin To Net: NetName=NetCN1_1_1 Pin=CN1_1-1
Added Pin To Net: NetName=NetCN1_1_1 Pin=RL1_1-3
Added Net: Name=NetCN1_1_1
Added Pin To Net: NetName=NetCN1_2_1 Pin=CN1_2-1
Added Pin To Net: NetName=NetCN1_2_1 Pin=RL1_2-3
Added Net: Name=NetCN1_2_1
Added Pin To Net: NetName=NetCN1_3_1 Pin=CN1_3-1
Added Pin To Net: NetName=NetCN1_3_1 Pin=RL1_3-3
Added Net: Name=NetCN1_3_1
Added Pin To Net: NetName=NetCN1_4_1 Pin=CN1_4-1
Added Pin To Net: NetName=NetCN1_4_1 Pin=RL1_4-3
Added Net: Name=NetCN1_4_1
Added Pin To Net: NetName=NetCN2_1_1 Pin=CN2_1-1
Added Pin To Net: NetName=NetCN2_1_1 Pin=Q3_1-2
Added Pin To Net: NetName=NetCN2_1_1 Pin=Q3_1-2
Added Net: Name=NetCN2_1_1
Added Pin To Net: NetName=NetCN2_2_1 Pin=CN2_2-1
Added Pin To Net: NetName=NetCN2_2_1 Pin=Q3_2-2
Added Pin To Net: NetName=NetCN2_2_1 Pin=Q3_2-2
Added Net: Name=NetCN2_2_1
Added Pin To Net: NetName=NetCN2_3_1 Pin=CN2_3-1
Added Pin To Net: NetName=NetCN2_3_1 Pin=Q3_3-2
Added Pin To Net: NetName=NetCN2_3_1 Pin=Q3_3-2
Added Net: Name=NetCN2_3_1
Added Pin To Net: NetName=NetCN2_4_1 Pin=CN2_4-1
Added Pin To Net: NetName=NetCN2_4_1 Pin=Q3_4-2
Added Pin To Net: NetName=NetCN2_4_1 Pin=Q3_4-2
Added Net: Name=NetCN2_4_1
Added Pin To Net: NetName=NetCN3_1_2 Pin=CN3_1-2
Added Pin To Net: NetName=NetCN3_1_2 Pin=R8_1-1
Added Net: Name=NetCN3_1_2
Added Pin To Net: NetName=NetCN3_2_2 Pin=CN3_2-2
Added Pin To Net: NetName=NetCN3_2_2 Pin=R8_2-1
Added Net: Name=NetCN3_2_2
Added Pin To Net: NetName=NetCN3_3_2 Pin=CN3_3-2
Added Pin To Net: NetName=NetCN3_3_2 Pin=R8_3-1
Added Net: Name=NetCN3_3_2
Added Pin To Net: NetName=NetCN3_4_2 Pin=CN3_4-2
Added Pin To Net: NetName=NetCN3_4_2 Pin=R8_4-1
Added Net: Name=NetCN3_4_2
Added Pin To Net: NetName=NetD1_1_1 Pin=D1_1-1
Added Pin To Net: NetName=NetD1_1_1 Pin=Q2_1-2
Added Pin To Net: NetName=NetD1_1_1 Pin=R2_1-2
Added Pin To Net: NetName=NetD1_1_1 Pin=RL1_1-5
Added Net: Name=NetD1_1_1
Added Pin To Net: NetName=NetD1_2_1 Pin=D1_2-1
Added Pin To Net: NetName=NetD1_2_1 Pin=Q2_2-2
Added Pin To Net: NetName=NetD1_2_1 Pin=R2_2-2
Added Pin To Net: NetName=NetD1_2_1 Pin=RL1_2-5
Added Net: Name=NetD1_2_1
Added Pin To Net: NetName=NetD1_3_1 Pin=D1_3-1
Added Pin To Net: NetName=NetD1_3_1 Pin=Q2_3-2
Added Pin To Net: NetName=NetD1_3_1 Pin=R2_3-2
Added Pin To Net: NetName=NetD1_3_1 Pin=RL1_3-5
Added Net: Name=NetD1_3_1
Added Pin To Net: NetName=NetD1_4_1 Pin=D1_4-1
Added Pin To Net: NetName=NetD1_4_1 Pin=Q2_4-2
Added Pin To Net: NetName=NetD1_4_1 Pin=R2_4-2
Added Pin To Net: NetName=NetD1_4_1 Pin=RL1_4-5
Added Net: Name=NetD1_4_1
Added Pin To Net: NetName=NetD3_1_1 Pin=D3_1-1
Added Pin To Net: NetName=NetD3_1_1 Pin=Q4_1-2
Added Net: Name=NetD3_1_1
Added Pin To Net: NetName=NetD3_2_1 Pin=D3_2-1
Added Pin To Net: NetName=NetD3_2_1 Pin=Q4_2-2
Added Net: Name=NetD3_2_1
Added Pin To Net: NetName=NetD3_3_1 Pin=D3_3-1
Added Pin To Net: NetName=NetD3_3_1 Pin=Q4_3-2
Added Net: Name=NetD3_3_1
Added Pin To Net: NetName=NetD3_4_1 Pin=D3_4-1
Added Pin To Net: NetName=NetD3_4_1 Pin=Q4_4-2
Added Net: Name=NetD3_4_1
Added Pin To Net: NetName=NetH1_1 Pin=H1-1
Added Pin To Net: NetName=NetH1_1 Pin=R29-2
Added Net: Name=NetH1_1
Added Pin To Net: NetName=NetLED1_1_2 Pin=LED1_1-2
Added Pin To Net: NetName=NetLED1_1_2 Pin=R2_1-1
Added Net: Name=NetLED1_1_2
Added Pin To Net: NetName=NetLED1_2_2 Pin=LED1_2-2
Added Pin To Net: NetName=NetLED1_2_2 Pin=R2_2-1
Added Net: Name=NetLED1_2_2
Added Pin To Net: NetName=NetLED1_3_2 Pin=LED1_3-2
Added Pin To Net: NetName=NetLED1_3_2 Pin=R2_3-1
Added Net: Name=NetLED1_3_2
Added Pin To Net: NetName=NetLED1_4_2 Pin=LED1_4-2
Added Pin To Net: NetName=NetLED1_4_2 Pin=R2_4-1
Added Net: Name=NetLED1_4_2
Added Pin To Net: NetName=NetLED2_2 Pin=LED2-2
Added Pin To Net: NetName=NetLED2_2 Pin=R13-1
Added Net: Name=NetLED2_2
Added Pin To Net: NetName=NetLED3_1 Pin=LED3-1
Added Pin To Net: NetName=NetLED3_1 Pin=R30-2
Added Net: Name=NetLED3_1
Added Pin To Net: NetName=NetQ2_1_3 Pin=Q2_1-3
Added Pin To Net: NetName=NetQ2_1_3 Pin=R3_1-2
Added Pin To Net: NetName=NetQ2_1_3 Pin=R4_1-2
Added Net: Name=NetQ2_1_3
Added Pin To Net: NetName=NetQ2_2_3 Pin=Q2_2-3
Added Pin To Net: NetName=NetQ2_2_3 Pin=R3_2-2
Added Pin To Net: NetName=NetQ2_2_3 Pin=R4_2-2
Added Net: Name=NetQ2_2_3
Added Pin To Net: NetName=NetQ2_3_3 Pin=Q2_3-3
Added Pin To Net: NetName=NetQ2_3_3 Pin=R3_3-2
Added Pin To Net: NetName=NetQ2_3_3 Pin=R4_3-2
Added Net: Name=NetQ2_3_3
Added Pin To Net: NetName=NetQ2_4_3 Pin=Q2_4-3
Added Pin To Net: NetName=NetQ2_4_3 Pin=R3_4-2
Added Pin To Net: NetName=NetQ2_4_3 Pin=R4_4-2
Added Net: Name=NetQ2_4_3
Added Pin To Net: NetName=NetQ3_1_1 Pin=Q3_1-1
Added Pin To Net: NetName=NetQ3_1_1 Pin=R5_1-2
Added Pin To Net: NetName=NetQ3_1_1 Pin=R6_1-2
Added Net: Name=NetQ3_1_1
Added Pin To Net: NetName=NetQ3_2_1 Pin=Q3_2-1
Added Pin To Net: NetName=NetQ3_2_1 Pin=R5_2-2
Added Pin To Net: NetName=NetQ3_2_1 Pin=R6_2-2
Added Net: Name=NetQ3_2_1
Added Pin To Net: NetName=NetQ3_3_1 Pin=Q3_3-1
Added Pin To Net: NetName=NetQ3_3_1 Pin=R5_3-2
Added Pin To Net: NetName=NetQ3_3_1 Pin=R6_3-2
Added Net: Name=NetQ3_3_1
Added Pin To Net: NetName=NetQ3_4_1 Pin=Q3_4-1
Added Pin To Net: NetName=NetQ3_4_1 Pin=R5_4-2
Added Pin To Net: NetName=NetQ3_4_1 Pin=R6_4-2
Added Net: Name=NetQ3_4_1
Added Pin To Net: NetName=NetQ4_1_3 Pin=Q4_1-3
Added Pin To Net: NetName=NetQ4_1_3 Pin=R31_1-2
Added Pin To Net: NetName=NetQ4_1_3 Pin=R32_1-2
Added Net: Name=NetQ4_1_3
Added Pin To Net: NetName=NetQ4_2_3 Pin=Q4_2-3
Added Pin To Net: NetName=NetQ4_2_3 Pin=R31_2-2
Added Pin To Net: NetName=NetQ4_2_3 Pin=R32_2-2
Added Net: Name=NetQ4_2_3
Added Pin To Net: NetName=NetQ4_3_3 Pin=Q4_3-3
Added Pin To Net: NetName=NetQ4_3_3 Pin=R31_3-2
Added Pin To Net: NetName=NetQ4_3_3 Pin=R32_3-2
Added Net: Name=NetQ4_3_3
Added Pin To Net: NetName=NetQ4_4_3 Pin=Q4_4-3
Added Pin To Net: NetName=NetQ4_4_3 Pin=R31_4-2
Added Pin To Net: NetName=NetQ4_4_3 Pin=R32_4-2
Added Net: Name=NetQ4_4_3
Added Pin To Net: NetName=NetQ5_1_1 Pin=Q5_1-1
Added Pin To Net: NetName=NetQ5_1_1 Pin=R33_1-2
Added Pin To Net: NetName=NetQ5_1_1 Pin=R34_1-2
Added Net: Name=NetQ5_1_1
Added Pin To Net: NetName=NetQ5_1_2 Pin=Q5_1-2
Added Pin To Net: NetName=NetQ5_1_2 Pin=Q5_1-2
Added Net: Name=NetQ5_1_2
Added Pin To Net: NetName=NetQ5_2_1 Pin=Q5_2-1
Added Pin To Net: NetName=NetQ5_2_1 Pin=R33_2-2
Added Pin To Net: NetName=NetQ5_2_1 Pin=R34_2-2
Added Net: Name=NetQ5_2_1
Added Pin To Net: NetName=NetQ5_2_2 Pin=Q5_2-2
Added Pin To Net: NetName=NetQ5_2_2 Pin=Q5_2-2
Added Net: Name=NetQ5_2_2
Added Pin To Net: NetName=NetQ5_3_1 Pin=Q5_3-1
Added Pin To Net: NetName=NetQ5_3_1 Pin=R33_3-2
Added Pin To Net: NetName=NetQ5_3_1 Pin=R34_3-2
Added Net: Name=NetQ5_3_1
Added Pin To Net: NetName=NetQ5_3_2 Pin=Q5_3-2
Added Pin To Net: NetName=NetQ5_3_2 Pin=Q5_3-2
Added Net: Name=NetQ5_3_2
Added Pin To Net: NetName=NetQ5_4_1 Pin=Q5_4-1
Added Pin To Net: NetName=NetQ5_4_1 Pin=R33_4-2
Added Pin To Net: NetName=NetQ5_4_1 Pin=R34_4-2
Added Net: Name=NetQ5_4_1
Added Pin To Net: NetName=NetQ5_4_2 Pin=Q5_4-2
Added Pin To Net: NetName=NetQ5_4_2 Pin=Q5_4-2
Added Net: Name=NetQ5_4_2
Added Pin To Net: NetName=NetR16_2 Pin=R16-2
Added Pin To Net: NetName=NetR16_2 Pin=U3-20
Added Net: Name=NetR16_2
Added Pin To Net: NetName=NetR36_1_1 Pin=R36_1-1
Added Net: Name=NetR36_1_1
Added Pin To Net: NetName=NetR36_2_1 Pin=R36_2-1
Added Net: Name=NetR36_2_1
Added Pin To Net: NetName=NetR36_3_1 Pin=R36_3-1
Added Net: Name=NetR36_3_1
Added Pin To Net: NetName=NetR36_4_1 Pin=R36_4-1
Added Net: Name=NetR36_4_1
Added Pin To Net: NetName=NetU1_1 Pin=U1-1
Added Pin To Net: NetName=NetU1_1 Pin=Y1-2
Added Net: Name=NetU1_1
Added Pin To Net: NetName=NetU1_2 Pin=U1-2
Added Pin To Net: NetName=NetU1_2 Pin=Y1-1
Added Net: Name=NetU1_2
Added Member To Class: ClassName=Designator Member=Component BAT1 BATTERY HOLDER-3V
Add Class Member: Failed to add class member : Component C1_1 (C1)
Add Class Member: Failed to add class member : Component C1_2 (C1)
Add Class Member: Failed to add class member : Component C1_3 (C1)
Add Class Member: Failed to add class member : Component C2_1 (C2)
Add Class Member: Failed to add class member : Component C2_2 (C2)
Add Class Member: Failed to add class member : Component C2_3 (C2)
Add Class Member: Failed to add class member : Component C2_4 (C2)
Add Class Member: Failed to add class member : Component C3
Add Class Member: Failed to add class member : Component C4 100nF-50V
Add Class Member: Failed to add class member : Component C5 4.7uF-50V
Add Class Member: Failed to add class member : Component C6 100nF-50V
Add Class Member: Failed to add class member : Component C7 4.7uF-50V
Add Class Member: Failed to add class member : Component C8 100nF-50V
Add Class Member: Failed to add class member : Component C9 100nF-50V
Add Class Member: Failed to add class member : Component C10 100nF-50V
Add Class Member: Failed to add class member : Component C11 100nF-50V
Add Class Member: Failed to add class member : Component C12
Add Class Member: Failed to add class member : Component C13
Add Class Member: Failed to add class member : Component C14
Add Class Member: Failed to add class member : Component C15
Add Class Member: Failed to add class member : Component C16
Add Class Member: Failed to add class member : Component C17
Add Class Member: Failed to add class member : Component C18
Add Class Member: Failed to add class member : Component C19
Add Class Member: Failed to add class member : Component C20
Add Class Member: Failed to add class member : Component C21
Add Class Member: Failed to add class member : Component C22 1uF-50V
Add Class Member: Failed to add class member : Component C23 1uF-50V
Add Class Member: Failed to add class member : Component C24 1uF-50V
Add Class Member: Failed to add class member : Component C25 1uF-50V
Add Class Member: Failed to add class member : Component C26 100nF-50V
Add Class Member: Failed to add class member : Component C27 100nF-50V
Add Class Member: Failed to add class member : Component C28
Add Class Member: Failed to add class member : Component C29
Add Class Member: Failed to add class member : Component C30
Add Class Member: Failed to add class member : Component C31
Add Class Member: Failed to add class member : Component C32
Add Class Member: Failed to add class member : Component C33
Add Class Member: Failed to add class member : Component C34
Added Member To Class: ClassName=Designator Member=Component C35
Add Class Member: Failed to add class member : Component C36
Add Class Member: Failed to add class member : Component C37
Add Class Member: Failed to add class member : Component C38
Add Class Member: Failed to add class member : Component C39
Added Member To Class: ClassName=Designator Member=Component C40
Add Class Member: Failed to add class member : Component C41_1 (C41)
Add Class Member: Failed to add class member : Component C41_2 (C41)
Add Class Member: Failed to add class member : Component C41_3 (C41)
Add Class Member: Failed to add class member : Component C41_4 (C41)
Added Member To Class: ClassName=CHANNEL1 Member=Component CN1_1 (CN1) Connector XH/VH/TE-Straight/Right-THD/SMD-?mm
Added Member To Class: ClassName=CHANNEL2 Member=Component CN1_2 (CN1) Connector XH/VH/TE-Straight/Right-THD/SMD-?mm
Added Member To Class: ClassName=CHANNEL3 Member=Component CN1_3 (CN1) Connector XH/VH/TE-Straight/Right-THD/SMD-?mm
Added Member To Class: ClassName=CHANNEL4 Member=Component CN1_4 (CN1) Connector XH/VH/TE-Straight/Right-THD/SMD-?mm
Added Member To Class: ClassName=CHANNEL1 Member=Component CN2_1 (CN2) Connector XH/VH/TE-Straight/Right-THD/SMD-?mm
Added Member To Class: ClassName=CHANNEL2 Member=Component CN2_2 (CN2) Connector XH/VH/TE-Straight/Right-THD/SMD-?mm
Added Member To Class: ClassName=CHANNEL3 Member=Component CN2_3 (CN2) Connector XH/VH/TE-Straight/Right-THD/SMD-?mm
Added Member To Class: ClassName=CHANNEL4 Member=Component CN2_4 (CN2) Connector XH/VH/TE-Straight/Right-THD/SMD-?mm
Added Member To Class: ClassName=CHANNEL1 Member=Component CN3_1 (CN3) Connector XH/VH/TE-Straight/Right-THD/SMD-?mm
Added Member To Class: ClassName=CHANNEL2 Member=Component CN3_2 (CN3) Connector XH/VH/TE-Straight/Right-THD/SMD-?mm
Added Member To Class: ClassName=CHANNEL3 Member=Component CN3_3 (CN3) Connector XH/VH/TE-Straight/Right-THD/SMD-?mm
Added Member To Class: ClassName=CHANNEL4 Member=Component CN3_4 (CN3) Connector XH/VH/TE-Straight/Right-THD/SMD-?mm
Added Member To Class: ClassName=Designator Member=Component CN4 XH-2
Added Member To Class: ClassName=Designator Member=Component CN5 0.5mm-Horizontal
Added Member To Class: ClassName=Designator Member=Component CN6 Connector XH/VH/TE-Straight/Right-THD/SMD-?mm
Added Member To Class: ClassName=Interface Member=Component CN7 Connector XH/VH/TE-Straight/Right-THD/SMD-?mm
Added Member To Class: ClassName=Interface Member=Component CN8 Box Header IDC 2x8 Straight/Right
Added Member To Class: ClassName=CHANNEL1 Member=Component D1_1 (D1) Diode 1N4148-SMD
Added Member To Class: ClassName=CHANNEL2 Member=Component D1_2 (D1) Diode 1N4148-SMD
Added Member To Class: ClassName=CHANNEL3 Member=Component D1_3 (D1) Diode 1N4148-SMD
Added Member To Class: ClassName=CHANNEL4 Member=Component D1_4 (D1) Diode 1N4148-SMD
Added Member To Class: ClassName=Designator Member=Component D2 1N4007(M7)
Added Member To Class: ClassName=CHANNEL_EX1 Member=Component D3_1 (D3) Diode 1N4148-SMD
Added Member To Class: ClassName=CHANNEL_EX2 Member=Component D3_2 (D3) Diode 1N4148-SMD
Added Member To Class: ClassName=CHANNEL_EX3 Member=Component D3_3 (D3) Diode 1N4148-SMD
Added Member To Class: ClassName=CHANNEL_EX4 Member=Component D3_4 (D3) Diode 1N4148-SMD
Added Member To Class: ClassName=Designator Member=Component FB1 FERRITE BEAD
Added Member To Class: ClassName=Designator Member=Component FB2 FERRITE BEAD
Added Member To Class: ClassName=Designator Member=Component FB3 FERRITE BEAD
Added Member To Class: ClassName=Designator Member=Component FB4 FERRITE BEAD
Added Member To Class: ClassName=Designator Member=Component FB5 FERRITE BEAD
Added Member To Class: ClassName=Designator Member=Component H1 BOOT
Added Member To Class: ClassName=Designator Member=Component H3 MALE-STRAIGHT
Added Member To Class: ClassName=CHANNEL1 Member=Component LED1_1 (LED1) LED GREEN-1206-SMD
Added Member To Class: ClassName=CHANNEL2 Member=Component LED1_2 (LED1) LED GREEN-1206-SMD
Added Member To Class: ClassName=CHANNEL3 Member=Component LED1_3 (LED1) LED GREEN-1206-SMD
Added Member To Class: ClassName=CHANNEL4 Member=Component LED1_4 (LED1) LED GREEN-1206-SMD
Added Member To Class: ClassName=Designator Member=Component LED2 YELLO-0805
Added Member To Class: ClassName=Designator Member=Component LED3 3V3D
Added Member To Class: ClassName=Designator Member=Component M1 3.2inch-40pin-without touch
Added Member To Class: ClassName=Designator Member=Component MIC1 2.2mm
Added Member To Class: ClassName=Designator Member=Component NT1 NET TIE-3
Added Member To Class: ClassName=Designator Member=Component Q1 S8050(J3Y)
Added Member To Class: ClassName=CHANNEL1 Member=Component Q2_1 (Q2) TR C945-SMD
Added Member To Class: ClassName=CHANNEL2 Member=Component Q2_2 (Q2) TR C945-SMD
Added Member To Class: ClassName=CHANNEL3 Member=Component Q2_3 (Q2) TR C945-SMD
Added Member To Class: ClassName=CHANNEL4 Member=Component Q2_4 (Q2) TR C945-SMD
Added Member To Class: ClassName=CHANNEL1 Member=Component Q3_1 (Q3) TR ZXTN2010ZTA-SMD
Added Member To Class: ClassName=CHANNEL2 Member=Component Q3_2 (Q3) TR ZXTN2010ZTA-SMD
Added Member To Class: ClassName=CHANNEL3 Member=Component Q3_3 (Q3) TR ZXTN2010ZTA-SMD
Added Member To Class: ClassName=CHANNEL4 Member=Component Q3_4 (Q3) TR ZXTN2010ZTA-SMD
Added Member To Class: ClassName=CHANNEL_EX1 Member=Component Q4_1 (Q4) TR C945-SMD
Added Member To Class: ClassName=CHANNEL_EX2 Member=Component Q4_2 (Q4) TR C945-SMD
Added Member To Class: ClassName=CHANNEL_EX3 Member=Component Q4_3 (Q4) TR C945-SMD
Added Member To Class: ClassName=CHANNEL_EX4 Member=Component Q4_4 (Q4) TR C945-SMD
Added Member To Class: ClassName=CHANNEL_EX1 Member=Component Q5_1 (Q5) TR ZXTN2010ZTA-SMD
Added Member To Class: ClassName=CHANNEL_EX2 Member=Component Q5_2 (Q5) TR ZXTN2010ZTA-SMD
Added Member To Class: ClassName=CHANNEL_EX3 Member=Component Q5_3 (Q5) TR ZXTN2010ZTA-SMD
Added Member To Class: ClassName=CHANNEL_EX4 Member=Component Q5_4 (Q5) TR ZXTN2010ZTA-SMD
Added Member To Class: ClassName=KEY1 Member=Component R1_1 (R1)
Added Member To Class: ClassName=KEY2 Member=Component R1_2 (R1)
Added Member To Class: ClassName=KEY3 Member=Component R1_3 (R1)
Added Member To Class: ClassName=CHANNEL1 Member=Component R2_1 (R2) RES 2.2K-5%-1/8W-SMD
Added Member To Class: ClassName=CHANNEL2 Member=Component R2_2 (R2) RES 2.2K-5%-1/8W-SMD
Added Member To Class: ClassName=CHANNEL3 Member=Component R2_3 (R2) RES 2.2K-5%-1/8W-SMD
Added Member To Class: ClassName=CHANNEL4 Member=Component R2_4 (R2) RES 2.2K-5%-1/8W-SMD
Added Member To Class: ClassName=CHANNEL1 Member=Component R3_1 (R3) RES 1K-5%-1/8W-SMD
Added Member To Class: ClassName=CHANNEL2 Member=Component R3_2 (R3) RES 1K-5%-1/8W-SMD
Added Member To Class: ClassName=CHANNEL3 Member=Component R3_3 (R3) RES 1K-5%-1/8W-SMD
Added Member To Class: ClassName=CHANNEL4 Member=Component R3_4 (R3) RES 1K-5%-1/8W-SMD
Added Member To Class: ClassName=CHANNEL1 Member=Component R4_1 (R4) RES 10K-5%-1/8W-SMD
Added Member To Class: ClassName=CHANNEL2 Member=Component R4_2 (R4) RES 10K-5%-1/8W-SMD
Added Member To Class: ClassName=CHANNEL3 Member=Component R4_3 (R4) RES 10K-5%-1/8W-SMD
Added Member To Class: ClassName=CHANNEL4 Member=Component R4_4 (R4) RES 10K-5%-1/8W-SMD
Added Member To Class: ClassName=CHANNEL1 Member=Component R5_1 (R5) RES 1K-5%-1/8W-SMD
Added Member To Class: ClassName=CHANNEL2 Member=Component R5_2 (R5) RES 1K-5%-1/8W-SMD
Added Member To Class: ClassName=CHANNEL3 Member=Component R5_3 (R5) RES 1K-5%-1/8W-SMD
Added Member To Class: ClassName=CHANNEL4 Member=Component R5_4 (R5) RES 1K-5%-1/8W-SMD
Added Member To Class: ClassName=CHANNEL1 Member=Component R6_1 (R6) RES 10K-5%-1/8W-SMD
Added Member To Class: ClassName=CHANNEL2 Member=Component R6_2 (R6) RES 10K-5%-1/8W-SMD
Added Member To Class: ClassName=CHANNEL3 Member=Component R6_3 (R6) RES 10K-5%-1/8W-SMD
Added Member To Class: ClassName=CHANNEL4 Member=Component R6_4 (R6) RES 10K-5%-1/8W-SMD
Added Member To Class: ClassName=CHANNEL1 Member=Component R7_1 (R7)
Added Member To Class: ClassName=CHANNEL2 Member=Component R7_2 (R7)
Added Member To Class: ClassName=CHANNEL3 Member=Component R7_3 (R7)
Added Member To Class: ClassName=CHANNEL4 Member=Component R7_4 (R7)
Added Member To Class: ClassName=CHANNEL1 Member=Component R8_1 (R8)
Added Member To Class: ClassName=CHANNEL2 Member=Component R8_2 (R8)
Added Member To Class: ClassName=CHANNEL3 Member=Component R8_3 (R8)
Added Member To Class: ClassName=CHANNEL4 Member=Component R8_4 (R8)
Added Member To Class: ClassName=Designator Member=Component R9
Added Member To Class: ClassName=Designator Member=Component R10
Added Member To Class: ClassName=Designator Member=Component R11 4.7K-1/8W-5%
Added Member To Class: ClassName=Designator Member=Component R12 4.7K-1/8W-5%
Added Member To Class: ClassName=Designator Member=Component R13 1K-1/8W-5%
Added Member To Class: ClassName=Designator Member=Component R14 4.7K-1/8W-5%
Added Member To Class: ClassName=Designator Member=Component R15 4.7K-1/8W-5%
Added Member To Class: ClassName=Designator Member=Component R16 82K-1/8W-5%
Added Member To Class: ClassName=Designator Member=Component R17 10R-1/8W-5%
Added Member To Class: ClassName=Designator Member=Component R18 10R-1/8W-5%
Added Member To Class: ClassName=Designator Member=Component R19 4.7K-1/8W-5%
Added Member To Class: ClassName=Designator Member=Component R20 4.7K-1/8W-5%
Added Member To Class: ClassName=Designator Member=Component R21 4.7K-1/8W-5%
Added Member To Class: ClassName=Designator Member=Component R22 10R-1/8W-5%
Added Member To Class: ClassName=Designator Member=Component R23 1K-1/8W-5%
Added Member To Class: ClassName=Designator Member=Component R24 4.7K-1/8W-5%
Added Member To Class: ClassName=Designator Member=Component R25 4.7K-1/8W-5%
Added Member To Class: ClassName=Designator Member=Component R26 10K-1/8W-5%
Added Member To Class: ClassName=Designator Member=Component R27 4.7K-1/8W-5%
Added Member To Class: ClassName=Designator Member=Component R28
Added Member To Class: ClassName=Designator Member=Component R29
Added Member To Class: ClassName=Designator Member=Component R30
Added Member To Class: ClassName=CHANNEL_EX1 Member=Component R31_1 (R31) RES 1K-5%-1/8W-SMD
Added Member To Class: ClassName=CHANNEL_EX2 Member=Component R31_2 (R31) RES 1K-5%-1/8W-SMD
Added Member To Class: ClassName=CHANNEL_EX3 Member=Component R31_3 (R31) RES 1K-5%-1/8W-SMD
Added Member To Class: ClassName=CHANNEL_EX4 Member=Component R31_4 (R31) RES 1K-5%-1/8W-SMD
Added Member To Class: ClassName=CHANNEL_EX1 Member=Component R32_1 (R32) RES 10K-5%-1/8W-SMD
Added Member To Class: ClassName=CHANNEL_EX2 Member=Component R32_2 (R32) RES 10K-5%-1/8W-SMD
Added Member To Class: ClassName=CHANNEL_EX3 Member=Component R32_3 (R32) RES 10K-5%-1/8W-SMD
Added Member To Class: ClassName=CHANNEL_EX4 Member=Component R32_4 (R32) RES 10K-5%-1/8W-SMD
Added Member To Class: ClassName=CHANNEL_EX1 Member=Component R33_1 (R33) RES 1K-5%-1/8W-SMD
Added Member To Class: ClassName=CHANNEL_EX2 Member=Component R33_2 (R33) RES 1K-5%-1/8W-SMD
Added Member To Class: ClassName=CHANNEL_EX3 Member=Component R33_3 (R33) RES 1K-5%-1/8W-SMD
Added Member To Class: ClassName=CHANNEL_EX4 Member=Component R33_4 (R33) RES 1K-5%-1/8W-SMD
Added Member To Class: ClassName=CHANNEL_EX1 Member=Component R34_1 (R34) RES 10K-5%-1/8W-SMD
Added Member To Class: ClassName=CHANNEL_EX2 Member=Component R34_2 (R34) RES 10K-5%-1/8W-SMD
Added Member To Class: ClassName=CHANNEL_EX3 Member=Component R34_3 (R34) RES 10K-5%-1/8W-SMD
Added Member To Class: ClassName=CHANNEL_EX4 Member=Component R34_4 (R34) RES 10K-5%-1/8W-SMD
Added Member To Class: ClassName=CHANNEL_EX1 Member=Component R35_1 (R35)
Added Member To Class: ClassName=CHANNEL_EX2 Member=Component R35_2 (R35)
Added Member To Class: ClassName=CHANNEL_EX3 Member=Component R35_3 (R35)
Added Member To Class: ClassName=CHANNEL_EX4 Member=Component R35_4 (R35)
Added Member To Class: ClassName=CHANNEL_EX1 Member=Component R36_1 (R36)
Added Member To Class: ClassName=CHANNEL_EX2 Member=Component R36_2 (R36)
Added Member To Class: ClassName=CHANNEL_EX3 Member=Component R36_3 (R36)
Added Member To Class: ClassName=CHANNEL_EX4 Member=Component R36_4 (R36)
Added Member To Class: ClassName=CHANNEL1 Member=Component RL1_1 (RL1) Relay SPDT 12V-5A-MILON-CHILD-5 Pin
Added Member To Class: ClassName=CHANNEL2 Member=Component RL1_2 (RL1) Relay SPDT 12V-5A-MILON-CHILD-5 Pin
Added Member To Class: ClassName=CHANNEL3 Member=Component RL1_3 (RL1) Relay SPDT 12V-5A-MILON-CHILD-5 Pin
Added Member To Class: ClassName=CHANNEL4 Member=Component RL1_4 (RL1) Relay SPDT 12V-5A-MILON-CHILD-5 Pin
Added Member To Class: ClassName=KEY1 Member=Component S1_1 (S1) UP
Added Member To Class: ClassName=KEY2 Member=Component S1_2 (S1) UP
Added Member To Class: ClassName=KEY3 Member=Component S1_3 (S1) UP
Added Member To Class: ClassName=Designator Member=Component S2 RESET
Added Member To Class: ClassName=Designator Member=Component U1 DS1307
Added Member To Class: ClassName=Designator Member=Component U2 AT24C04
Added Member To Class: ClassName=Designator Member=Component U3 ISD1730
Added Member To Class: ClassName=Designator Member=Component U4 STM32F407ZGT6
Added Member To Class: ClassName=Designator Member=Component U5 AMS1117-3.3V
Added Member To Class: ClassName=Designator Member=Component Y1
Added Member To Class: ClassName=Designator Member=Component Y2
Added Member To Class: ClassName=CHANNEL1 Member=Component ZD1_1 (ZD1) Zener -3.3V-SMD
Added Member To Class: ClassName=CHANNEL2 Member=Component ZD1_2 (ZD1) Zener -3.3V-SMD
Added Member To Class: ClassName=CHANNEL3 Member=Component ZD1_3 (ZD1) Zener -3.3V-SMD
Added Member To Class: ClassName=CHANNEL4 Member=Component ZD1_4 (ZD1) Zener -3.3V-SMD
Added Member To Class: ClassName=CHANNEL_EX1 Member=Component ZD2_1 (ZD2) Zener -3.3V-SMD
Added Member To Class: ClassName=CHANNEL_EX2 Member=Component ZD2_2 (ZD2) Zener -3.3V-SMD
Added Member To Class: ClassName=CHANNEL_EX3 Member=Component ZD2_3 (ZD2) Zener -3.3V-SMD
Added Member To Class: ClassName=CHANNEL_EX4 Member=Component ZD2_4 (ZD2) Zener -3.3V-SMD
Added Member To Class: ClassName=ISD Member=Wire NetC5_1
Added Member To Class: ClassName=ISD Member=Wire NetC6_1
Added Member To Class: ClassName=ISD Member=Wire NetC7_1
Added Member To Class: ClassName=ISD Member=Wire NetC11_1
Added Member To Class: ClassName=ISD Member=Wire NetLED2_2
Added Member To Class: ClassName=ISD Member=Wire NetR16_2
Added Room: Name=Designator
Added Room: Name=Designator
Added Room: Name=Designator
Added Room: Name=Designator
Added Room: Name=Designator
Added Room: Name=Designator
Added Room: Name=Interface
Added Room: Name=KEY1
Added Room: Name=KEY2
Added Room: Name=KEY3
