Added Component: Designator=C47_1(C-0805)
Add component (AddParameter): Name = "ComponentLink1Description"; Value = "Linkedin"; VariantName = "[No Variations]"
Add component (AddParameter): Name = "ComponentLink1URL"; Value = "https://ir.linkedin.com/in/mahdi-bagherzade"; VariantName = "[No Variations]"
Add component (AddParameter): Name = "Phone Number"; Value = "0915 8700 314"; VariantName = "[No Variations]"
Add component (AddParameter): Name = "Published Date"; Value = "9-15-2024"; VariantName = "[No Variations]"
Add component (AddParameter): Name = "Publisher"; Value = "Mahdi Bagherzadeh"; VariantName = "[No Variations]"
Add component (AddParameter): Name = "Tolerance"; Value = "X7R"; VariantName = "[No Variations]"
Add component (AddParameter): Name = "Type"; Value = "SMD"; VariantName = "[No Variations]"
Add component (AddParameter): Name = "Value"; Value = "100nF"; VariantName = "[No Variations]"
Add component (AddParameter): Name = "Voltage"; Value = "50V"; VariantName = "[No Variations]"
Added Component: Designator=C47_2(C-0805)
Add component (AddParameter): Name = "ComponentLink1Description"; Value = "Linkedin"; VariantName = "[No Variations]"
Add component (AddParameter): Name = "ComponentLink1URL"; Value = "https://ir.linkedin.com/in/mahdi-bagherzade"; VariantName = "[No Variations]"
Add component (AddParameter): Name = "Phone Number"; Value = "0915 8700 314"; VariantName = "[No Variations]"
Add component (AddParameter): Name = "Published Date"; Value = "9-15-2024"; VariantName = "[No Variations]"
Add component (AddParameter): Name = "Publisher"; Value = "Mahdi Bagherzadeh"; VariantName = "[No Variations]"
Add component (AddParameter): Name = "Tolerance"; Value = "X7R"; VariantName = "[No Variations]"
Add component (AddParameter): Name = "Type"; Value = "SMD"; VariantName = "[No Variations]"
Add component (AddParameter): Name = "Value"; Value = "100nF"; VariantName = "[No Variations]"
Add component (AddParameter): Name = "Voltage"; Value = "50V"; VariantName = "[No Variations]"
Added Component: Designator=C47_3(C-0805)
Add component (AddParameter): Name = "ComponentLink1Description"; Value = "Linkedin"; VariantName = "[No Variations]"
Add component (AddParameter): Name = "ComponentLink1URL"; Value = "https://ir.linkedin.com/in/mahdi-bagherzade"; VariantName = "[No Variations]"
Add component (AddParameter): Name = "Phone Number"; Value = "0915 8700 314"; VariantName = "[No Variations]"
Add component (AddParameter): Name = "Published Date"; Value = "9-15-2024"; VariantName = "[No Variations]"
Add component (AddParameter): Name = "Publisher"; Value = "Mahdi Bagherzadeh"; VariantName = "[No Variations]"
Add component (AddParameter): Name = "Tolerance"; Value = "X7R"; VariantName = "[No Variations]"
Add component (AddParameter): Name = "Type"; Value = "SMD"; VariantName = "[No Variations]"
Add component (AddParameter): Name = "Value"; Value = "100nF"; VariantName = "[No Variations]"
Add component (AddParameter): Name = "Voltage"; Value = "50V"; VariantName = "[No Variations]"
Added Component: Designator=C47_4(C-0805)
Add component (AddParameter): Name = "ComponentLink1Description"; Value = "Linkedin"; VariantName = "[No Variations]"
Add component (AddParameter): Name = "ComponentLink1URL"; Value = "https://ir.linkedin.com/in/mahdi-bagherzade"; VariantName = "[No Variations]"
Add component (AddParameter): Name = "Phone Number"; Value = "0915 8700 314"; VariantName = "[No Variations]"
Add component (AddParameter): Name = "Published Date"; Value = "9-15-2024"; VariantName = "[No Variations]"
Add component (AddParameter): Name = "Publisher"; Value = "Mahdi Bagherzadeh"; VariantName = "[No Variations]"
Add component (AddParameter): Name = "Tolerance"; Value = "X7R"; VariantName = "[No Variations]"
Add component (AddParameter): Name = "Type"; Value = "SMD"; VariantName = "[No Variations]"
Add component (AddParameter): Name = "Value"; Value = "100nF"; VariantName = "[No Variations]"
Add component (AddParameter): Name = "Voltage"; Value = "50V"; VariantName = "[No Variations]"
Added Component: Designator=C47_5(C-0805)
Add component (AddParameter): Name = "ComponentLink1Description"; Value = "Linkedin"; VariantName = "[No Variations]"
Add component (AddParameter): Name = "ComponentLink1URL"; Value = "https://ir.linkedin.com/in/mahdi-bagherzade"; VariantName = "[No Variations]"
Add component (AddParameter): Name = "Phone Number"; Value = "0915 8700 314"; VariantName = "[No Variations]"
Add component (AddParameter): Name = "Published Date"; Value = "9-15-2024"; VariantName = "[No Variations]"
Add component (AddParameter): Name = "Publisher"; Value = "Mahdi Bagherzadeh"; VariantName = "[No Variations]"
Add component (AddParameter): Name = "Tolerance"; Value = "X7R"; VariantName = "[No Variations]"
Add component (AddParameter): Name = "Type"; Value = "SMD"; VariantName = "[No Variations]"
Add component (AddParameter): Name = "Value"; Value = "100nF"; VariantName = "[No Variations]"
Add component (AddParameter): Name = "Voltage"; Value = "50V"; VariantName = "[No Variations]"
Added Component: Designator=C47_6(C-0805)
Add component (AddParameter): Name = "ComponentLink1Description"; Value = "Linkedin"; VariantName = "[No Variations]"
Add component (AddParameter): Name = "ComponentLink1URL"; Value = "https://ir.linkedin.com/in/mahdi-bagherzade"; VariantName = "[No Variations]"
Add component (AddParameter): Name = "Phone Number"; Value = "0915 8700 314"; VariantName = "[No Variations]"
Add component (AddParameter): Name = "Published Date"; Value = "9-15-2024"; VariantName = "[No Variations]"
Add component (AddParameter): Name = "Publisher"; Value = "Mahdi Bagherzadeh"; VariantName = "[No Variations]"
Add component (AddParameter): Name = "Tolerance"; Value = "X7R"; VariantName = "[No Variations]"
Add component (AddParameter): Name = "Type"; Value = "SMD"; VariantName = "[No Variations]"
Add component (AddParameter): Name = "Value"; Value = "100nF"; VariantName = "[No Variations]"
Add component (AddParameter): Name = "Voltage"; Value = "50V"; VariantName = "[No Variations]"
Added Component: Designator=C47_7(C-0805)
Add component (AddParameter): Name = "ComponentLink1Description"; Value = "Linkedin"; VariantName = "[No Variations]"
Add component (AddParameter): Name = "ComponentLink1URL"; Value = "https://ir.linkedin.com/in/mahdi-bagherzade"; VariantName = "[No Variations]"
Add component (AddParameter): Name = "Phone Number"; Value = "0915 8700 314"; VariantName = "[No Variations]"
Add component (AddParameter): Name = "Published Date"; Value = "9-15-2024"; VariantName = "[No Variations]"
Add component (AddParameter): Name = "Publisher"; Value = "Mahdi Bagherzadeh"; VariantName = "[No Variations]"
Add component (AddParameter): Name = "Tolerance"; Value = "X7R"; VariantName = "[No Variations]"
Add component (AddParameter): Name = "Type"; Value = "SMD"; VariantName = "[No Variations]"
Add component (AddParameter): Name = "Value"; Value = "100nF"; VariantName = "[No Variations]"
Add component (AddParameter): Name = "Voltage"; Value = "50V"; VariantName = "[No Variations]"
Added Component: Designator=C47_8(C-0805)
Add component (AddParameter): Name = "ComponentLink1Description"; Value = "Linkedin"; VariantName = "[No Variations]"
Add component (AddParameter): Name = "ComponentLink1URL"; Value = "https://ir.linkedin.com/in/mahdi-bagherzade"; VariantName = "[No Variations]"
Add component (AddParameter): Name = "Phone Number"; Value = "0915 8700 314"; VariantName = "[No Variations]"
Add component (AddParameter): Name = "Published Date"; Value = "9-15-2024"; VariantName = "[No Variations]"
Add component (AddParameter): Name = "Publisher"; Value = "Mahdi Bagherzadeh"; VariantName = "[No Variations]"
Add component (AddParameter): Name = "Tolerance"; Value = "X7R"; VariantName = "[No Variations]"
Add component (AddParameter): Name = "Type"; Value = "SMD"; VariantName = "[No Variations]"
Add component (AddParameter): Name = "Value"; Value = "100nF"; VariantName = "[No Variations]"
Add component (AddParameter): Name = "Voltage"; Value = "50V"; VariantName = "[No Variations]"
Added Component: Designator=FB6_1(FB-0805)
Add component (AddParameter): Name = "ComponentLink1Description"; Value = "Linkedin"; VariantName = "[No Variations]"
Add component (AddParameter): Name = "ComponentLink1URL"; Value = "https://ir.linkedin.com/in/mahdi-bagherzade"; VariantName = "[No Variations]"
Add component (AddParameter): Name = "Phone Number"; Value = "0915 8700 314"; VariantName = "[No Variations]"
Add component (AddParameter): Name = "Published Date"; Value = "9-15-2024"; VariantName = "[No Variations]"
Add component (AddParameter): Name = "Publisher"; Value = "Mahdi Bagherzadeh"; VariantName = "[No Variations]"
Add component (AddParameter): Name = "Type"; Value = "SMD"; VariantName = "[No Variations]"
Added Component: Designator=FB6_2(FB-0805)
Add component (AddParameter): Name = "ComponentLink1Description"; Value = "Linkedin"; VariantName = "[No Variations]"
Add component (AddParameter): Name = "ComponentLink1URL"; Value = "https://ir.linkedin.com/in/mahdi-bagherzade"; VariantName = "[No Variations]"
Add component (AddParameter): Name = "Phone Number"; Value = "0915 8700 314"; VariantName = "[No Variations]"
Add component (AddParameter): Name = "Published Date"; Value = "9-15-2024"; VariantName = "[No Variations]"
Add component (AddParameter): Name = "Publisher"; Value = "Mahdi Bagherzadeh"; VariantName = "[No Variations]"
Add component (AddParameter): Name = "Type"; Value = "SMD"; VariantName = "[No Variations]"
Added Component: Designator=FB6_3(FB-0805)
Add component (AddParameter): Name = "ComponentLink1Description"; Value = "Linkedin"; VariantName = "[No Variations]"
Add component (AddParameter): Name = "ComponentLink1URL"; Value = "https://ir.linkedin.com/in/mahdi-bagherzade"; VariantName = "[No Variations]"
Add component (AddParameter): Name = "Phone Number"; Value = "0915 8700 314"; VariantName = "[No Variations]"
Add component (AddParameter): Name = "Published Date"; Value = "9-15-2024"; VariantName = "[No Variations]"
Add component (AddParameter): Name = "Publisher"; Value = "Mahdi Bagherzadeh"; VariantName = "[No Variations]"
Add component (AddParameter): Name = "Type"; Value = "SMD"; VariantName = "[No Variations]"
Added Component: Designator=FB6_4(FB-0805)
Add component (AddParameter): Name = "ComponentLink1Description"; Value = "Linkedin"; VariantName = "[No Variations]"
Add component (AddParameter): Name = "ComponentLink1URL"; Value = "https://ir.linkedin.com/in/mahdi-bagherzade"; VariantName = "[No Variations]"
Add component (AddParameter): Name = "Phone Number"; Value = "0915 8700 314"; VariantName = "[No Variations]"
Add component (AddParameter): Name = "Published Date"; Value = "9-15-2024"; VariantName = "[No Variations]"
Add component (AddParameter): Name = "Publisher"; Value = "Mahdi Bagherzadeh"; VariantName = "[No Variations]"
Add component (AddParameter): Name = "Type"; Value = "SMD"; VariantName = "[No Variations]"
Added Component: Designator=FB6_5(FB-0805)
Add component (AddParameter): Name = "ComponentLink1Description"; Value = "Linkedin"; VariantName = "[No Variations]"
Add component (AddParameter): Name = "ComponentLink1URL"; Value = "https://ir.linkedin.com/in/mahdi-bagherzade"; VariantName = "[No Variations]"
Add component (AddParameter): Name = "Phone Number"; Value = "0915 8700 314"; VariantName = "[No Variations]"
Add component (AddParameter): Name = "Published Date"; Value = "9-15-2024"; VariantName = "[No Variations]"
Add component (AddParameter): Name = "Publisher"; Value = "Mahdi Bagherzadeh"; VariantName = "[No Variations]"
Add component (AddParameter): Name = "Type"; Value = "SMD"; VariantName = "[No Variations]"
Added Component: Designator=FB6_6(FB-0805)
Add component (AddParameter): Name = "ComponentLink1Description"; Value = "Linkedin"; VariantName = "[No Variations]"
Add component (AddParameter): Name = "ComponentLink1URL"; Value = "https://ir.linkedin.com/in/mahdi-bagherzade"; VariantName = "[No Variations]"
Add component (AddParameter): Name = "Phone Number"; Value = "0915 8700 314"; VariantName = "[No Variations]"
Add component (AddParameter): Name = "Published Date"; Value = "9-15-2024"; VariantName = "[No Variations]"
Add component (AddParameter): Name = "Publisher"; Value = "Mahdi Bagherzadeh"; VariantName = "[No Variations]"
Add component (AddParameter): Name = "Type"; Value = "SMD"; VariantName = "[No Variations]"
Added Component: Designator=FB6_7(FB-0805)
Add component (AddParameter): Name = "ComponentLink1Description"; Value = "Linkedin"; VariantName = "[No Variations]"
Add component (AddParameter): Name = "ComponentLink1URL"; Value = "https://ir.linkedin.com/in/mahdi-bagherzade"; VariantName = "[No Variations]"
Add component (AddParameter): Name = "Phone Number"; Value = "0915 8700 314"; VariantName = "[No Variations]"
Add component (AddParameter): Name = "Published Date"; Value = "9-15-2024"; VariantName = "[No Variations]"
Add component (AddParameter): Name = "Publisher"; Value = "Mahdi Bagherzadeh"; VariantName = "[No Variations]"
Add component (AddParameter): Name = "Type"; Value = "SMD"; VariantName = "[No Variations]"
Added Component: Designator=FB6_8(FB-0805)
Add component (AddParameter): Name = "ComponentLink1Description"; Value = "Linkedin"; VariantName = "[No Variations]"
Add component (AddParameter): Name = "ComponentLink1URL"; Value = "https://ir.linkedin.com/in/mahdi-bagherzade"; VariantName = "[No Variations]"
Add component (AddParameter): Name = "Phone Number"; Value = "0915 8700 314"; VariantName = "[No Variations]"
Add component (AddParameter): Name = "Published Date"; Value = "9-15-2024"; VariantName = "[No Variations]"
Add component (AddParameter): Name = "Publisher"; Value = "Mahdi Bagherzadeh"; VariantName = "[No Variations]"
Add component (AddParameter): Name = "Type"; Value = "SMD"; VariantName = "[No Variations]"
Added Component: Designator=R3_1(R-0805)
Add component (AddParameter): Name = "ComponentLink1Description"; Value = "Linkedin"; VariantName = "[No Variations]"
Add component (AddParameter): Name = "ComponentLink1URL"; Value = "https://ir.linkedin.com/in/mahdi-bagherzade"; VariantName = "[No Variations]"
Add component (AddParameter): Name = "Phone Number"; Value = "0915 8700 314"; VariantName = "[No Variations]"
Add component (AddParameter): Name = "Power"; Value = "1/8W"; VariantName = "[No Variations]"
Add component (AddParameter): Name = "Published Date"; Value = "9-15-2024"; VariantName = "[No Variations]"
Add component (AddParameter): Name = "Publisher"; Value = "Mahdi Bagherzadeh"; VariantName = "[No Variations]"
Add component (AddParameter): Name = "Tolerance"; Value = "5%"; VariantName = "[No Variations]"
Add component (AddParameter): Name = "Type"; Value = "SMD"; VariantName = "[No Variations]"
Add component (AddParameter): Name = "VALUE"; Value = "1K"; VariantName = "[No Variations]"
Added Component: Designator=R3_2(R-0805)
Add component (AddParameter): Name = "ComponentLink1Description"; Value = "Linkedin"; VariantName = "[No Variations]"
Add component (AddParameter): Name = "ComponentLink1URL"; Value = "https://ir.linkedin.com/in/mahdi-bagherzade"; VariantName = "[No Variations]"
Add component (AddParameter): Name = "Phone Number"; Value = "0915 8700 314"; VariantName = "[No Variations]"
Add component (AddParameter): Name = "Power"; Value = "1/8W"; VariantName = "[No Variations]"
Add component (AddParameter): Name = "Published Date"; Value = "9-15-2024"; VariantName = "[No Variations]"
Add component (AddParameter): Name = "Publisher"; Value = "Mahdi Bagherzadeh"; VariantName = "[No Variations]"
Add component (AddParameter): Name = "Tolerance"; Value = "5%"; VariantName = "[No Variations]"
Add component (AddParameter): Name = "Type"; Value = "SMD"; VariantName = "[No Variations]"
Add component (AddParameter): Name = "VALUE"; Value = "1K"; VariantName = "[No Variations]"
Added Component: Designator=R3_3(R-0805)
Add component (AddParameter): Name = "ComponentLink1Description"; Value = "Linkedin"; VariantName = "[No Variations]"
Add component (AddParameter): Name = "ComponentLink1URL"; Value = "https://ir.linkedin.com/in/mahdi-bagherzade"; VariantName = "[No Variations]"
Add component (AddParameter): Name = "Phone Number"; Value = "0915 8700 314"; VariantName = "[No Variations]"
Add component (AddParameter): Name = "Power"; Value = "1/8W"; VariantName = "[No Variations]"
Add component (AddParameter): Name = "Published Date"; Value = "9-15-2024"; VariantName = "[No Variations]"
Add component (AddParameter): Name = "Publisher"; Value = "Mahdi Bagherzadeh"; VariantName = "[No Variations]"
Add component (AddParameter): Name = "Tolerance"; Value = "5%"; VariantName = "[No Variations]"
Add component (AddParameter): Name = "Type"; Value = "SMD"; VariantName = "[No Variations]"
Add component (AddParameter): Name = "VALUE"; Value = "1K"; VariantName = "[No Variations]"
Added Component: Designator=R3_4(R-0805)
Add component (AddParameter): Name = "ComponentLink1Description"; Value = "Linkedin"; VariantName = "[No Variations]"
Add component (AddParameter): Name = "ComponentLink1URL"; Value = "https://ir.linkedin.com/in/mahdi-bagherzade"; VariantName = "[No Variations]"
Add component (AddParameter): Name = "Phone Number"; Value = "0915 8700 314"; VariantName = "[No Variations]"
Add component (AddParameter): Name = "Power"; Value = "1/8W"; VariantName = "[No Variations]"
Add component (AddParameter): Name = "Published Date"; Value = "9-15-2024"; VariantName = "[No Variations]"
Add component (AddParameter): Name = "Publisher"; Value = "Mahdi Bagherzadeh"; VariantName = "[No Variations]"
Add component (AddParameter): Name = "Tolerance"; Value = "5%"; VariantName = "[No Variations]"
Add component (AddParameter): Name = "Type"; Value = "SMD"; VariantName = "[No Variations]"
Add component (AddParameter): Name = "VALUE"; Value = "1K"; VariantName = "[No Variations]"
Added Component: Designator=R3_5(R-0805)
Add component (AddParameter): Name = "ComponentLink1Description"; Value = "Linkedin"; VariantName = "[No Variations]"
Add component (AddParameter): Name = "ComponentLink1URL"; Value = "https://ir.linkedin.com/in/mahdi-bagherzade"; VariantName = "[No Variations]"
Add component (AddParameter): Name = "Phone Number"; Value = "0915 8700 314"; VariantName = "[No Variations]"
Add component (AddParameter): Name = "Power"; Value = "1/8W"; VariantName = "[No Variations]"
Add component (AddParameter): Name = "Published Date"; Value = "9-15-2024"; VariantName = "[No Variations]"
Add component (AddParameter): Name = "Publisher"; Value = "Mahdi Bagherzadeh"; VariantName = "[No Variations]"
Add component (AddParameter): Name = "Tolerance"; Value = "5%"; VariantName = "[No Variations]"
Add component (AddParameter): Name = "Type"; Value = "SMD"; VariantName = "[No Variations]"
Add component (AddParameter): Name = "VALUE"; Value = "1K"; VariantName = "[No Variations]"
Added Component: Designator=R3_6(R-0805)
Add component (AddParameter): Name = "ComponentLink1Description"; Value = "Linkedin"; VariantName = "[No Variations]"
Add component (AddParameter): Name = "ComponentLink1URL"; Value = "https://ir.linkedin.com/in/mahdi-bagherzade"; VariantName = "[No Variations]"
Add component (AddParameter): Name = "Phone Number"; Value = "0915 8700 314"; VariantName = "[No Variations]"
Add component (AddParameter): Name = "Power"; Value = "1/8W"; VariantName = "[No Variations]"
Add component (AddParameter): Name = "Published Date"; Value = "9-15-2024"; VariantName = "[No Variations]"
Add component (AddParameter): Name = "Publisher"; Value = "Mahdi Bagherzadeh"; VariantName = "[No Variations]"
Add component (AddParameter): Name = "Tolerance"; Value = "5%"; VariantName = "[No Variations]"
Add component (AddParameter): Name = "Type"; Value = "SMD"; VariantName = "[No Variations]"
Add component (AddParameter): Name = "VALUE"; Value = "1K"; VariantName = "[No Variations]"
Added Component: Designator=R3_7(R-0805)
Add component (AddParameter): Name = "ComponentLink1Description"; Value = "Linkedin"; VariantName = "[No Variations]"
Add component (AddParameter): Name = "ComponentLink1URL"; Value = "https://ir.linkedin.com/in/mahdi-bagherzade"; VariantName = "[No Variations]"
Add component (AddParameter): Name = "Phone Number"; Value = "0915 8700 314"; VariantName = "[No Variations]"
Add component (AddParameter): Name = "Power"; Value = "1/8W"; VariantName = "[No Variations]"
Add component (AddParameter): Name = "Published Date"; Value = "9-15-2024"; VariantName = "[No Variations]"
Add component (AddParameter): Name = "Publisher"; Value = "Mahdi Bagherzadeh"; VariantName = "[No Variations]"
Add component (AddParameter): Name = "Tolerance"; Value = "5%"; VariantName = "[No Variations]"
Add component (AddParameter): Name = "Type"; Value = "SMD"; VariantName = "[No Variations]"
Add component (AddParameter): Name = "VALUE"; Value = "1K"; VariantName = "[No Variations]"
Added Component: Designator=R3_8(R-0805)
Add component (AddParameter): Name = "ComponentLink1Description"; Value = "Linkedin"; VariantName = "[No Variations]"
Add component (AddParameter): Name = "ComponentLink1URL"; Value = "https://ir.linkedin.com/in/mahdi-bagherzade"; VariantName = "[No Variations]"
Add component (AddParameter): Name = "Phone Number"; Value = "0915 8700 314"; VariantName = "[No Variations]"
Add component (AddParameter): Name = "Power"; Value = "1/8W"; VariantName = "[No Variations]"
Add component (AddParameter): Name = "Published Date"; Value = "9-15-2024"; VariantName = "[No Variations]"
Add component (AddParameter): Name = "Publisher"; Value = "Mahdi Bagherzadeh"; VariantName = "[No Variations]"
Add component (AddParameter): Name = "Tolerance"; Value = "5%"; VariantName = "[No Variations]"
Add component (AddParameter): Name = "Type"; Value = "SMD"; VariantName = "[No Variations]"
Add component (AddParameter): Name = "VALUE"; Value = "1K"; VariantName = "[No Variations]"
Added Component: Designator=R4_1(R-0805)
Add component (AddParameter): Name = "ComponentLink1Description"; Value = "Linkedin"; VariantName = "[No Variations]"
Add component (AddParameter): Name = "ComponentLink1URL"; Value = "https://ir.linkedin.com/in/mahdi-bagherzade"; VariantName = "[No Variations]"
Add component (AddParameter): Name = "Phone Number"; Value = "0915 8700 314"; VariantName = "[No Variations]"
Add component (AddParameter): Name = "Power"; Value = "1/8W"; VariantName = "[No Variations]"
Add component (AddParameter): Name = "Published Date"; Value = "9-15-2024"; VariantName = "[No Variations]"
Add component (AddParameter): Name = "Publisher"; Value = "Mahdi Bagherzadeh"; VariantName = "[No Variations]"
Add component (AddParameter): Name = "Tolerance"; Value = "5%"; VariantName = "[No Variations]"
Add component (AddParameter): Name = "Type"; Value = "SMD"; VariantName = "[No Variations]"
Add component (AddParameter): Name = "VALUE"; Value = "1K"; VariantName = "[No Variations]"
Added Component: Designator=R4_2(R-0805)
Add component (AddParameter): Name = "ComponentLink1Description"; Value = "Linkedin"; VariantName = "[No Variations]"
Add component (AddParameter): Name = "ComponentLink1URL"; Value = "https://ir.linkedin.com/in/mahdi-bagherzade"; VariantName = "[No Variations]"
Add component (AddParameter): Name = "Phone Number"; Value = "0915 8700 314"; VariantName = "[No Variations]"
Add component (AddParameter): Name = "Power"; Value = "1/8W"; VariantName = "[No Variations]"
Add component (AddParameter): Name = "Published Date"; Value = "9-15-2024"; VariantName = "[No Variations]"
Add component (AddParameter): Name = "Publisher"; Value = "Mahdi Bagherzadeh"; VariantName = "[No Variations]"
Add component (AddParameter): Name = "Tolerance"; Value = "5%"; VariantName = "[No Variations]"
Add component (AddParameter): Name = "Type"; Value = "SMD"; VariantName = "[No Variations]"
Add component (AddParameter): Name = "VALUE"; Value = "1K"; VariantName = "[No Variations]"
Added Component: Designator=R4_3(R-0805)
Add component (AddParameter): Name = "ComponentLink1Description"; Value = "Linkedin"; VariantName = "[No Variations]"
Add component (AddParameter): Name = "ComponentLink1URL"; Value = "https://ir.linkedin.com/in/mahdi-bagherzade"; VariantName = "[No Variations]"
Add component (AddParameter): Name = "Phone Number"; Value = "0915 8700 314"; VariantName = "[No Variations]"
Add component (AddParameter): Name = "Power"; Value = "1/8W"; VariantName = "[No Variations]"
Add component (AddParameter): Name = "Published Date"; Value = "9-15-2024"; VariantName = "[No Variations]"
Add component (AddParameter): Name = "Publisher"; Value = "Mahdi Bagherzadeh"; VariantName = "[No Variations]"
Add component (AddParameter): Name = "Tolerance"; Value = "5%"; VariantName = "[No Variations]"
Add component (AddParameter): Name = "Type"; Value = "SMD"; VariantName = "[No Variations]"
Add component (AddParameter): Name = "VALUE"; Value = "1K"; VariantName = "[No Variations]"
Added Component: Designator=R4_4(R-0805)
Add component (AddParameter): Name = "ComponentLink1Description"; Value = "Linkedin"; VariantName = "[No Variations]"
Add component (AddParameter): Name = "ComponentLink1URL"; Value = "https://ir.linkedin.com/in/mahdi-bagherzade"; VariantName = "[No Variations]"
Add component (AddParameter): Name = "Phone Number"; Value = "0915 8700 314"; VariantName = "[No Variations]"
Add component (AddParameter): Name = "Power"; Value = "1/8W"; VariantName = "[No Variations]"
Add component (AddParameter): Name = "Published Date"; Value = "9-15-2024"; VariantName = "[No Variations]"
Add component (AddParameter): Name = "Publisher"; Value = "Mahdi Bagherzadeh"; VariantName = "[No Variations]"
Add component (AddParameter): Name = "Tolerance"; Value = "5%"; VariantName = "[No Variations]"
Add component (AddParameter): Name = "Type"; Value = "SMD"; VariantName = "[No Variations]"
Add component (AddParameter): Name = "VALUE"; Value = "1K"; VariantName = "[No Variations]"
Added Component: Designator=R4_5(R-0805)
Add component (AddParameter): Name = "ComponentLink1Description"; Value = "Linkedin"; VariantName = "[No Variations]"
Add component (AddParameter): Name = "ComponentLink1URL"; Value = "https://ir.linkedin.com/in/mahdi-bagherzade"; VariantName = "[No Variations]"
Add component (AddParameter): Name = "Phone Number"; Value = "0915 8700 314"; VariantName = "[No Variations]"
Add component (AddParameter): Name = "Power"; Value = "1/8W"; VariantName = "[No Variations]"
Add component (AddParameter): Name = "Published Date"; Value = "9-15-2024"; VariantName = "[No Variations]"
Add component (AddParameter): Name = "Publisher"; Value = "Mahdi Bagherzadeh"; VariantName = "[No Variations]"
Add component (AddParameter): Name = "Tolerance"; Value = "5%"; VariantName = "[No Variations]"
Add component (AddParameter): Name = "Type"; Value = "SMD"; VariantName = "[No Variations]"
Add component (AddParameter): Name = "VALUE"; Value = "1K"; VariantName = "[No Variations]"
Added Component: Designator=R4_6(R-0805)
Add component (AddParameter): Name = "ComponentLink1Description"; Value = "Linkedin"; VariantName = "[No Variations]"
Add component (AddParameter): Name = "ComponentLink1URL"; Value = "https://ir.linkedin.com/in/mahdi-bagherzade"; VariantName = "[No Variations]"
Add component (AddParameter): Name = "Phone Number"; Value = "0915 8700 314"; VariantName = "[No Variations]"
Add component (AddParameter): Name = "Power"; Value = "1/8W"; VariantName = "[No Variations]"
Add component (AddParameter): Name = "Published Date"; Value = "9-15-2024"; VariantName = "[No Variations]"
Add component (AddParameter): Name = "Publisher"; Value = "Mahdi Bagherzadeh"; VariantName = "[No Variations]"
Add component (AddParameter): Name = "Tolerance"; Value = "5%"; VariantName = "[No Variations]"
Add component (AddParameter): Name = "Type"; Value = "SMD"; VariantName = "[No Variations]"
Add component (AddParameter): Name = "VALUE"; Value = "1K"; VariantName = "[No Variations]"
Added Component: Designator=R4_7(R-0805)
Add component (AddParameter): Name = "ComponentLink1Description"; Value = "Linkedin"; VariantName = "[No Variations]"
Add component (AddParameter): Name = "ComponentLink1URL"; Value = "https://ir.linkedin.com/in/mahdi-bagherzade"; VariantName = "[No Variations]"
Add component (AddParameter): Name = "Phone Number"; Value = "0915 8700 314"; VariantName = "[No Variations]"
Add component (AddParameter): Name = "Power"; Value = "1/8W"; VariantName = "[No Variations]"
Add component (AddParameter): Name = "Published Date"; Value = "9-15-2024"; VariantName = "[No Variations]"
Add component (AddParameter): Name = "Publisher"; Value = "Mahdi Bagherzadeh"; VariantName = "[No Variations]"
Add component (AddParameter): Name = "Tolerance"; Value = "5%"; VariantName = "[No Variations]"
Add component (AddParameter): Name = "Type"; Value = "SMD"; VariantName = "[No Variations]"
Add component (AddParameter): Name = "VALUE"; Value = "1K"; VariantName = "[No Variations]"
Added Component: Designator=R4_8(R-0805)
Add component (AddParameter): Name = "ComponentLink1Description"; Value = "Linkedin"; VariantName = "[No Variations]"
Add component (AddParameter): Name = "ComponentLink1URL"; Value = "https://ir.linkedin.com/in/mahdi-bagherzade"; VariantName = "[No Variations]"
Add component (AddParameter): Name = "Phone Number"; Value = "0915 8700 314"; VariantName = "[No Variations]"
Add component (AddParameter): Name = "Power"; Value = "1/8W"; VariantName = "[No Variations]"
Add component (AddParameter): Name = "Published Date"; Value = "9-15-2024"; VariantName = "[No Variations]"
Add component (AddParameter): Name = "Publisher"; Value = "Mahdi Bagherzadeh"; VariantName = "[No Variations]"
Add component (AddParameter): Name = "Tolerance"; Value = "5%"; VariantName = "[No Variations]"
Add component (AddParameter): Name = "Type"; Value = "SMD"; VariantName = "[No Variations]"
Add component (AddParameter): Name = "VALUE"; Value = "1K"; VariantName = "[No Variations]"
Added Component: Designator=R5_1(R-0805)
Add component (AddParameter): Name = "ComponentLink1Description"; Value = "Linkedin"; VariantName = "[No Variations]"
Add component (AddParameter): Name = "ComponentLink1URL"; Value = "https://ir.linkedin.com/in/mahdi-bagherzade"; VariantName = "[No Variations]"
Add component (AddParameter): Name = "Phone Number"; Value = "0915 8700 314"; VariantName = "[No Variations]"
Add component (AddParameter): Name = "Power"; Value = "1/8W"; VariantName = "[No Variations]"
Add component (AddParameter): Name = "Published Date"; Value = "9-15-2024"; VariantName = "[No Variations]"
Add component (AddParameter): Name = "Publisher"; Value = "Mahdi Bagherzadeh"; VariantName = "[No Variations]"
Add component (AddParameter): Name = "Tolerance"; Value = "5%"; VariantName = "[No Variations]"
Add component (AddParameter): Name = "Type"; Value = "SMD"; VariantName = "[No Variations]"
Add component (AddParameter): Name = "VALUE"; Value = "1K"; VariantName = "[No Variations]"
Added Component: Designator=R5_2(R-0805)
Add component (AddParameter): Name = "ComponentLink1Description"; Value = "Linkedin"; VariantName = "[No Variations]"
Add component (AddParameter): Name = "ComponentLink1URL"; Value = "https://ir.linkedin.com/in/mahdi-bagherzade"; VariantName = "[No Variations]"
Add component (AddParameter): Name = "Phone Number"; Value = "0915 8700 314"; VariantName = "[No Variations]"
Add component (AddParameter): Name = "Power"; Value = "1/8W"; VariantName = "[No Variations]"
Add component (AddParameter): Name = "Published Date"; Value = "9-15-2024"; VariantName = "[No Variations]"
Add component (AddParameter): Name = "Publisher"; Value = "Mahdi Bagherzadeh"; VariantName = "[No Variations]"
Add component (AddParameter): Name = "Tolerance"; Value = "5%"; VariantName = "[No Variations]"
Add component (AddParameter): Name = "Type"; Value = "SMD"; VariantName = "[No Variations]"
Add component (AddParameter): Name = "VALUE"; Value = "1K"; VariantName = "[No Variations]"
Added Component: Designator=R5_3(R-0805)
Add component (AddParameter): Name = "ComponentLink1Description"; Value = "Linkedin"; VariantName = "[No Variations]"
Add component (AddParameter): Name = "ComponentLink1URL"; Value = "https://ir.linkedin.com/in/mahdi-bagherzade"; VariantName = "[No Variations]"
Add component (AddParameter): Name = "Phone Number"; Value = "0915 8700 314"; VariantName = "[No Variations]"
Add component (AddParameter): Name = "Power"; Value = "1/8W"; VariantName = "[No Variations]"
Add component (AddParameter): Name = "Published Date"; Value = "9-15-2024"; VariantName = "[No Variations]"
Add component (AddParameter): Name = "Publisher"; Value = "Mahdi Bagherzadeh"; VariantName = "[No Variations]"
Add component (AddParameter): Name = "Tolerance"; Value = "5%"; VariantName = "[No Variations]"
Add component (AddParameter): Name = "Type"; Value = "SMD"; VariantName = "[No Variations]"
Add component (AddParameter): Name = "VALUE"; Value = "1K"; VariantName = "[No Variations]"
Added Component: Designator=R5_4(R-0805)
Add component (AddParameter): Name = "ComponentLink1Description"; Value = "Linkedin"; VariantName = "[No Variations]"
Add component (AddParameter): Name = "ComponentLink1URL"; Value = "https://ir.linkedin.com/in/mahdi-bagherzade"; VariantName = "[No Variations]"
Add component (AddParameter): Name = "Phone Number"; Value = "0915 8700 314"; VariantName = "[No Variations]"
Add component (AddParameter): Name = "Power"; Value = "1/8W"; VariantName = "[No Variations]"
Add component (AddParameter): Name = "Published Date"; Value = "9-15-2024"; VariantName = "[No Variations]"
Add component (AddParameter): Name = "Publisher"; Value = "Mahdi Bagherzadeh"; VariantName = "[No Variations]"
Add component (AddParameter): Name = "Tolerance"; Value = "5%"; VariantName = "[No Variations]"
Add component (AddParameter): Name = "Type"; Value = "SMD"; VariantName = "[No Variations]"
Add component (AddParameter): Name = "VALUE"; Value = "1K"; VariantName = "[No Variations]"
Added Component: Designator=R5_5(R-0805)
Add component (AddParameter): Name = "ComponentLink1Description"; Value = "Linkedin"; VariantName = "[No Variations]"
Add component (AddParameter): Name = "ComponentLink1URL"; Value = "https://ir.linkedin.com/in/mahdi-bagherzade"; VariantName = "[No Variations]"
Add component (AddParameter): Name = "Phone Number"; Value = "0915 8700 314"; VariantName = "[No Variations]"
Add component (AddParameter): Name = "Power"; Value = "1/8W"; VariantName = "[No Variations]"
Add component (AddParameter): Name = "Published Date"; Value = "9-15-2024"; VariantName = "[No Variations]"
Add component (AddParameter): Name = "Publisher"; Value = "Mahdi Bagherzadeh"; VariantName = "[No Variations]"
Add component (AddParameter): Name = "Tolerance"; Value = "5%"; VariantName = "[No Variations]"
Add component (AddParameter): Name = "Type"; Value = "SMD"; VariantName = "[No Variations]"
Add component (AddParameter): Name = "VALUE"; Value = "1K"; VariantName = "[No Variations]"
Added Component: Designator=R5_6(R-0805)
Add component (AddParameter): Name = "ComponentLink1Description"; Value = "Linkedin"; VariantName = "[No Variations]"
Add component (AddParameter): Name = "ComponentLink1URL"; Value = "https://ir.linkedin.com/in/mahdi-bagherzade"; VariantName = "[No Variations]"
Add component (AddParameter): Name = "Phone Number"; Value = "0915 8700 314"; VariantName = "[No Variations]"
Add component (AddParameter): Name = "Power"; Value = "1/8W"; VariantName = "[No Variations]"
Add component (AddParameter): Name = "Published Date"; Value = "9-15-2024"; VariantName = "[No Variations]"
Add component (AddParameter): Name = "Publisher"; Value = "Mahdi Bagherzadeh"; VariantName = "[No Variations]"
Add component (AddParameter): Name = "Tolerance"; Value = "5%"; VariantName = "[No Variations]"
Add component (AddParameter): Name = "Type"; Value = "SMD"; VariantName = "[No Variations]"
Add component (AddParameter): Name = "VALUE"; Value = "1K"; VariantName = "[No Variations]"
Added Component: Designator=R5_7(R-0805)
Add component (AddParameter): Name = "ComponentLink1Description"; Value = "Linkedin"; VariantName = "[No Variations]"
Add component (AddParameter): Name = "ComponentLink1URL"; Value = "https://ir.linkedin.com/in/mahdi-bagherzade"; VariantName = "[No Variations]"
Add component (AddParameter): Name = "Phone Number"; Value = "0915 8700 314"; VariantName = "[No Variations]"
Add component (AddParameter): Name = "Power"; Value = "1/8W"; VariantName = "[No Variations]"
Add component (AddParameter): Name = "Published Date"; Value = "9-15-2024"; VariantName = "[No Variations]"
Add component (AddParameter): Name = "Publisher"; Value = "Mahdi Bagherzadeh"; VariantName = "[No Variations]"
Add component (AddParameter): Name = "Tolerance"; Value = "5%"; VariantName = "[No Variations]"
Add component (AddParameter): Name = "Type"; Value = "SMD"; VariantName = "[No Variations]"
Add component (AddParameter): Name = "VALUE"; Value = "1K"; VariantName = "[No Variations]"
Added Component: Designator=R5_8(R-0805)
Add component (AddParameter): Name = "ComponentLink1Description"; Value = "Linkedin"; VariantName = "[No Variations]"
Add component (AddParameter): Name = "ComponentLink1URL"; Value = "https://ir.linkedin.com/in/mahdi-bagherzade"; VariantName = "[No Variations]"
Add component (AddParameter): Name = "Phone Number"; Value = "0915 8700 314"; VariantName = "[No Variations]"
Add component (AddParameter): Name = "Power"; Value = "1/8W"; VariantName = "[No Variations]"
Add component (AddParameter): Name = "Published Date"; Value = "9-15-2024"; VariantName = "[No Variations]"
Add component (AddParameter): Name = "Publisher"; Value = "Mahdi Bagherzadeh"; VariantName = "[No Variations]"
Add component (AddParameter): Name = "Tolerance"; Value = "5%"; VariantName = "[No Variations]"
Add component (AddParameter): Name = "Type"; Value = "SMD"; VariantName = "[No Variations]"
Add component (AddParameter): Name = "VALUE"; Value = "1K"; VariantName = "[No Variations]"
Added Component: Designator=R6_1(R-0805)
Add component (AddParameter): Name = "ComponentLink1Description"; Value = "Linkedin"; VariantName = "[No Variations]"
Add component (AddParameter): Name = "ComponentLink1URL"; Value = "https://ir.linkedin.com/in/mahdi-bagherzade"; VariantName = "[No Variations]"
Add component (AddParameter): Name = "Phone Number"; Value = "0915 8700 314"; VariantName = "[No Variations]"
Add component (AddParameter): Name = "Power"; Value = "1/8W"; VariantName = "[No Variations]"
Add component (AddParameter): Name = "Published Date"; Value = "9-15-2024"; VariantName = "[No Variations]"
Add component (AddParameter): Name = "Publisher"; Value = "Mahdi Bagherzadeh"; VariantName = "[No Variations]"
Add component (AddParameter): Name = "Tolerance"; Value = "5%"; VariantName = "[No Variations]"
Add component (AddParameter): Name = "Type"; Value = "SMD"; VariantName = "[No Variations]"
Add component (AddParameter): Name = "VALUE"; Value = "1K"; VariantName = "[No Variations]"
Added Component: Designator=R6_2(R-0805)
Add component (AddParameter): Name = "ComponentLink1Description"; Value = "Linkedin"; VariantName = "[No Variations]"
Add component (AddParameter): Name = "ComponentLink1URL"; Value = "https://ir.linkedin.com/in/mahdi-bagherzade"; VariantName = "[No Variations]"
Add component (AddParameter): Name = "Phone Number"; Value = "0915 8700 314"; VariantName = "[No Variations]"
Add component (AddParameter): Name = "Power"; Value = "1/8W"; VariantName = "[No Variations]"
Add component (AddParameter): Name = "Published Date"; Value = "9-15-2024"; VariantName = "[No Variations]"
Add component (AddParameter): Name = "Publisher"; Value = "Mahdi Bagherzadeh"; VariantName = "[No Variations]"
Add component (AddParameter): Name = "Tolerance"; Value = "5%"; VariantName = "[No Variations]"
Add component (AddParameter): Name = "Type"; Value = "SMD"; VariantName = "[No Variations]"
Add component (AddParameter): Name = "VALUE"; Value = "1K"; VariantName = "[No Variations]"
Added Component: Designator=R6_3(R-0805)
Add component (AddParameter): Name = "ComponentLink1Description"; Value = "Linkedin"; VariantName = "[No Variations]"
Add component (AddParameter): Name = "ComponentLink1URL"; Value = "https://ir.linkedin.com/in/mahdi-bagherzade"; VariantName = "[No Variations]"
Add component (AddParameter): Name = "Phone Number"; Value = "0915 8700 314"; VariantName = "[No Variations]"
Add component (AddParameter): Name = "Power"; Value = "1/8W"; VariantName = "[No Variations]"
Add component (AddParameter): Name = "Published Date"; Value = "9-15-2024"; VariantName = "[No Variations]"
Add component (AddParameter): Name = "Publisher"; Value = "Mahdi Bagherzadeh"; VariantName = "[No Variations]"
Add component (AddParameter): Name = "Tolerance"; Value = "5%"; VariantName = "[No Variations]"
Add component (AddParameter): Name = "Type"; Value = "SMD"; VariantName = "[No Variations]"
Add component (AddParameter): Name = "VALUE"; Value = "1K"; VariantName = "[No Variations]"
Added Component: Designator=R6_4(R-0805)
Add component (AddParameter): Name = "ComponentLink1Description"; Value = "Linkedin"; VariantName = "[No Variations]"
Add component (AddParameter): Name = "ComponentLink1URL"; Value = "https://ir.linkedin.com/in/mahdi-bagherzade"; VariantName = "[No Variations]"
Add component (AddParameter): Name = "Phone Number"; Value = "0915 8700 314"; VariantName = "[No Variations]"
Add component (AddParameter): Name = "Power"; Value = "1/8W"; VariantName = "[No Variations]"
Add component (AddParameter): Name = "Published Date"; Value = "9-15-2024"; VariantName = "[No Variations]"
Add component (AddParameter): Name = "Publisher"; Value = "Mahdi Bagherzadeh"; VariantName = "[No Variations]"
Add component (AddParameter): Name = "Tolerance"; Value = "5%"; VariantName = "[No Variations]"
Add component (AddParameter): Name = "Type"; Value = "SMD"; VariantName = "[No Variations]"
Add component (AddParameter): Name = "VALUE"; Value = "1K"; VariantName = "[No Variations]"
Added Component: Designator=R6_5(R-0805)
Add component (AddParameter): Name = "ComponentLink1Description"; Value = "Linkedin"; VariantName = "[No Variations]"
Add component (AddParameter): Name = "ComponentLink1URL"; Value = "https://ir.linkedin.com/in/mahdi-bagherzade"; VariantName = "[No Variations]"
Add component (AddParameter): Name = "Phone Number"; Value = "0915 8700 314"; VariantName = "[No Variations]"
Add component (AddParameter): Name = "Power"; Value = "1/8W"; VariantName = "[No Variations]"
Add component (AddParameter): Name = "Published Date"; Value = "9-15-2024"; VariantName = "[No Variations]"
Add component (AddParameter): Name = "Publisher"; Value = "Mahdi Bagherzadeh"; VariantName = "[No Variations]"
Add component (AddParameter): Name = "Tolerance"; Value = "5%"; VariantName = "[No Variations]"
Add component (AddParameter): Name = "Type"; Value = "SMD"; VariantName = "[No Variations]"
Add component (AddParameter): Name = "VALUE"; Value = "1K"; VariantName = "[No Variations]"
Added Component: Designator=R6_6(R-0805)
Add component (AddParameter): Name = "ComponentLink1Description"; Value = "Linkedin"; VariantName = "[No Variations]"
Add component (AddParameter): Name = "ComponentLink1URL"; Value = "https://ir.linkedin.com/in/mahdi-bagherzade"; VariantName = "[No Variations]"
Add component (AddParameter): Name = "Phone Number"; Value = "0915 8700 314"; VariantName = "[No Variations]"
Add component (AddParameter): Name = "Power"; Value = "1/8W"; VariantName = "[No Variations]"
Add component (AddParameter): Name = "Published Date"; Value = "9-15-2024"; VariantName = "[No Variations]"
Add component (AddParameter): Name = "Publisher"; Value = "Mahdi Bagherzadeh"; VariantName = "[No Variations]"
Add component (AddParameter): Name = "Tolerance"; Value = "5%"; VariantName = "[No Variations]"
Add component (AddParameter): Name = "Type"; Value = "SMD"; VariantName = "[No Variations]"
Add component (AddParameter): Name = "VALUE"; Value = "1K"; VariantName = "[No Variations]"
Added Component: Designator=R6_7(R-0805)
Add component (AddParameter): Name = "ComponentLink1Description"; Value = "Linkedin"; VariantName = "[No Variations]"
Add component (AddParameter): Name = "ComponentLink1URL"; Value = "https://ir.linkedin.com/in/mahdi-bagherzade"; VariantName = "[No Variations]"
Add component (AddParameter): Name = "Phone Number"; Value = "0915 8700 314"; VariantName = "[No Variations]"
Add component (AddParameter): Name = "Power"; Value = "1/8W"; VariantName = "[No Variations]"
Add component (AddParameter): Name = "Published Date"; Value = "9-15-2024"; VariantName = "[No Variations]"
Add component (AddParameter): Name = "Publisher"; Value = "Mahdi Bagherzadeh"; VariantName = "[No Variations]"
Add component (AddParameter): Name = "Tolerance"; Value = "5%"; VariantName = "[No Variations]"
Add component (AddParameter): Name = "Type"; Value = "SMD"; VariantName = "[No Variations]"
Add component (AddParameter): Name = "VALUE"; Value = "1K"; VariantName = "[No Variations]"
Added Component: Designator=R6_8(R-0805)
Add component (AddParameter): Name = "ComponentLink1Description"; Value = "Linkedin"; VariantName = "[No Variations]"
Add component (AddParameter): Name = "ComponentLink1URL"; Value = "https://ir.linkedin.com/in/mahdi-bagherzade"; VariantName = "[No Variations]"
Add component (AddParameter): Name = "Phone Number"; Value = "0915 8700 314"; VariantName = "[No Variations]"
Add component (AddParameter): Name = "Power"; Value = "1/8W"; VariantName = "[No Variations]"
Add component (AddParameter): Name = "Published Date"; Value = "9-15-2024"; VariantName = "[No Variations]"
Add component (AddParameter): Name = "Publisher"; Value = "Mahdi Bagherzadeh"; VariantName = "[No Variations]"
Add component (AddParameter): Name = "Tolerance"; Value = "5%"; VariantName = "[No Variations]"
Add component (AddParameter): Name = "Type"; Value = "SMD"; VariantName = "[No Variations]"
Add component (AddParameter): Name = "VALUE"; Value = "1K"; VariantName = "[No Variations]"
Added Component: Designator=R9_1(R-0805)
Add component (AddParameter): Name = "ComponentLink1Description"; Value = "Linkedin"; VariantName = "[No Variations]"
Add component (AddParameter): Name = "ComponentLink1URL"; Value = "https://ir.linkedin.com/in/mahdi-bagherzade"; VariantName = "[No Variations]"
Add component (AddParameter): Name = "Phone Number"; Value = "0915 8700 314"; VariantName = "[No Variations]"
Add component (AddParameter): Name = "Power"; Value = "1/8W"; VariantName = "[No Variations]"
Add component (AddParameter): Name = "Published Date"; Value = "9-15-2024"; VariantName = "[No Variations]"
Add component (AddParameter): Name = "Publisher"; Value = "Mahdi Bagherzadeh"; VariantName = "[No Variations]"
Add component (AddParameter): Name = "Tolerance"; Value = "5%"; VariantName = "[No Variations]"
Add component (AddParameter): Name = "Type"; Value = "SMD"; VariantName = "[No Variations]"
Add component (AddParameter): Name = "VALUE"; Value = "1K"; VariantName = "[No Variations]"
Added Component: Designator=R9_2(R-0805)
Add component (AddParameter): Name = "ComponentLink1Description"; Value = "Linkedin"; VariantName = "[No Variations]"
Add component (AddParameter): Name = "ComponentLink1URL"; Value = "https://ir.linkedin.com/in/mahdi-bagherzade"; VariantName = "[No Variations]"
Add component (AddParameter): Name = "Phone Number"; Value = "0915 8700 314"; VariantName = "[No Variations]"
Add component (AddParameter): Name = "Power"; Value = "1/8W"; VariantName = "[No Variations]"
Add component (AddParameter): Name = "Published Date"; Value = "9-15-2024"; VariantName = "[No Variations]"
Add component (AddParameter): Name = "Publisher"; Value = "Mahdi Bagherzadeh"; VariantName = "[No Variations]"
Add component (AddParameter): Name = "Tolerance"; Value = "5%"; VariantName = "[No Variations]"
Add component (AddParameter): Name = "Type"; Value = "SMD"; VariantName = "[No Variations]"
Add component (AddParameter): Name = "VALUE"; Value = "1K"; VariantName = "[No Variations]"
Added Component: Designator=R9_3(R-0805)
Add component (AddParameter): Name = "ComponentLink1Description"; Value = "Linkedin"; VariantName = "[No Variations]"
Add component (AddParameter): Name = "ComponentLink1URL"; Value = "https://ir.linkedin.com/in/mahdi-bagherzade"; VariantName = "[No Variations]"
Add component (AddParameter): Name = "Phone Number"; Value = "0915 8700 314"; VariantName = "[No Variations]"
Add component (AddParameter): Name = "Power"; Value = "1/8W"; VariantName = "[No Variations]"
Add component (AddParameter): Name = "Published Date"; Value = "9-15-2024"; VariantName = "[No Variations]"
Add component (AddParameter): Name = "Publisher"; Value = "Mahdi Bagherzadeh"; VariantName = "[No Variations]"
Add component (AddParameter): Name = "Tolerance"; Value = "5%"; VariantName = "[No Variations]"
Add component (AddParameter): Name = "Type"; Value = "SMD"; VariantName = "[No Variations]"
Add component (AddParameter): Name = "VALUE"; Value = "1K"; VariantName = "[No Variations]"
Added Component: Designator=R9_4(R-0805)
Add component (AddParameter): Name = "ComponentLink1Description"; Value = "Linkedin"; VariantName = "[No Variations]"
Add component (AddParameter): Name = "ComponentLink1URL"; Value = "https://ir.linkedin.com/in/mahdi-bagherzade"; VariantName = "[No Variations]"
Add component (AddParameter): Name = "Phone Number"; Value = "0915 8700 314"; VariantName = "[No Variations]"
Add component (AddParameter): Name = "Power"; Value = "1/8W"; VariantName = "[No Variations]"
Add component (AddParameter): Name = "Published Date"; Value = "9-15-2024"; VariantName = "[No Variations]"
Add component (AddParameter): Name = "Publisher"; Value = "Mahdi Bagherzadeh"; VariantName = "[No Variations]"
Add component (AddParameter): Name = "Tolerance"; Value = "5%"; VariantName = "[No Variations]"
Add component (AddParameter): Name = "Type"; Value = "SMD"; VariantName = "[No Variations]"
Add component (AddParameter): Name = "VALUE"; Value = "1K"; VariantName = "[No Variations]"
Added Component: Designator=R9_5(R-0805)
Add component (AddParameter): Name = "ComponentLink1Description"; Value = "Linkedin"; VariantName = "[No Variations]"
Add component (AddParameter): Name = "ComponentLink1URL"; Value = "https://ir.linkedin.com/in/mahdi-bagherzade"; VariantName = "[No Variations]"
Add component (AddParameter): Name = "Phone Number"; Value = "0915 8700 314"; VariantName = "[No Variations]"
Add component (AddParameter): Name = "Power"; Value = "1/8W"; VariantName = "[No Variations]"
Add component (AddParameter): Name = "Published Date"; Value = "9-15-2024"; VariantName = "[No Variations]"
Add component (AddParameter): Name = "Publisher"; Value = "Mahdi Bagherzadeh"; VariantName = "[No Variations]"
Add component (AddParameter): Name = "Tolerance"; Value = "5%"; VariantName = "[No Variations]"
Add component (AddParameter): Name = "Type"; Value = "SMD"; VariantName = "[No Variations]"
Add component (AddParameter): Name = "VALUE"; Value = "1K"; VariantName = "[No Variations]"
Added Component: Designator=R9_6(R-0805)
Add component (AddParameter): Name = "ComponentLink1Description"; Value = "Linkedin"; VariantName = "[No Variations]"
Add component (AddParameter): Name = "ComponentLink1URL"; Value = "https://ir.linkedin.com/in/mahdi-bagherzade"; VariantName = "[No Variations]"
Add component (AddParameter): Name = "Phone Number"; Value = "0915 8700 314"; VariantName = "[No Variations]"
Add component (AddParameter): Name = "Power"; Value = "1/8W"; VariantName = "[No Variations]"
Add component (AddParameter): Name = "Published Date"; Value = "9-15-2024"; VariantName = "[No Variations]"
Add component (AddParameter): Name = "Publisher"; Value = "Mahdi Bagherzadeh"; VariantName = "[No Variations]"
Add component (AddParameter): Name = "Tolerance"; Value = "5%"; VariantName = "[No Variations]"
Add component (AddParameter): Name = "Type"; Value = "SMD"; VariantName = "[No Variations]"
Add component (AddParameter): Name = "VALUE"; Value = "1K"; VariantName = "[No Variations]"
Added Component: Designator=R9_7(R-0805)
Add component (AddParameter): Name = "ComponentLink1Description"; Value = "Linkedin"; VariantName = "[No Variations]"
Add component (AddParameter): Name = "ComponentLink1URL"; Value = "https://ir.linkedin.com/in/mahdi-bagherzade"; VariantName = "[No Variations]"
Add component (AddParameter): Name = "Phone Number"; Value = "0915 8700 314"; VariantName = "[No Variations]"
Add component (AddParameter): Name = "Power"; Value = "1/8W"; VariantName = "[No Variations]"
Add component (AddParameter): Name = "Published Date"; Value = "9-15-2024"; VariantName = "[No Variations]"
Add component (AddParameter): Name = "Publisher"; Value = "Mahdi Bagherzadeh"; VariantName = "[No Variations]"
Add component (AddParameter): Name = "Tolerance"; Value = "5%"; VariantName = "[No Variations]"
Add component (AddParameter): Name = "Type"; Value = "SMD"; VariantName = "[No Variations]"
Add component (AddParameter): Name = "VALUE"; Value = "1K"; VariantName = "[No Variations]"
Added Component: Designator=R9_8(R-0805)
Add component (AddParameter): Name = "ComponentLink1Description"; Value = "Linkedin"; VariantName = "[No Variations]"
Add component (AddParameter): Name = "ComponentLink1URL"; Value = "https://ir.linkedin.com/in/mahdi-bagherzade"; VariantName = "[No Variations]"
Add component (AddParameter): Name = "Phone Number"; Value = "0915 8700 314"; VariantName = "[No Variations]"
Add component (AddParameter): Name = "Power"; Value = "1/8W"; VariantName = "[No Variations]"
Add component (AddParameter): Name = "Published Date"; Value = "9-15-2024"; VariantName = "[No Variations]"
Add component (AddParameter): Name = "Publisher"; Value = "Mahdi Bagherzadeh"; VariantName = "[No Variations]"
Add component (AddParameter): Name = "Tolerance"; Value = "5%"; VariantName = "[No Variations]"
Add component (AddParameter): Name = "Type"; Value = "SMD"; VariantName = "[No Variations]"
Add component (AddParameter): Name = "VALUE"; Value = "1K"; VariantName = "[No Variations]"
Added Component: Designator=R10_1(R-0805)
Add component (AddParameter): Name = "ComponentLink1Description"; Value = "Linkedin"; VariantName = "[No Variations]"
Add component (AddParameter): Name = "ComponentLink1URL"; Value = "https://ir.linkedin.com/in/mahdi-bagherzade"; VariantName = "[No Variations]"
Add component (AddParameter): Name = "Phone Number"; Value = "0915 8700 314"; VariantName = "[No Variations]"
Add component (AddParameter): Name = "Power"; Value = "1/8W"; VariantName = "[No Variations]"
Add component (AddParameter): Name = "Published Date"; Value = "9-15-2024"; VariantName = "[No Variations]"
Add component (AddParameter): Name = "Publisher"; Value = "Mahdi Bagherzadeh"; VariantName = "[No Variations]"
Add component (AddParameter): Name = "Tolerance"; Value = "5%"; VariantName = "[No Variations]"
Add component (AddParameter): Name = "Type"; Value = "SMD"; VariantName = "[No Variations]"
Add component (AddParameter): Name = "VALUE"; Value = "1K"; VariantName = "[No Variations]"
Added Component: Designator=R10_2(R-0805)
Add component (AddParameter): Name = "ComponentLink1Description"; Value = "Linkedin"; VariantName = "[No Variations]"
Add component (AddParameter): Name = "ComponentLink1URL"; Value = "https://ir.linkedin.com/in/mahdi-bagherzade"; VariantName = "[No Variations]"
Add component (AddParameter): Name = "Phone Number"; Value = "0915 8700 314"; VariantName = "[No Variations]"
Add component (AddParameter): Name = "Power"; Value = "1/8W"; VariantName = "[No Variations]"
Add component (AddParameter): Name = "Published Date"; Value = "9-15-2024"; VariantName = "[No Variations]"
Add component (AddParameter): Name = "Publisher"; Value = "Mahdi Bagherzadeh"; VariantName = "[No Variations]"
Add component (AddParameter): Name = "Tolerance"; Value = "5%"; VariantName = "[No Variations]"
Add component (AddParameter): Name = "Type"; Value = "SMD"; VariantName = "[No Variations]"
Add component (AddParameter): Name = "VALUE"; Value = "1K"; VariantName = "[No Variations]"
Added Component: Designator=R10_3(R-0805)
Add component (AddParameter): Name = "ComponentLink1Description"; Value = "Linkedin"; VariantName = "[No Variations]"
Add component (AddParameter): Name = "ComponentLink1URL"; Value = "https://ir.linkedin.com/in/mahdi-bagherzade"; VariantName = "[No Variations]"
Add component (AddParameter): Name = "Phone Number"; Value = "0915 8700 314"; VariantName = "[No Variations]"
Add component (AddParameter): Name = "Power"; Value = "1/8W"; VariantName = "[No Variations]"
Add component (AddParameter): Name = "Published Date"; Value = "9-15-2024"; VariantName = "[No Variations]"
Add component (AddParameter): Name = "Publisher"; Value = "Mahdi Bagherzadeh"; VariantName = "[No Variations]"
Add component (AddParameter): Name = "Tolerance"; Value = "5%"; VariantName = "[No Variations]"
Add component (AddParameter): Name = "Type"; Value = "SMD"; VariantName = "[No Variations]"
Add component (AddParameter): Name = "VALUE"; Value = "1K"; VariantName = "[No Variations]"
Added Component: Designator=R10_4(R-0805)
Add component (AddParameter): Name = "ComponentLink1Description"; Value = "Linkedin"; VariantName = "[No Variations]"
Add component (AddParameter): Name = "ComponentLink1URL"; Value = "https://ir.linkedin.com/in/mahdi-bagherzade"; VariantName = "[No Variations]"
Add component (AddParameter): Name = "Phone Number"; Value = "0915 8700 314"; VariantName = "[No Variations]"
Add component (AddParameter): Name = "Power"; Value = "1/8W"; VariantName = "[No Variations]"
Add component (AddParameter): Name = "Published Date"; Value = "9-15-2024"; VariantName = "[No Variations]"
Add component (AddParameter): Name = "Publisher"; Value = "Mahdi Bagherzadeh"; VariantName = "[No Variations]"
Add component (AddParameter): Name = "Tolerance"; Value = "5%"; VariantName = "[No Variations]"
Add component (AddParameter): Name = "Type"; Value = "SMD"; VariantName = "[No Variations]"
Add component (AddParameter): Name = "VALUE"; Value = "1K"; VariantName = "[No Variations]"
Added Component: Designator=R10_5(R-0805)
Add component (AddParameter): Name = "ComponentLink1Description"; Value = "Linkedin"; VariantName = "[No Variations]"
Add component (AddParameter): Name = "ComponentLink1URL"; Value = "https://ir.linkedin.com/in/mahdi-bagherzade"; VariantName = "[No Variations]"
Add component (AddParameter): Name = "Phone Number"; Value = "0915 8700 314"; VariantName = "[No Variations]"
Add component (AddParameter): Name = "Power"; Value = "1/8W"; VariantName = "[No Variations]"
Add component (AddParameter): Name = "Published Date"; Value = "9-15-2024"; VariantName = "[No Variations]"
Add component (AddParameter): Name = "Publisher"; Value = "Mahdi Bagherzadeh"; VariantName = "[No Variations]"
Add component (AddParameter): Name = "Tolerance"; Value = "5%"; VariantName = "[No Variations]"
Add component (AddParameter): Name = "Type"; Value = "SMD"; VariantName = "[No Variations]"
Add component (AddParameter): Name = "VALUE"; Value = "1K"; VariantName = "[No Variations]"
Added Component: Designator=R10_6(R-0805)
Add component (AddParameter): Name = "ComponentLink1Description"; Value = "Linkedin"; VariantName = "[No Variations]"
Add component (AddParameter): Name = "ComponentLink1URL"; Value = "https://ir.linkedin.com/in/mahdi-bagherzade"; VariantName = "[No Variations]"
Add component (AddParameter): Name = "Phone Number"; Value = "0915 8700 314"; VariantName = "[No Variations]"
Add component (AddParameter): Name = "Power"; Value = "1/8W"; VariantName = "[No Variations]"
Add component (AddParameter): Name = "Published Date"; Value = "9-15-2024"; VariantName = "[No Variations]"
Add component (AddParameter): Name = "Publisher"; Value = "Mahdi Bagherzadeh"; VariantName = "[No Variations]"
Add component (AddParameter): Name = "Tolerance"; Value = "5%"; VariantName = "[No Variations]"
Add component (AddParameter): Name = "Type"; Value = "SMD"; VariantName = "[No Variations]"
Add component (AddParameter): Name = "VALUE"; Value = "1K"; VariantName = "[No Variations]"
Added Component: Designator=R10_7(R-0805)
Add component (AddParameter): Name = "ComponentLink1Description"; Value = "Linkedin"; VariantName = "[No Variations]"
Add component (AddParameter): Name = "ComponentLink1URL"; Value = "https://ir.linkedin.com/in/mahdi-bagherzade"; VariantName = "[No Variations]"
Add component (AddParameter): Name = "Phone Number"; Value = "0915 8700 314"; VariantName = "[No Variations]"
Add component (AddParameter): Name = "Power"; Value = "1/8W"; VariantName = "[No Variations]"
Add component (AddParameter): Name = "Published Date"; Value = "9-15-2024"; VariantName = "[No Variations]"
Add component (AddParameter): Name = "Publisher"; Value = "Mahdi Bagherzadeh"; VariantName = "[No Variations]"
Add component (AddParameter): Name = "Tolerance"; Value = "5%"; VariantName = "[No Variations]"
Add component (AddParameter): Name = "Type"; Value = "SMD"; VariantName = "[No Variations]"
Add component (AddParameter): Name = "VALUE"; Value = "1K"; VariantName = "[No Variations]"
Added Component: Designator=R10_8(R-0805)
Add component (AddParameter): Name = "ComponentLink1Description"; Value = "Linkedin"; VariantName = "[No Variations]"
Add component (AddParameter): Name = "ComponentLink1URL"; Value = "https://ir.linkedin.com/in/mahdi-bagherzade"; VariantName = "[No Variations]"
Add component (AddParameter): Name = "Phone Number"; Value = "0915 8700 314"; VariantName = "[No Variations]"
Add component (AddParameter): Name = "Power"; Value = "1/8W"; VariantName = "[No Variations]"
Add component (AddParameter): Name = "Published Date"; Value = "9-15-2024"; VariantName = "[No Variations]"
Add component (AddParameter): Name = "Publisher"; Value = "Mahdi Bagherzadeh"; VariantName = "[No Variations]"
Add component (AddParameter): Name = "Tolerance"; Value = "5%"; VariantName = "[No Variations]"
Add component (AddParameter): Name = "Type"; Value = "SMD"; VariantName = "[No Variations]"
Add component (AddParameter): Name = "VALUE"; Value = "1K"; VariantName = "[No Variations]"
Added Component: Designator=R31_1(R-0805)
Add component (AddParameter): Name = "ComponentLink1Description"; Value = "Linkedin"; VariantName = "[No Variations]"
Add component (AddParameter): Name = "ComponentLink1URL"; Value = "https://ir.linkedin.com/in/mahdi-bagherzade"; VariantName = "[No Variations]"
Add component (AddParameter): Name = "Phone Number"; Value = "0915 8700 314"; VariantName = "[No Variations]"
Add component (AddParameter): Name = "Power"; Value = "1/8W"; VariantName = "[No Variations]"
Add component (AddParameter): Name = "Published Date"; Value = "9-15-2024"; VariantName = "[No Variations]"
Add component (AddParameter): Name = "Publisher"; Value = "Mahdi Bagherzadeh"; VariantName = "[No Variations]"
Add component (AddParameter): Name = "Tolerance"; Value = "5%"; VariantName = "[No Variations]"
Add component (AddParameter): Name = "Type"; Value = "SMD"; VariantName = "[No Variations]"
Add component (AddParameter): Name = "VALUE"; Value = "1K"; VariantName = "[No Variations]"
Added Component: Designator=R31_2(R-0805)
Add component (AddParameter): Name = "ComponentLink1Description"; Value = "Linkedin"; VariantName = "[No Variations]"
Add component (AddParameter): Name = "ComponentLink1URL"; Value = "https://ir.linkedin.com/in/mahdi-bagherzade"; VariantName = "[No Variations]"
Add component (AddParameter): Name = "Phone Number"; Value = "0915 8700 314"; VariantName = "[No Variations]"
Add component (AddParameter): Name = "Power"; Value = "1/8W"; VariantName = "[No Variations]"
Add component (AddParameter): Name = "Published Date"; Value = "9-15-2024"; VariantName = "[No Variations]"
Add component (AddParameter): Name = "Publisher"; Value = "Mahdi Bagherzadeh"; VariantName = "[No Variations]"
Add component (AddParameter): Name = "Tolerance"; Value = "5%"; VariantName = "[No Variations]"
Add component (AddParameter): Name = "Type"; Value = "SMD"; VariantName = "[No Variations]"
Add component (AddParameter): Name = "VALUE"; Value = "1K"; VariantName = "[No Variations]"
Added Component: Designator=R31_3(R-0805)
Add component (AddParameter): Name = "ComponentLink1Description"; Value = "Linkedin"; VariantName = "[No Variations]"
Add component (AddParameter): Name = "ComponentLink1URL"; Value = "https://ir.linkedin.com/in/mahdi-bagherzade"; VariantName = "[No Variations]"
Add component (AddParameter): Name = "Phone Number"; Value = "0915 8700 314"; VariantName = "[No Variations]"
Add component (AddParameter): Name = "Power"; Value = "1/8W"; VariantName = "[No Variations]"
Add component (AddParameter): Name = "Published Date"; Value = "9-15-2024"; VariantName = "[No Variations]"
Add component (AddParameter): Name = "Publisher"; Value = "Mahdi Bagherzadeh"; VariantName = "[No Variations]"
Add component (AddParameter): Name = "Tolerance"; Value = "5%"; VariantName = "[No Variations]"
Add component (AddParameter): Name = "Type"; Value = "SMD"; VariantName = "[No Variations]"
Add component (AddParameter): Name = "VALUE"; Value = "1K"; VariantName = "[No Variations]"
Added Component: Designator=R31_4(R-0805)
Add component (AddParameter): Name = "ComponentLink1Description"; Value = "Linkedin"; VariantName = "[No Variations]"
Add component (AddParameter): Name = "ComponentLink1URL"; Value = "https://ir.linkedin.com/in/mahdi-bagherzade"; VariantName = "[No Variations]"
Add component (AddParameter): Name = "Phone Number"; Value = "0915 8700 314"; VariantName = "[No Variations]"
Add component (AddParameter): Name = "Power"; Value = "1/8W"; VariantName = "[No Variations]"
Add component (AddParameter): Name = "Published Date"; Value = "9-15-2024"; VariantName = "[No Variations]"
Add component (AddParameter): Name = "Publisher"; Value = "Mahdi Bagherzadeh"; VariantName = "[No Variations]"
Add component (AddParameter): Name = "Tolerance"; Value = "5%"; VariantName = "[No Variations]"
Add component (AddParameter): Name = "Type"; Value = "SMD"; VariantName = "[No Variations]"
Add component (AddParameter): Name = "VALUE"; Value = "1K"; VariantName = "[No Variations]"
Added Component: Designator=R31_5(R-0805)
Add component (AddParameter): Name = "ComponentLink1Description"; Value = "Linkedin"; VariantName = "[No Variations]"
Add component (AddParameter): Name = "ComponentLink1URL"; Value = "https://ir.linkedin.com/in/mahdi-bagherzade"; VariantName = "[No Variations]"
Add component (AddParameter): Name = "Phone Number"; Value = "0915 8700 314"; VariantName = "[No Variations]"
Add component (AddParameter): Name = "Power"; Value = "1/8W"; VariantName = "[No Variations]"
Add component (AddParameter): Name = "Published Date"; Value = "9-15-2024"; VariantName = "[No Variations]"
Add component (AddParameter): Name = "Publisher"; Value = "Mahdi Bagherzadeh"; VariantName = "[No Variations]"
Add component (AddParameter): Name = "Tolerance"; Value = "5%"; VariantName = "[No Variations]"
Add component (AddParameter): Name = "Type"; Value = "SMD"; VariantName = "[No Variations]"
Add component (AddParameter): Name = "VALUE"; Value = "1K"; VariantName = "[No Variations]"
Added Component: Designator=R31_6(R-0805)
Add component (AddParameter): Name = "ComponentLink1Description"; Value = "Linkedin"; VariantName = "[No Variations]"
Add component (AddParameter): Name = "ComponentLink1URL"; Value = "https://ir.linkedin.com/in/mahdi-bagherzade"; VariantName = "[No Variations]"
Add component (AddParameter): Name = "Phone Number"; Value = "0915 8700 314"; VariantName = "[No Variations]"
Add component (AddParameter): Name = "Power"; Value = "1/8W"; VariantName = "[No Variations]"
Add component (AddParameter): Name = "Published Date"; Value = "9-15-2024"; VariantName = "[No Variations]"
Add component (AddParameter): Name = "Publisher"; Value = "Mahdi Bagherzadeh"; VariantName = "[No Variations]"
Add component (AddParameter): Name = "Tolerance"; Value = "5%"; VariantName = "[No Variations]"
Add component (AddParameter): Name = "Type"; Value = "SMD"; VariantName = "[No Variations]"
Add component (AddParameter): Name = "VALUE"; Value = "1K"; VariantName = "[No Variations]"
Added Component: Designator=R31_7(R-0805)
Add component (AddParameter): Name = "ComponentLink1Description"; Value = "Linkedin"; VariantName = "[No Variations]"
Add component (AddParameter): Name = "ComponentLink1URL"; Value = "https://ir.linkedin.com/in/mahdi-bagherzade"; VariantName = "[No Variations]"
Add component (AddParameter): Name = "Phone Number"; Value = "0915 8700 314"; VariantName = "[No Variations]"
Add component (AddParameter): Name = "Power"; Value = "1/8W"; VariantName = "[No Variations]"
Add component (AddParameter): Name = "Published Date"; Value = "9-15-2024"; VariantName = "[No Variations]"
Add component (AddParameter): Name = "Publisher"; Value = "Mahdi Bagherzadeh"; VariantName = "[No Variations]"
Add component (AddParameter): Name = "Tolerance"; Value = "5%"; VariantName = "[No Variations]"
Add component (AddParameter): Name = "Type"; Value = "SMD"; VariantName = "[No Variations]"
Add component (AddParameter): Name = "VALUE"; Value = "1K"; VariantName = "[No Variations]"
Added Component: Designator=R31_8(R-0805)
Add component (AddParameter): Name = "ComponentLink1Description"; Value = "Linkedin"; VariantName = "[No Variations]"
Add component (AddParameter): Name = "ComponentLink1URL"; Value = "https://ir.linkedin.com/in/mahdi-bagherzade"; VariantName = "[No Variations]"
Add component (AddParameter): Name = "Phone Number"; Value = "0915 8700 314"; VariantName = "[No Variations]"
Add component (AddParameter): Name = "Power"; Value = "1/8W"; VariantName = "[No Variations]"
Add component (AddParameter): Name = "Published Date"; Value = "9-15-2024"; VariantName = "[No Variations]"
Add component (AddParameter): Name = "Publisher"; Value = "Mahdi Bagherzadeh"; VariantName = "[No Variations]"
Add component (AddParameter): Name = "Tolerance"; Value = "5%"; VariantName = "[No Variations]"
Add component (AddParameter): Name = "Type"; Value = "SMD"; VariantName = "[No Variations]"
Add component (AddParameter): Name = "VALUE"; Value = "1K"; VariantName = "[No Variations]"
Added Component: Designator=R32_1(R-0805)
Add component (AddParameter): Name = "ComponentLink1Description"; Value = "Linkedin"; VariantName = "[No Variations]"
Add component (AddParameter): Name = "ComponentLink1URL"; Value = "https://ir.linkedin.com/in/mahdi-bagherzade"; VariantName = "[No Variations]"
Add component (AddParameter): Name = "Phone Number"; Value = "0915 8700 314"; VariantName = "[No Variations]"
Add component (AddParameter): Name = "Power"; Value = "1/8W"; VariantName = "[No Variations]"
Add component (AddParameter): Name = "Published Date"; Value = "9-15-2024"; VariantName = "[No Variations]"
Add component (AddParameter): Name = "Publisher"; Value = "Mahdi Bagherzadeh"; VariantName = "[No Variations]"
Add component (AddParameter): Name = "Tolerance"; Value = "5%"; VariantName = "[No Variations]"
Add component (AddParameter): Name = "Type"; Value = "SMD"; VariantName = "[No Variations]"
Add component (AddParameter): Name = "VALUE"; Value = "4.7K"; VariantName = "[No Variations]"
Added Component: Designator=R32_2(R-0805)
Add component (AddParameter): Name = "ComponentLink1Description"; Value = "Linkedin"; VariantName = "[No Variations]"
Add component (AddParameter): Name = "ComponentLink1URL"; Value = "https://ir.linkedin.com/in/mahdi-bagherzade"; VariantName = "[No Variations]"
Add component (AddParameter): Name = "Phone Number"; Value = "0915 8700 314"; VariantName = "[No Variations]"
Add component (AddParameter): Name = "Power"; Value = "1/8W"; VariantName = "[No Variations]"
Add component (AddParameter): Name = "Published Date"; Value = "9-15-2024"; VariantName = "[No Variations]"
Add component (AddParameter): Name = "Publisher"; Value = "Mahdi Bagherzadeh"; VariantName = "[No Variations]"
Add component (AddParameter): Name = "Tolerance"; Value = "5%"; VariantName = "[No Variations]"
Add component (AddParameter): Name = "Type"; Value = "SMD"; VariantName = "[No Variations]"
Add component (AddParameter): Name = "VALUE"; Value = "4.7K"; VariantName = "[No Variations]"
Added Component: Designator=R32_3(R-0805)
Add component (AddParameter): Name = "ComponentLink1Description"; Value = "Linkedin"; VariantName = "[No Variations]"
Add component (AddParameter): Name = "ComponentLink1URL"; Value = "https://ir.linkedin.com/in/mahdi-bagherzade"; VariantName = "[No Variations]"
Add component (AddParameter): Name = "Phone Number"; Value = "0915 8700 314"; VariantName = "[No Variations]"
Add component (AddParameter): Name = "Power"; Value = "1/8W"; VariantName = "[No Variations]"
Add component (AddParameter): Name = "Published Date"; Value = "9-15-2024"; VariantName = "[No Variations]"
Add component (AddParameter): Name = "Publisher"; Value = "Mahdi Bagherzadeh"; VariantName = "[No Variations]"
Add component (AddParameter): Name = "Tolerance"; Value = "5%"; VariantName = "[No Variations]"
Add component (AddParameter): Name = "Type"; Value = "SMD"; VariantName = "[No Variations]"
Add component (AddParameter): Name = "VALUE"; Value = "4.7K"; VariantName = "[No Variations]"
Added Component: Designator=R32_4(R-0805)
Add component (AddParameter): Name = "ComponentLink1Description"; Value = "Linkedin"; VariantName = "[No Variations]"
Add component (AddParameter): Name = "ComponentLink1URL"; Value = "https://ir.linkedin.com/in/mahdi-bagherzade"; VariantName = "[No Variations]"
Add component (AddParameter): Name = "Phone Number"; Value = "0915 8700 314"; VariantName = "[No Variations]"
Add component (AddParameter): Name = "Power"; Value = "1/8W"; VariantName = "[No Variations]"
Add component (AddParameter): Name = "Published Date"; Value = "9-15-2024"; VariantName = "[No Variations]"
Add component (AddParameter): Name = "Publisher"; Value = "Mahdi Bagherzadeh"; VariantName = "[No Variations]"
Add component (AddParameter): Name = "Tolerance"; Value = "5%"; VariantName = "[No Variations]"
Add component (AddParameter): Name = "Type"; Value = "SMD"; VariantName = "[No Variations]"
Add component (AddParameter): Name = "VALUE"; Value = "4.7K"; VariantName = "[No Variations]"
Added Component: Designator=R32_5(R-0805)
Add component (AddParameter): Name = "ComponentLink1Description"; Value = "Linkedin"; VariantName = "[No Variations]"
Add component (AddParameter): Name = "ComponentLink1URL"; Value = "https://ir.linkedin.com/in/mahdi-bagherzade"; VariantName = "[No Variations]"
Add component (AddParameter): Name = "Phone Number"; Value = "0915 8700 314"; VariantName = "[No Variations]"
Add component (AddParameter): Name = "Power"; Value = "1/8W"; VariantName = "[No Variations]"
Add component (AddParameter): Name = "Published Date"; Value = "9-15-2024"; VariantName = "[No Variations]"
Add component (AddParameter): Name = "Publisher"; Value = "Mahdi Bagherzadeh"; VariantName = "[No Variations]"
Add component (AddParameter): Name = "Tolerance"; Value = "5%"; VariantName = "[No Variations]"
Add component (AddParameter): Name = "Type"; Value = "SMD"; VariantName = "[No Variations]"
Add component (AddParameter): Name = "VALUE"; Value = "4.7K"; VariantName = "[No Variations]"
Added Component: Designator=R32_6(R-0805)
Add component (AddParameter): Name = "ComponentLink1Description"; Value = "Linkedin"; VariantName = "[No Variations]"
Add component (AddParameter): Name = "ComponentLink1URL"; Value = "https://ir.linkedin.com/in/mahdi-bagherzade"; VariantName = "[No Variations]"
Add component (AddParameter): Name = "Phone Number"; Value = "0915 8700 314"; VariantName = "[No Variations]"
Add component (AddParameter): Name = "Power"; Value = "1/8W"; VariantName = "[No Variations]"
Add component (AddParameter): Name = "Published Date"; Value = "9-15-2024"; VariantName = "[No Variations]"
Add component (AddParameter): Name = "Publisher"; Value = "Mahdi Bagherzadeh"; VariantName = "[No Variations]"
Add component (AddParameter): Name = "Tolerance"; Value = "5%"; VariantName = "[No Variations]"
Add component (AddParameter): Name = "Type"; Value = "SMD"; VariantName = "[No Variations]"
Add component (AddParameter): Name = "VALUE"; Value = "4.7K"; VariantName = "[No Variations]"
Added Component: Designator=R32_7(R-0805)
Add component (AddParameter): Name = "ComponentLink1Description"; Value = "Linkedin"; VariantName = "[No Variations]"
Add component (AddParameter): Name = "ComponentLink1URL"; Value = "https://ir.linkedin.com/in/mahdi-bagherzade"; VariantName = "[No Variations]"
Add component (AddParameter): Name = "Phone Number"; Value = "0915 8700 314"; VariantName = "[No Variations]"
Add component (AddParameter): Name = "Power"; Value = "1/8W"; VariantName = "[No Variations]"
Add component (AddParameter): Name = "Published Date"; Value = "9-15-2024"; VariantName = "[No Variations]"
Add component (AddParameter): Name = "Publisher"; Value = "Mahdi Bagherzadeh"; VariantName = "[No Variations]"
Add component (AddParameter): Name = "Tolerance"; Value = "5%"; VariantName = "[No Variations]"
Add component (AddParameter): Name = "Type"; Value = "SMD"; VariantName = "[No Variations]"
Add component (AddParameter): Name = "VALUE"; Value = "4.7K"; VariantName = "[No Variations]"
Added Component: Designator=R32_8(R-0805)
Add component (AddParameter): Name = "ComponentLink1Description"; Value = "Linkedin"; VariantName = "[No Variations]"
Add component (AddParameter): Name = "ComponentLink1URL"; Value = "https://ir.linkedin.com/in/mahdi-bagherzade"; VariantName = "[No Variations]"
Add component (AddParameter): Name = "Phone Number"; Value = "0915 8700 314"; VariantName = "[No Variations]"
Add component (AddParameter): Name = "Power"; Value = "1/8W"; VariantName = "[No Variations]"
Add component (AddParameter): Name = "Published Date"; Value = "9-15-2024"; VariantName = "[No Variations]"
Add component (AddParameter): Name = "Publisher"; Value = "Mahdi Bagherzadeh"; VariantName = "[No Variations]"
Add component (AddParameter): Name = "Tolerance"; Value = "5%"; VariantName = "[No Variations]"
Add component (AddParameter): Name = "Type"; Value = "SMD"; VariantName = "[No Variations]"
Add component (AddParameter): Name = "VALUE"; Value = "4.7K"; VariantName = "[No Variations]"
Added Component: Designator=R33_1(R-0805)
Add component (AddParameter): Name = "ComponentLink1Description"; Value = "Linkedin"; VariantName = "[No Variations]"
Add component (AddParameter): Name = "ComponentLink1URL"; Value = "https://ir.linkedin.com/in/mahdi-bagherzade"; VariantName = "[No Variations]"
Add component (AddParameter): Name = "Phone Number"; Value = "0915 8700 314"; VariantName = "[No Variations]"
Add component (AddParameter): Name = "Power"; Value = "1/8W"; VariantName = "[No Variations]"
Add component (AddParameter): Name = "Published Date"; Value = "9-15-2024"; VariantName = "[No Variations]"
Add component (AddParameter): Name = "Publisher"; Value = "Mahdi Bagherzadeh"; VariantName = "[No Variations]"
Add component (AddParameter): Name = "Tolerance"; Value = "5%"; VariantName = "[No Variations]"
Add component (AddParameter): Name = "Type"; Value = "SMD"; VariantName = "[No Variations]"
Add component (AddParameter): Name = "VALUE"; Value = "4.7K"; VariantName = "[No Variations]"
Added Component: Designator=R33_2(R-0805)
Add component (AddParameter): Name = "ComponentLink1Description"; Value = "Linkedin"; VariantName = "[No Variations]"
Add component (AddParameter): Name = "ComponentLink1URL"; Value = "https://ir.linkedin.com/in/mahdi-bagherzade"; VariantName = "[No Variations]"
Add component (AddParameter): Name = "Phone Number"; Value = "0915 8700 314"; VariantName = "[No Variations]"
Add component (AddParameter): Name = "Power"; Value = "1/8W"; VariantName = "[No Variations]"
Add component (AddParameter): Name = "Published Date"; Value = "9-15-2024"; VariantName = "[No Variations]"
Add component (AddParameter): Name = "Publisher"; Value = "Mahdi Bagherzadeh"; VariantName = "[No Variations]"
Add component (AddParameter): Name = "Tolerance"; Value = "5%"; VariantName = "[No Variations]"
Add component (AddParameter): Name = "Type"; Value = "SMD"; VariantName = "[No Variations]"
Add component (AddParameter): Name = "VALUE"; Value = "4.7K"; VariantName = "[No Variations]"
Added Component: Designator=R33_3(R-0805)
Add component (AddParameter): Name = "ComponentLink1Description"; Value = "Linkedin"; VariantName = "[No Variations]"
Add component (AddParameter): Name = "ComponentLink1URL"; Value = "https://ir.linkedin.com/in/mahdi-bagherzade"; VariantName = "[No Variations]"
Add component (AddParameter): Name = "Phone Number"; Value = "0915 8700 314"; VariantName = "[No Variations]"
Add component (AddParameter): Name = "Power"; Value = "1/8W"; VariantName = "[No Variations]"
Add component (AddParameter): Name = "Published Date"; Value = "9-15-2024"; VariantName = "[No Variations]"
Add component (AddParameter): Name = "Publisher"; Value = "Mahdi Bagherzadeh"; VariantName = "[No Variations]"
Add component (AddParameter): Name = "Tolerance"; Value = "5%"; VariantName = "[No Variations]"
Add component (AddParameter): Name = "Type"; Value = "SMD"; VariantName = "[No Variations]"
Add component (AddParameter): Name = "VALUE"; Value = "4.7K"; VariantName = "[No Variations]"
Added Component: Designator=R33_4(R-0805)
Add component (AddParameter): Name = "ComponentLink1Description"; Value = "Linkedin"; VariantName = "[No Variations]"
Add component (AddParameter): Name = "ComponentLink1URL"; Value = "https://ir.linkedin.com/in/mahdi-bagherzade"; VariantName = "[No Variations]"
Add component (AddParameter): Name = "Phone Number"; Value = "0915 8700 314"; VariantName = "[No Variations]"
Add component (AddParameter): Name = "Power"; Value = "1/8W"; VariantName = "[No Variations]"
Add component (AddParameter): Name = "Published Date"; Value = "9-15-2024"; VariantName = "[No Variations]"
Add component (AddParameter): Name = "Publisher"; Value = "Mahdi Bagherzadeh"; VariantName = "[No Variations]"
Add component (AddParameter): Name = "Tolerance"; Value = "5%"; VariantName = "[No Variations]"
Add component (AddParameter): Name = "Type"; Value = "SMD"; VariantName = "[No Variations]"
Add component (AddParameter): Name = "VALUE"; Value = "4.7K"; VariantName = "[No Variations]"
Added Component: Designator=R33_5(R-0805)
Add component (AddParameter): Name = "ComponentLink1Description"; Value = "Linkedin"; VariantName = "[No Variations]"
Add component (AddParameter): Name = "ComponentLink1URL"; Value = "https://ir.linkedin.com/in/mahdi-bagherzade"; VariantName = "[No Variations]"
Add component (AddParameter): Name = "Phone Number"; Value = "0915 8700 314"; VariantName = "[No Variations]"
Add component (AddParameter): Name = "Power"; Value = "1/8W"; VariantName = "[No Variations]"
Add component (AddParameter): Name = "Published Date"; Value = "9-15-2024"; VariantName = "[No Variations]"
Add component (AddParameter): Name = "Publisher"; Value = "Mahdi Bagherzadeh"; VariantName = "[No Variations]"
Add component (AddParameter): Name = "Tolerance"; Value = "5%"; VariantName = "[No Variations]"
Add component (AddParameter): Name = "Type"; Value = "SMD"; VariantName = "[No Variations]"
Add component (AddParameter): Name = "VALUE"; Value = "4.7K"; VariantName = "[No Variations]"
Added Component: Designator=R33_6(R-0805)
Add component (AddParameter): Name = "ComponentLink1Description"; Value = "Linkedin"; VariantName = "[No Variations]"
Add component (AddParameter): Name = "ComponentLink1URL"; Value = "https://ir.linkedin.com/in/mahdi-bagherzade"; VariantName = "[No Variations]"
Add component (AddParameter): Name = "Phone Number"; Value = "0915 8700 314"; VariantName = "[No Variations]"
Add component (AddParameter): Name = "Power"; Value = "1/8W"; VariantName = "[No Variations]"
Add component (AddParameter): Name = "Published Date"; Value = "9-15-2024"; VariantName = "[No Variations]"
Add component (AddParameter): Name = "Publisher"; Value = "Mahdi Bagherzadeh"; VariantName = "[No Variations]"
Add component (AddParameter): Name = "Tolerance"; Value = "5%"; VariantName = "[No Variations]"
Add component (AddParameter): Name = "Type"; Value = "SMD"; VariantName = "[No Variations]"
Add component (AddParameter): Name = "VALUE"; Value = "4.7K"; VariantName = "[No Variations]"
Added Component: Designator=R33_7(R-0805)
Add component (AddParameter): Name = "ComponentLink1Description"; Value = "Linkedin"; VariantName = "[No Variations]"
Add component (AddParameter): Name = "ComponentLink1URL"; Value = "https://ir.linkedin.com/in/mahdi-bagherzade"; VariantName = "[No Variations]"
Add component (AddParameter): Name = "Phone Number"; Value = "0915 8700 314"; VariantName = "[No Variations]"
Add component (AddParameter): Name = "Power"; Value = "1/8W"; VariantName = "[No Variations]"
Add component (AddParameter): Name = "Published Date"; Value = "9-15-2024"; VariantName = "[No Variations]"
Add component (AddParameter): Name = "Publisher"; Value = "Mahdi Bagherzadeh"; VariantName = "[No Variations]"
Add component (AddParameter): Name = "Tolerance"; Value = "5%"; VariantName = "[No Variations]"
Add component (AddParameter): Name = "Type"; Value = "SMD"; VariantName = "[No Variations]"
Add component (AddParameter): Name = "VALUE"; Value = "4.7K"; VariantName = "[No Variations]"
Added Component: Designator=R33_8(R-0805)
Add component (AddParameter): Name = "ComponentLink1Description"; Value = "Linkedin"; VariantName = "[No Variations]"
Add component (AddParameter): Name = "ComponentLink1URL"; Value = "https://ir.linkedin.com/in/mahdi-bagherzade"; VariantName = "[No Variations]"
Add component (AddParameter): Name = "Phone Number"; Value = "0915 8700 314"; VariantName = "[No Variations]"
Add component (AddParameter): Name = "Power"; Value = "1/8W"; VariantName = "[No Variations]"
Add component (AddParameter): Name = "Published Date"; Value = "9-15-2024"; VariantName = "[No Variations]"
Add component (AddParameter): Name = "Publisher"; Value = "Mahdi Bagherzadeh"; VariantName = "[No Variations]"
Add component (AddParameter): Name = "Tolerance"; Value = "5%"; VariantName = "[No Variations]"
Add component (AddParameter): Name = "Type"; Value = "SMD"; VariantName = "[No Variations]"
Add component (AddParameter): Name = "VALUE"; Value = "4.7K"; VariantName = "[No Variations]"
Added Component: Designator=R34_1(R-0805)
Add component (AddParameter): Name = "ComponentLink1Description"; Value = "Linkedin"; VariantName = "[No Variations]"
Add component (AddParameter): Name = "ComponentLink1URL"; Value = "https://ir.linkedin.com/in/mahdi-bagherzade"; VariantName = "[No Variations]"
Add component (AddParameter): Name = "Phone Number"; Value = "0915 8700 314"; VariantName = "[No Variations]"
Add component (AddParameter): Name = "Power"; Value = "1/8W"; VariantName = "[No Variations]"
Add component (AddParameter): Name = "Published Date"; Value = "9-15-2024"; VariantName = "[No Variations]"
Add component (AddParameter): Name = "Publisher"; Value = "Mahdi Bagherzadeh"; VariantName = "[No Variations]"
Add component (AddParameter): Name = "Tolerance"; Value = "5%"; VariantName = "[No Variations]"
Add component (AddParameter): Name = "Type"; Value = "SMD"; VariantName = "[No Variations]"
Add component (AddParameter): Name = "VALUE"; Value = "4.7K"; VariantName = "[No Variations]"
Added Component: Designator=R34_2(R-0805)
Add component (AddParameter): Name = "ComponentLink1Description"; Value = "Linkedin"; VariantName = "[No Variations]"
Add component (AddParameter): Name = "ComponentLink1URL"; Value = "https://ir.linkedin.com/in/mahdi-bagherzade"; VariantName = "[No Variations]"
Add component (AddParameter): Name = "Phone Number"; Value = "0915 8700 314"; VariantName = "[No Variations]"
Add component (AddParameter): Name = "Power"; Value = "1/8W"; VariantName = "[No Variations]"
Add component (AddParameter): Name = "Published Date"; Value = "9-15-2024"; VariantName = "[No Variations]"
Add component (AddParameter): Name = "Publisher"; Value = "Mahdi Bagherzadeh"; VariantName = "[No Variations]"
Add component (AddParameter): Name = "Tolerance"; Value = "5%"; VariantName = "[No Variations]"
Add component (AddParameter): Name = "Type"; Value = "SMD"; VariantName = "[No Variations]"
Add component (AddParameter): Name = "VALUE"; Value = "4.7K"; VariantName = "[No Variations]"
Added Component: Designator=R34_3(R-0805)
Add component (AddParameter): Name = "ComponentLink1Description"; Value = "Linkedin"; VariantName = "[No Variations]"
Add component (AddParameter): Name = "ComponentLink1URL"; Value = "https://ir.linkedin.com/in/mahdi-bagherzade"; VariantName = "[No Variations]"
Add component (AddParameter): Name = "Phone Number"; Value = "0915 8700 314"; VariantName = "[No Variations]"
Add component (AddParameter): Name = "Power"; Value = "1/8W"; VariantName = "[No Variations]"
Add component (AddParameter): Name = "Published Date"; Value = "9-15-2024"; VariantName = "[No Variations]"
Add component (AddParameter): Name = "Publisher"; Value = "Mahdi Bagherzadeh"; VariantName = "[No Variations]"
Add component (AddParameter): Name = "Tolerance"; Value = "5%"; VariantName = "[No Variations]"
Add component (AddParameter): Name = "Type"; Value = "SMD"; VariantName = "[No Variations]"
Add component (AddParameter): Name = "VALUE"; Value = "4.7K"; VariantName = "[No Variations]"
Added Component: Designator=R34_4(R-0805)
Add component (AddParameter): Name = "ComponentLink1Description"; Value = "Linkedin"; VariantName = "[No Variations]"
Add component (AddParameter): Name = "ComponentLink1URL"; Value = "https://ir.linkedin.com/in/mahdi-bagherzade"; VariantName = "[No Variations]"
Add component (AddParameter): Name = "Phone Number"; Value = "0915 8700 314"; VariantName = "[No Variations]"
Add component (AddParameter): Name = "Power"; Value = "1/8W"; VariantName = "[No Variations]"
Add component (AddParameter): Name = "Published Date"; Value = "9-15-2024"; VariantName = "[No Variations]"
Add component (AddParameter): Name = "Publisher"; Value = "Mahdi Bagherzadeh"; VariantName = "[No Variations]"
Add component (AddParameter): Name = "Tolerance"; Value = "5%"; VariantName = "[No Variations]"
Add component (AddParameter): Name = "Type"; Value = "SMD"; VariantName = "[No Variations]"
Add component (AddParameter): Name = "VALUE"; Value = "4.7K"; VariantName = "[No Variations]"
Added Component: Designator=R34_5(R-0805)
Add component (AddParameter): Name = "ComponentLink1Description"; Value = "Linkedin"; VariantName = "[No Variations]"
Add component (AddParameter): Name = "ComponentLink1URL"; Value = "https://ir.linkedin.com/in/mahdi-bagherzade"; VariantName = "[No Variations]"
Add component (AddParameter): Name = "Phone Number"; Value = "0915 8700 314"; VariantName = "[No Variations]"
Add component (AddParameter): Name = "Power"; Value = "1/8W"; VariantName = "[No Variations]"
Add component (AddParameter): Name = "Published Date"; Value = "9-15-2024"; VariantName = "[No Variations]"
Add component (AddParameter): Name = "Publisher"; Value = "Mahdi Bagherzadeh"; VariantName = "[No Variations]"
Add component (AddParameter): Name = "Tolerance"; Value = "5%"; VariantName = "[No Variations]"
Add component (AddParameter): Name = "Type"; Value = "SMD"; VariantName = "[No Variations]"
Add component (AddParameter): Name = "VALUE"; Value = "4.7K"; VariantName = "[No Variations]"
Added Component: Designator=R34_6(R-0805)
Add component (AddParameter): Name = "ComponentLink1Description"; Value = "Linkedin"; VariantName = "[No Variations]"
Add component (AddParameter): Name = "ComponentLink1URL"; Value = "https://ir.linkedin.com/in/mahdi-bagherzade"; VariantName = "[No Variations]"
Add component (AddParameter): Name = "Phone Number"; Value = "0915 8700 314"; VariantName = "[No Variations]"
Add component (AddParameter): Name = "Power"; Value = "1/8W"; VariantName = "[No Variations]"
Add component (AddParameter): Name = "Published Date"; Value = "9-15-2024"; VariantName = "[No Variations]"
Add component (AddParameter): Name = "Publisher"; Value = "Mahdi Bagherzadeh"; VariantName = "[No Variations]"
Add component (AddParameter): Name = "Tolerance"; Value = "5%"; VariantName = "[No Variations]"
Add component (AddParameter): Name = "Type"; Value = "SMD"; VariantName = "[No Variations]"
Add component (AddParameter): Name = "VALUE"; Value = "4.7K"; VariantName = "[No Variations]"
Added Component: Designator=R34_7(R-0805)
Add component (AddParameter): Name = "ComponentLink1Description"; Value = "Linkedin"; VariantName = "[No Variations]"
Add component (AddParameter): Name = "ComponentLink1URL"; Value = "https://ir.linkedin.com/in/mahdi-bagherzade"; VariantName = "[No Variations]"
Add component (AddParameter): Name = "Phone Number"; Value = "0915 8700 314"; VariantName = "[No Variations]"
Add component (AddParameter): Name = "Power"; Value = "1/8W"; VariantName = "[No Variations]"
Add component (AddParameter): Name = "Published Date"; Value = "9-15-2024"; VariantName = "[No Variations]"
Add component (AddParameter): Name = "Publisher"; Value = "Mahdi Bagherzadeh"; VariantName = "[No Variations]"
Add component (AddParameter): Name = "Tolerance"; Value = "5%"; VariantName = "[No Variations]"
Add component (AddParameter): Name = "Type"; Value = "SMD"; VariantName = "[No Variations]"
Add component (AddParameter): Name = "VALUE"; Value = "4.7K"; VariantName = "[No Variations]"
Added Component: Designator=R34_8(R-0805)
Add component (AddParameter): Name = "ComponentLink1Description"; Value = "Linkedin"; VariantName = "[No Variations]"
Add component (AddParameter): Name = "ComponentLink1URL"; Value = "https://ir.linkedin.com/in/mahdi-bagherzade"; VariantName = "[No Variations]"
Add component (AddParameter): Name = "Phone Number"; Value = "0915 8700 314"; VariantName = "[No Variations]"
Add component (AddParameter): Name = "Power"; Value = "1/8W"; VariantName = "[No Variations]"
Add component (AddParameter): Name = "Published Date"; Value = "9-15-2024"; VariantName = "[No Variations]"
Add component (AddParameter): Name = "Publisher"; Value = "Mahdi Bagherzadeh"; VariantName = "[No Variations]"
Add component (AddParameter): Name = "Tolerance"; Value = "5%"; VariantName = "[No Variations]"
Add component (AddParameter): Name = "Type"; Value = "SMD"; VariantName = "[No Variations]"
Add component (AddParameter): Name = "VALUE"; Value = "4.7K"; VariantName = "[No Variations]"
Added Component: Designator=R35_1(R-0805)
Add component (AddParameter): Name = "ComponentLink1Description"; Value = "Linkedin"; VariantName = "[No Variations]"
Add component (AddParameter): Name = "ComponentLink1URL"; Value = "https://ir.linkedin.com/in/mahdi-bagherzade"; VariantName = "[No Variations]"
Add component (AddParameter): Name = "Phone Number"; Value = "0915 8700 314"; VariantName = "[No Variations]"
Add component (AddParameter): Name = "Power"; Value = "1/8W"; VariantName = "[No Variations]"
Add component (AddParameter): Name = "Published Date"; Value = "9-15-2024"; VariantName = "[No Variations]"
Add component (AddParameter): Name = "Publisher"; Value = "Mahdi Bagherzadeh"; VariantName = "[No Variations]"
Add component (AddParameter): Name = "Tolerance"; Value = "5%"; VariantName = "[No Variations]"
Add component (AddParameter): Name = "Type"; Value = "SMD"; VariantName = "[No Variations]"
Add component (AddParameter): Name = "VALUE"; Value = "4.7K"; VariantName = "[No Variations]"
Added Component: Designator=R35_2(R-0805)
Add component (AddParameter): Name = "ComponentLink1Description"; Value = "Linkedin"; VariantName = "[No Variations]"
Add component (AddParameter): Name = "ComponentLink1URL"; Value = "https://ir.linkedin.com/in/mahdi-bagherzade"; VariantName = "[No Variations]"
Add component (AddParameter): Name = "Phone Number"; Value = "0915 8700 314"; VariantName = "[No Variations]"
Add component (AddParameter): Name = "Power"; Value = "1/8W"; VariantName = "[No Variations]"
Add component (AddParameter): Name = "Published Date"; Value = "9-15-2024"; VariantName = "[No Variations]"
Add component (AddParameter): Name = "Publisher"; Value = "Mahdi Bagherzadeh"; VariantName = "[No Variations]"
Add component (AddParameter): Name = "Tolerance"; Value = "5%"; VariantName = "[No Variations]"
Add component (AddParameter): Name = "Type"; Value = "SMD"; VariantName = "[No Variations]"
Add component (AddParameter): Name = "VALUE"; Value = "4.7K"; VariantName = "[No Variations]"
Added Component: Designator=R35_3(R-0805)
Add component (AddParameter): Name = "ComponentLink1Description"; Value = "Linkedin"; VariantName = "[No Variations]"
Add component (AddParameter): Name = "ComponentLink1URL"; Value = "https://ir.linkedin.com/in/mahdi-bagherzade"; VariantName = "[No Variations]"
Add component (AddParameter): Name = "Phone Number"; Value = "0915 8700 314"; VariantName = "[No Variations]"
Add component (AddParameter): Name = "Power"; Value = "1/8W"; VariantName = "[No Variations]"
Add component (AddParameter): Name = "Published Date"; Value = "9-15-2024"; VariantName = "[No Variations]"
Add component (AddParameter): Name = "Publisher"; Value = "Mahdi Bagherzadeh"; VariantName = "[No Variations]"
Add component (AddParameter): Name = "Tolerance"; Value = "5%"; VariantName = "[No Variations]"
Add component (AddParameter): Name = "Type"; Value = "SMD"; VariantName = "[No Variations]"
Add component (AddParameter): Name = "VALUE"; Value = "4.7K"; VariantName = "[No Variations]"
Added Component: Designator=R35_4(R-0805)
Add component (AddParameter): Name = "ComponentLink1Description"; Value = "Linkedin"; VariantName = "[No Variations]"
Add component (AddParameter): Name = "ComponentLink1URL"; Value = "https://ir.linkedin.com/in/mahdi-bagherzade"; VariantName = "[No Variations]"
Add component (AddParameter): Name = "Phone Number"; Value = "0915 8700 314"; VariantName = "[No Variations]"
Add component (AddParameter): Name = "Power"; Value = "1/8W"; VariantName = "[No Variations]"
Add component (AddParameter): Name = "Published Date"; Value = "9-15-2024"; VariantName = "[No Variations]"
Add component (AddParameter): Name = "Publisher"; Value = "Mahdi Bagherzadeh"; VariantName = "[No Variations]"
Add component (AddParameter): Name = "Tolerance"; Value = "5%"; VariantName = "[No Variations]"
Add component (AddParameter): Name = "Type"; Value = "SMD"; VariantName = "[No Variations]"
Add component (AddParameter): Name = "VALUE"; Value = "4.7K"; VariantName = "[No Variations]"
Added Component: Designator=R35_5(R-0805)
Add component (AddParameter): Name = "ComponentLink1Description"; Value = "Linkedin"; VariantName = "[No Variations]"
Add component (AddParameter): Name = "ComponentLink1URL"; Value = "https://ir.linkedin.com/in/mahdi-bagherzade"; VariantName = "[No Variations]"
Add component (AddParameter): Name = "Phone Number"; Value = "0915 8700 314"; VariantName = "[No Variations]"
Add component (AddParameter): Name = "Power"; Value = "1/8W"; VariantName = "[No Variations]"
Add component (AddParameter): Name = "Published Date"; Value = "9-15-2024"; VariantName = "[No Variations]"
Add component (AddParameter): Name = "Publisher"; Value = "Mahdi Bagherzadeh"; VariantName = "[No Variations]"
Add component (AddParameter): Name = "Tolerance"; Value = "5%"; VariantName = "[No Variations]"
Add component (AddParameter): Name = "Type"; Value = "SMD"; VariantName = "[No Variations]"
Add component (AddParameter): Name = "VALUE"; Value = "4.7K"; VariantName = "[No Variations]"
Added Component: Designator=R35_6(R-0805)
Add component (AddParameter): Name = "ComponentLink1Description"; Value = "Linkedin"; VariantName = "[No Variations]"
Add component (AddParameter): Name = "ComponentLink1URL"; Value = "https://ir.linkedin.com/in/mahdi-bagherzade"; VariantName = "[No Variations]"
Add component (AddParameter): Name = "Phone Number"; Value = "0915 8700 314"; VariantName = "[No Variations]"
Add component (AddParameter): Name = "Power"; Value = "1/8W"; VariantName = "[No Variations]"
Add component (AddParameter): Name = "Published Date"; Value = "9-15-2024"; VariantName = "[No Variations]"
Add component (AddParameter): Name = "Publisher"; Value = "Mahdi Bagherzadeh"; VariantName = "[No Variations]"
Add component (AddParameter): Name = "Tolerance"; Value = "5%"; VariantName = "[No Variations]"
Add component (AddParameter): Name = "Type"; Value = "SMD"; VariantName = "[No Variations]"
Add component (AddParameter): Name = "VALUE"; Value = "4.7K"; VariantName = "[No Variations]"
Added Component: Designator=R35_7(R-0805)
Add component (AddParameter): Name = "ComponentLink1Description"; Value = "Linkedin"; VariantName = "[No Variations]"
Add component (AddParameter): Name = "ComponentLink1URL"; Value = "https://ir.linkedin.com/in/mahdi-bagherzade"; VariantName = "[No Variations]"
Add component (AddParameter): Name = "Phone Number"; Value = "0915 8700 314"; VariantName = "[No Variations]"
Add component (AddParameter): Name = "Power"; Value = "1/8W"; VariantName = "[No Variations]"
Add component (AddParameter): Name = "Published Date"; Value = "9-15-2024"; VariantName = "[No Variations]"
Add component (AddParameter): Name = "Publisher"; Value = "Mahdi Bagherzadeh"; VariantName = "[No Variations]"
Add component (AddParameter): Name = "Tolerance"; Value = "5%"; VariantName = "[No Variations]"
Add component (AddParameter): Name = "Type"; Value = "SMD"; VariantName = "[No Variations]"
Add component (AddParameter): Name = "VALUE"; Value = "4.7K"; VariantName = "[No Variations]"
Added Component: Designator=R35_8(R-0805)
Add component (AddParameter): Name = "ComponentLink1Description"; Value = "Linkedin"; VariantName = "[No Variations]"
Add component (AddParameter): Name = "ComponentLink1URL"; Value = "https://ir.linkedin.com/in/mahdi-bagherzade"; VariantName = "[No Variations]"
Add component (AddParameter): Name = "Phone Number"; Value = "0915 8700 314"; VariantName = "[No Variations]"
Add component (AddParameter): Name = "Power"; Value = "1/8W"; VariantName = "[No Variations]"
Add component (AddParameter): Name = "Published Date"; Value = "9-15-2024"; VariantName = "[No Variations]"
Add component (AddParameter): Name = "Publisher"; Value = "Mahdi Bagherzadeh"; VariantName = "[No Variations]"
Add component (AddParameter): Name = "Tolerance"; Value = "5%"; VariantName = "[No Variations]"
Add component (AddParameter): Name = "Type"; Value = "SMD"; VariantName = "[No Variations]"
Add component (AddParameter): Name = "VALUE"; Value = "4.7K"; VariantName = "[No Variations]"
Added Component: Designator=R36_1(R-0805)
Add component (AddParameter): Name = "ComponentLink1Description"; Value = "Linkedin"; VariantName = "[No Variations]"
Add component (AddParameter): Name = "ComponentLink1URL"; Value = "https://ir.linkedin.com/in/mahdi-bagherzade"; VariantName = "[No Variations]"
Add component (AddParameter): Name = "Phone Number"; Value = "0915 8700 314"; VariantName = "[No Variations]"
Add component (AddParameter): Name = "Power"; Value = "1/8W"; VariantName = "[No Variations]"
Add component (AddParameter): Name = "Published Date"; Value = "9-15-2024"; VariantName = "[No Variations]"
Add component (AddParameter): Name = "Publisher"; Value = "Mahdi Bagherzadeh"; VariantName = "[No Variations]"
Add component (AddParameter): Name = "Tolerance"; Value = "5%"; VariantName = "[No Variations]"
Add component (AddParameter): Name = "Type"; Value = "SMD"; VariantName = "[No Variations]"
Add component (AddParameter): Name = "VALUE"; Value = "4.7K"; VariantName = "[No Variations]"
Added Component: Designator=R36_2(R-0805)
Add component (AddParameter): Name = "ComponentLink1Description"; Value = "Linkedin"; VariantName = "[No Variations]"
Add component (AddParameter): Name = "ComponentLink1URL"; Value = "https://ir.linkedin.com/in/mahdi-bagherzade"; VariantName = "[No Variations]"
Add component (AddParameter): Name = "Phone Number"; Value = "0915 8700 314"; VariantName = "[No Variations]"
Add component (AddParameter): Name = "Power"; Value = "1/8W"; VariantName = "[No Variations]"
Add component (AddParameter): Name = "Published Date"; Value = "9-15-2024"; VariantName = "[No Variations]"
Add component (AddParameter): Name = "Publisher"; Value = "Mahdi Bagherzadeh"; VariantName = "[No Variations]"
Add component (AddParameter): Name = "Tolerance"; Value = "5%"; VariantName = "[No Variations]"
Add component (AddParameter): Name = "Type"; Value = "SMD"; VariantName = "[No Variations]"
Add component (AddParameter): Name = "VALUE"; Value = "4.7K"; VariantName = "[No Variations]"
Added Component: Designator=R36_3(R-0805)
Add component (AddParameter): Name = "ComponentLink1Description"; Value = "Linkedin"; VariantName = "[No Variations]"
Add component (AddParameter): Name = "ComponentLink1URL"; Value = "https://ir.linkedin.com/in/mahdi-bagherzade"; VariantName = "[No Variations]"
Add component (AddParameter): Name = "Phone Number"; Value = "0915 8700 314"; VariantName = "[No Variations]"
Add component (AddParameter): Name = "Power"; Value = "1/8W"; VariantName = "[No Variations]"
Add component (AddParameter): Name = "Published Date"; Value = "9-15-2024"; VariantName = "[No Variations]"
Add component (AddParameter): Name = "Publisher"; Value = "Mahdi Bagherzadeh"; VariantName = "[No Variations]"
Add component (AddParameter): Name = "Tolerance"; Value = "5%"; VariantName = "[No Variations]"
Add component (AddParameter): Name = "Type"; Value = "SMD"; VariantName = "[No Variations]"
Add component (AddParameter): Name = "VALUE"; Value = "4.7K"; VariantName = "[No Variations]"
Added Component: Designator=R36_4(R-0805)
Add component (AddParameter): Name = "ComponentLink1Description"; Value = "Linkedin"; VariantName = "[No Variations]"
Add component (AddParameter): Name = "ComponentLink1URL"; Value = "https://ir.linkedin.com/in/mahdi-bagherzade"; VariantName = "[No Variations]"
Add component (AddParameter): Name = "Phone Number"; Value = "0915 8700 314"; VariantName = "[No Variations]"
Add component (AddParameter): Name = "Power"; Value = "1/8W"; VariantName = "[No Variations]"
Add component (AddParameter): Name = "Published Date"; Value = "9-15-2024"; VariantName = "[No Variations]"
Add component (AddParameter): Name = "Publisher"; Value = "Mahdi Bagherzadeh"; VariantName = "[No Variations]"
Add component (AddParameter): Name = "Tolerance"; Value = "5%"; VariantName = "[No Variations]"
Add component (AddParameter): Name = "Type"; Value = "SMD"; VariantName = "[No Variations]"
Add component (AddParameter): Name = "VALUE"; Value = "4.7K"; VariantName = "[No Variations]"
Added Component: Designator=R36_5(R-0805)
Add component (AddParameter): Name = "ComponentLink1Description"; Value = "Linkedin"; VariantName = "[No Variations]"
Add component (AddParameter): Name = "ComponentLink1URL"; Value = "https://ir.linkedin.com/in/mahdi-bagherzade"; VariantName = "[No Variations]"
Add component (AddParameter): Name = "Phone Number"; Value = "0915 8700 314"; VariantName = "[No Variations]"
Add component (AddParameter): Name = "Power"; Value = "1/8W"; VariantName = "[No Variations]"
Add component (AddParameter): Name = "Published Date"; Value = "9-15-2024"; VariantName = "[No Variations]"
Add component (AddParameter): Name = "Publisher"; Value = "Mahdi Bagherzadeh"; VariantName = "[No Variations]"
Add component (AddParameter): Name = "Tolerance"; Value = "5%"; VariantName = "[No Variations]"
Add component (AddParameter): Name = "Type"; Value = "SMD"; VariantName = "[No Variations]"
Add component (AddParameter): Name = "VALUE"; Value = "4.7K"; VariantName = "[No Variations]"
Added Component: Designator=R36_6(R-0805)
Add component (AddParameter): Name = "ComponentLink1Description"; Value = "Linkedin"; VariantName = "[No Variations]"
Add component (AddParameter): Name = "ComponentLink1URL"; Value = "https://ir.linkedin.com/in/mahdi-bagherzade"; VariantName = "[No Variations]"
Add component (AddParameter): Name = "Phone Number"; Value = "0915 8700 314"; VariantName = "[No Variations]"
Add component (AddParameter): Name = "Power"; Value = "1/8W"; VariantName = "[No Variations]"
Add component (AddParameter): Name = "Published Date"; Value = "9-15-2024"; VariantName = "[No Variations]"
Add component (AddParameter): Name = "Publisher"; Value = "Mahdi Bagherzadeh"; VariantName = "[No Variations]"
Add component (AddParameter): Name = "Tolerance"; Value = "5%"; VariantName = "[No Variations]"
Add component (AddParameter): Name = "Type"; Value = "SMD"; VariantName = "[No Variations]"
Add component (AddParameter): Name = "VALUE"; Value = "4.7K"; VariantName = "[No Variations]"
Added Component: Designator=R36_7(R-0805)
Add component (AddParameter): Name = "ComponentLink1Description"; Value = "Linkedin"; VariantName = "[No Variations]"
Add component (AddParameter): Name = "ComponentLink1URL"; Value = "https://ir.linkedin.com/in/mahdi-bagherzade"; VariantName = "[No Variations]"
Add component (AddParameter): Name = "Phone Number"; Value = "0915 8700 314"; VariantName = "[No Variations]"
Add component (AddParameter): Name = "Power"; Value = "1/8W"; VariantName = "[No Variations]"
Add component (AddParameter): Name = "Published Date"; Value = "9-15-2024"; VariantName = "[No Variations]"
Add component (AddParameter): Name = "Publisher"; Value = "Mahdi Bagherzadeh"; VariantName = "[No Variations]"
Add component (AddParameter): Name = "Tolerance"; Value = "5%"; VariantName = "[No Variations]"
Add component (AddParameter): Name = "Type"; Value = "SMD"; VariantName = "[No Variations]"
Add component (AddParameter): Name = "VALUE"; Value = "4.7K"; VariantName = "[No Variations]"
Added Component: Designator=R36_8(R-0805)
Add component (AddParameter): Name = "ComponentLink1Description"; Value = "Linkedin"; VariantName = "[No Variations]"
Add component (AddParameter): Name = "ComponentLink1URL"; Value = "https://ir.linkedin.com/in/mahdi-bagherzade"; VariantName = "[No Variations]"
Add component (AddParameter): Name = "Phone Number"; Value = "0915 8700 314"; VariantName = "[No Variations]"
Add component (AddParameter): Name = "Power"; Value = "1/8W"; VariantName = "[No Variations]"
Add component (AddParameter): Name = "Published Date"; Value = "9-15-2024"; VariantName = "[No Variations]"
Add component (AddParameter): Name = "Publisher"; Value = "Mahdi Bagherzadeh"; VariantName = "[No Variations]"
Add component (AddParameter): Name = "Tolerance"; Value = "5%"; VariantName = "[No Variations]"
Add component (AddParameter): Name = "Type"; Value = "SMD"; VariantName = "[No Variations]"
Add component (AddParameter): Name = "VALUE"; Value = "4.7K"; VariantName = "[No Variations]"
Added Component: Designator=R38_1(R-0805)
Add component (AddParameter): Name = "ComponentLink1Description"; Value = "Linkedin"; VariantName = "[No Variations]"
Add component (AddParameter): Name = "ComponentLink1URL"; Value = "https://ir.linkedin.com/in/mahdi-bagherzade"; VariantName = "[No Variations]"
Add component (AddParameter): Name = "Phone Number"; Value = "0915 8700 314"; VariantName = "[No Variations]"
Add component (AddParameter): Name = "Power"; Value = "1/8W"; VariantName = "[No Variations]"
Add component (AddParameter): Name = "Published Date"; Value = "9-15-2024"; VariantName = "[No Variations]"
Add component (AddParameter): Name = "Publisher"; Value = "Mahdi Bagherzadeh"; VariantName = "[No Variations]"
Add component (AddParameter): Name = "Tolerance"; Value = "5%"; VariantName = "[No Variations]"
Add component (AddParameter): Name = "Type"; Value = "SMD"; VariantName = "[No Variations]"
Add component (AddParameter): Name = "VALUE"; Value = "4.7K"; VariantName = "[No Variations]"
Added Component: Designator=R38_2(R-0805)
Add component (AddParameter): Name = "ComponentLink1Description"; Value = "Linkedin"; VariantName = "[No Variations]"
Add component (AddParameter): Name = "ComponentLink1URL"; Value = "https://ir.linkedin.com/in/mahdi-bagherzade"; VariantName = "[No Variations]"
Add component (AddParameter): Name = "Phone Number"; Value = "0915 8700 314"; VariantName = "[No Variations]"
Add component (AddParameter): Name = "Power"; Value = "1/8W"; VariantName = "[No Variations]"
Add component (AddParameter): Name = "Published Date"; Value = "9-15-2024"; VariantName = "[No Variations]"
Add component (AddParameter): Name = "Publisher"; Value = "Mahdi Bagherzadeh"; VariantName = "[No Variations]"
Add component (AddParameter): Name = "Tolerance"; Value = "5%"; VariantName = "[No Variations]"
Add component (AddParameter): Name = "Type"; Value = "SMD"; VariantName = "[No Variations]"
Add component (AddParameter): Name = "VALUE"; Value = "4.7K"; VariantName = "[No Variations]"
Added Component: Designator=R38_3(R-0805)
Add component (AddParameter): Name = "ComponentLink1Description"; Value = "Linkedin"; VariantName = "[No Variations]"
Add component (AddParameter): Name = "ComponentLink1URL"; Value = "https://ir.linkedin.com/in/mahdi-bagherzade"; VariantName = "[No Variations]"
Add component (AddParameter): Name = "Phone Number"; Value = "0915 8700 314"; VariantName = "[No Variations]"
Add component (AddParameter): Name = "Power"; Value = "1/8W"; VariantName = "[No Variations]"
Add component (AddParameter): Name = "Published Date"; Value = "9-15-2024"; VariantName = "[No Variations]"
Add component (AddParameter): Name = "Publisher"; Value = "Mahdi Bagherzadeh"; VariantName = "[No Variations]"
Add component (AddParameter): Name = "Tolerance"; Value = "5%"; VariantName = "[No Variations]"
Add component (AddParameter): Name = "Type"; Value = "SMD"; VariantName = "[No Variations]"
Add component (AddParameter): Name = "VALUE"; Value = "4.7K"; VariantName = "[No Variations]"
Added Component: Designator=R38_4(R-0805)
Add component (AddParameter): Name = "ComponentLink1Description"; Value = "Linkedin"; VariantName = "[No Variations]"
Add component (AddParameter): Name = "ComponentLink1URL"; Value = "https://ir.linkedin.com/in/mahdi-bagherzade"; VariantName = "[No Variations]"
Add component (AddParameter): Name = "Phone Number"; Value = "0915 8700 314"; VariantName = "[No Variations]"
Add component (AddParameter): Name = "Power"; Value = "1/8W"; VariantName = "[No Variations]"
Add component (AddParameter): Name = "Published Date"; Value = "9-15-2024"; VariantName = "[No Variations]"
Add component (AddParameter): Name = "Publisher"; Value = "Mahdi Bagherzadeh"; VariantName = "[No Variations]"
Add component (AddParameter): Name = "Tolerance"; Value = "5%"; VariantName = "[No Variations]"
Add component (AddParameter): Name = "Type"; Value = "SMD"; VariantName = "[No Variations]"
Add component (AddParameter): Name = "VALUE"; Value = "4.7K"; VariantName = "[No Variations]"
Added Component: Designator=R38_5(R-0805)
Add component (AddParameter): Name = "ComponentLink1Description"; Value = "Linkedin"; VariantName = "[No Variations]"
Add component (AddParameter): Name = "ComponentLink1URL"; Value = "https://ir.linkedin.com/in/mahdi-bagherzade"; VariantName = "[No Variations]"
Add component (AddParameter): Name = "Phone Number"; Value = "0915 8700 314"; VariantName = "[No Variations]"
Add component (AddParameter): Name = "Power"; Value = "1/8W"; VariantName = "[No Variations]"
Add component (AddParameter): Name = "Published Date"; Value = "9-15-2024"; VariantName = "[No Variations]"
Add component (AddParameter): Name = "Publisher"; Value = "Mahdi Bagherzadeh"; VariantName = "[No Variations]"
Add component (AddParameter): Name = "Tolerance"; Value = "5%"; VariantName = "[No Variations]"
Add component (AddParameter): Name = "Type"; Value = "SMD"; VariantName = "[No Variations]"
Add component (AddParameter): Name = "VALUE"; Value = "4.7K"; VariantName = "[No Variations]"
Added Component: Designator=R38_6(R-0805)
Add component (AddParameter): Name = "ComponentLink1Description"; Value = "Linkedin"; VariantName = "[No Variations]"
Add component (AddParameter): Name = "ComponentLink1URL"; Value = "https://ir.linkedin.com/in/mahdi-bagherzade"; VariantName = "[No Variations]"
Add component (AddParameter): Name = "Phone Number"; Value = "0915 8700 314"; VariantName = "[No Variations]"
Add component (AddParameter): Name = "Power"; Value = "1/8W"; VariantName = "[No Variations]"
Add component (AddParameter): Name = "Published Date"; Value = "9-15-2024"; VariantName = "[No Variations]"
Add component (AddParameter): Name = "Publisher"; Value = "Mahdi Bagherzadeh"; VariantName = "[No Variations]"
Add component (AddParameter): Name = "Tolerance"; Value = "5%"; VariantName = "[No Variations]"
Add component (AddParameter): Name = "Type"; Value = "SMD"; VariantName = "[No Variations]"
Add component (AddParameter): Name = "VALUE"; Value = "4.7K"; VariantName = "[No Variations]"
Added Component: Designator=R38_7(R-0805)
Add component (AddParameter): Name = "ComponentLink1Description"; Value = "Linkedin"; VariantName = "[No Variations]"
Add component (AddParameter): Name = "ComponentLink1URL"; Value = "https://ir.linkedin.com/in/mahdi-bagherzade"; VariantName = "[No Variations]"
Add component (AddParameter): Name = "Phone Number"; Value = "0915 8700 314"; VariantName = "[No Variations]"
Add component (AddParameter): Name = "Power"; Value = "1/8W"; VariantName = "[No Variations]"
Add component (AddParameter): Name = "Published Date"; Value = "9-15-2024"; VariantName = "[No Variations]"
Add component (AddParameter): Name = "Publisher"; Value = "Mahdi Bagherzadeh"; VariantName = "[No Variations]"
Add component (AddParameter): Name = "Tolerance"; Value = "5%"; VariantName = "[No Variations]"
Add component (AddParameter): Name = "Type"; Value = "SMD"; VariantName = "[No Variations]"
Add component (AddParameter): Name = "VALUE"; Value = "4.7K"; VariantName = "[No Variations]"
Added Component: Designator=R38_8(R-0805)
Add component (AddParameter): Name = "ComponentLink1Description"; Value = "Linkedin"; VariantName = "[No Variations]"
Add component (AddParameter): Name = "ComponentLink1URL"; Value = "https://ir.linkedin.com/in/mahdi-bagherzade"; VariantName = "[No Variations]"
Add component (AddParameter): Name = "Phone Number"; Value = "0915 8700 314"; VariantName = "[No Variations]"
Add component (AddParameter): Name = "Power"; Value = "1/8W"; VariantName = "[No Variations]"
Add component (AddParameter): Name = "Published Date"; Value = "9-15-2024"; VariantName = "[No Variations]"
Add component (AddParameter): Name = "Publisher"; Value = "Mahdi Bagherzadeh"; VariantName = "[No Variations]"
Add component (AddParameter): Name = "Tolerance"; Value = "5%"; VariantName = "[No Variations]"
Add component (AddParameter): Name = "Type"; Value = "SMD"; VariantName = "[No Variations]"
Add component (AddParameter): Name = "VALUE"; Value = "4.7K"; VariantName = "[No Variations]"
Added Component: Designator=R39_1(R-0805)
Add component (AddParameter): Name = "ComponentLink1Description"; Value = "Linkedin"; VariantName = "[No Variations]"
Add component (AddParameter): Name = "ComponentLink1URL"; Value = "https://ir.linkedin.com/in/mahdi-bagherzade"; VariantName = "[No Variations]"
Add component (AddParameter): Name = "Phone Number"; Value = "0915 8700 314"; VariantName = "[No Variations]"
Add component (AddParameter): Name = "Power"; Value = "1/8W"; VariantName = "[No Variations]"
Add component (AddParameter): Name = "Published Date"; Value = "9-15-2024"; VariantName = "[No Variations]"
Add component (AddParameter): Name = "Publisher"; Value = "Mahdi Bagherzadeh"; VariantName = "[No Variations]"
Add component (AddParameter): Name = "Tolerance"; Value = "5%"; VariantName = "[No Variations]"
Add component (AddParameter): Name = "Type"; Value = "SMD"; VariantName = "[No Variations]"
Add component (AddParameter): Name = "VALUE"; Value = "4.7K"; VariantName = "[No Variations]"
Added Component: Designator=R39_2(R-0805)
Add component (AddParameter): Name = "ComponentLink1Description"; Value = "Linkedin"; VariantName = "[No Variations]"
Add component (AddParameter): Name = "ComponentLink1URL"; Value = "https://ir.linkedin.com/in/mahdi-bagherzade"; VariantName = "[No Variations]"
Add component (AddParameter): Name = "Phone Number"; Value = "0915 8700 314"; VariantName = "[No Variations]"
Add component (AddParameter): Name = "Power"; Value = "1/8W"; VariantName = "[No Variations]"
Add component (AddParameter): Name = "Published Date"; Value = "9-15-2024"; VariantName = "[No Variations]"
Add component (AddParameter): Name = "Publisher"; Value = "Mahdi Bagherzadeh"; VariantName = "[No Variations]"
Add component (AddParameter): Name = "Tolerance"; Value = "5%"; VariantName = "[No Variations]"
Add component (AddParameter): Name = "Type"; Value = "SMD"; VariantName = "[No Variations]"
Add component (AddParameter): Name = "VALUE"; Value = "4.7K"; VariantName = "[No Variations]"
Added Component: Designator=R39_3(R-0805)
Add component (AddParameter): Name = "ComponentLink1Description"; Value = "Linkedin"; VariantName = "[No Variations]"
Add component (AddParameter): Name = "ComponentLink1URL"; Value = "https://ir.linkedin.com/in/mahdi-bagherzade"; VariantName = "[No Variations]"
Add component (AddParameter): Name = "Phone Number"; Value = "0915 8700 314"; VariantName = "[No Variations]"
Add component (AddParameter): Name = "Power"; Value = "1/8W"; VariantName = "[No Variations]"
Add component (AddParameter): Name = "Published Date"; Value = "9-15-2024"; VariantName = "[No Variations]"
Add component (AddParameter): Name = "Publisher"; Value = "Mahdi Bagherzadeh"; VariantName = "[No Variations]"
Add component (AddParameter): Name = "Tolerance"; Value = "5%"; VariantName = "[No Variations]"
Add component (AddParameter): Name = "Type"; Value = "SMD"; VariantName = "[No Variations]"
Add component (AddParameter): Name = "VALUE"; Value = "4.7K"; VariantName = "[No Variations]"
Added Component: Designator=R39_4(R-0805)
Add component (AddParameter): Name = "ComponentLink1Description"; Value = "Linkedin"; VariantName = "[No Variations]"
Add component (AddParameter): Name = "ComponentLink1URL"; Value = "https://ir.linkedin.com/in/mahdi-bagherzade"; VariantName = "[No Variations]"
Add component (AddParameter): Name = "Phone Number"; Value = "0915 8700 314"; VariantName = "[No Variations]"
Add component (AddParameter): Name = "Power"; Value = "1/8W"; VariantName = "[No Variations]"
Add component (AddParameter): Name = "Published Date"; Value = "9-15-2024"; VariantName = "[No Variations]"
Add component (AddParameter): Name = "Publisher"; Value = "Mahdi Bagherzadeh"; VariantName = "[No Variations]"
Add component (AddParameter): Name = "Tolerance"; Value = "5%"; VariantName = "[No Variations]"
Add component (AddParameter): Name = "Type"; Value = "SMD"; VariantName = "[No Variations]"
Add component (AddParameter): Name = "VALUE"; Value = "4.7K"; VariantName = "[No Variations]"
Added Component: Designator=R39_5(R-0805)
Add component (AddParameter): Name = "ComponentLink1Description"; Value = "Linkedin"; VariantName = "[No Variations]"
Add component (AddParameter): Name = "ComponentLink1URL"; Value = "https://ir.linkedin.com/in/mahdi-bagherzade"; VariantName = "[No Variations]"
Add component (AddParameter): Name = "Phone Number"; Value = "0915 8700 314"; VariantName = "[No Variations]"
Add component (AddParameter): Name = "Power"; Value = "1/8W"; VariantName = "[No Variations]"
Add component (AddParameter): Name = "Published Date"; Value = "9-15-2024"; VariantName = "[No Variations]"
Add component (AddParameter): Name = "Publisher"; Value = "Mahdi Bagherzadeh"; VariantName = "[No Variations]"
Add component (AddParameter): Name = "Tolerance"; Value = "5%"; VariantName = "[No Variations]"
Add component (AddParameter): Name = "Type"; Value = "SMD"; VariantName = "[No Variations]"
Add component (AddParameter): Name = "VALUE"; Value = "4.7K"; VariantName = "[No Variations]"
Added Component: Designator=R39_6(R-0805)
Add component (AddParameter): Name = "ComponentLink1Description"; Value = "Linkedin"; VariantName = "[No Variations]"
Add component (AddParameter): Name = "ComponentLink1URL"; Value = "https://ir.linkedin.com/in/mahdi-bagherzade"; VariantName = "[No Variations]"
Add component (AddParameter): Name = "Phone Number"; Value = "0915 8700 314"; VariantName = "[No Variations]"
Add component (AddParameter): Name = "Power"; Value = "1/8W"; VariantName = "[No Variations]"
Add component (AddParameter): Name = "Published Date"; Value = "9-15-2024"; VariantName = "[No Variations]"
Add component (AddParameter): Name = "Publisher"; Value = "Mahdi Bagherzadeh"; VariantName = "[No Variations]"
Add component (AddParameter): Name = "Tolerance"; Value = "5%"; VariantName = "[No Variations]"
Add component (AddParameter): Name = "Type"; Value = "SMD"; VariantName = "[No Variations]"
Add component (AddParameter): Name = "VALUE"; Value = "4.7K"; VariantName = "[No Variations]"
Added Component: Designator=R39_7(R-0805)
Add component (AddParameter): Name = "ComponentLink1Description"; Value = "Linkedin"; VariantName = "[No Variations]"
Add component (AddParameter): Name = "ComponentLink1URL"; Value = "https://ir.linkedin.com/in/mahdi-bagherzade"; VariantName = "[No Variations]"
Add component (AddParameter): Name = "Phone Number"; Value = "0915 8700 314"; VariantName = "[No Variations]"
Add component (AddParameter): Name = "Power"; Value = "1/8W"; VariantName = "[No Variations]"
Add component (AddParameter): Name = "Published Date"; Value = "9-15-2024"; VariantName = "[No Variations]"
Add component (AddParameter): Name = "Publisher"; Value = "Mahdi Bagherzadeh"; VariantName = "[No Variations]"
Add component (AddParameter): Name = "Tolerance"; Value = "5%"; VariantName = "[No Variations]"
Add component (AddParameter): Name = "Type"; Value = "SMD"; VariantName = "[No Variations]"
Add component (AddParameter): Name = "VALUE"; Value = "4.7K"; VariantName = "[No Variations]"
Added Component: Designator=R39_8(R-0805)
Add component (AddParameter): Name = "ComponentLink1Description"; Value = "Linkedin"; VariantName = "[No Variations]"
Add component (AddParameter): Name = "ComponentLink1URL"; Value = "https://ir.linkedin.com/in/mahdi-bagherzade"; VariantName = "[No Variations]"
Add component (AddParameter): Name = "Phone Number"; Value = "0915 8700 314"; VariantName = "[No Variations]"
Add component (AddParameter): Name = "Power"; Value = "1/8W"; VariantName = "[No Variations]"
Add component (AddParameter): Name = "Published Date"; Value = "9-15-2024"; VariantName = "[No Variations]"
Add component (AddParameter): Name = "Publisher"; Value = "Mahdi Bagherzadeh"; VariantName = "[No Variations]"
Add component (AddParameter): Name = "Tolerance"; Value = "5%"; VariantName = "[No Variations]"
Add component (AddParameter): Name = "Type"; Value = "SMD"; VariantName = "[No Variations]"
Add component (AddParameter): Name = "VALUE"; Value = "4.7K"; VariantName = "[No Variations]"
Added Component: Designator=U1_1(SOIC16)
Add component (AddParameter): Name = "ComponentLink1Description"; Value = "Linkedin"; VariantName = "[No Variations]"
Add component (AddParameter): Name = "ComponentLink1URL"; Value = "https://ir.linkedin.com/in/mahdi-bagherzade"; VariantName = "[No Variations]"
Add component (AddParameter): Name = "Phone Number"; Value = "0915 8700 314"; VariantName = "[No Variations]"
Add component (AddParameter): Name = "Published Date"; Value = "9-15-2024"; VariantName = "[No Variations]"
Add component (AddParameter): Name = "Publisher"; Value = "Mahdi Bagherzadeh"; VariantName = "[No Variations]"
Added Component: Designator=U1_2(SOIC16)
Add component (AddParameter): Name = "ComponentLink1Description"; Value = "Linkedin"; VariantName = "[No Variations]"
Add component (AddParameter): Name = "ComponentLink1URL"; Value = "https://ir.linkedin.com/in/mahdi-bagherzade"; VariantName = "[No Variations]"
Add component (AddParameter): Name = "Phone Number"; Value = "0915 8700 314"; VariantName = "[No Variations]"
Add component (AddParameter): Name = "Published Date"; Value = "9-15-2024"; VariantName = "[No Variations]"
Add component (AddParameter): Name = "Publisher"; Value = "Mahdi Bagherzadeh"; VariantName = "[No Variations]"
Added Component: Designator=U1_3(SOIC16)
Add component (AddParameter): Name = "ComponentLink1Description"; Value = "Linkedin"; VariantName = "[No Variations]"
Add component (AddParameter): Name = "ComponentLink1URL"; Value = "https://ir.linkedin.com/in/mahdi-bagherzade"; VariantName = "[No Variations]"
Add component (AddParameter): Name = "Phone Number"; Value = "0915 8700 314"; VariantName = "[No Variations]"
Add component (AddParameter): Name = "Published Date"; Value = "9-15-2024"; VariantName = "[No Variations]"
Add component (AddParameter): Name = "Publisher"; Value = "Mahdi Bagherzadeh"; VariantName = "[No Variations]"
Added Component: Designator=U1_4(SOIC16)
Add component (AddParameter): Name = "ComponentLink1Description"; Value = "Linkedin"; VariantName = "[No Variations]"
Add component (AddParameter): Name = "ComponentLink1URL"; Value = "https://ir.linkedin.com/in/mahdi-bagherzade"; VariantName = "[No Variations]"
Add component (AddParameter): Name = "Phone Number"; Value = "0915 8700 314"; VariantName = "[No Variations]"
Add component (AddParameter): Name = "Published Date"; Value = "9-15-2024"; VariantName = "[No Variations]"
Add component (AddParameter): Name = "Publisher"; Value = "Mahdi Bagherzadeh"; VariantName = "[No Variations]"
Added Component: Designator=U1_5(SOIC16)
Add component (AddParameter): Name = "ComponentLink1Description"; Value = "Linkedin"; VariantName = "[No Variations]"
Add component (AddParameter): Name = "ComponentLink1URL"; Value = "https://ir.linkedin.com/in/mahdi-bagherzade"; VariantName = "[No Variations]"
Add component (AddParameter): Name = "Phone Number"; Value = "0915 8700 314"; VariantName = "[No Variations]"
Add component (AddParameter): Name = "Published Date"; Value = "9-15-2024"; VariantName = "[No Variations]"
Add component (AddParameter): Name = "Publisher"; Value = "Mahdi Bagherzadeh"; VariantName = "[No Variations]"
Added Component: Designator=U1_6(SOIC16)
Add component (AddParameter): Name = "ComponentLink1Description"; Value = "Linkedin"; VariantName = "[No Variations]"
Add component (AddParameter): Name = "ComponentLink1URL"; Value = "https://ir.linkedin.com/in/mahdi-bagherzade"; VariantName = "[No Variations]"
Add component (AddParameter): Name = "Phone Number"; Value = "0915 8700 314"; VariantName = "[No Variations]"
Add component (AddParameter): Name = "Published Date"; Value = "9-15-2024"; VariantName = "[No Variations]"
Add component (AddParameter): Name = "Publisher"; Value = "Mahdi Bagherzadeh"; VariantName = "[No Variations]"
Added Component: Designator=U1_7(SOIC16)
Add component (AddParameter): Name = "ComponentLink1Description"; Value = "Linkedin"; VariantName = "[No Variations]"
Add component (AddParameter): Name = "ComponentLink1URL"; Value = "https://ir.linkedin.com/in/mahdi-bagherzade"; VariantName = "[No Variations]"
Add component (AddParameter): Name = "Phone Number"; Value = "0915 8700 314"; VariantName = "[No Variations]"
Add component (AddParameter): Name = "Published Date"; Value = "9-15-2024"; VariantName = "[No Variations]"
Add component (AddParameter): Name = "Publisher"; Value = "Mahdi Bagherzadeh"; VariantName = "[No Variations]"
Added Component: Designator=U1_8(SOIC16)
Add component (AddParameter): Name = "ComponentLink1Description"; Value = "Linkedin"; VariantName = "[No Variations]"
Add component (AddParameter): Name = "ComponentLink1URL"; Value = "https://ir.linkedin.com/in/mahdi-bagherzade"; VariantName = "[No Variations]"
Add component (AddParameter): Name = "Phone Number"; Value = "0915 8700 314"; VariantName = "[No Variations]"
Add component (AddParameter): Name = "Published Date"; Value = "9-15-2024"; VariantName = "[No Variations]"
Add component (AddParameter): Name = "Publisher"; Value = "Mahdi Bagherzadeh"; VariantName = "[No Variations]"
Added Pin To Net: NetName=GND_MCU Pin=C47_1-1
Added Pin To Net: NetName=VCC_ULN Pin=C47_1-2
Added Pin To Net: NetName=GND_MCU Pin=C47_2-1
Added Pin To Net: NetName=VCC_ULN Pin=C47_2-2
Added Pin To Net: NetName=GND_MCU Pin=C47_3-1
Added Pin To Net: NetName=VCC_ULN Pin=C47_3-2
Added Pin To Net: NetName=GND_MCU Pin=C47_4-1
Added Pin To Net: NetName=VCC_ULN Pin=C47_4-2
Added Pin To Net: NetName=GND_MCU Pin=C47_5-1
Added Pin To Net: NetName=VCC_ULN Pin=C47_5-2
Added Pin To Net: NetName=GND_MCU Pin=C47_6-1
Added Pin To Net: NetName=VCC_ULN Pin=C47_6-2
Added Pin To Net: NetName=GND_MCU Pin=C47_7-1
Added Pin To Net: NetName=VCC_ULN Pin=C47_7-2
Added Pin To Net: NetName=GND_MCU Pin=C47_8-1
Added Pin To Net: NetName=VCC_ULN Pin=C47_8-2
Added Pin To Net: NetName=+12 Pin=FB6_1-1
Added Pin To Net: NetName=VCC_ULN Pin=FB6_1-2
Added Pin To Net: NetName=+12 Pin=FB6_2-1
Added Pin To Net: NetName=VCC_ULN Pin=FB6_2-2
Added Pin To Net: NetName=+12 Pin=FB6_3-1
Added Pin To Net: NetName=VCC_ULN Pin=FB6_3-2
Added Pin To Net: NetName=+12 Pin=FB6_4-1
Added Pin To Net: NetName=VCC_ULN Pin=FB6_4-2
Added Pin To Net: NetName=+12 Pin=FB6_5-1
Added Pin To Net: NetName=VCC_ULN Pin=FB6_5-2
Added Pin To Net: NetName=+12 Pin=FB6_6-1
Added Pin To Net: NetName=VCC_ULN Pin=FB6_6-2
Added Pin To Net: NetName=+12 Pin=FB6_7-1
Added Pin To Net: NetName=VCC_ULN Pin=FB6_7-2
Added Pin To Net: NetName=+12 Pin=FB6_8-1
Added Pin To Net: NetName=VCC_ULN Pin=FB6_8-2
Added Pin To Net: NetName=NetR3_1_1 Pin=R3_1-1
Added Pin To Net: NetName=MCU_RELAY4 Pin=R3_1-2
Added Pin To Net: NetName=NetR3_2_1 Pin=R3_2-1
Added Pin To Net: NetName=MCU_LED7 Pin=R3_2-2
Added Pin To Net: NetName=NetR3_3_1 Pin=R3_3-1
Added Pin To Net: NetName=MCU_RELAY11 Pin=R3_3-2
Added Pin To Net: NetName=NetR3_4_1 Pin=R3_4-1
Added Pin To Net: NetName=MCU_LED14 Pin=R3_4-2
Added Pin To Net: NetName=NetR3_5_1 Pin=R3_5-1
Added Pin To Net: NetName=MCU_RELAY18 Pin=R3_5-2
Added Pin To Net: NetName=NetR3_6_1 Pin=R3_6-1
Added Pin To Net: NetName=MCU_LED21 Pin=R3_6-2
Added Pin To Net: NetName=NetR3_7_1 Pin=R3_7-1
Added Pin To Net: NetName=MCU_RELAY25 Pin=R3_7-2
Added Pin To Net: NetName=NetR3_8_1 Pin=R3_8-1
Added Pin To Net: NetName=MCU_LED28 Pin=R3_8-2
Added Pin To Net: NetName=NetR4_1_1 Pin=R4_1-1
Added Pin To Net: NetName=MCU_LED3 Pin=R4_1-2
Added Pin To Net: NetName=NetR4_2_1 Pin=R4_2-1
Added Pin To Net: NetName=MCU_RELAY7 Pin=R4_2-2
Added Pin To Net: NetName=NetR4_3_1 Pin=R4_3-1
Added Pin To Net: NetName=MCU_LED10 Pin=R4_3-2
Added Pin To Net: NetName=NetR4_4_1 Pin=R4_4-1
Added Pin To Net: NetName=MCU_RELAY14 Pin=R4_4-2
Added Pin To Net: NetName=NetR4_5_1 Pin=R4_5-1
Added Pin To Net: NetName=MCU_LED17 Pin=R4_5-2
Added Pin To Net: NetName=NetR4_6_1 Pin=R4_6-1
Added Pin To Net: NetName=MCU_RELAY21 Pin=R4_6-2
Added Pin To Net: NetName=NetR4_7_1 Pin=R4_7-1
Added Pin To Net: NetName=MCU_LED24 Pin=R4_7-2
Added Pin To Net: NetName=NetR4_8_1 Pin=R4_8-1
Added Pin To Net: NetName=MCU_RELAY28 Pin=R4_8-2
Added Pin To Net: NetName=NetR5_1_1 Pin=R5_1-1
Added Pin To Net: NetName=NetR5_2_1 Pin=R5_2-1
Added Pin To Net: NetName=MCU_LED6 Pin=R5_2-2
Added Pin To Net: NetName=NetR5_3_1 Pin=R5_3-1
Added Pin To Net: NetName=MCU_RELAY10 Pin=R5_3-2
Added Pin To Net: NetName=NetR5_4_1 Pin=R5_4-1
Added Pin To Net: NetName=MCU_LED13 Pin=R5_4-2
Added Pin To Net: NetName=NetR5_5_1 Pin=R5_5-1
Added Pin To Net: NetName=MCU_RELAY17 Pin=R5_5-2
Added Pin To Net: NetName=NetR5_6_1 Pin=R5_6-1
Added Pin To Net: NetName=MCU_LED20 Pin=R5_6-2
Added Pin To Net: NetName=NetR5_7_1 Pin=R5_7-1
Added Pin To Net: NetName=MCU_RELAY24 Pin=R5_7-2
Added Pin To Net: NetName=NetR5_8_1 Pin=R5_8-1
Added Pin To Net: NetName=MCU_LED27 Pin=R5_8-2
Added Pin To Net: NetName=NetR6_1_1 Pin=R6_1-1
Added Pin To Net: NetName=NetR6_2_1 Pin=R6_2-1
Added Pin To Net: NetName=MCU_RELAY6 Pin=R6_2-2
Added Pin To Net: NetName=NetR6_3_1 Pin=R6_3-1
Added Pin To Net: NetName=MCU_LED9 Pin=R6_3-2
Added Pin To Net: NetName=NetR6_4_1 Pin=R6_4-1
Added Pin To Net: NetName=MCU_RELAY13 Pin=R6_4-2
Added Pin To Net: NetName=NetR6_5_1 Pin=R6_5-1
Added Pin To Net: NetName=MCU_LED16 Pin=R6_5-2
Added Pin To Net: NetName=NetR6_6_1 Pin=R6_6-1
Added Pin To Net: NetName=MCU_RELAY20 Pin=R6_6-2
Added Pin To Net: NetName=NetR6_7_1 Pin=R6_7-1
Added Pin To Net: NetName=MCU_LED23 Pin=R6_7-2
Added Pin To Net: NetName=NetR6_8_1 Pin=R6_8-1
Added Pin To Net: NetName=MCU_RELAY27 Pin=R6_8-2
Added Pin To Net: NetName=NetR9_1_1 Pin=R9_1-1
Added Pin To Net: NetName=MCU_RELAY2 Pin=R9_1-2
Added Pin To Net: NetName=NetR9_2_1 Pin=R9_2-1
Added Pin To Net: NetName=MCU_LED5 Pin=R9_2-2
Added Pin To Net: NetName=NetR9_3_1 Pin=R9_3-1
Added Pin To Net: NetName=MCU_RELAY9 Pin=R9_3-2
Added Pin To Net: NetName=NetR9_4_1 Pin=R9_4-1
Added Pin To Net: NetName=MCU_LED12 Pin=R9_4-2
Added Pin To Net: NetName=NetR9_5_1 Pin=R9_5-1
Added Pin To Net: NetName=MCU_RELAY16 Pin=R9_5-2
Added Pin To Net: NetName=NetR9_6_1 Pin=R9_6-1
Added Pin To Net: NetName=MCU_LED19 Pin=R9_6-2
Added Pin To Net: NetName=NetR9_7_1 Pin=R9_7-1
Added Pin To Net: NetName=MCU_RELAY23 Pin=R9_7-2
Added Pin To Net: NetName=NetR9_8_1 Pin=R9_8-1
Added Pin To Net: NetName=MCU_LED26 Pin=R9_8-2
Added Pin To Net: NetName=NetR10_1_1 Pin=R10_1-1
Added Pin To Net: NetName=MCU_LED1 Pin=R10_1-2
Added Pin To Net: NetName=NetR10_2_1 Pin=R10_2-1
Added Pin To Net: NetName=MCU_RELAY5 Pin=R10_2-2
Added Pin To Net: NetName=NetR10_3_1 Pin=R10_3-1
Added Pin To Net: NetName=MCU_LED8 Pin=R10_3-2
Added Pin To Net: NetName=NetR10_4_1 Pin=R10_4-1
Added Pin To Net: NetName=MCU_RELAY12 Pin=R10_4-2
Added Pin To Net: NetName=NetR10_5_1 Pin=R10_5-1
Added Pin To Net: NetName=MCU_LED15 Pin=R10_5-2
Added Pin To Net: NetName=NetR10_6_1 Pin=R10_6-1
Added Pin To Net: NetName=MCU_RELAY19 Pin=R10_6-2
Added Pin To Net: NetName=NetR10_7_1 Pin=R10_7-1
Added Pin To Net: NetName=MCU_LED22 Pin=R10_7-2
Added Pin To Net: NetName=NetR10_8_1 Pin=R10_8-1
Added Pin To Net: NetName=MCU_RELAY26 Pin=R10_8-2
Added Pin To Net: NetName=NetR31_1_1 Pin=R31_1-1
Added Pin To Net: NetName=MCU_RELAY1 Pin=R31_1-2
Added Pin To Net: NetName=NetR31_2_1 Pin=R31_2-1
Added Pin To Net: NetName=MCU_LED4 Pin=R31_2-2
Added Pin To Net: NetName=NetR31_3_1 Pin=R31_3-1
Added Pin To Net: NetName=MCU_RELAY8 Pin=R31_3-2
Added Pin To Net: NetName=NetR31_4_1 Pin=R31_4-1
Added Pin To Net: NetName=MCU_LED11 Pin=R31_4-2
Added Pin To Net: NetName=NetR31_5_1 Pin=R31_5-1
Added Pin To Net: NetName=MCU_RELAY15 Pin=R31_5-2
Added Pin To Net: NetName=NetR31_6_1 Pin=R31_6-1
Added Pin To Net: NetName=MCU_LED18 Pin=R31_6-2
Added Pin To Net: NetName=NetR31_7_1 Pin=R31_7-1
Added Pin To Net: NetName=MCU_RELAY22 Pin=R31_7-2
Added Pin To Net: NetName=NetR31_8_1 Pin=R31_8-1
Added Pin To Net: NetName=MCU_LED25 Pin=R31_8-2
Added Pin To Net: NetName=RELAY1 Pin=R32_1-1
Added Pin To Net: NetName=VCC_ULN Pin=R32_1-2
Added Pin To Net: NetName=LED4 Pin=R32_2-1
Added Pin To Net: NetName=VCC_ULN Pin=R32_2-2
Added Pin To Net: NetName=RELAY8 Pin=R32_3-1
Added Pin To Net: NetName=VCC_ULN Pin=R32_3-2
Added Pin To Net: NetName=LED11 Pin=R32_4-1
Added Pin To Net: NetName=VCC_ULN Pin=R32_4-2
Added Pin To Net: NetName=RELAY15 Pin=R32_5-1
Added Pin To Net: NetName=VCC_ULN Pin=R32_5-2
Added Pin To Net: NetName=LED18 Pin=R32_6-1
Added Pin To Net: NetName=VCC_ULN Pin=R32_6-2
Added Pin To Net: NetName=NetR32_7_1 Pin=R32_7-1
Added Pin To Net: NetName=VCC_ULN Pin=R32_7-2
Added Pin To Net: NetName=NetR32_8_1 Pin=R32_8-1
Added Pin To Net: NetName=VCC_ULN Pin=R32_8-2
Added Pin To Net: NetName=LED1 Pin=R33_1-1
Added Pin To Net: NetName=VCC_ULN Pin=R33_1-2
Added Pin To Net: NetName=RELAY5 Pin=R33_2-1
Added Pin To Net: NetName=VCC_ULN Pin=R33_2-2
Added Pin To Net: NetName=LED8 Pin=R33_3-1
Added Pin To Net: NetName=VCC_ULN Pin=R33_3-2
Added Pin To Net: NetName=RELAY12 Pin=R33_4-1
Added Pin To Net: NetName=VCC_ULN Pin=R33_4-2
Added Pin To Net: NetName=LED15 Pin=R33_5-1
Added Pin To Net: NetName=VCC_ULN Pin=R33_5-2
Added Pin To Net: NetName=RELAY19 Pin=R33_6-1
Added Pin To Net: NetName=VCC_ULN Pin=R33_6-2
Added Pin To Net: NetName=NetR33_7_1 Pin=R33_7-1
Added Pin To Net: NetName=VCC_ULN Pin=R33_7-2
Added Pin To Net: NetName=RELAY26 Pin=R33_8-1
Added Pin To Net: NetName=VCC_ULN Pin=R33_8-2
Added Pin To Net: NetName=RELAY2 Pin=R34_1-1
Added Pin To Net: NetName=VCC_ULN Pin=R34_1-2
Added Pin To Net: NetName=LED5 Pin=R34_2-1
Added Pin To Net: NetName=VCC_ULN Pin=R34_2-2
Added Pin To Net: NetName=RELAY9 Pin=R34_3-1
Added Pin To Net: NetName=VCC_ULN Pin=R34_3-2
Added Pin To Net: NetName=LED12 Pin=R34_4-1
Added Pin To Net: NetName=VCC_ULN Pin=R34_4-2
Added Pin To Net: NetName=RELAY16 Pin=R34_5-1
Added Pin To Net: NetName=VCC_ULN Pin=R34_5-2
Added Pin To Net: NetName=LED19 Pin=R34_6-1
Added Pin To Net: NetName=VCC_ULN Pin=R34_6-2
Added Pin To Net: NetName=RELAY23 Pin=R34_7-1
Added Pin To Net: NetName=VCC_ULN Pin=R34_7-2
Added Pin To Net: NetName=LED26 Pin=R34_8-1
Added Pin To Net: NetName=VCC_ULN Pin=R34_8-2
Added Pin To Net: NetName=LED2 Pin=R35_1-1
Added Pin To Net: NetName=VCC_ULN Pin=R35_1-2
Added Pin To Net: NetName=RELAY6 Pin=R35_2-1
Added Pin To Net: NetName=VCC_ULN Pin=R35_2-2
Added Pin To Net: NetName=LED9 Pin=R35_3-1
Added Pin To Net: NetName=VCC_ULN Pin=R35_3-2
Added Pin To Net: NetName=RELAY13 Pin=R35_4-1
Added Pin To Net: NetName=VCC_ULN Pin=R35_4-2
Added Pin To Net: NetName=LED16 Pin=R35_5-1
Added Pin To Net: NetName=VCC_ULN Pin=R35_5-2
Added Pin To Net: NetName=RELAY20 Pin=R35_6-1
Added Pin To Net: NetName=VCC_ULN Pin=R35_6-2
Added Pin To Net: NetName=LED23 Pin=R35_7-1
Added Pin To Net: NetName=VCC_ULN Pin=R35_7-2
Added Pin To Net: NetName=RELAY27 Pin=R35_8-1
Added Pin To Net: NetName=VCC_ULN Pin=R35_8-2
Added Pin To Net: NetName=RELAY3 Pin=R36_1-1
Added Pin To Net: NetName=VCC_ULN Pin=R36_1-2
Added Pin To Net: NetName=LED6 Pin=R36_2-1
Added Pin To Net: NetName=VCC_ULN Pin=R36_2-2
Added Pin To Net: NetName=RELAY10 Pin=R36_3-1
Added Pin To Net: NetName=VCC_ULN Pin=R36_3-2
Added Pin To Net: NetName=LED13 Pin=R36_4-1
Added Pin To Net: NetName=VCC_ULN Pin=R36_4-2
Added Pin To Net: NetName=RELAY17 Pin=R36_5-1
Added Pin To Net: NetName=VCC_ULN Pin=R36_5-2
Added Pin To Net: NetName=LED20 Pin=R36_6-1
Added Pin To Net: NetName=VCC_ULN Pin=R36_6-2
Added Pin To Net: NetName=RELAY24 Pin=R36_7-1
Added Pin To Net: NetName=VCC_ULN Pin=R36_7-2
Added Pin To Net: NetName=LED27 Pin=R36_8-1
Added Pin To Net: NetName=VCC_ULN Pin=R36_8-2
Added Pin To Net: NetName=LED3 Pin=R38_1-1
Added Pin To Net: NetName=VCC_ULN Pin=R38_1-2
Added Pin To Net: NetName=RELAY7 Pin=R38_2-1
Added Pin To Net: NetName=VCC_ULN Pin=R38_2-2
Added Pin To Net: NetName=LED10 Pin=R38_3-1
Added Pin To Net: NetName=VCC_ULN Pin=R38_3-2
Added Pin To Net: NetName=RELAY14 Pin=R38_4-1
Added Pin To Net: NetName=VCC_ULN Pin=R38_4-2
Added Pin To Net: NetName=LED17 Pin=R38_5-1
Added Pin To Net: NetName=VCC_ULN Pin=R38_5-2
Added Pin To Net: NetName=RELAY21 Pin=R38_6-1
Added Pin To Net: NetName=VCC_ULN Pin=R38_6-2
Added Pin To Net: NetName=LED24 Pin=R38_7-1
Added Pin To Net: NetName=VCC_ULN Pin=R38_7-2
Added Pin To Net: NetName=RELAY28 Pin=R38_8-1
Added Pin To Net: NetName=VCC_ULN Pin=R38_8-2
Added Pin To Net: NetName=RELAY4 Pin=R39_1-1
Added Pin To Net: NetName=VCC_ULN Pin=R39_1-2
Added Pin To Net: NetName=LED7 Pin=R39_2-1
Added Pin To Net: NetName=VCC_ULN Pin=R39_2-2
Added Pin To Net: NetName=RELAY11 Pin=R39_3-1
Added Pin To Net: NetName=VCC_ULN Pin=R39_3-2
Added Pin To Net: NetName=LED14 Pin=R39_4-1
Added Pin To Net: NetName=VCC_ULN Pin=R39_4-2
Added Pin To Net: NetName=RELAY18 Pin=R39_5-1
Added Pin To Net: NetName=VCC_ULN Pin=R39_5-2
Added Pin To Net: NetName=LED21 Pin=R39_6-1
Added Pin To Net: NetName=VCC_ULN Pin=R39_6-2
Added Pin To Net: NetName=RELAY25 Pin=R39_7-1
Added Pin To Net: NetName=VCC_ULN Pin=R39_7-2
Added Pin To Net: NetName=LED28 Pin=R39_8-1
Added Pin To Net: NetName=VCC_ULN Pin=R39_8-2
Added Pin To Net: NetName=NetR31_1_1 Pin=U1_1-1
Added Pin To Net: NetName=NetR10_1_1 Pin=U1_1-2
Added Pin To Net: NetName=NetR9_1_1 Pin=U1_1-3
Added Pin To Net: NetName=NetR6_1_1 Pin=U1_1-4
Added Pin To Net: NetName=NetR5_1_1 Pin=U1_1-5
Added Pin To Net: NetName=NetR4_1_1 Pin=U1_1-6
Added Pin To Net: NetName=NetR3_1_1 Pin=U1_1-7
Added Pin To Net: NetName=GND_MCU Pin=U1_1-8
Added Pin To Net: NetName=VCC_ULN Pin=U1_1-9
Added Pin To Net: NetName=RELAY4 Pin=U1_1-10
Added Pin To Net: NetName=LED3 Pin=U1_1-11
Added Pin To Net: NetName=RELAY3 Pin=U1_1-12
Added Pin To Net: NetName=LED2 Pin=U1_1-13
Added Pin To Net: NetName=RELAY2 Pin=U1_1-14
Added Pin To Net: NetName=LED1 Pin=U1_1-15
Added Pin To Net: NetName=RELAY1 Pin=U1_1-16
Added Pin To Net: NetName=NetR31_2_1 Pin=U1_2-1
Added Pin To Net: NetName=NetR10_2_1 Pin=U1_2-2
Added Pin To Net: NetName=NetR9_2_1 Pin=U1_2-3
Added Pin To Net: NetName=NetR6_2_1 Pin=U1_2-4
Added Pin To Net: NetName=NetR5_2_1 Pin=U1_2-5
Added Pin To Net: NetName=NetR4_2_1 Pin=U1_2-6
Added Pin To Net: NetName=NetR3_2_1 Pin=U1_2-7
Added Pin To Net: NetName=GND_MCU Pin=U1_2-8
Added Pin To Net: NetName=VCC_ULN Pin=U1_2-9
Added Pin To Net: NetName=LED7 Pin=U1_2-10
Added Pin To Net: NetName=RELAY7 Pin=U1_2-11
Added Pin To Net: NetName=LED6 Pin=U1_2-12
Added Pin To Net: NetName=RELAY6 Pin=U1_2-13
Added Pin To Net: NetName=LED5 Pin=U1_2-14
Added Pin To Net: NetName=RELAY5 Pin=U1_2-15
Added Pin To Net: NetName=LED4 Pin=U1_2-16
Added Pin To Net: NetName=NetR31_3_1 Pin=U1_3-1
Added Pin To Net: NetName=NetR10_3_1 Pin=U1_3-2
Added Pin To Net: NetName=NetR9_3_1 Pin=U1_3-3
Added Pin To Net: NetName=NetR6_3_1 Pin=U1_3-4
Added Pin To Net: NetName=NetR5_3_1 Pin=U1_3-5
Added Pin To Net: NetName=NetR4_3_1 Pin=U1_3-6
Added Pin To Net: NetName=NetR3_3_1 Pin=U1_3-7
Added Pin To Net: NetName=GND_MCU Pin=U1_3-8
Added Pin To Net: NetName=VCC_ULN Pin=U1_3-9
Added Pin To Net: NetName=RELAY11 Pin=U1_3-10
Added Pin To Net: NetName=LED10 Pin=U1_3-11
Added Pin To Net: NetName=RELAY10 Pin=U1_3-12
Added Pin To Net: NetName=LED9 Pin=U1_3-13
Added Pin To Net: NetName=RELAY9 Pin=U1_3-14
Added Pin To Net: NetName=LED8 Pin=U1_3-15
Added Pin To Net: NetName=RELAY8 Pin=U1_3-16
Added Pin To Net: NetName=NetR31_4_1 Pin=U1_4-1
Added Pin To Net: NetName=NetR10_4_1 Pin=U1_4-2
Added Pin To Net: NetName=NetR9_4_1 Pin=U1_4-3
Added Pin To Net: NetName=NetR6_4_1 Pin=U1_4-4
Added Pin To Net: NetName=NetR5_4_1 Pin=U1_4-5
Added Pin To Net: NetName=NetR4_4_1 Pin=U1_4-6
Added Pin To Net: NetName=NetR3_4_1 Pin=U1_4-7
Added Pin To Net: NetName=GND_MCU Pin=U1_4-8
Added Pin To Net: NetName=VCC_ULN Pin=U1_4-9
Added Pin To Net: NetName=LED14 Pin=U1_4-10
Added Pin To Net: NetName=RELAY14 Pin=U1_4-11
Added Pin To Net: NetName=LED13 Pin=U1_4-12
Added Pin To Net: NetName=RELAY13 Pin=U1_4-13
Added Pin To Net: NetName=LED12 Pin=U1_4-14
Added Pin To Net: NetName=RELAY12 Pin=U1_4-15
Added Pin To Net: NetName=LED11 Pin=U1_4-16
Added Pin To Net: NetName=NetR31_5_1 Pin=U1_5-1
Added Pin To Net: NetName=NetR10_5_1 Pin=U1_5-2
Added Pin To Net: NetName=NetR9_5_1 Pin=U1_5-3
Added Pin To Net: NetName=NetR6_5_1 Pin=U1_5-4
Added Pin To Net: NetName=NetR5_5_1 Pin=U1_5-5
Added Pin To Net: NetName=NetR4_5_1 Pin=U1_5-6
Added Pin To Net: NetName=NetR3_5_1 Pin=U1_5-7
Added Pin To Net: NetName=GND_MCU Pin=U1_5-8
Added Pin To Net: NetName=VCC_ULN Pin=U1_5-9
Added Pin To Net: NetName=RELAY18 Pin=U1_5-10
Added Pin To Net: NetName=LED17 Pin=U1_5-11
Added Pin To Net: NetName=RELAY17 Pin=U1_5-12
Added Pin To Net: NetName=LED16 Pin=U1_5-13
Added Pin To Net: NetName=RELAY16 Pin=U1_5-14
Added Pin To Net: NetName=LED15 Pin=U1_5-15
Added Pin To Net: NetName=RELAY15 Pin=U1_5-16
Added Pin To Net: NetName=NetR31_6_1 Pin=U1_6-1
Added Pin To Net: NetName=NetR10_6_1 Pin=U1_6-2
Added Pin To Net: NetName=NetR9_6_1 Pin=U1_6-3
Added Pin To Net: NetName=NetR6_6_1 Pin=U1_6-4
Added Pin To Net: NetName=NetR5_6_1 Pin=U1_6-5
Added Pin To Net: NetName=NetR4_6_1 Pin=U1_6-6
Added Pin To Net: NetName=NetR3_6_1 Pin=U1_6-7
Added Pin To Net: NetName=GND_MCU Pin=U1_6-8
Added Pin To Net: NetName=VCC_ULN Pin=U1_6-9
Added Pin To Net: NetName=LED21 Pin=U1_6-10
Added Pin To Net: NetName=RELAY21 Pin=U1_6-11
Added Pin To Net: NetName=LED20 Pin=U1_6-12
Added Pin To Net: NetName=RELAY20 Pin=U1_6-13
Added Pin To Net: NetName=LED19 Pin=U1_6-14
Added Pin To Net: NetName=RELAY19 Pin=U1_6-15
Added Pin To Net: NetName=LED18 Pin=U1_6-16
Added Pin To Net: NetName=NetR31_7_1 Pin=U1_7-1
Added Pin To Net: NetName=NetR10_7_1 Pin=U1_7-2
Added Pin To Net: NetName=NetR9_7_1 Pin=U1_7-3
Added Pin To Net: NetName=NetR6_7_1 Pin=U1_7-4
Added Pin To Net: NetName=NetR5_7_1 Pin=U1_7-5
Added Pin To Net: NetName=NetR4_7_1 Pin=U1_7-6
Added Pin To Net: NetName=NetR3_7_1 Pin=U1_7-7
Added Pin To Net: NetName=GND_MCU Pin=U1_7-8
Added Pin To Net: NetName=VCC_ULN Pin=U1_7-9
Added Pin To Net: NetName=RELAY25 Pin=U1_7-10
Added Pin To Net: NetName=LED24 Pin=U1_7-11
Added Pin To Net: NetName=RELAY24 Pin=U1_7-12
Added Pin To Net: NetName=LED23 Pin=U1_7-13
Added Pin To Net: NetName=RELAY23 Pin=U1_7-14
Added Pin To Net: NetName=NetR33_7_1 Pin=U1_7-15
Added Pin To Net: NetName=NetR32_7_1 Pin=U1_7-16
Added Pin To Net: NetName=NetR31_8_1 Pin=U1_8-1
Added Pin To Net: NetName=NetR10_8_1 Pin=U1_8-2
Added Pin To Net: NetName=NetR9_8_1 Pin=U1_8-3
Added Pin To Net: NetName=NetR6_8_1 Pin=U1_8-4
Added Pin To Net: NetName=NetR5_8_1 Pin=U1_8-5
Added Pin To Net: NetName=NetR4_8_1 Pin=U1_8-6
Added Pin To Net: NetName=NetR3_8_1 Pin=U1_8-7
Added Pin To Net: NetName=GND_MCU Pin=U1_8-8
Added Pin To Net: NetName=VCC_ULN Pin=U1_8-9
Added Pin To Net: NetName=LED28 Pin=U1_8-10
Added Pin To Net: NetName=RELAY28 Pin=U1_8-11
Added Pin To Net: NetName=LED27 Pin=U1_8-12
Added Pin To Net: NetName=RELAY27 Pin=U1_8-13
Added Pin To Net: NetName=LED26 Pin=U1_8-14
Added Pin To Net: NetName=RELAY26 Pin=U1_8-15
Added Pin To Net: NetName=NetR32_8_1 Pin=U1_8-16
Add Net: Net with name "MCU_LED1" already exists
Add Net: Net with name "MCU_LED2" already exists
Add Net: Net with name "MCU_LED3" already exists
Add Net: Net with name "MCU_LED4" already exists
Add Net: Net with name "MCU_RELAY1" already exists
Add Net: Net with name "MCU_RELAY2" already exists
Add Net: Net with name "MCU_RELAY3" already exists
Add Net: Net with name "MCU_RELAY4" already exists
Added Member To Class: ClassName=ULN2003_1 Member=Component C47_1 (C47) CAP Cer 100nF-50V-X7R-SMD
Added Member To Class: ClassName=ULN2003_2 Member=Component C47_2 (C47) CAP Cer 100nF-50V-X7R-SMD
Added Member To Class: ClassName=ULN2003_3 Member=Component C47_3 (C47) CAP Cer 100nF-50V-X7R-SMD
Added Member To Class: ClassName=ULN2003_4 Member=Component C47_4 (C47) CAP Cer 100nF-50V-X7R-SMD
Added Member To Class: ClassName=ULN2003_5 Member=Component C47_5 (C47) CAP Cer 100nF-50V-X7R-SMD
Added Member To Class: ClassName=ULN2003_6 Member=Component C47_6 (C47) CAP Cer 100nF-50V-X7R-SMD
Added Member To Class: ClassName=ULN2003_7 Member=Component C47_7 (C47) CAP Cer 100nF-50V-X7R-SMD
Added Member To Class: ClassName=ULN2003_8 Member=Component C47_8 (C47) CAP Cer 100nF-50V-X7R-SMD
Added Member To Class: ClassName=ULN2003_1 Member=Component FB6_1 (FB6) Ferrite Bead SMD
Added Member To Class: ClassName=ULN2003_2 Member=Component FB6_2 (FB6) Ferrite Bead SMD
Added Member To Class: ClassName=ULN2003_3 Member=Component FB6_3 (FB6) Ferrite Bead SMD
Added Member To Class: ClassName=ULN2003_4 Member=Component FB6_4 (FB6) Ferrite Bead SMD
Added Member To Class: ClassName=ULN2003_5 Member=Component FB6_5 (FB6) Ferrite Bead SMD
Added Member To Class: ClassName=ULN2003_6 Member=Component FB6_6 (FB6) Ferrite Bead SMD
Added Member To Class: ClassName=ULN2003_7 Member=Component FB6_7 (FB6) Ferrite Bead SMD
Added Member To Class: ClassName=ULN2003_8 Member=Component FB6_8 (FB6) Ferrite Bead SMD
Added Member To Class: ClassName=ULN2003_1 Member=Component R3_1 (R3) RES 1K-5%-1/8W-SMD
Added Member To Class: ClassName=ULN2003_2 Member=Component R3_2 (R3) RES 1K-5%-1/8W-SMD
Added Member To Class: ClassName=ULN2003_3 Member=Component R3_3 (R3) RES 1K-5%-1/8W-SMD
Added Member To Class: ClassName=ULN2003_4 Member=Component R3_4 (R3) RES 1K-5%-1/8W-SMD
Added Member To Class: ClassName=ULN2003_5 Member=Component R3_5 (R3) RES 1K-5%-1/8W-SMD
Added Member To Class: ClassName=ULN2003_6 Member=Component R3_6 (R3) RES 1K-5%-1/8W-SMD
Added Member To Class: ClassName=ULN2003_7 Member=Component R3_7 (R3) RES 1K-5%-1/8W-SMD
Added Member To Class: ClassName=ULN2003_8 Member=Component R3_8 (R3) RES 1K-5%-1/8W-SMD
Added Member To Class: ClassName=ULN2003_1 Member=Component R4_1 (R4) RES 1K-5%-1/8W-SMD
Added Member To Class: ClassName=ULN2003_2 Member=Component R4_2 (R4) RES 1K-5%-1/8W-SMD
Added Member To Class: ClassName=ULN2003_3 Member=Component R4_3 (R4) RES 1K-5%-1/8W-SMD
Added Member To Class: ClassName=ULN2003_4 Member=Component R4_4 (R4) RES 1K-5%-1/8W-SMD
Added Member To Class: ClassName=ULN2003_5 Member=Component R4_5 (R4) RES 1K-5%-1/8W-SMD
Added Member To Class: ClassName=ULN2003_6 Member=Component R4_6 (R4) RES 1K-5%-1/8W-SMD
Added Member To Class: ClassName=ULN2003_7 Member=Component R4_7 (R4) RES 1K-5%-1/8W-SMD
Added Member To Class: ClassName=ULN2003_8 Member=Component R4_8 (R4) RES 1K-5%-1/8W-SMD
Added Member To Class: ClassName=ULN2003_1 Member=Component R5_1 (R5) RES 1K-5%-1/8W-SMD
Added Member To Class: ClassName=ULN2003_2 Member=Component R5_2 (R5) RES 1K-5%-1/8W-SMD
Added Member To Class: ClassName=ULN2003_3 Member=Component R5_3 (R5) RES 1K-5%-1/8W-SMD
Added Member To Class: ClassName=ULN2003_4 Member=Component R5_4 (R5) RES 1K-5%-1/8W-SMD
Added Member To Class: ClassName=ULN2003_5 Member=Component R5_5 (R5) RES 1K-5%-1/8W-SMD
Added Member To Class: ClassName=ULN2003_6 Member=Component R5_6 (R5) RES 1K-5%-1/8W-SMD
Added Member To Class: ClassName=ULN2003_7 Member=Component R5_7 (R5) RES 1K-5%-1/8W-SMD
Added Member To Class: ClassName=ULN2003_8 Member=Component R5_8 (R5) RES 1K-5%-1/8W-SMD
Added Member To Class: ClassName=ULN2003_1 Member=Component R6_1 (R6) RES 1K-5%-1/8W-SMD
Added Member To Class: ClassName=ULN2003_2 Member=Component R6_2 (R6) RES 1K-5%-1/8W-SMD
Added Member To Class: ClassName=ULN2003_3 Member=Component R6_3 (R6) RES 1K-5%-1/8W-SMD
Added Member To Class: ClassName=ULN2003_4 Member=Component R6_4 (R6) RES 1K-5%-1/8W-SMD
Added Member To Class: ClassName=ULN2003_5 Member=Component R6_5 (R6) RES 1K-5%-1/8W-SMD
Added Member To Class: ClassName=ULN2003_6 Member=Component R6_6 (R6) RES 1K-5%-1/8W-SMD
Added Member To Class: ClassName=ULN2003_7 Member=Component R6_7 (R6) RES 1K-5%-1/8W-SMD
Added Member To Class: ClassName=ULN2003_8 Member=Component R6_8 (R6) RES 1K-5%-1/8W-SMD
Added Member To Class: ClassName=ULN2003_1 Member=Component R9_1 (R9) RES 1K-5%-1/8W-SMD
Added Member To Class: ClassName=ULN2003_2 Member=Component R9_2 (R9) RES 1K-5%-1/8W-SMD
Added Member To Class: ClassName=ULN2003_3 Member=Component R9_3 (R9) RES 1K-5%-1/8W-SMD
Added Member To Class: ClassName=ULN2003_4 Member=Component R9_4 (R9) RES 1K-5%-1/8W-SMD
Added Member To Class: ClassName=ULN2003_5 Member=Component R9_5 (R9) RES 1K-5%-1/8W-SMD
Added Member To Class: ClassName=ULN2003_6 Member=Component R9_6 (R9) RES 1K-5%-1/8W-SMD
Added Member To Class: ClassName=ULN2003_7 Member=Component R9_7 (R9) RES 1K-5%-1/8W-SMD
Added Member To Class: ClassName=ULN2003_8 Member=Component R9_8 (R9) RES 1K-5%-1/8W-SMD
Added Member To Class: ClassName=ULN2003_1 Member=Component R10_1 (R10) RES 1K-5%-1/8W-SMD
Added Member To Class: ClassName=ULN2003_2 Member=Component R10_2 (R10) RES 1K-5%-1/8W-SMD
Added Member To Class: ClassName=ULN2003_3 Member=Component R10_3 (R10) RES 1K-5%-1/8W-SMD
Added Member To Class: ClassName=ULN2003_4 Member=Component R10_4 (R10) RES 1K-5%-1/8W-SMD
Added Member To Class: ClassName=ULN2003_5 Member=Component R10_5 (R10) RES 1K-5%-1/8W-SMD
Added Member To Class: ClassName=ULN2003_6 Member=Component R10_6 (R10) RES 1K-5%-1/8W-SMD
Added Member To Class: ClassName=ULN2003_7 Member=Component R10_7 (R10) RES 1K-5%-1/8W-SMD
Added Member To Class: ClassName=ULN2003_8 Member=Component R10_8 (R10) RES 1K-5%-1/8W-SMD
Added Member To Class: ClassName=ULN2003_1 Member=Component R31_1 (R31) RES 1K-5%-1/8W-SMD
Added Member To Class: ClassName=ULN2003_2 Member=Component R31_2 (R31) RES 1K-5%-1/8W-SMD
Added Member To Class: ClassName=ULN2003_3 Member=Component R31_3 (R31) RES 1K-5%-1/8W-SMD
Added Member To Class: ClassName=ULN2003_4 Member=Component R31_4 (R31) RES 1K-5%-1/8W-SMD
Added Member To Class: ClassName=ULN2003_5 Member=Component R31_5 (R31) RES 1K-5%-1/8W-SMD
Added Member To Class: ClassName=ULN2003_6 Member=Component R31_6 (R31) RES 1K-5%-1/8W-SMD
Added Member To Class: ClassName=ULN2003_7 Member=Component R31_7 (R31) RES 1K-5%-1/8W-SMD
Added Member To Class: ClassName=ULN2003_8 Member=Component R31_8 (R31) RES 1K-5%-1/8W-SMD
Added Member To Class: ClassName=ULN2003_1 Member=Component R32_1 (R32) RES 4.7K-5%-1/8W-SMD
Added Member To Class: ClassName=ULN2003_2 Member=Component R32_2 (R32) RES 4.7K-5%-1/8W-SMD
Added Member To Class: ClassName=ULN2003_3 Member=Component R32_3 (R32) RES 4.7K-5%-1/8W-SMD
Added Member To Class: ClassName=ULN2003_4 Member=Component R32_4 (R32) RES 4.7K-5%-1/8W-SMD
Added Member To Class: ClassName=ULN2003_5 Member=Component R32_5 (R32) RES 4.7K-5%-1/8W-SMD
Added Member To Class: ClassName=ULN2003_6 Member=Component R32_6 (R32) RES 4.7K-5%-1/8W-SMD
Added Member To Class: ClassName=ULN2003_7 Member=Component R32_7 (R32) RES 4.7K-5%-1/8W-SMD
Added Member To Class: ClassName=ULN2003_8 Member=Component R32_8 (R32) RES 4.7K-5%-1/8W-SMD
Added Member To Class: ClassName=ULN2003_1 Member=Component R33_1 (R33) RES 4.7K-5%-1/8W-SMD
Added Member To Class: ClassName=ULN2003_2 Member=Component R33_2 (R33) RES 4.7K-5%-1/8W-SMD
Added Member To Class: ClassName=ULN2003_3 Member=Component R33_3 (R33) RES 4.7K-5%-1/8W-SMD
Added Member To Class: ClassName=ULN2003_4 Member=Component R33_4 (R33) RES 4.7K-5%-1/8W-SMD
Added Member To Class: ClassName=ULN2003_5 Member=Component R33_5 (R33) RES 4.7K-5%-1/8W-SMD
Added Member To Class: ClassName=ULN2003_6 Member=Component R33_6 (R33) RES 4.7K-5%-1/8W-SMD
Added Member To Class: ClassName=ULN2003_7 Member=Component R33_7 (R33) RES 4.7K-5%-1/8W-SMD
Added Member To Class: ClassName=ULN2003_8 Member=Component R33_8 (R33) RES 4.7K-5%-1/8W-SMD
Added Member To Class: ClassName=ULN2003_1 Member=Component R34_1 (R34) RES 4.7K-5%-1/8W-SMD
Added Member To Class: ClassName=ULN2003_2 Member=Component R34_2 (R34) RES 4.7K-5%-1/8W-SMD
Added Member To Class: ClassName=ULN2003_3 Member=Component R34_3 (R34) RES 4.7K-5%-1/8W-SMD
Added Member To Class: ClassName=ULN2003_4 Member=Component R34_4 (R34) RES 4.7K-5%-1/8W-SMD
Added Member To Class: ClassName=ULN2003_5 Member=Component R34_5 (R34) RES 4.7K-5%-1/8W-SMD
Added Member To Class: ClassName=ULN2003_6 Member=Component R34_6 (R34) RES 4.7K-5%-1/8W-SMD
Added Member To Class: ClassName=ULN2003_7 Member=Component R34_7 (R34) RES 4.7K-5%-1/8W-SMD
Added Member To Class: ClassName=ULN2003_8 Member=Component R34_8 (R34) RES 4.7K-5%-1/8W-SMD
Added Member To Class: ClassName=ULN2003_1 Member=Component R35_1 (R35) RES 4.7K-5%-1/8W-SMD
Added Member To Class: ClassName=ULN2003_2 Member=Component R35_2 (R35) RES 4.7K-5%-1/8W-SMD
Added Member To Class: ClassName=ULN2003_3 Member=Component R35_3 (R35) RES 4.7K-5%-1/8W-SMD
Added Member To Class: ClassName=ULN2003_4 Member=Component R35_4 (R35) RES 4.7K-5%-1/8W-SMD
Added Member To Class: ClassName=ULN2003_5 Member=Component R35_5 (R35) RES 4.7K-5%-1/8W-SMD
Added Member To Class: ClassName=ULN2003_6 Member=Component R35_6 (R35) RES 4.7K-5%-1/8W-SMD
Added Member To Class: ClassName=ULN2003_7 Member=Component R35_7 (R35) RES 4.7K-5%-1/8W-SMD
Added Member To Class: ClassName=ULN2003_8 Member=Component R35_8 (R35) RES 4.7K-5%-1/8W-SMD
Added Member To Class: ClassName=ULN2003_1 Member=Component R36_1 (R36) RES 4.7K-5%-1/8W-SMD
Added Member To Class: ClassName=ULN2003_2 Member=Component R36_2 (R36) RES 4.7K-5%-1/8W-SMD
Added Member To Class: ClassName=ULN2003_3 Member=Component R36_3 (R36) RES 4.7K-5%-1/8W-SMD
Added Member To Class: ClassName=ULN2003_4 Member=Component R36_4 (R36) RES 4.7K-5%-1/8W-SMD
Added Member To Class: ClassName=ULN2003_5 Member=Component R36_5 (R36) RES 4.7K-5%-1/8W-SMD
Added Member To Class: ClassName=ULN2003_6 Member=Component R36_6 (R36) RES 4.7K-5%-1/8W-SMD
Added Member To Class: ClassName=ULN2003_7 Member=Component R36_7 (R36) RES 4.7K-5%-1/8W-SMD
Added Member To Class: ClassName=ULN2003_8 Member=Component R36_8 (R36) RES 4.7K-5%-1/8W-SMD
Added Member To Class: ClassName=ULN2003_1 Member=Component R38_1 (R38) RES 4.7K-5%-1/8W-SMD
Added Member To Class: ClassName=ULN2003_2 Member=Component R38_2 (R38) RES 4.7K-5%-1/8W-SMD
Added Member To Class: ClassName=ULN2003_3 Member=Component R38_3 (R38) RES 4.7K-5%-1/8W-SMD
Added Member To Class: ClassName=ULN2003_4 Member=Component R38_4 (R38) RES 4.7K-5%-1/8W-SMD
Added Member To Class: ClassName=ULN2003_5 Member=Component R38_5 (R38) RES 4.7K-5%-1/8W-SMD
Added Member To Class: ClassName=ULN2003_6 Member=Component R38_6 (R38) RES 4.7K-5%-1/8W-SMD
Added Member To Class: ClassName=ULN2003_7 Member=Component R38_7 (R38) RES 4.7K-5%-1/8W-SMD
Added Member To Class: ClassName=ULN2003_8 Member=Component R38_8 (R38) RES 4.7K-5%-1/8W-SMD
Added Member To Class: ClassName=ULN2003_1 Member=Component R39_1 (R39) RES 4.7K-5%-1/8W-SMD
Added Member To Class: ClassName=ULN2003_2 Member=Component R39_2 (R39) RES 4.7K-5%-1/8W-SMD
Added Member To Class: ClassName=ULN2003_3 Member=Component R39_3 (R39) RES 4.7K-5%-1/8W-SMD
Added Member To Class: ClassName=ULN2003_4 Member=Component R39_4 (R39) RES 4.7K-5%-1/8W-SMD
Added Member To Class: ClassName=ULN2003_5 Member=Component R39_5 (R39) RES 4.7K-5%-1/8W-SMD
Added Member To Class: ClassName=ULN2003_6 Member=Component R39_6 (R39) RES 4.7K-5%-1/8W-SMD
Added Member To Class: ClassName=ULN2003_7 Member=Component R39_7 (R39) RES 4.7K-5%-1/8W-SMD
Added Member To Class: ClassName=ULN2003_8 Member=Component R39_8 (R39) RES 4.7K-5%-1/8W-SMD
Added Member To Class: ClassName=ULN2003_1 Member=Component U1_1 (U1) ULN2003
Added Member To Class: ClassName=ULN2003_2 Member=Component U1_2 (U1) ULN2003
Added Member To Class: ClassName=ULN2003_3 Member=Component U1_3 (U1) ULN2003
Added Member To Class: ClassName=ULN2003_4 Member=Component U1_4 (U1) ULN2003
Added Member To Class: ClassName=ULN2003_5 Member=Component U1_5 (U1) ULN2003
Added Member To Class: ClassName=ULN2003_6 Member=Component U1_6 (U1) ULN2003
Added Member To Class: ClassName=ULN2003_7 Member=Component U1_7 (U1) ULN2003
Added Member To Class: ClassName=ULN2003_8 Member=Component U1_8 (U1) ULN2003
Added Member To Class: ClassName=ULN2003 Member=ULN2003_3 (ULN2003.SchDoc)
Added Member To Class: ClassName=ULN2003 Member=ULN2003_4 (ULN2003.SchDoc)
Added Member To Class: ClassName=ULN2003 Member=ULN2003_6 (ULN2003.SchDoc)
Added Room: Name=ULN2003_1
Added Room: Name=ULN2003_2
Added Room: Name=ULN2003_3
Added Room: Name=ULN2003_4
Added Room: Name=ULN2003_5
Added Room: Name=ULN2003_6
Added Room: Name=ULN2003_8
