Added Component: Designator=BAT1(BAT-HOLDER-SMD-1220)
Add component (AddParameter): Name = "ComponentLink1Description"; Value = "Linkedin"; VariantName = "[No Variations]"
Add component (AddParameter): Name = "ComponentLink1URL"; Value = "https://ir.linkedin.com/in/mahdi-bagherzade"; VariantName = "[No Variations]"
Add component (AddParameter): Name = "Phone Number"; Value = "0915 8700 314"; VariantName = "[No Variations]"
Add component (AddParameter): Name = "Published Date"; Value = "9-15-2024"; VariantName = "[No Variations]"
Add component (AddParameter): Name = "Publisher"; Value = "Mahdi Bagherzadeh"; VariantName = "[No Variations]"
Add component (AddParameter): Name = "Size"; Value = "1220"; VariantName = "[No Variations]"
Add component (AddParameter): Name = "Voltage"; Value = "3V"; VariantName = "[No Variations]"
Added Component: Designator=C1_1(C-0805)
Add component (AddParameter): Name = "ComponentLink1Description"; Value = "Linkedin"; VariantName = "[No Variations]"
Add component (AddParameter): Name = "ComponentLink1URL"; Value = "https://ir.linkedin.com/in/mahdi-bagherzade"; VariantName = "[No Variations]"
Add component (AddParameter): Name = "Phone Number"; Value = "0915 8700 314"; VariantName = "[No Variations]"
Add component (AddParameter): Name = "Published Date"; Value = "9-15-2024"; VariantName = "[No Variations]"
Add component (AddParameter): Name = "Publisher"; Value = "Mahdi Bagherzadeh"; VariantName = "[No Variations]"
Add component (AddParameter): Name = "Tolerance"; Value = "X7R"; VariantName = "[No Variations]"
Add component (AddParameter): Name = "Type"; Value = "SMD"; VariantName = "[No Variations]"
Add component (AddParameter): Name = "Value"; Value = "100nF"; VariantName = "[No Variations]"
Add component (AddParameter): Name = "Voltage"; Value = "50V"; VariantName = "[No Variations]"
Added Component: Designator=C1_2(C-0805)
Add component (AddParameter): Name = "ComponentLink1Description"; Value = "Linkedin"; VariantName = "[No Variations]"
Add component (AddParameter): Name = "ComponentLink1URL"; Value = "https://ir.linkedin.com/in/mahdi-bagherzade"; VariantName = "[No Variations]"
Add component (AddParameter): Name = "Phone Number"; Value = "0915 8700 314"; VariantName = "[No Variations]"
Add component (AddParameter): Name = "Published Date"; Value = "9-15-2024"; VariantName = "[No Variations]"
Add component (AddParameter): Name = "Publisher"; Value = "Mahdi Bagherzadeh"; VariantName = "[No Variations]"
Add component (AddParameter): Name = "Tolerance"; Value = "X7R"; VariantName = "[No Variations]"
Add component (AddParameter): Name = "Type"; Value = "SMD"; VariantName = "[No Variations]"
Add component (AddParameter): Name = "Value"; Value = "100nF"; VariantName = "[No Variations]"
Add component (AddParameter): Name = "Voltage"; Value = "50V"; VariantName = "[No Variations]"
Added Component: Designator=C1_3(C-0805)
Add component (AddParameter): Name = "ComponentLink1Description"; Value = "Linkedin"; VariantName = "[No Variations]"
Add component (AddParameter): Name = "ComponentLink1URL"; Value = "https://ir.linkedin.com/in/mahdi-bagherzade"; VariantName = "[No Variations]"
Add component (AddParameter): Name = "Phone Number"; Value = "0915 8700 314"; VariantName = "[No Variations]"
Add component (AddParameter): Name = "Published Date"; Value = "9-15-2024"; VariantName = "[No Variations]"
Add component (AddParameter): Name = "Publisher"; Value = "Mahdi Bagherzadeh"; VariantName = "[No Variations]"
Add component (AddParameter): Name = "Tolerance"; Value = "X7R"; VariantName = "[No Variations]"
Add component (AddParameter): Name = "Type"; Value = "SMD"; VariantName = "[No Variations]"
Add component (AddParameter): Name = "Value"; Value = "100nF"; VariantName = "[No Variations]"
Add component (AddParameter): Name = "Voltage"; Value = "50V"; VariantName = "[No Variations]"
Added Component: Designator=C2_1(C-0805)
Add component (AddParameter): Name = "ComponentLink1Description"; Value = "Linkedin"; VariantName = "[No Variations]"
Add component (AddParameter): Name = "ComponentLink1URL"; Value = "https://ir.linkedin.com/in/mahdi-bagherzade"; VariantName = "[No Variations]"
Add component (AddParameter): Name = "Phone Number"; Value = "0915 8700 314"; VariantName = "[No Variations]"
Add component (AddParameter): Name = "Published Date"; Value = "9-15-2024"; VariantName = "[No Variations]"
Add component (AddParameter): Name = "Publisher"; Value = "Mahdi Bagherzadeh"; VariantName = "[No Variations]"
Add component (AddParameter): Name = "Tolerance"; Value = "X7R"; VariantName = "[No Variations]"
Add component (AddParameter): Name = "Type"; Value = "SMD"; VariantName = "[No Variations]"
Add component (AddParameter): Name = "Value"; Value = "100nF"; VariantName = "[No Variations]"
Add component (AddParameter): Name = "Voltage"; Value = "50V"; VariantName = "[No Variations]"
Added Component: Designator=C2_2(C-0805)
Add component (AddParameter): Name = "ComponentLink1Description"; Value = "Linkedin"; VariantName = "[No Variations]"
Add component (AddParameter): Name = "ComponentLink1URL"; Value = "https://ir.linkedin.com/in/mahdi-bagherzade"; VariantName = "[No Variations]"
Add component (AddParameter): Name = "Phone Number"; Value = "0915 8700 314"; VariantName = "[No Variations]"
Add component (AddParameter): Name = "Published Date"; Value = "9-15-2024"; VariantName = "[No Variations]"
Add component (AddParameter): Name = "Publisher"; Value = "Mahdi Bagherzadeh"; VariantName = "[No Variations]"
Add component (AddParameter): Name = "Tolerance"; Value = "X7R"; VariantName = "[No Variations]"
Add component (AddParameter): Name = "Type"; Value = "SMD"; VariantName = "[No Variations]"
Add component (AddParameter): Name = "Value"; Value = "100nF"; VariantName = "[No Variations]"
Add component (AddParameter): Name = "Voltage"; Value = "50V"; VariantName = "[No Variations]"
Added Component: Designator=C2_3(C-0805)
Add component (AddParameter): Name = "ComponentLink1Description"; Value = "Linkedin"; VariantName = "[No Variations]"
Add component (AddParameter): Name = "ComponentLink1URL"; Value = "https://ir.linkedin.com/in/mahdi-bagherzade"; VariantName = "[No Variations]"
Add component (AddParameter): Name = "Phone Number"; Value = "0915 8700 314"; VariantName = "[No Variations]"
Add component (AddParameter): Name = "Published Date"; Value = "9-15-2024"; VariantName = "[No Variations]"
Add component (AddParameter): Name = "Publisher"; Value = "Mahdi Bagherzadeh"; VariantName = "[No Variations]"
Add component (AddParameter): Name = "Tolerance"; Value = "X7R"; VariantName = "[No Variations]"
Add component (AddParameter): Name = "Type"; Value = "SMD"; VariantName = "[No Variations]"
Add component (AddParameter): Name = "Value"; Value = "100nF"; VariantName = "[No Variations]"
Add component (AddParameter): Name = "Voltage"; Value = "50V"; VariantName = "[No Variations]"
Added Component: Designator=C2_4(C-0805)
Add component (AddParameter): Name = "ComponentLink1Description"; Value = "Linkedin"; VariantName = "[No Variations]"
Add component (AddParameter): Name = "ComponentLink1URL"; Value = "https://ir.linkedin.com/in/mahdi-bagherzade"; VariantName = "[No Variations]"
Add component (AddParameter): Name = "Phone Number"; Value = "0915 8700 314"; VariantName = "[No Variations]"
Add component (AddParameter): Name = "Published Date"; Value = "9-15-2024"; VariantName = "[No Variations]"
Add component (AddParameter): Name = "Publisher"; Value = "Mahdi Bagherzadeh"; VariantName = "[No Variations]"
Add component (AddParameter): Name = "Tolerance"; Value = "X7R"; VariantName = "[No Variations]"
Add component (AddParameter): Name = "Type"; Value = "SMD"; VariantName = "[No Variations]"
Add component (AddParameter): Name = "Value"; Value = "100nF"; VariantName = "[No Variations]"
Add component (AddParameter): Name = "Voltage"; Value = "50V"; VariantName = "[No Variations]"
Added Component: Designator=C3(C-0805)
Add component (AddParameter): Name = "ComponentLink1Description"; Value = "Linkedin"; VariantName = "[No Variations]"
Add component (AddParameter): Name = "ComponentLink1URL"; Value = "https://ir.linkedin.com/in/mahdi-bagherzade"; VariantName = "[No Variations]"
Add component (AddParameter): Name = "Phone Number"; Value = "0915 8700 314"; VariantName = "[No Variations]"
Add component (AddParameter): Name = "Published Date"; Value = "9-15-2024"; VariantName = "[No Variations]"
Add component (AddParameter): Name = "Publisher"; Value = "Mahdi Bagherzadeh"; VariantName = "[No Variations]"
Add component (AddParameter): Name = "Tolerance"; Value = "X7R"; VariantName = "[No Variations]"
Add component (AddParameter): Name = "Type"; Value = "SMD"; VariantName = "[No Variations]"
Add component (AddParameter): Name = "Value"; Value = "100nF"; VariantName = "[No Variations]"
Add component (AddParameter): Name = "Voltage"; Value = "50V"; VariantName = "[No Variations]"
Added Component: Designator=C4(C-0805)
Add component (AddParameter): Name = "ComponentLink1Description"; Value = "Linkedin"; VariantName = "[No Variations]"
Add component (AddParameter): Name = "ComponentLink1URL"; Value = "https://ir.linkedin.com/in/mahdi-bagherzade"; VariantName = "[No Variations]"
Add component (AddParameter): Name = "Phone Number"; Value = "0915 8700 314"; VariantName = "[No Variations]"
Add component (AddParameter): Name = "Published Date"; Value = "9-15-2024"; VariantName = "[No Variations]"
Add component (AddParameter): Name = "Publisher"; Value = "Mahdi Bagherzadeh"; VariantName = "[No Variations]"
Add component (AddParameter): Name = "Tolerance"; Value = "X7R"; VariantName = "[No Variations]"
Add component (AddParameter): Name = "Type"; Value = "SMD"; VariantName = "[No Variations]"
Add component (AddParameter): Name = "Value"; Value = "100nF"; VariantName = "[No Variations]"
Add component (AddParameter): Name = "Voltage"; Value = "50V"; VariantName = "[No Variations]"
Added Component: Designator=C5(C-0805)
Add component (AddParameter): Name = "ComponentLink1Description"; Value = "Linkedin"; VariantName = "[No Variations]"
Add component (AddParameter): Name = "ComponentLink1URL"; Value = "https://ir.linkedin.com/in/mahdi-bagherzade"; VariantName = "[No Variations]"
Add component (AddParameter): Name = "Phone Number"; Value = "0915 8700 314"; VariantName = "[No Variations]"
Add component (AddParameter): Name = "Published Date"; Value = "9-15-2024"; VariantName = "[No Variations]"
Add component (AddParameter): Name = "Publisher"; Value = "Mahdi Bagherzadeh"; VariantName = "[No Variations]"
Add component (AddParameter): Name = "Tolerance"; Value = "X7R"; VariantName = "[No Variations]"
Add component (AddParameter): Name = "Type"; Value = "SMD"; VariantName = "[No Variations]"
Add component (AddParameter): Name = "Value"; Value = "4.7uF"; VariantName = "[No Variations]"
Add component (AddParameter): Name = "Voltage"; Value = "50V"; VariantName = "[No Variations]"
Added Component: Designator=C6(C-0805)
Add component (AddParameter): Name = "ComponentLink1Description"; Value = "Linkedin"; VariantName = "[No Variations]"
Add component (AddParameter): Name = "ComponentLink1URL"; Value = "https://ir.linkedin.com/in/mahdi-bagherzade"; VariantName = "[No Variations]"
Add component (AddParameter): Name = "Phone Number"; Value = "0915 8700 314"; VariantName = "[No Variations]"
Add component (AddParameter): Name = "Published Date"; Value = "9-15-2024"; VariantName = "[No Variations]"
Add component (AddParameter): Name = "Publisher"; Value = "Mahdi Bagherzadeh"; VariantName = "[No Variations]"
Add component (AddParameter): Name = "Tolerance"; Value = "X7R"; VariantName = "[No Variations]"
Add component (AddParameter): Name = "Type"; Value = "SMD"; VariantName = "[No Variations]"
Add component (AddParameter): Name = "Value"; Value = "100nF"; VariantName = "[No Variations]"
Add component (AddParameter): Name = "Voltage"; Value = "50V"; VariantName = "[No Variations]"
Added Component: Designator=C7(C-0805)
Add component (AddParameter): Name = "ComponentLink1Description"; Value = "Linkedin"; VariantName = "[No Variations]"
Add component (AddParameter): Name = "ComponentLink1URL"; Value = "https://ir.linkedin.com/in/mahdi-bagherzade"; VariantName = "[No Variations]"
Add component (AddParameter): Name = "Phone Number"; Value = "0915 8700 314"; VariantName = "[No Variations]"
Add component (AddParameter): Name = "Published Date"; Value = "9-15-2024"; VariantName = "[No Variations]"
Add component (AddParameter): Name = "Publisher"; Value = "Mahdi Bagherzadeh"; VariantName = "[No Variations]"
Add component (AddParameter): Name = "Tolerance"; Value = "X7R"; VariantName = "[No Variations]"
Add component (AddParameter): Name = "Type"; Value = "SMD"; VariantName = "[No Variations]"
Add component (AddParameter): Name = "Value"; Value = "100nF"; VariantName = "[No Variations]"
Add component (AddParameter): Name = "Voltage"; Value = "50V"; VariantName = "[No Variations]"
Added Component: Designator=C8(C-0805)
Add component (AddParameter): Name = "ComponentLink1Description"; Value = "Linkedin"; VariantName = "[No Variations]"
Add component (AddParameter): Name = "ComponentLink1URL"; Value = "https://ir.linkedin.com/in/mahdi-bagherzade"; VariantName = "[No Variations]"
Add component (AddParameter): Name = "Phone Number"; Value = "0915 8700 314"; VariantName = "[No Variations]"
Add component (AddParameter): Name = "Published Date"; Value = "9-15-2024"; VariantName = "[No Variations]"
Add component (AddParameter): Name = "Publisher"; Value = "Mahdi Bagherzadeh"; VariantName = "[No Variations]"
Add component (AddParameter): Name = "Tolerance"; Value = "X7R"; VariantName = "[No Variations]"
Add component (AddParameter): Name = "Type"; Value = "SMD"; VariantName = "[No Variations]"
Add component (AddParameter): Name = "Value"; Value = "4.7uF"; VariantName = "[No Variations]"
Add component (AddParameter): Name = "Voltage"; Value = "50V"; VariantName = "[No Variations]"
Added Component: Designator=C9(C-0805)
Add component (AddParameter): Name = "ComponentLink1Description"; Value = "Linkedin"; VariantName = "[No Variations]"
Add component (AddParameter): Name = "ComponentLink1URL"; Value = "https://ir.linkedin.com/in/mahdi-bagherzade"; VariantName = "[No Variations]"
Add component (AddParameter): Name = "Phone Number"; Value = "0915 8700 314"; VariantName = "[No Variations]"
Add component (AddParameter): Name = "Published Date"; Value = "9-15-2024"; VariantName = "[No Variations]"
Add component (AddParameter): Name = "Publisher"; Value = "Mahdi Bagherzadeh"; VariantName = "[No Variations]"
Add component (AddParameter): Name = "Tolerance"; Value = "X7R"; VariantName = "[No Variations]"
Add component (AddParameter): Name = "Type"; Value = "SMD"; VariantName = "[No Variations]"
Add component (AddParameter): Name = "Value"; Value = "100nF"; VariantName = "[No Variations]"
Add component (AddParameter): Name = "Voltage"; Value = "50V"; VariantName = "[No Variations]"
Added Component: Designator=C10(C-0805)
Add component (AddParameter): Name = "ComponentLink1Description"; Value = "Linkedin"; VariantName = "[No Variations]"
Add component (AddParameter): Name = "ComponentLink1URL"; Value = "https://ir.linkedin.com/in/mahdi-bagherzade"; VariantName = "[No Variations]"
Add component (AddParameter): Name = "Phone Number"; Value = "0915 8700 314"; VariantName = "[No Variations]"
Add component (AddParameter): Name = "Published Date"; Value = "9-15-2024"; VariantName = "[No Variations]"
Add component (AddParameter): Name = "Publisher"; Value = "Mahdi Bagherzadeh"; VariantName = "[No Variations]"
Add component (AddParameter): Name = "Tolerance"; Value = "X7R"; VariantName = "[No Variations]"
Add component (AddParameter): Name = "Type"; Value = "SMD"; VariantName = "[No Variations]"
Add component (AddParameter): Name = "Value"; Value = "100nF"; VariantName = "[No Variations]"
Add component (AddParameter): Name = "Voltage"; Value = "50V"; VariantName = "[No Variations]"
Added Component: Designator=C11(C-0805)
Add component (AddParameter): Name = "ComponentLink1Description"; Value = "Linkedin"; VariantName = "[No Variations]"
Add component (AddParameter): Name = "ComponentLink1URL"; Value = "https://ir.linkedin.com/in/mahdi-bagherzade"; VariantName = "[No Variations]"
Add component (AddParameter): Name = "Phone Number"; Value = "0915 8700 314"; VariantName = "[No Variations]"
Add component (AddParameter): Name = "Published Date"; Value = "9-15-2024"; VariantName = "[No Variations]"
Add component (AddParameter): Name = "Publisher"; Value = "Mahdi Bagherzadeh"; VariantName = "[No Variations]"
Add component (AddParameter): Name = "Tolerance"; Value = "X7R"; VariantName = "[No Variations]"
Add component (AddParameter): Name = "Type"; Value = "SMD"; VariantName = "[No Variations]"
Add component (AddParameter): Name = "Value"; Value = "100nF"; VariantName = "[No Variations]"
Add component (AddParameter): Name = "Voltage"; Value = "50V"; VariantName = "[No Variations]"
Added Component: Designator=C12(C-0805)
Add component (AddParameter): Name = "ComponentLink1Description"; Value = "Linkedin"; VariantName = "[No Variations]"
Add component (AddParameter): Name = "ComponentLink1URL"; Value = "https://ir.linkedin.com/in/mahdi-bagherzade"; VariantName = "[No Variations]"
Add component (AddParameter): Name = "Phone Number"; Value = "0915 8700 314"; VariantName = "[No Variations]"
Add component (AddParameter): Name = "Published Date"; Value = "9-15-2024"; VariantName = "[No Variations]"
Add component (AddParameter): Name = "Publisher"; Value = "Mahdi Bagherzadeh"; VariantName = "[No Variations]"
Add component (AddParameter): Name = "Tolerance"; Value = "X7R"; VariantName = "[No Variations]"
Add component (AddParameter): Name = "Type"; Value = "SMD"; VariantName = "[No Variations]"
Add component (AddParameter): Name = "Value"; Value = "1uF"; VariantName = "[No Variations]"
Add component (AddParameter): Name = "Voltage"; Value = "50V"; VariantName = "[No Variations]"
Added Component: Designator=C13(C-0805)
Add component (AddParameter): Name = "ComponentLink1Description"; Value = "Linkedin"; VariantName = "[No Variations]"
Add component (AddParameter): Name = "ComponentLink1URL"; Value = "https://ir.linkedin.com/in/mahdi-bagherzade"; VariantName = "[No Variations]"
Add component (AddParameter): Name = "Phone Number"; Value = "0915 8700 314"; VariantName = "[No Variations]"
Add component (AddParameter): Name = "Published Date"; Value = "9-15-2024"; VariantName = "[No Variations]"
Add component (AddParameter): Name = "Publisher"; Value = "Mahdi Bagherzadeh"; VariantName = "[No Variations]"
Add component (AddParameter): Name = "Tolerance"; Value = "X7R"; VariantName = "[No Variations]"
Add component (AddParameter): Name = "Type"; Value = "SMD"; VariantName = "[No Variations]"
Add component (AddParameter): Name = "Value"; Value = "1uF"; VariantName = "[No Variations]"
Add component (AddParameter): Name = "Voltage"; Value = "50V"; VariantName = "[No Variations]"
Added Component: Designator=C14(C-0805)
Add component (AddParameter): Name = "ComponentLink1Description"; Value = "Linkedin"; VariantName = "[No Variations]"
Add component (AddParameter): Name = "ComponentLink1URL"; Value = "https://ir.linkedin.com/in/mahdi-bagherzade"; VariantName = "[No Variations]"
Add component (AddParameter): Name = "Phone Number"; Value = "0915 8700 314"; VariantName = "[No Variations]"
Add component (AddParameter): Name = "Published Date"; Value = "9-15-2024"; VariantName = "[No Variations]"
Add component (AddParameter): Name = "Publisher"; Value = "Mahdi Bagherzadeh"; VariantName = "[No Variations]"
Add component (AddParameter): Name = "Tolerance"; Value = "X7R"; VariantName = "[No Variations]"
Add component (AddParameter): Name = "Type"; Value = "SMD"; VariantName = "[No Variations]"
Add component (AddParameter): Name = "Value"; Value = "1uF"; VariantName = "[No Variations]"
Add component (AddParameter): Name = "Voltage"; Value = "50V"; VariantName = "[No Variations]"
Added Component: Designator=C15(C-0805)
Add component (AddParameter): Name = "ComponentLink1Description"; Value = "Linkedin"; VariantName = "[No Variations]"
Add component (AddParameter): Name = "ComponentLink1URL"; Value = "https://ir.linkedin.com/in/mahdi-bagherzade"; VariantName = "[No Variations]"
Add component (AddParameter): Name = "Phone Number"; Value = "0915 8700 314"; VariantName = "[No Variations]"
Add component (AddParameter): Name = "Published Date"; Value = "9-15-2024"; VariantName = "[No Variations]"
Add component (AddParameter): Name = "Publisher"; Value = "Mahdi Bagherzadeh"; VariantName = "[No Variations]"
Add component (AddParameter): Name = "Tolerance"; Value = "X7R"; VariantName = "[No Variations]"
Add component (AddParameter): Name = "Type"; Value = "SMD"; VariantName = "[No Variations]"
Add component (AddParameter): Name = "Value"; Value = "1uF"; VariantName = "[No Variations]"
Add component (AddParameter): Name = "Voltage"; Value = "50V"; VariantName = "[No Variations]"
Added Component: Designator=C16(C-0805)
Add component (AddParameter): Name = "ComponentLink1Description"; Value = "Linkedin"; VariantName = "[No Variations]"
Add component (AddParameter): Name = "ComponentLink1URL"; Value = "https://ir.linkedin.com/in/mahdi-bagherzade"; VariantName = "[No Variations]"
Add component (AddParameter): Name = "Phone Number"; Value = "0915 8700 314"; VariantName = "[No Variations]"
Add component (AddParameter): Name = "Published Date"; Value = "9-15-2024"; VariantName = "[No Variations]"
Add component (AddParameter): Name = "Publisher"; Value = "Mahdi Bagherzadeh"; VariantName = "[No Variations]"
Add component (AddParameter): Name = "Tolerance"; Value = "X7R"; VariantName = "[No Variations]"
Add component (AddParameter): Name = "Type"; Value = "SMD"; VariantName = "[No Variations]"
Add component (AddParameter): Name = "Value"; Value = "100nF"; VariantName = "[No Variations]"
Add component (AddParameter): Name = "Voltage"; Value = "50V"; VariantName = "[No Variations]"
Added Component: Designator=C17(C-0805)
Add component (AddParameter): Name = "ComponentLink1Description"; Value = "Linkedin"; VariantName = "[No Variations]"
Add component (AddParameter): Name = "ComponentLink1URL"; Value = "https://ir.linkedin.com/in/mahdi-bagherzade"; VariantName = "[No Variations]"
Add component (AddParameter): Name = "Phone Number"; Value = "0915 8700 314"; VariantName = "[No Variations]"
Add component (AddParameter): Name = "Published Date"; Value = "9-15-2024"; VariantName = "[No Variations]"
Add component (AddParameter): Name = "Publisher"; Value = "Mahdi Bagherzadeh"; VariantName = "[No Variations]"
Add component (AddParameter): Name = "Tolerance"; Value = "X7R"; VariantName = "[No Variations]"
Add component (AddParameter): Name = "Type"; Value = "SMD"; VariantName = "[No Variations]"
Add component (AddParameter): Name = "Value"; Value = "100nF"; VariantName = "[No Variations]"
Add component (AddParameter): Name = "Voltage"; Value = "50V"; VariantName = "[No Variations]"
Added Component: Designator=C18(C-0805)
Add component (AddParameter): Name = "ComponentLink1Description"; Value = "Linkedin"; VariantName = "[No Variations]"
Add component (AddParameter): Name = "ComponentLink1URL"; Value = "https://ir.linkedin.com/in/mahdi-bagherzade"; VariantName = "[No Variations]"
Add component (AddParameter): Name = "Phone Number"; Value = "0915 8700 314"; VariantName = "[No Variations]"
Add component (AddParameter): Name = "Published Date"; Value = "9-15-2024"; VariantName = "[No Variations]"
Add component (AddParameter): Name = "Publisher"; Value = "Mahdi Bagherzadeh"; VariantName = "[No Variations]"
Add component (AddParameter): Name = "Tolerance"; Value = "X7R"; VariantName = "[No Variations]"
Add component (AddParameter): Name = "Type"; Value = "SMD"; VariantName = "[No Variations]"
Add component (AddParameter): Name = "Value"; Value = "100nF"; VariantName = "[No Variations]"
Add component (AddParameter): Name = "Voltage"; Value = "50V"; VariantName = "[No Variations]"
Added Component: Designator=C19(C-0805)
Add component (AddParameter): Name = "ComponentLink1Description"; Value = "Linkedin"; VariantName = "[No Variations]"
Add component (AddParameter): Name = "ComponentLink1URL"; Value = "https://ir.linkedin.com/in/mahdi-bagherzade"; VariantName = "[No Variations]"
Add component (AddParameter): Name = "Phone Number"; Value = "0915 8700 314"; VariantName = "[No Variations]"
Add component (AddParameter): Name = "Published Date"; Value = "9-15-2024"; VariantName = "[No Variations]"
Add component (AddParameter): Name = "Publisher"; Value = "Mahdi Bagherzadeh"; VariantName = "[No Variations]"
Add component (AddParameter): Name = "Tolerance"; Value = "X7R"; VariantName = "[No Variations]"
Add component (AddParameter): Name = "Type"; Value = "SMD"; VariantName = "[No Variations]"
Add component (AddParameter): Name = "Value"; Value = "18pF"; VariantName = "[No Variations]"
Add component (AddParameter): Name = "Voltage"; Value = "50V"; VariantName = "[No Variations]"
Added Component: Designator=C20(C-0805)
Add component (AddParameter): Name = "ComponentLink1Description"; Value = "Linkedin"; VariantName = "[No Variations]"
Add component (AddParameter): Name = "ComponentLink1URL"; Value = "https://ir.linkedin.com/in/mahdi-bagherzade"; VariantName = "[No Variations]"
Add component (AddParameter): Name = "Phone Number"; Value = "0915 8700 314"; VariantName = "[No Variations]"
Add component (AddParameter): Name = "Published Date"; Value = "9-15-2024"; VariantName = "[No Variations]"
Add component (AddParameter): Name = "Publisher"; Value = "Mahdi Bagherzadeh"; VariantName = "[No Variations]"
Add component (AddParameter): Name = "Tolerance"; Value = "X7R"; VariantName = "[No Variations]"
Add component (AddParameter): Name = "Type"; Value = "SMD"; VariantName = "[No Variations]"
Add component (AddParameter): Name = "Value"; Value = "18pF"; VariantName = "[No Variations]"
Add component (AddParameter): Name = "Voltage"; Value = "50V"; VariantName = "[No Variations]"
Added Component: Designator=C21(C-0805)
Add component (AddParameter): Name = "ComponentLink1Description"; Value = "Linkedin"; VariantName = "[No Variations]"
Add component (AddParameter): Name = "ComponentLink1URL"; Value = "https://ir.linkedin.com/in/mahdi-bagherzade"; VariantName = "[No Variations]"
Add component (AddParameter): Name = "Phone Number"; Value = "0915 8700 314"; VariantName = "[No Variations]"
Add component (AddParameter): Name = "Published Date"; Value = "9-15-2024"; VariantName = "[No Variations]"
Add component (AddParameter): Name = "Publisher"; Value = "Mahdi Bagherzadeh"; VariantName = "[No Variations]"
Add component (AddParameter): Name = "Tolerance"; Value = "X7R"; VariantName = "[No Variations]"
Add component (AddParameter): Name = "Type"; Value = "SMD"; VariantName = "[No Variations]"
Add component (AddParameter): Name = "Value"; Value = "100nF"; VariantName = "[No Variations]"
Add component (AddParameter): Name = "Voltage"; Value = "50V"; VariantName = "[No Variations]"
Added Component: Designator=C22(C-0805)
Add component (AddParameter): Name = "ComponentLink1Description"; Value = "Linkedin"; VariantName = "[No Variations]"
Add component (AddParameter): Name = "ComponentLink1URL"; Value = "https://ir.linkedin.com/in/mahdi-bagherzade"; VariantName = "[No Variations]"
Add component (AddParameter): Name = "Phone Number"; Value = "0915 8700 314"; VariantName = "[No Variations]"
Add component (AddParameter): Name = "Published Date"; Value = "9-15-2024"; VariantName = "[No Variations]"
Add component (AddParameter): Name = "Publisher"; Value = "Mahdi Bagherzadeh"; VariantName = "[No Variations]"
Add component (AddParameter): Name = "Tolerance"; Value = "X7R"; VariantName = "[No Variations]"
Add component (AddParameter): Name = "Type"; Value = "SMD"; VariantName = "[No Variations]"
Add component (AddParameter): Name = "Value"; Value = "100nF"; VariantName = "[No Variations]"
Add component (AddParameter): Name = "Voltage"; Value = "50V"; VariantName = "[No Variations]"
Added Component: Designator=C23(C-0805)
Add component (AddParameter): Name = "ComponentLink1Description"; Value = "Linkedin"; VariantName = "[No Variations]"
Add component (AddParameter): Name = "ComponentLink1URL"; Value = "https://ir.linkedin.com/in/mahdi-bagherzade"; VariantName = "[No Variations]"
Add component (AddParameter): Name = "Phone Number"; Value = "0915 8700 314"; VariantName = "[No Variations]"
Add component (AddParameter): Name = "Published Date"; Value = "9-15-2024"; VariantName = "[No Variations]"
Add component (AddParameter): Name = "Publisher"; Value = "Mahdi Bagherzadeh"; VariantName = "[No Variations]"
Add component (AddParameter): Name = "Tolerance"; Value = "X7R"; VariantName = "[No Variations]"
Add component (AddParameter): Name = "Type"; Value = "SMD"; VariantName = "[No Variations]"
Add component (AddParameter): Name = "Value"; Value = "100nF"; VariantName = "[No Variations]"
Add component (AddParameter): Name = "Voltage"; Value = "50V"; VariantName = "[No Variations]"
Added Component: Designator=C24(C-0805)
Add component (AddParameter): Name = "ComponentLink1Description"; Value = "Linkedin"; VariantName = "[No Variations]"
Add component (AddParameter): Name = "ComponentLink1URL"; Value = "https://ir.linkedin.com/in/mahdi-bagherzade"; VariantName = "[No Variations]"
Add component (AddParameter): Name = "Phone Number"; Value = "0915 8700 314"; VariantName = "[No Variations]"
Add component (AddParameter): Name = "Published Date"; Value = "9-15-2024"; VariantName = "[No Variations]"
Add component (AddParameter): Name = "Publisher"; Value = "Mahdi Bagherzadeh"; VariantName = "[No Variations]"
Add component (AddParameter): Name = "Tolerance"; Value = "X7R"; VariantName = "[No Variations]"
Add component (AddParameter): Name = "Type"; Value = "SMD"; VariantName = "[No Variations]"
Add component (AddParameter): Name = "Value"; Value = "100nF"; VariantName = "[No Variations]"
Add component (AddParameter): Name = "Voltage"; Value = "50V"; VariantName = "[No Variations]"
Added Component: Designator=C25(C-0805)
Add component (AddParameter): Name = "ComponentLink1Description"; Value = "Linkedin"; VariantName = "[No Variations]"
Add component (AddParameter): Name = "ComponentLink1URL"; Value = "https://ir.linkedin.com/in/mahdi-bagherzade"; VariantName = "[No Variations]"
Add component (AddParameter): Name = "Phone Number"; Value = "0915 8700 314"; VariantName = "[No Variations]"
Add component (AddParameter): Name = "Published Date"; Value = "9-15-2024"; VariantName = "[No Variations]"
Add component (AddParameter): Name = "Publisher"; Value = "Mahdi Bagherzadeh"; VariantName = "[No Variations]"
Add component (AddParameter): Name = "Tolerance"; Value = "X7R"; VariantName = "[No Variations]"
Add component (AddParameter): Name = "Type"; Value = "SMD"; VariantName = "[No Variations]"
Add component (AddParameter): Name = "Value"; Value = "100nF"; VariantName = "[No Variations]"
Add component (AddParameter): Name = "Voltage"; Value = "50V"; VariantName = "[No Variations]"
Added Component: Designator=C26(C-0805)
Add component (AddParameter): Name = "ComponentLink1Description"; Value = "Linkedin"; VariantName = "[No Variations]"
Add component (AddParameter): Name = "ComponentLink1URL"; Value = "https://ir.linkedin.com/in/mahdi-bagherzade"; VariantName = "[No Variations]"
Add component (AddParameter): Name = "Phone Number"; Value = "0915 8700 314"; VariantName = "[No Variations]"
Add component (AddParameter): Name = "Published Date"; Value = "9-15-2024"; VariantName = "[No Variations]"
Add component (AddParameter): Name = "Publisher"; Value = "Mahdi Bagherzadeh"; VariantName = "[No Variations]"
Add component (AddParameter): Name = "Tolerance"; Value = "X7R"; VariantName = "[No Variations]"
Add component (AddParameter): Name = "Type"; Value = "SMD"; VariantName = "[No Variations]"
Add component (AddParameter): Name = "Value"; Value = "100nF"; VariantName = "[No Variations]"
Add component (AddParameter): Name = "Voltage"; Value = "50V"; VariantName = "[No Variations]"
Added Component: Designator=C27(C-0805)
Add component (AddParameter): Name = "ComponentLink1Description"; Value = "Linkedin"; VariantName = "[No Variations]"
Add component (AddParameter): Name = "ComponentLink1URL"; Value = "https://ir.linkedin.com/in/mahdi-bagherzade"; VariantName = "[No Variations]"
Add component (AddParameter): Name = "Phone Number"; Value = "0915 8700 314"; VariantName = "[No Variations]"
Add component (AddParameter): Name = "Published Date"; Value = "9-15-2024"; VariantName = "[No Variations]"
Add component (AddParameter): Name = "Publisher"; Value = "Mahdi Bagherzadeh"; VariantName = "[No Variations]"
Add component (AddParameter): Name = "Tolerance"; Value = "X7R"; VariantName = "[No Variations]"
Add component (AddParameter): Name = "Type"; Value = "SMD"; VariantName = "[No Variations]"
Add component (AddParameter): Name = "Value"; Value = "100nF"; VariantName = "[No Variations]"
Add component (AddParameter): Name = "Voltage"; Value = "50V"; VariantName = "[No Variations]"
Added Component: Designator=C28(C-0805)
Add component (AddParameter): Name = "ComponentLink1Description"; Value = "Linkedin"; VariantName = "[No Variations]"
Add component (AddParameter): Name = "ComponentLink1URL"; Value = "https://ir.linkedin.com/in/mahdi-bagherzade"; VariantName = "[No Variations]"
Add component (AddParameter): Name = "Phone Number"; Value = "0915 8700 314"; VariantName = "[No Variations]"
Add component (AddParameter): Name = "Published Date"; Value = "9-15-2024"; VariantName = "[No Variations]"
Add component (AddParameter): Name = "Publisher"; Value = "Mahdi Bagherzadeh"; VariantName = "[No Variations]"
Add component (AddParameter): Name = "Tolerance"; Value = "X7R"; VariantName = "[No Variations]"
Add component (AddParameter): Name = "Type"; Value = "SMD"; VariantName = "[No Variations]"
Add component (AddParameter): Name = "Value"; Value = "100nF"; VariantName = "[No Variations]"
Add component (AddParameter): Name = "Voltage"; Value = "50V"; VariantName = "[No Variations]"
Added Component: Designator=C29(C-0805)
Add component (AddParameter): Name = "ComponentLink1Description"; Value = "Linkedin"; VariantName = "[No Variations]"
Add component (AddParameter): Name = "ComponentLink1URL"; Value = "https://ir.linkedin.com/in/mahdi-bagherzade"; VariantName = "[No Variations]"
Add component (AddParameter): Name = "Phone Number"; Value = "0915 8700 314"; VariantName = "[No Variations]"
Add component (AddParameter): Name = "Published Date"; Value = "9-15-2024"; VariantName = "[No Variations]"
Add component (AddParameter): Name = "Publisher"; Value = "Mahdi Bagherzadeh"; VariantName = "[No Variations]"
Add component (AddParameter): Name = "Tolerance"; Value = "X7R"; VariantName = "[No Variations]"
Add component (AddParameter): Name = "Type"; Value = "SMD"; VariantName = "[No Variations]"
Add component (AddParameter): Name = "Value"; Value = "100nF"; VariantName = "[No Variations]"
Add component (AddParameter): Name = "Voltage"; Value = "50V"; VariantName = "[No Variations]"
Added Component: Designator=C30(C-0805)
Add component (AddParameter): Name = "ComponentLink1Description"; Value = "Linkedin"; VariantName = "[No Variations]"
Add component (AddParameter): Name = "ComponentLink1URL"; Value = "https://ir.linkedin.com/in/mahdi-bagherzade"; VariantName = "[No Variations]"
Add component (AddParameter): Name = "Phone Number"; Value = "0915 8700 314"; VariantName = "[No Variations]"
Add component (AddParameter): Name = "Published Date"; Value = "9-15-2024"; VariantName = "[No Variations]"
Add component (AddParameter): Name = "Publisher"; Value = "Mahdi Bagherzadeh"; VariantName = "[No Variations]"
Add component (AddParameter): Name = "Tolerance"; Value = "X7R"; VariantName = "[No Variations]"
Add component (AddParameter): Name = "Type"; Value = "SMD"; VariantName = "[No Variations]"
Add component (AddParameter): Name = "Value"; Value = "100nF"; VariantName = "[No Variations]"
Add component (AddParameter): Name = "Voltage"; Value = "50V"; VariantName = "[No Variations]"
Added Component: Designator=C31(C-0805)
Add component (AddParameter): Name = "ComponentLink1Description"; Value = "Linkedin"; VariantName = "[No Variations]"
Add component (AddParameter): Name = "ComponentLink1URL"; Value = "https://ir.linkedin.com/in/mahdi-bagherzade"; VariantName = "[No Variations]"
Add component (AddParameter): Name = "Phone Number"; Value = "0915 8700 314"; VariantName = "[No Variations]"
Add component (AddParameter): Name = "Published Date"; Value = "9-15-2024"; VariantName = "[No Variations]"
Add component (AddParameter): Name = "Publisher"; Value = "Mahdi Bagherzadeh"; VariantName = "[No Variations]"
Add component (AddParameter): Name = "Tolerance"; Value = "X7R"; VariantName = "[No Variations]"
Add component (AddParameter): Name = "Type"; Value = "SMD"; VariantName = "[No Variations]"
Add component (AddParameter): Name = "Value"; Value = "100nF"; VariantName = "[No Variations]"
Add component (AddParameter): Name = "Voltage"; Value = "50V"; VariantName = "[No Variations]"
Added Component: Designator=C32(C-0805)
Add component (AddParameter): Name = "ComponentLink1Description"; Value = "Linkedin"; VariantName = "[No Variations]"
Add component (AddParameter): Name = "ComponentLink1URL"; Value = "https://ir.linkedin.com/in/mahdi-bagherzade"; VariantName = "[No Variations]"
Add component (AddParameter): Name = "Phone Number"; Value = "0915 8700 314"; VariantName = "[No Variations]"
Add component (AddParameter): Name = "Published Date"; Value = "9-15-2024"; VariantName = "[No Variations]"
Add component (AddParameter): Name = "Publisher"; Value = "Mahdi Bagherzadeh"; VariantName = "[No Variations]"
Add component (AddParameter): Name = "Tolerance"; Value = "X7R"; VariantName = "[No Variations]"
Add component (AddParameter): Name = "Type"; Value = "SMD"; VariantName = "[No Variations]"
Add component (AddParameter): Name = "Value"; Value = "100nF"; VariantName = "[No Variations]"
Add component (AddParameter): Name = "Voltage"; Value = "50V"; VariantName = "[No Variations]"
Added Component: Designator=C33(C-0805)
Add component (AddParameter): Name = "ComponentLink1Description"; Value = "Linkedin"; VariantName = "[No Variations]"
Add component (AddParameter): Name = "ComponentLink1URL"; Value = "https://ir.linkedin.com/in/mahdi-bagherzade"; VariantName = "[No Variations]"
Add component (AddParameter): Name = "Phone Number"; Value = "0915 8700 314"; VariantName = "[No Variations]"
Add component (AddParameter): Name = "Published Date"; Value = "9-15-2024"; VariantName = "[No Variations]"
Add component (AddParameter): Name = "Publisher"; Value = "Mahdi Bagherzadeh"; VariantName = "[No Variations]"
Add component (AddParameter): Name = "Tolerance"; Value = "X7R"; VariantName = "[No Variations]"
Add component (AddParameter): Name = "Type"; Value = "SMD"; VariantName = "[No Variations]"
Add component (AddParameter): Name = "Value"; Value = "100nF"; VariantName = "[No Variations]"
Add component (AddParameter): Name = "Voltage"; Value = "50V"; VariantName = "[No Variations]"
Added Component: Designator=C34(C-0805)
Add component (AddParameter): Name = "ComponentLink1Description"; Value = "Linkedin"; VariantName = "[No Variations]"
Add component (AddParameter): Name = "ComponentLink1URL"; Value = "https://ir.linkedin.com/in/mahdi-bagherzade"; VariantName = "[No Variations]"
Add component (AddParameter): Name = "Phone Number"; Value = "0915 8700 314"; VariantName = "[No Variations]"
Add component (AddParameter): Name = "Published Date"; Value = "9-15-2024"; VariantName = "[No Variations]"
Add component (AddParameter): Name = "Publisher"; Value = "Mahdi Bagherzadeh"; VariantName = "[No Variations]"
Add component (AddParameter): Name = "Tolerance"; Value = "X7R"; VariantName = "[No Variations]"
Add component (AddParameter): Name = "Type"; Value = "SMD"; VariantName = "[No Variations]"
Add component (AddParameter): Name = "Value"; Value = "100nF"; VariantName = "[No Variations]"
Add component (AddParameter): Name = "Voltage"; Value = "50V"; VariantName = "[No Variations]"
Added Component: Designator=C35(TAN-A)
Add component (AddParameter): Name = "ComponentLink1Description"; Value = "Linkedin"; VariantName = "[No Variations]"
Add component (AddParameter): Name = "ComponentLink1URL"; Value = "https://ir.linkedin.com/in/mahdi-bagherzade"; VariantName = "[No Variations]"
Add component (AddParameter): Name = "Phone Number"; Value = "0915 8700 314"; VariantName = "[No Variations]"
Add component (AddParameter): Name = "Power"; Value = "-"; VariantName = "[No Variations]"
Add component (AddParameter): Name = "Published Date"; Value = "9-15-2024"; VariantName = "[No Variations]"
Add component (AddParameter): Name = "Publisher"; Value = "Mahdi Bagherzadeh"; VariantName = "[No Variations]"
Add component (AddParameter): Name = "Size"; Value = "A"; VariantName = "[No Variations]"
Add component (AddParameter): Name = "Tolerance"; Value = "-"; VariantName = "[No Variations]"
Add component (AddParameter): Name = "Value"; Value = "2.2uF"; VariantName = "[No Variations]"
Add component (AddParameter): Name = "Voltage"; Value = "16V"; VariantName = "[No Variations]"
Added Component: Designator=C36(C-0805)
Add component (AddParameter): Name = "ComponentLink1Description"; Value = "Linkedin"; VariantName = "[No Variations]"
Add component (AddParameter): Name = "ComponentLink1URL"; Value = "https://ir.linkedin.com/in/mahdi-bagherzade"; VariantName = "[No Variations]"
Add component (AddParameter): Name = "Phone Number"; Value = "0915 8700 314"; VariantName = "[No Variations]"
Add component (AddParameter): Name = "Published Date"; Value = "9-15-2024"; VariantName = "[No Variations]"
Add component (AddParameter): Name = "Publisher"; Value = "Mahdi Bagherzadeh"; VariantName = "[No Variations]"
Add component (AddParameter): Name = "Tolerance"; Value = "X7R"; VariantName = "[No Variations]"
Add component (AddParameter): Name = "Type"; Value = "SMD"; VariantName = "[No Variations]"
Add component (AddParameter): Name = "Value"; Value = "22uF"; VariantName = "[No Variations]"
Add component (AddParameter): Name = "Voltage"; Value = "50V"; VariantName = "[No Variations]"
Added Component: Designator=C37(C-0805)
Add component (AddParameter): Name = "ComponentLink1Description"; Value = "Linkedin"; VariantName = "[No Variations]"
Add component (AddParameter): Name = "ComponentLink1URL"; Value = "https://ir.linkedin.com/in/mahdi-bagherzade"; VariantName = "[No Variations]"
Add component (AddParameter): Name = "Phone Number"; Value = "0915 8700 314"; VariantName = "[No Variations]"
Add component (AddParameter): Name = "Published Date"; Value = "9-15-2024"; VariantName = "[No Variations]"
Add component (AddParameter): Name = "Publisher"; Value = "Mahdi Bagherzadeh"; VariantName = "[No Variations]"
Add component (AddParameter): Name = "Tolerance"; Value = "X7R"; VariantName = "[No Variations]"
Add component (AddParameter): Name = "Type"; Value = "SMD"; VariantName = "[No Variations]"
Add component (AddParameter): Name = "Value"; Value = "100nF"; VariantName = "[No Variations]"
Add component (AddParameter): Name = "Voltage"; Value = "50V"; VariantName = "[No Variations]"
Added Component: Designator=C38(C-0805)
Add component (AddParameter): Name = "ComponentLink1Description"; Value = "Linkedin"; VariantName = "[No Variations]"
Add component (AddParameter): Name = "ComponentLink1URL"; Value = "https://ir.linkedin.com/in/mahdi-bagherzade"; VariantName = "[No Variations]"
Add component (AddParameter): Name = "Phone Number"; Value = "0915 8700 314"; VariantName = "[No Variations]"
Add component (AddParameter): Name = "Published Date"; Value = "9-15-2024"; VariantName = "[No Variations]"
Add component (AddParameter): Name = "Publisher"; Value = "Mahdi Bagherzadeh"; VariantName = "[No Variations]"
Add component (AddParameter): Name = "Tolerance"; Value = "X7R"; VariantName = "[No Variations]"
Add component (AddParameter): Name = "Type"; Value = "SMD"; VariantName = "[No Variations]"
Add component (AddParameter): Name = "Value"; Value = "10uF"; VariantName = "[No Variations]"
Add component (AddParameter): Name = "Voltage"; Value = "50V"; VariantName = "[No Variations]"
Added Component: Designator=C39(C-0805)
Add component (AddParameter): Name = "ComponentLink1Description"; Value = "Linkedin"; VariantName = "[No Variations]"
Add component (AddParameter): Name = "ComponentLink1URL"; Value = "https://ir.linkedin.com/in/mahdi-bagherzade"; VariantName = "[No Variations]"
Add component (AddParameter): Name = "Phone Number"; Value = "0915 8700 314"; VariantName = "[No Variations]"
Add component (AddParameter): Name = "Published Date"; Value = "9-15-2024"; VariantName = "[No Variations]"
Add component (AddParameter): Name = "Publisher"; Value = "Mahdi Bagherzadeh"; VariantName = "[No Variations]"
Add component (AddParameter): Name = "Tolerance"; Value = "X7R"; VariantName = "[No Variations]"
Add component (AddParameter): Name = "Type"; Value = "SMD"; VariantName = "[No Variations]"
Add component (AddParameter): Name = "Value"; Value = "100nF"; VariantName = "[No Variations]"
Add component (AddParameter): Name = "Voltage"; Value = "50V"; VariantName = "[No Variations]"
Added Component: Designator=C40(TAN-A)
Add component (AddParameter): Name = "ComponentLink1Description"; Value = "Linkedin"; VariantName = "[No Variations]"
Add component (AddParameter): Name = "ComponentLink1URL"; Value = "https://ir.linkedin.com/in/mahdi-bagherzade"; VariantName = "[No Variations]"
Add component (AddParameter): Name = "Phone Number"; Value = "0915 8700 314"; VariantName = "[No Variations]"
Add component (AddParameter): Name = "Power"; Value = "-"; VariantName = "[No Variations]"
Add component (AddParameter): Name = "Published Date"; Value = "9-15-2024"; VariantName = "[No Variations]"
Add component (AddParameter): Name = "Publisher"; Value = "Mahdi Bagherzadeh"; VariantName = "[No Variations]"
Add component (AddParameter): Name = "Size"; Value = "A"; VariantName = "[No Variations]"
Add component (AddParameter): Name = "Tolerance"; Value = "-"; VariantName = "[No Variations]"
Add component (AddParameter): Name = "Value"; Value = "2.2uF"; VariantName = "[No Variations]"
Add component (AddParameter): Name = "Voltage"; Value = "16V"; VariantName = "[No Variations]"
Added Component: Designator=C41_1(C-0805)
Add component (AddParameter): Name = "ComponentLink1Description"; Value = "Linkedin"; VariantName = "[No Variations]"
Add component (AddParameter): Name = "ComponentLink1URL"; Value = "https://ir.linkedin.com/in/mahdi-bagherzade"; VariantName = "[No Variations]"
Add component (AddParameter): Name = "Phone Number"; Value = "0915 8700 314"; VariantName = "[No Variations]"
Add component (AddParameter): Name = "Published Date"; Value = "9-15-2024"; VariantName = "[No Variations]"
Add component (AddParameter): Name = "Publisher"; Value = "Mahdi Bagherzadeh"; VariantName = "[No Variations]"
Add component (AddParameter): Name = "Tolerance"; Value = "X7R"; VariantName = "[No Variations]"
Add component (AddParameter): Name = "Type"; Value = "SMD"; VariantName = "[No Variations]"
Add component (AddParameter): Name = "Value"; Value = "100nF"; VariantName = "[No Variations]"
Add component (AddParameter): Name = "Voltage"; Value = "50V"; VariantName = "[No Variations]"
Added Component: Designator=C41_2(C-0805)
Add component (AddParameter): Name = "ComponentLink1Description"; Value = "Linkedin"; VariantName = "[No Variations]"
Add component (AddParameter): Name = "ComponentLink1URL"; Value = "https://ir.linkedin.com/in/mahdi-bagherzade"; VariantName = "[No Variations]"
Add component (AddParameter): Name = "Phone Number"; Value = "0915 8700 314"; VariantName = "[No Variations]"
Add component (AddParameter): Name = "Published Date"; Value = "9-15-2024"; VariantName = "[No Variations]"
Add component (AddParameter): Name = "Publisher"; Value = "Mahdi Bagherzadeh"; VariantName = "[No Variations]"
Add component (AddParameter): Name = "Tolerance"; Value = "X7R"; VariantName = "[No Variations]"
Add component (AddParameter): Name = "Type"; Value = "SMD"; VariantName = "[No Variations]"
Add component (AddParameter): Name = "Value"; Value = "100nF"; VariantName = "[No Variations]"
Add component (AddParameter): Name = "Voltage"; Value = "50V"; VariantName = "[No Variations]"
Added Component: Designator=C41_3(C-0805)
Add component (AddParameter): Name = "ComponentLink1Description"; Value = "Linkedin"; VariantName = "[No Variations]"
Add component (AddParameter): Name = "ComponentLink1URL"; Value = "https://ir.linkedin.com/in/mahdi-bagherzade"; VariantName = "[No Variations]"
Add component (AddParameter): Name = "Phone Number"; Value = "0915 8700 314"; VariantName = "[No Variations]"
Add component (AddParameter): Name = "Published Date"; Value = "9-15-2024"; VariantName = "[No Variations]"
Add component (AddParameter): Name = "Publisher"; Value = "Mahdi Bagherzadeh"; VariantName = "[No Variations]"
Add component (AddParameter): Name = "Tolerance"; Value = "X7R"; VariantName = "[No Variations]"
Add component (AddParameter): Name = "Type"; Value = "SMD"; VariantName = "[No Variations]"
Add component (AddParameter): Name = "Value"; Value = "100nF"; VariantName = "[No Variations]"
Add component (AddParameter): Name = "Voltage"; Value = "50V"; VariantName = "[No Variations]"
Added Component: Designator=C41_4(C-0805)
Add component (AddParameter): Name = "ComponentLink1Description"; Value = "Linkedin"; VariantName = "[No Variations]"
Add component (AddParameter): Name = "ComponentLink1URL"; Value = "https://ir.linkedin.com/in/mahdi-bagherzade"; VariantName = "[No Variations]"
Add component (AddParameter): Name = "Phone Number"; Value = "0915 8700 314"; VariantName = "[No Variations]"
Add component (AddParameter): Name = "Published Date"; Value = "9-15-2024"; VariantName = "[No Variations]"
Add component (AddParameter): Name = "Publisher"; Value = "Mahdi Bagherzadeh"; VariantName = "[No Variations]"
Add component (AddParameter): Name = "Tolerance"; Value = "X7R"; VariantName = "[No Variations]"
Add component (AddParameter): Name = "Type"; Value = "SMD"; VariantName = "[No Variations]"
Add component (AddParameter): Name = "Value"; Value = "100nF"; VariantName = "[No Variations]"
Add component (AddParameter): Name = "Voltage"; Value = "50V"; VariantName = "[No Variations]"
Added Component: Designator=C41_5(C-0805)
Add component (AddParameter): Name = "ComponentLink1Description"; Value = "Linkedin"; VariantName = "[No Variations]"
Add component (AddParameter): Name = "ComponentLink1URL"; Value = "https://ir.linkedin.com/in/mahdi-bagherzade"; VariantName = "[No Variations]"
Add component (AddParameter): Name = "Phone Number"; Value = "0915 8700 314"; VariantName = "[No Variations]"
Add component (AddParameter): Name = "Published Date"; Value = "9-15-2024"; VariantName = "[No Variations]"
Add component (AddParameter): Name = "Publisher"; Value = "Mahdi Bagherzadeh"; VariantName = "[No Variations]"
Add component (AddParameter): Name = "Tolerance"; Value = "X7R"; VariantName = "[No Variations]"
Add component (AddParameter): Name = "Type"; Value = "SMD"; VariantName = "[No Variations]"
Add component (AddParameter): Name = "Value"; Value = "100nF"; VariantName = "[No Variations]"
Add component (AddParameter): Name = "Voltage"; Value = "50V"; VariantName = "[No Variations]"
Added Component: Designator=C41_6(C-0805)
Add component (AddParameter): Name = "ComponentLink1Description"; Value = "Linkedin"; VariantName = "[No Variations]"
Add component (AddParameter): Name = "ComponentLink1URL"; Value = "https://ir.linkedin.com/in/mahdi-bagherzade"; VariantName = "[No Variations]"
Add component (AddParameter): Name = "Phone Number"; Value = "0915 8700 314"; VariantName = "[No Variations]"
Add component (AddParameter): Name = "Published Date"; Value = "9-15-2024"; VariantName = "[No Variations]"
Add component (AddParameter): Name = "Publisher"; Value = "Mahdi Bagherzadeh"; VariantName = "[No Variations]"
Add component (AddParameter): Name = "Tolerance"; Value = "X7R"; VariantName = "[No Variations]"
Add component (AddParameter): Name = "Type"; Value = "SMD"; VariantName = "[No Variations]"
Add component (AddParameter): Name = "Value"; Value = "100nF"; VariantName = "[No Variations]"
Add component (AddParameter): Name = "Voltage"; Value = "50V"; VariantName = "[No Variations]"
Added Component: Designator=C41_7(C-0805)
Add component (AddParameter): Name = "ComponentLink1Description"; Value = "Linkedin"; VariantName = "[No Variations]"
Add component (AddParameter): Name = "ComponentLink1URL"; Value = "https://ir.linkedin.com/in/mahdi-bagherzade"; VariantName = "[No Variations]"
Add component (AddParameter): Name = "Phone Number"; Value = "0915 8700 314"; VariantName = "[No Variations]"
Add component (AddParameter): Name = "Published Date"; Value = "9-15-2024"; VariantName = "[No Variations]"
Add component (AddParameter): Name = "Publisher"; Value = "Mahdi Bagherzadeh"; VariantName = "[No Variations]"
Add component (AddParameter): Name = "Tolerance"; Value = "X7R"; VariantName = "[No Variations]"
Add component (AddParameter): Name = "Type"; Value = "SMD"; VariantName = "[No Variations]"
Add component (AddParameter): Name = "Value"; Value = "100nF"; VariantName = "[No Variations]"
Add component (AddParameter): Name = "Voltage"; Value = "50V"; VariantName = "[No Variations]"
Added Component: Designator=C41_8(C-0805)
Add component (AddParameter): Name = "ComponentLink1Description"; Value = "Linkedin"; VariantName = "[No Variations]"
Add component (AddParameter): Name = "ComponentLink1URL"; Value = "https://ir.linkedin.com/in/mahdi-bagherzade"; VariantName = "[No Variations]"
Add component (AddParameter): Name = "Phone Number"; Value = "0915 8700 314"; VariantName = "[No Variations]"
Add component (AddParameter): Name = "Published Date"; Value = "9-15-2024"; VariantName = "[No Variations]"
Add component (AddParameter): Name = "Publisher"; Value = "Mahdi Bagherzadeh"; VariantName = "[No Variations]"
Add component (AddParameter): Name = "Tolerance"; Value = "X7R"; VariantName = "[No Variations]"
Add component (AddParameter): Name = "Type"; Value = "SMD"; VariantName = "[No Variations]"
Add component (AddParameter): Name = "Value"; Value = "100nF"; VariantName = "[No Variations]"
Add component (AddParameter): Name = "Voltage"; Value = "50V"; VariantName = "[No Variations]"
Added Component: Designator=C41_9(C-0805)
Add component (AddParameter): Name = "ComponentLink1Description"; Value = "Linkedin"; VariantName = "[No Variations]"
Add component (AddParameter): Name = "ComponentLink1URL"; Value = "https://ir.linkedin.com/in/mahdi-bagherzade"; VariantName = "[No Variations]"
Add component (AddParameter): Name = "Phone Number"; Value = "0915 8700 314"; VariantName = "[No Variations]"
Add component (AddParameter): Name = "Published Date"; Value = "9-15-2024"; VariantName = "[No Variations]"
Add component (AddParameter): Name = "Publisher"; Value = "Mahdi Bagherzadeh"; VariantName = "[No Variations]"
Add component (AddParameter): Name = "Tolerance"; Value = "X7R"; VariantName = "[No Variations]"
Add component (AddParameter): Name = "Type"; Value = "SMD"; VariantName = "[No Variations]"
Add component (AddParameter): Name = "Value"; Value = "100nF"; VariantName = "[No Variations]"
Add component (AddParameter): Name = "Voltage"; Value = "50V"; VariantName = "[No Variations]"
Added Component: Designator=C41_10(C-0805)
Add component (AddParameter): Name = "ComponentLink1Description"; Value = "Linkedin"; VariantName = "[No Variations]"
Add component (AddParameter): Name = "ComponentLink1URL"; Value = "https://ir.linkedin.com/in/mahdi-bagherzade"; VariantName = "[No Variations]"
Add component (AddParameter): Name = "Phone Number"; Value = "0915 8700 314"; VariantName = "[No Variations]"
Add component (AddParameter): Name = "Published Date"; Value = "9-15-2024"; VariantName = "[No Variations]"
Add component (AddParameter): Name = "Publisher"; Value = "Mahdi Bagherzadeh"; VariantName = "[No Variations]"
Add component (AddParameter): Name = "Tolerance"; Value = "X7R"; VariantName = "[No Variations]"
Add component (AddParameter): Name = "Type"; Value = "SMD"; VariantName = "[No Variations]"
Add component (AddParameter): Name = "Value"; Value = "100nF"; VariantName = "[No Variations]"
Add component (AddParameter): Name = "Voltage"; Value = "50V"; VariantName = "[No Variations]"
Added Component: Designator=C41_11(C-0805)
Add component (AddParameter): Name = "ComponentLink1Description"; Value = "Linkedin"; VariantName = "[No Variations]"
Add component (AddParameter): Name = "ComponentLink1URL"; Value = "https://ir.linkedin.com/in/mahdi-bagherzade"; VariantName = "[No Variations]"
Add component (AddParameter): Name = "Phone Number"; Value = "0915 8700 314"; VariantName = "[No Variations]"
Add component (AddParameter): Name = "Published Date"; Value = "9-15-2024"; VariantName = "[No Variations]"
Add component (AddParameter): Name = "Publisher"; Value = "Mahdi Bagherzadeh"; VariantName = "[No Variations]"
Add component (AddParameter): Name = "Tolerance"; Value = "X7R"; VariantName = "[No Variations]"
Add component (AddParameter): Name = "Type"; Value = "SMD"; VariantName = "[No Variations]"
Add component (AddParameter): Name = "Value"; Value = "100nF"; VariantName = "[No Variations]"
Add component (AddParameter): Name = "Voltage"; Value = "50V"; VariantName = "[No Variations]"
Added Component: Designator=C41_12(C-0805)
Add component (AddParameter): Name = "ComponentLink1Description"; Value = "Linkedin"; VariantName = "[No Variations]"
Add component (AddParameter): Name = "ComponentLink1URL"; Value = "https://ir.linkedin.com/in/mahdi-bagherzade"; VariantName = "[No Variations]"
Add component (AddParameter): Name = "Phone Number"; Value = "0915 8700 314"; VariantName = "[No Variations]"
Add component (AddParameter): Name = "Published Date"; Value = "9-15-2024"; VariantName = "[No Variations]"
Add component (AddParameter): Name = "Publisher"; Value = "Mahdi Bagherzadeh"; VariantName = "[No Variations]"
Add component (AddParameter): Name = "Tolerance"; Value = "X7R"; VariantName = "[No Variations]"
Add component (AddParameter): Name = "Type"; Value = "SMD"; VariantName = "[No Variations]"
Add component (AddParameter): Name = "Value"; Value = "100nF"; VariantName = "[No Variations]"
Add component (AddParameter): Name = "Voltage"; Value = "50V"; VariantName = "[No Variations]"
Added Component: Designator=C41_13(C-0805)
Add component (AddParameter): Name = "ComponentLink1Description"; Value = "Linkedin"; VariantName = "[No Variations]"
Add component (AddParameter): Name = "ComponentLink1URL"; Value = "https://ir.linkedin.com/in/mahdi-bagherzade"; VariantName = "[No Variations]"
Add component (AddParameter): Name = "Phone Number"; Value = "0915 8700 314"; VariantName = "[No Variations]"
Add component (AddParameter): Name = "Published Date"; Value = "9-15-2024"; VariantName = "[No Variations]"
Add component (AddParameter): Name = "Publisher"; Value = "Mahdi Bagherzadeh"; VariantName = "[No Variations]"
Add component (AddParameter): Name = "Tolerance"; Value = "X7R"; VariantName = "[No Variations]"
Add component (AddParameter): Name = "Type"; Value = "SMD"; VariantName = "[No Variations]"
Add component (AddParameter): Name = "Value"; Value = "100nF"; VariantName = "[No Variations]"
Add component (AddParameter): Name = "Voltage"; Value = "50V"; VariantName = "[No Variations]"
Added Component: Designator=C41_14(C-0805)
Add component (AddParameter): Name = "ComponentLink1Description"; Value = "Linkedin"; VariantName = "[No Variations]"
Add component (AddParameter): Name = "ComponentLink1URL"; Value = "https://ir.linkedin.com/in/mahdi-bagherzade"; VariantName = "[No Variations]"
Add component (AddParameter): Name = "Phone Number"; Value = "0915 8700 314"; VariantName = "[No Variations]"
Add component (AddParameter): Name = "Published Date"; Value = "9-15-2024"; VariantName = "[No Variations]"
Add component (AddParameter): Name = "Publisher"; Value = "Mahdi Bagherzadeh"; VariantName = "[No Variations]"
Add component (AddParameter): Name = "Tolerance"; Value = "X7R"; VariantName = "[No Variations]"
Add component (AddParameter): Name = "Type"; Value = "SMD"; VariantName = "[No Variations]"
Add component (AddParameter): Name = "Value"; Value = "100nF"; VariantName = "[No Variations]"
Add component (AddParameter): Name = "Voltage"; Value = "50V"; VariantName = "[No Variations]"
Added Component: Designator=C41_15(C-0805)
Add component (AddParameter): Name = "ComponentLink1Description"; Value = "Linkedin"; VariantName = "[No Variations]"
Add component (AddParameter): Name = "ComponentLink1URL"; Value = "https://ir.linkedin.com/in/mahdi-bagherzade"; VariantName = "[No Variations]"
Add component (AddParameter): Name = "Phone Number"; Value = "0915 8700 314"; VariantName = "[No Variations]"
Add component (AddParameter): Name = "Published Date"; Value = "9-15-2024"; VariantName = "[No Variations]"
Add component (AddParameter): Name = "Publisher"; Value = "Mahdi Bagherzadeh"; VariantName = "[No Variations]"
Add component (AddParameter): Name = "Tolerance"; Value = "X7R"; VariantName = "[No Variations]"
Add component (AddParameter): Name = "Type"; Value = "SMD"; VariantName = "[No Variations]"
Add component (AddParameter): Name = "Value"; Value = "100nF"; VariantName = "[No Variations]"
Add component (AddParameter): Name = "Voltage"; Value = "50V"; VariantName = "[No Variations]"
Added Component: Designator=C41_16(C-0805)
Add component (AddParameter): Name = "ComponentLink1Description"; Value = "Linkedin"; VariantName = "[No Variations]"
Add component (AddParameter): Name = "ComponentLink1URL"; Value = "https://ir.linkedin.com/in/mahdi-bagherzade"; VariantName = "[No Variations]"
Add component (AddParameter): Name = "Phone Number"; Value = "0915 8700 314"; VariantName = "[No Variations]"
Add component (AddParameter): Name = "Published Date"; Value = "9-15-2024"; VariantName = "[No Variations]"
Add component (AddParameter): Name = "Publisher"; Value = "Mahdi Bagherzadeh"; VariantName = "[No Variations]"
Add component (AddParameter): Name = "Tolerance"; Value = "X7R"; VariantName = "[No Variations]"
Add component (AddParameter): Name = "Type"; Value = "SMD"; VariantName = "[No Variations]"
Add component (AddParameter): Name = "Value"; Value = "100nF"; VariantName = "[No Variations]"
Add component (AddParameter): Name = "Voltage"; Value = "50V"; VariantName = "[No Variations]"
Added Component: Designator=C41_17(C-0805)
Add component (AddParameter): Name = "ComponentLink1Description"; Value = "Linkedin"; VariantName = "[No Variations]"
Add component (AddParameter): Name = "ComponentLink1URL"; Value = "https://ir.linkedin.com/in/mahdi-bagherzade"; VariantName = "[No Variations]"
Add component (AddParameter): Name = "Phone Number"; Value = "0915 8700 314"; VariantName = "[No Variations]"
Add component (AddParameter): Name = "Published Date"; Value = "9-15-2024"; VariantName = "[No Variations]"
Add component (AddParameter): Name = "Publisher"; Value = "Mahdi Bagherzadeh"; VariantName = "[No Variations]"
Add component (AddParameter): Name = "Tolerance"; Value = "X7R"; VariantName = "[No Variations]"
Add component (AddParameter): Name = "Type"; Value = "SMD"; VariantName = "[No Variations]"
Add component (AddParameter): Name = "Value"; Value = "100nF"; VariantName = "[No Variations]"
Add component (AddParameter): Name = "Voltage"; Value = "50V"; VariantName = "[No Variations]"
Added Component: Designator=C41_18(C-0805)
Add component (AddParameter): Name = "ComponentLink1Description"; Value = "Linkedin"; VariantName = "[No Variations]"
Add component (AddParameter): Name = "ComponentLink1URL"; Value = "https://ir.linkedin.com/in/mahdi-bagherzade"; VariantName = "[No Variations]"
Add component (AddParameter): Name = "Phone Number"; Value = "0915 8700 314"; VariantName = "[No Variations]"
Add component (AddParameter): Name = "Published Date"; Value = "9-15-2024"; VariantName = "[No Variations]"
Add component (AddParameter): Name = "Publisher"; Value = "Mahdi Bagherzadeh"; VariantName = "[No Variations]"
Add component (AddParameter): Name = "Tolerance"; Value = "X7R"; VariantName = "[No Variations]"
Add component (AddParameter): Name = "Type"; Value = "SMD"; VariantName = "[No Variations]"
Add component (AddParameter): Name = "Value"; Value = "100nF"; VariantName = "[No Variations]"
Add component (AddParameter): Name = "Voltage"; Value = "50V"; VariantName = "[No Variations]"
Added Component: Designator=C41_19(C-0805)
Add component (AddParameter): Name = "ComponentLink1Description"; Value = "Linkedin"; VariantName = "[No Variations]"
Add component (AddParameter): Name = "ComponentLink1URL"; Value = "https://ir.linkedin.com/in/mahdi-bagherzade"; VariantName = "[No Variations]"
Add component (AddParameter): Name = "Phone Number"; Value = "0915 8700 314"; VariantName = "[No Variations]"
Add component (AddParameter): Name = "Published Date"; Value = "9-15-2024"; VariantName = "[No Variations]"
Add component (AddParameter): Name = "Publisher"; Value = "Mahdi Bagherzadeh"; VariantName = "[No Variations]"
Add component (AddParameter): Name = "Tolerance"; Value = "X7R"; VariantName = "[No Variations]"
Add component (AddParameter): Name = "Type"; Value = "SMD"; VariantName = "[No Variations]"
Add component (AddParameter): Name = "Value"; Value = "100nF"; VariantName = "[No Variations]"
Add component (AddParameter): Name = "Voltage"; Value = "50V"; VariantName = "[No Variations]"
Added Component: Designator=C41_20(C-0805)
Add component (AddParameter): Name = "ComponentLink1Description"; Value = "Linkedin"; VariantName = "[No Variations]"
Add component (AddParameter): Name = "ComponentLink1URL"; Value = "https://ir.linkedin.com/in/mahdi-bagherzade"; VariantName = "[No Variations]"
Add component (AddParameter): Name = "Phone Number"; Value = "0915 8700 314"; VariantName = "[No Variations]"
Add component (AddParameter): Name = "Published Date"; Value = "9-15-2024"; VariantName = "[No Variations]"
Add component (AddParameter): Name = "Publisher"; Value = "Mahdi Bagherzadeh"; VariantName = "[No Variations]"
Add component (AddParameter): Name = "Tolerance"; Value = "X7R"; VariantName = "[No Variations]"
Add component (AddParameter): Name = "Type"; Value = "SMD"; VariantName = "[No Variations]"
Add component (AddParameter): Name = "Value"; Value = "100nF"; VariantName = "[No Variations]"
Add component (AddParameter): Name = "Voltage"; Value = "50V"; VariantName = "[No Variations]"
Added Component: Designator=C41_21(C-0805)
Add component (AddParameter): Name = "ComponentLink1Description"; Value = "Linkedin"; VariantName = "[No Variations]"
Add component (AddParameter): Name = "ComponentLink1URL"; Value = "https://ir.linkedin.com/in/mahdi-bagherzade"; VariantName = "[No Variations]"
Add component (AddParameter): Name = "Phone Number"; Value = "0915 8700 314"; VariantName = "[No Variations]"
Add component (AddParameter): Name = "Published Date"; Value = "9-15-2024"; VariantName = "[No Variations]"
Add component (AddParameter): Name = "Publisher"; Value = "Mahdi Bagherzadeh"; VariantName = "[No Variations]"
Add component (AddParameter): Name = "Tolerance"; Value = "X7R"; VariantName = "[No Variations]"
Add component (AddParameter): Name = "Type"; Value = "SMD"; VariantName = "[No Variations]"
Add component (AddParameter): Name = "Value"; Value = "100nF"; VariantName = "[No Variations]"
Add component (AddParameter): Name = "Voltage"; Value = "50V"; VariantName = "[No Variations]"
Added Component: Designator=C41_22(C-0805)
Add component (AddParameter): Name = "ComponentLink1Description"; Value = "Linkedin"; VariantName = "[No Variations]"
Add component (AddParameter): Name = "ComponentLink1URL"; Value = "https://ir.linkedin.com/in/mahdi-bagherzade"; VariantName = "[No Variations]"
Add component (AddParameter): Name = "Phone Number"; Value = "0915 8700 314"; VariantName = "[No Variations]"
Add component (AddParameter): Name = "Published Date"; Value = "9-15-2024"; VariantName = "[No Variations]"
Add component (AddParameter): Name = "Publisher"; Value = "Mahdi Bagherzadeh"; VariantName = "[No Variations]"
Add component (AddParameter): Name = "Tolerance"; Value = "X7R"; VariantName = "[No Variations]"
Add component (AddParameter): Name = "Type"; Value = "SMD"; VariantName = "[No Variations]"
Add component (AddParameter): Name = "Value"; Value = "100nF"; VariantName = "[No Variations]"
Add component (AddParameter): Name = "Voltage"; Value = "50V"; VariantName = "[No Variations]"
Added Component: Designator=C41_23(C-0805)
Add component (AddParameter): Name = "ComponentLink1Description"; Value = "Linkedin"; VariantName = "[No Variations]"
Add component (AddParameter): Name = "ComponentLink1URL"; Value = "https://ir.linkedin.com/in/mahdi-bagherzade"; VariantName = "[No Variations]"
Add component (AddParameter): Name = "Phone Number"; Value = "0915 8700 314"; VariantName = "[No Variations]"
Add component (AddParameter): Name = "Published Date"; Value = "9-15-2024"; VariantName = "[No Variations]"
Add component (AddParameter): Name = "Publisher"; Value = "Mahdi Bagherzadeh"; VariantName = "[No Variations]"
Add component (AddParameter): Name = "Tolerance"; Value = "X7R"; VariantName = "[No Variations]"
Add component (AddParameter): Name = "Type"; Value = "SMD"; VariantName = "[No Variations]"
Add component (AddParameter): Name = "Value"; Value = "100nF"; VariantName = "[No Variations]"
Add component (AddParameter): Name = "Voltage"; Value = "50V"; VariantName = "[No Variations]"
Added Component: Designator=C41_24(C-0805)
Add component (AddParameter): Name = "ComponentLink1Description"; Value = "Linkedin"; VariantName = "[No Variations]"
Add component (AddParameter): Name = "ComponentLink1URL"; Value = "https://ir.linkedin.com/in/mahdi-bagherzade"; VariantName = "[No Variations]"
Add component (AddParameter): Name = "Phone Number"; Value = "0915 8700 314"; VariantName = "[No Variations]"
Add component (AddParameter): Name = "Published Date"; Value = "9-15-2024"; VariantName = "[No Variations]"
Add component (AddParameter): Name = "Publisher"; Value = "Mahdi Bagherzadeh"; VariantName = "[No Variations]"
Add component (AddParameter): Name = "Tolerance"; Value = "X7R"; VariantName = "[No Variations]"
Add component (AddParameter): Name = "Type"; Value = "SMD"; VariantName = "[No Variations]"
Add component (AddParameter): Name = "Value"; Value = "100nF"; VariantName = "[No Variations]"
Add component (AddParameter): Name = "Voltage"; Value = "50V"; VariantName = "[No Variations]"
Added Component: Designator=CN1_1(XH-2)
Add component (AddParameter): Name = "ComponentLink1Description"; Value = "Linkedin"; VariantName = "[No Variations]"
Add component (AddParameter): Name = "ComponentLink1URL"; Value = "https://ir.linkedin.com/in/mahdi-bagherzade"; VariantName = "[No Variations]"
Add component (AddParameter): Name = "Phone Number"; Value = "0915 8700 314"; VariantName = "[No Variations]"
Add component (AddParameter): Name = "Published Date"; Value = "9-15-2024"; VariantName = "[No Variations]"
Add component (AddParameter): Name = "Publisher"; Value = "Mahdi Bagherzadeh"; VariantName = "[No Variations]"
Add component (AddParameter): Name = "Size"; Value = "?mm"; VariantName = "[No Variations]"
Add component (AddParameter): Name = "Type"; Value = "Straight/Right-THD/SMD"; VariantName = "[No Variations]"
Add component (AddParameter): Name = "Value"; Value = "XH/VH/TE"; VariantName = "[No Variations]"
Added Component: Designator=CN1_2(XH-2)
Add component (AddParameter): Name = "ComponentLink1Description"; Value = "Linkedin"; VariantName = "[No Variations]"
Add component (AddParameter): Name = "ComponentLink1URL"; Value = "https://ir.linkedin.com/in/mahdi-bagherzade"; VariantName = "[No Variations]"
Add component (AddParameter): Name = "Phone Number"; Value = "0915 8700 314"; VariantName = "[No Variations]"
Add component (AddParameter): Name = "Published Date"; Value = "9-15-2024"; VariantName = "[No Variations]"
Add component (AddParameter): Name = "Publisher"; Value = "Mahdi Bagherzadeh"; VariantName = "[No Variations]"
Add component (AddParameter): Name = "Size"; Value = "?mm"; VariantName = "[No Variations]"
Add component (AddParameter): Name = "Type"; Value = "Straight/Right-THD/SMD"; VariantName = "[No Variations]"
Add component (AddParameter): Name = "Value"; Value = "XH/VH/TE"; VariantName = "[No Variations]"
Added Component: Designator=CN1_3(XH-2)
Add component (AddParameter): Name = "ComponentLink1Description"; Value = "Linkedin"; VariantName = "[No Variations]"
Add component (AddParameter): Name = "ComponentLink1URL"; Value = "https://ir.linkedin.com/in/mahdi-bagherzade"; VariantName = "[No Variations]"
Add component (AddParameter): Name = "Phone Number"; Value = "0915 8700 314"; VariantName = "[No Variations]"
Add component (AddParameter): Name = "Published Date"; Value = "9-15-2024"; VariantName = "[No Variations]"
Add component (AddParameter): Name = "Publisher"; Value = "Mahdi Bagherzadeh"; VariantName = "[No Variations]"
Add component (AddParameter): Name = "Size"; Value = "?mm"; VariantName = "[No Variations]"
Add component (AddParameter): Name = "Type"; Value = "Straight/Right-THD/SMD"; VariantName = "[No Variations]"
Add component (AddParameter): Name = "Value"; Value = "XH/VH/TE"; VariantName = "[No Variations]"
Added Component: Designator=CN1_4(XH-2)
Add component (AddParameter): Name = "ComponentLink1Description"; Value = "Linkedin"; VariantName = "[No Variations]"
Add component (AddParameter): Name = "ComponentLink1URL"; Value = "https://ir.linkedin.com/in/mahdi-bagherzade"; VariantName = "[No Variations]"
Add component (AddParameter): Name = "Phone Number"; Value = "0915 8700 314"; VariantName = "[No Variations]"
Add component (AddParameter): Name = "Published Date"; Value = "9-15-2024"; VariantName = "[No Variations]"
Add component (AddParameter): Name = "Publisher"; Value = "Mahdi Bagherzadeh"; VariantName = "[No Variations]"
Add component (AddParameter): Name = "Size"; Value = "?mm"; VariantName = "[No Variations]"
Add component (AddParameter): Name = "Type"; Value = "Straight/Right-THD/SMD"; VariantName = "[No Variations]"
Add component (AddParameter): Name = "Value"; Value = "XH/VH/TE"; VariantName = "[No Variations]"
Added Component: Designator=CN2_1(XH-2)
Add component (AddParameter): Name = "ComponentLink1Description"; Value = "Linkedin"; VariantName = "[No Variations]"
Add component (AddParameter): Name = "ComponentLink1URL"; Value = "https://ir.linkedin.com/in/mahdi-bagherzade"; VariantName = "[No Variations]"
Add component (AddParameter): Name = "Phone Number"; Value = "0915 8700 314"; VariantName = "[No Variations]"
Add component (AddParameter): Name = "Published Date"; Value = "9-15-2024"; VariantName = "[No Variations]"
Add component (AddParameter): Name = "Publisher"; Value = "Mahdi Bagherzadeh"; VariantName = "[No Variations]"
Add component (AddParameter): Name = "Size"; Value = "?mm"; VariantName = "[No Variations]"
Add component (AddParameter): Name = "Type"; Value = "Straight/Right-THD/SMD"; VariantName = "[No Variations]"
Add component (AddParameter): Name = "Value"; Value = "XH/VH/TE"; VariantName = "[No Variations]"
Added Component: Designator=CN2_2(XH-2)
Add component (AddParameter): Name = "ComponentLink1Description"; Value = "Linkedin"; VariantName = "[No Variations]"
Add component (AddParameter): Name = "ComponentLink1URL"; Value = "https://ir.linkedin.com/in/mahdi-bagherzade"; VariantName = "[No Variations]"
Add component (AddParameter): Name = "Phone Number"; Value = "0915 8700 314"; VariantName = "[No Variations]"
Add component (AddParameter): Name = "Published Date"; Value = "9-15-2024"; VariantName = "[No Variations]"
Add component (AddParameter): Name = "Publisher"; Value = "Mahdi Bagherzadeh"; VariantName = "[No Variations]"
Add component (AddParameter): Name = "Size"; Value = "?mm"; VariantName = "[No Variations]"
Add component (AddParameter): Name = "Type"; Value = "Straight/Right-THD/SMD"; VariantName = "[No Variations]"
Add component (AddParameter): Name = "Value"; Value = "XH/VH/TE"; VariantName = "[No Variations]"
Added Component: Designator=CN2_3(XH-2)
Add component (AddParameter): Name = "ComponentLink1Description"; Value = "Linkedin"; VariantName = "[No Variations]"
Add component (AddParameter): Name = "ComponentLink1URL"; Value = "https://ir.linkedin.com/in/mahdi-bagherzade"; VariantName = "[No Variations]"
Add component (AddParameter): Name = "Phone Number"; Value = "0915 8700 314"; VariantName = "[No Variations]"
Add component (AddParameter): Name = "Published Date"; Value = "9-15-2024"; VariantName = "[No Variations]"
Add component (AddParameter): Name = "Publisher"; Value = "Mahdi Bagherzadeh"; VariantName = "[No Variations]"
Add component (AddParameter): Name = "Size"; Value = "?mm"; VariantName = "[No Variations]"
Add component (AddParameter): Name = "Type"; Value = "Straight/Right-THD/SMD"; VariantName = "[No Variations]"
Add component (AddParameter): Name = "Value"; Value = "XH/VH/TE"; VariantName = "[No Variations]"
Added Component: Designator=CN2_4(XH-2)
Add component (AddParameter): Name = "ComponentLink1Description"; Value = "Linkedin"; VariantName = "[No Variations]"
Add component (AddParameter): Name = "ComponentLink1URL"; Value = "https://ir.linkedin.com/in/mahdi-bagherzade"; VariantName = "[No Variations]"
Add component (AddParameter): Name = "Phone Number"; Value = "0915 8700 314"; VariantName = "[No Variations]"
Add component (AddParameter): Name = "Published Date"; Value = "9-15-2024"; VariantName = "[No Variations]"
Add component (AddParameter): Name = "Publisher"; Value = "Mahdi Bagherzadeh"; VariantName = "[No Variations]"
Add component (AddParameter): Name = "Size"; Value = "?mm"; VariantName = "[No Variations]"
Add component (AddParameter): Name = "Type"; Value = "Straight/Right-THD/SMD"; VariantName = "[No Variations]"
Add component (AddParameter): Name = "Value"; Value = "XH/VH/TE"; VariantName = "[No Variations]"
Added Component: Designator=CN3_1(XH-2)
Add component (AddParameter): Name = "ComponentLink1Description"; Value = "Linkedin"; VariantName = "[No Variations]"
Add component (AddParameter): Name = "ComponentLink1URL"; Value = "https://ir.linkedin.com/in/mahdi-bagherzade"; VariantName = "[No Variations]"
Add component (AddParameter): Name = "Phone Number"; Value = "0915 8700 314"; VariantName = "[No Variations]"
Add component (AddParameter): Name = "Published Date"; Value = "9-15-2024"; VariantName = "[No Variations]"
Add component (AddParameter): Name = "Publisher"; Value = "Mahdi Bagherzadeh"; VariantName = "[No Variations]"
Add component (AddParameter): Name = "Size"; Value = "?mm"; VariantName = "[No Variations]"
Add component (AddParameter): Name = "Type"; Value = "Straight/Right-THD/SMD"; VariantName = "[No Variations]"
Add component (AddParameter): Name = "Value"; Value = "XH/VH/TE"; VariantName = "[No Variations]"
Added Component: Designator=CN3_2(XH-2)
Add component (AddParameter): Name = "ComponentLink1Description"; Value = "Linkedin"; VariantName = "[No Variations]"
Add component (AddParameter): Name = "ComponentLink1URL"; Value = "https://ir.linkedin.com/in/mahdi-bagherzade"; VariantName = "[No Variations]"
Add component (AddParameter): Name = "Phone Number"; Value = "0915 8700 314"; VariantName = "[No Variations]"
Add component (AddParameter): Name = "Published Date"; Value = "9-15-2024"; VariantName = "[No Variations]"
Add component (AddParameter): Name = "Publisher"; Value = "Mahdi Bagherzadeh"; VariantName = "[No Variations]"
Add component (AddParameter): Name = "Size"; Value = "?mm"; VariantName = "[No Variations]"
Add component (AddParameter): Name = "Type"; Value = "Straight/Right-THD/SMD"; VariantName = "[No Variations]"
Add component (AddParameter): Name = "Value"; Value = "XH/VH/TE"; VariantName = "[No Variations]"
Added Component: Designator=CN3_3(XH-2)
Add component (AddParameter): Name = "ComponentLink1Description"; Value = "Linkedin"; VariantName = "[No Variations]"
Add component (AddParameter): Name = "ComponentLink1URL"; Value = "https://ir.linkedin.com/in/mahdi-bagherzade"; VariantName = "[No Variations]"
Add component (AddParameter): Name = "Phone Number"; Value = "0915 8700 314"; VariantName = "[No Variations]"
Add component (AddParameter): Name = "Published Date"; Value = "9-15-2024"; VariantName = "[No Variations]"
Add component (AddParameter): Name = "Publisher"; Value = "Mahdi Bagherzadeh"; VariantName = "[No Variations]"
Add component (AddParameter): Name = "Size"; Value = "?mm"; VariantName = "[No Variations]"
Add component (AddParameter): Name = "Type"; Value = "Straight/Right-THD/SMD"; VariantName = "[No Variations]"
Add component (AddParameter): Name = "Value"; Value = "XH/VH/TE"; VariantName = "[No Variations]"
Added Component: Designator=CN3_4(XH-2)
Add component (AddParameter): Name = "ComponentLink1Description"; Value = "Linkedin"; VariantName = "[No Variations]"
Add component (AddParameter): Name = "ComponentLink1URL"; Value = "https://ir.linkedin.com/in/mahdi-bagherzade"; VariantName = "[No Variations]"
Add component (AddParameter): Name = "Phone Number"; Value = "0915 8700 314"; VariantName = "[No Variations]"
Add component (AddParameter): Name = "Published Date"; Value = "9-15-2024"; VariantName = "[No Variations]"
Add component (AddParameter): Name = "Publisher"; Value = "Mahdi Bagherzadeh"; VariantName = "[No Variations]"
Add component (AddParameter): Name = "Size"; Value = "?mm"; VariantName = "[No Variations]"
Add component (AddParameter): Name = "Type"; Value = "Straight/Right-THD/SMD"; VariantName = "[No Variations]"
Add component (AddParameter): Name = "Value"; Value = "XH/VH/TE"; VariantName = "[No Variations]"
Added Component: Designator=CN4(XH-2)
Add component (AddParameter): Name = "ComponentLink1Description"; Value = "Linkedin"; VariantName = "[No Variations]"
Add component (AddParameter): Name = "ComponentLink1URL"; Value = "https://ir.linkedin.com/in/mahdi-bagherzade"; VariantName = "[No Variations]"
Add component (AddParameter): Name = "Phone Number"; Value = "0915 8700 314"; VariantName = "[No Variations]"
Add component (AddParameter): Name = "Published Date"; Value = "9-15-2024"; VariantName = "[No Variations]"
Add component (AddParameter): Name = "Publisher"; Value = "Mahdi Bagherzadeh"; VariantName = "[No Variations]"
Add component (AddParameter): Name = "VALUE"; Value = ""; VariantName = "[No Variations]"
Added Component: Designator=CN5(CN-FPC-40-0.5mm-hor)
Add component (AddParameter): Name = "ComponentLink1Description"; Value = "Linkedin"; VariantName = "[No Variations]"
Add component (AddParameter): Name = "ComponentLink1URL"; Value = "https://ir.linkedin.com/in/mahdi-bagherzade"; VariantName = "[No Variations]"
Add component (AddParameter): Name = "Phone Number"; Value = "0915 8700 314"; VariantName = "[No Variations]"
Add component (AddParameter): Name = "Published Date"; Value = "9-15-2024"; VariantName = "[No Variations]"
Add component (AddParameter): Name = "Publisher"; Value = "Mahdi Bagherzadeh"; VariantName = "[No Variations]"
Add component (AddParameter): Name = "VALUE"; Value = ""; VariantName = "[No Variations]"
Added Component: Designator=CN6(XH-4)
Add component (AddParameter): Name = "ComponentLink1Description"; Value = "Linkedin"; VariantName = "[No Variations]"
Add component (AddParameter): Name = "ComponentLink1URL"; Value = "https://ir.linkedin.com/in/mahdi-bagherzade"; VariantName = "[No Variations]"
Add component (AddParameter): Name = "Phone Number"; Value = "0915 8700 314"; VariantName = "[No Variations]"
Add component (AddParameter): Name = "Published Date"; Value = "9-15-2024"; VariantName = "[No Variations]"
Add component (AddParameter): Name = "Publisher"; Value = "Mahdi Bagherzadeh"; VariantName = "[No Variations]"
Add component (AddParameter): Name = "Size"; Value = "?mm"; VariantName = "[No Variations]"
Add component (AddParameter): Name = "Type"; Value = "Straight/Right-THD/SMD"; VariantName = "[No Variations]"
Add component (AddParameter): Name = "Value"; Value = "XH/VH/TE"; VariantName = "[No Variations]"
Added Component: Designator=CN7(XH-6)
Add component (AddParameter): Name = "ComponentLink1Description"; Value = "Linkedin"; VariantName = "[No Variations]"
Add component (AddParameter): Name = "ComponentLink1URL"; Value = "https://ir.linkedin.com/in/mahdi-bagherzade"; VariantName = "[No Variations]"
Add component (AddParameter): Name = "Phone Number"; Value = "0915 8700 314"; VariantName = "[No Variations]"
Add component (AddParameter): Name = "Published Date"; Value = "9-15-2024"; VariantName = "[No Variations]"
Add component (AddParameter): Name = "Publisher"; Value = "Mahdi Bagherzadeh"; VariantName = "[No Variations]"
Add component (AddParameter): Name = "Size"; Value = "?mm"; VariantName = "[No Variations]"
Add component (AddParameter): Name = "Type"; Value = "Straight/Right-THD/SMD"; VariantName = "[No Variations]"
Add component (AddParameter): Name = "Value"; Value = "XH/VH/TE"; VariantName = "[No Variations]"
Added Component: Designator=CN8(IDC-2x8-S)
Add component (AddParameter): Name = "ComponentLink1Description"; Value = "Linkedin"; VariantName = "[No Variations]"
Add component (AddParameter): Name = "ComponentLink1URL"; Value = "https://ir.linkedin.com/in/mahdi-bagherzade"; VariantName = "[No Variations]"
Add component (AddParameter): Name = "Phone Number"; Value = "0915 8700 314"; VariantName = "[No Variations]"
Add component (AddParameter): Name = "Published Date"; Value = "9-15-2024"; VariantName = "[No Variations]"
Add component (AddParameter): Name = "Publisher"; Value = "Mahdi Bagherzadeh"; VariantName = "[No Variations]"
Add component (AddParameter): Name = "Type"; Value = "Straight/Right"; VariantName = "[No Variations]"
Added Component: Designator=CN9(IDC-2x8-S)
Add component (AddParameter): Name = "ComponentLink1Description"; Value = "Linkedin"; VariantName = "[No Variations]"
Add component (AddParameter): Name = "ComponentLink1URL"; Value = "https://ir.linkedin.com/in/mahdi-bagherzade"; VariantName = "[No Variations]"
Add component (AddParameter): Name = "Phone Number"; Value = "0915 8700 314"; VariantName = "[No Variations]"
Add component (AddParameter): Name = "Published Date"; Value = "9-15-2024"; VariantName = "[No Variations]"
Add component (AddParameter): Name = "Publisher"; Value = "Mahdi Bagherzadeh"; VariantName = "[No Variations]"
Add component (AddParameter): Name = "Type"; Value = "Straight/Right"; VariantName = "[No Variations]"
Added Component: Designator=CN10(IDC-2x8-S)
Add component (AddParameter): Name = "ComponentLink1Description"; Value = "Linkedin"; VariantName = "[No Variations]"
Add component (AddParameter): Name = "ComponentLink1URL"; Value = "https://ir.linkedin.com/in/mahdi-bagherzade"; VariantName = "[No Variations]"
Add component (AddParameter): Name = "Phone Number"; Value = "0915 8700 314"; VariantName = "[No Variations]"
Add component (AddParameter): Name = "Published Date"; Value = "9-15-2024"; VariantName = "[No Variations]"
Add component (AddParameter): Name = "Publisher"; Value = "Mahdi Bagherzadeh"; VariantName = "[No Variations]"
Add component (AddParameter): Name = "Type"; Value = "Straight/Right"; VariantName = "[No Variations]"
Added Component: Designator=CN11(IDC-2x8-S)
Add component (AddParameter): Name = "ComponentLink1Description"; Value = "Linkedin"; VariantName = "[No Variations]"
Add component (AddParameter): Name = "ComponentLink1URL"; Value = "https://ir.linkedin.com/in/mahdi-bagherzade"; VariantName = "[No Variations]"
Add component (AddParameter): Name = "Phone Number"; Value = "0915 8700 314"; VariantName = "[No Variations]"
Add component (AddParameter): Name = "Published Date"; Value = "9-15-2024"; VariantName = "[No Variations]"
Add component (AddParameter): Name = "Publisher"; Value = "Mahdi Bagherzadeh"; VariantName = "[No Variations]"
Add component (AddParameter): Name = "Type"; Value = "Straight/Right"; VariantName = "[No Variations]"
Added Component: Designator=CN12(IDC-2x8-S)
Add component (AddParameter): Name = "ComponentLink1Description"; Value = "Linkedin"; VariantName = "[No Variations]"
Add component (AddParameter): Name = "ComponentLink1URL"; Value = "https://ir.linkedin.com/in/mahdi-bagherzade"; VariantName = "[No Variations]"
Add component (AddParameter): Name = "Phone Number"; Value = "0915 8700 314"; VariantName = "[No Variations]"
Add component (AddParameter): Name = "Published Date"; Value = "9-15-2024"; VariantName = "[No Variations]"
Add component (AddParameter): Name = "Publisher"; Value = "Mahdi Bagherzadeh"; VariantName = "[No Variations]"
Add component (AddParameter): Name = "Type"; Value = "Straight/Right"; VariantName = "[No Variations]"
Added Component: Designator=CN13(IDC-2x8-S)
Add component (AddParameter): Name = "ComponentLink1Description"; Value = "Linkedin"; VariantName = "[No Variations]"
Add component (AddParameter): Name = "ComponentLink1URL"; Value = "https://ir.linkedin.com/in/mahdi-bagherzade"; VariantName = "[No Variations]"
Add component (AddParameter): Name = "Phone Number"; Value = "0915 8700 314"; VariantName = "[No Variations]"
Add component (AddParameter): Name = "Published Date"; Value = "9-15-2024"; VariantName = "[No Variations]"
Add component (AddParameter): Name = "Publisher"; Value = "Mahdi Bagherzadeh"; VariantName = "[No Variations]"
Add component (AddParameter): Name = "Type"; Value = "Straight/Right"; VariantName = "[No Variations]"
Added Component: Designator=D1_1(SOD123)
Add component (AddParameter): Name = "Code"; Value = "1N4148"; VariantName = "[No Variations]"
Add component (AddParameter): Name = "ComponentLink1Description"; Value = "Linkedin"; VariantName = "[No Variations]"
Add component (AddParameter): Name = "ComponentLink1URL"; Value = "https://ir.linkedin.com/in/mahdi-bagherzade"; VariantName = "[No Variations]"
Add component (AddParameter): Name = "Phone Number"; Value = "0915 8700 314"; VariantName = "[No Variations]"
Add component (AddParameter): Name = "Published Date"; Value = "9-15-2024"; VariantName = "[No Variations]"
Add component (AddParameter): Name = "Publisher"; Value = "Mahdi Bagherzadeh"; VariantName = "[No Variations]"
Add component (AddParameter): Name = "Type"; Value = "SMD"; VariantName = "[No Variations]"
Added Component: Designator=D1_2(SOD123)
Add component (AddParameter): Name = "Code"; Value = "1N4148"; VariantName = "[No Variations]"
Add component (AddParameter): Name = "ComponentLink1Description"; Value = "Linkedin"; VariantName = "[No Variations]"
Add component (AddParameter): Name = "ComponentLink1URL"; Value = "https://ir.linkedin.com/in/mahdi-bagherzade"; VariantName = "[No Variations]"
Add component (AddParameter): Name = "Phone Number"; Value = "0915 8700 314"; VariantName = "[No Variations]"
Add component (AddParameter): Name = "Published Date"; Value = "9-15-2024"; VariantName = "[No Variations]"
Add component (AddParameter): Name = "Publisher"; Value = "Mahdi Bagherzadeh"; VariantName = "[No Variations]"
Add component (AddParameter): Name = "Type"; Value = "SMD"; VariantName = "[No Variations]"
Added Component: Designator=D1_3(SOD123)
Add component (AddParameter): Name = "Code"; Value = "1N4148"; VariantName = "[No Variations]"
Add component (AddParameter): Name = "ComponentLink1Description"; Value = "Linkedin"; VariantName = "[No Variations]"
Add component (AddParameter): Name = "ComponentLink1URL"; Value = "https://ir.linkedin.com/in/mahdi-bagherzade"; VariantName = "[No Variations]"
Add component (AddParameter): Name = "Phone Number"; Value = "0915 8700 314"; VariantName = "[No Variations]"
Add component (AddParameter): Name = "Published Date"; Value = "9-15-2024"; VariantName = "[No Variations]"
Add component (AddParameter): Name = "Publisher"; Value = "Mahdi Bagherzadeh"; VariantName = "[No Variations]"
Add component (AddParameter): Name = "Type"; Value = "SMD"; VariantName = "[No Variations]"
Added Component: Designator=D1_4(SOD123)
Add component (AddParameter): Name = "Code"; Value = "1N4148"; VariantName = "[No Variations]"
Add component (AddParameter): Name = "ComponentLink1Description"; Value = "Linkedin"; VariantName = "[No Variations]"
Add component (AddParameter): Name = "ComponentLink1URL"; Value = "https://ir.linkedin.com/in/mahdi-bagherzade"; VariantName = "[No Variations]"
Add component (AddParameter): Name = "Phone Number"; Value = "0915 8700 314"; VariantName = "[No Variations]"
Add component (AddParameter): Name = "Published Date"; Value = "9-15-2024"; VariantName = "[No Variations]"
Add component (AddParameter): Name = "Publisher"; Value = "Mahdi Bagherzadeh"; VariantName = "[No Variations]"
Add component (AddParameter): Name = "Type"; Value = "SMD"; VariantName = "[No Variations]"
Added Component: Designator=D2(SOD123)
Add component (AddParameter): Name = "ComponentLink1Description"; Value = "Linkedin"; VariantName = "[No Variations]"
Add component (AddParameter): Name = "ComponentLink1URL"; Value = "https://ir.linkedin.com/in/mahdi-bagherzade"; VariantName = "[No Variations]"
Add component (AddParameter): Name = "Phone Number"; Value = "0915 8700 314"; VariantName = "[No Variations]"
Add component (AddParameter): Name = "Published Date"; Value = "9-15-2024"; VariantName = "[No Variations]"
Add component (AddParameter): Name = "Publisher"; Value = "Mahdi Bagherzadeh"; VariantName = "[No Variations]"
Added Component: Designator=D3_1(SOD123)
Add component (AddParameter): Name = "Code"; Value = "1N4148"; VariantName = "[No Variations]"
Add component (AddParameter): Name = "ComponentLink1Description"; Value = "Linkedin"; VariantName = "[No Variations]"
Add component (AddParameter): Name = "ComponentLink1URL"; Value = "https://ir.linkedin.com/in/mahdi-bagherzade"; VariantName = "[No Variations]"
Add component (AddParameter): Name = "Phone Number"; Value = "0915 8700 314"; VariantName = "[No Variations]"
Add component (AddParameter): Name = "Published Date"; Value = "9-15-2024"; VariantName = "[No Variations]"
Add component (AddParameter): Name = "Publisher"; Value = "Mahdi Bagherzadeh"; VariantName = "[No Variations]"
Add component (AddParameter): Name = "Type"; Value = "SMD"; VariantName = "[No Variations]"
Added Component: Designator=D3_2(SOD123)
Add component (AddParameter): Name = "Code"; Value = "1N4148"; VariantName = "[No Variations]"
Add component (AddParameter): Name = "ComponentLink1Description"; Value = "Linkedin"; VariantName = "[No Variations]"
Add component (AddParameter): Name = "ComponentLink1URL"; Value = "https://ir.linkedin.com/in/mahdi-bagherzade"; VariantName = "[No Variations]"
Add component (AddParameter): Name = "Phone Number"; Value = "0915 8700 314"; VariantName = "[No Variations]"
Add component (AddParameter): Name = "Published Date"; Value = "9-15-2024"; VariantName = "[No Variations]"
Add component (AddParameter): Name = "Publisher"; Value = "Mahdi Bagherzadeh"; VariantName = "[No Variations]"
Add component (AddParameter): Name = "Type"; Value = "SMD"; VariantName = "[No Variations]"
Added Component: Designator=D3_3(SOD123)
Add component (AddParameter): Name = "Code"; Value = "1N4148"; VariantName = "[No Variations]"
Add component (AddParameter): Name = "ComponentLink1Description"; Value = "Linkedin"; VariantName = "[No Variations]"
Add component (AddParameter): Name = "ComponentLink1URL"; Value = "https://ir.linkedin.com/in/mahdi-bagherzade"; VariantName = "[No Variations]"
Add component (AddParameter): Name = "Phone Number"; Value = "0915 8700 314"; VariantName = "[No Variations]"
Add component (AddParameter): Name = "Published Date"; Value = "9-15-2024"; VariantName = "[No Variations]"
Add component (AddParameter): Name = "Publisher"; Value = "Mahdi Bagherzadeh"; VariantName = "[No Variations]"
Add component (AddParameter): Name = "Type"; Value = "SMD"; VariantName = "[No Variations]"
Added Component: Designator=D3_4(SOD123)
Add component (AddParameter): Name = "Code"; Value = "1N4148"; VariantName = "[No Variations]"
Add component (AddParameter): Name = "ComponentLink1Description"; Value = "Linkedin"; VariantName = "[No Variations]"
Add component (AddParameter): Name = "ComponentLink1URL"; Value = "https://ir.linkedin.com/in/mahdi-bagherzade"; VariantName = "[No Variations]"
Add component (AddParameter): Name = "Phone Number"; Value = "0915 8700 314"; VariantName = "[No Variations]"
Add component (AddParameter): Name = "Published Date"; Value = "9-15-2024"; VariantName = "[No Variations]"
Add component (AddParameter): Name = "Publisher"; Value = "Mahdi Bagherzadeh"; VariantName = "[No Variations]"
Add component (AddParameter): Name = "Type"; Value = "SMD"; VariantName = "[No Variations]"
Added Component: Designator=D3_5(SOD123)
Add component (AddParameter): Name = "Code"; Value = "1N4148"; VariantName = "[No Variations]"
Add component (AddParameter): Name = "ComponentLink1Description"; Value = "Linkedin"; VariantName = "[No Variations]"
Add component (AddParameter): Name = "ComponentLink1URL"; Value = "https://ir.linkedin.com/in/mahdi-bagherzade"; VariantName = "[No Variations]"
Add component (AddParameter): Name = "Phone Number"; Value = "0915 8700 314"; VariantName = "[No Variations]"
Add component (AddParameter): Name = "Published Date"; Value = "9-15-2024"; VariantName = "[No Variations]"
Add component (AddParameter): Name = "Publisher"; Value = "Mahdi Bagherzadeh"; VariantName = "[No Variations]"
Add component (AddParameter): Name = "Type"; Value = "SMD"; VariantName = "[No Variations]"
Added Component: Designator=D3_6(SOD123)
Add component (AddParameter): Name = "Code"; Value = "1N4148"; VariantName = "[No Variations]"
Add component (AddParameter): Name = "ComponentLink1Description"; Value = "Linkedin"; VariantName = "[No Variations]"
Add component (AddParameter): Name = "ComponentLink1URL"; Value = "https://ir.linkedin.com/in/mahdi-bagherzade"; VariantName = "[No Variations]"
Add component (AddParameter): Name = "Phone Number"; Value = "0915 8700 314"; VariantName = "[No Variations]"
Add component (AddParameter): Name = "Published Date"; Value = "9-15-2024"; VariantName = "[No Variations]"
Add component (AddParameter): Name = "Publisher"; Value = "Mahdi Bagherzadeh"; VariantName = "[No Variations]"
Add component (AddParameter): Name = "Type"; Value = "SMD"; VariantName = "[No Variations]"
Added Component: Designator=D3_7(SOD123)
Add component (AddParameter): Name = "Code"; Value = "1N4148"; VariantName = "[No Variations]"
Add component (AddParameter): Name = "ComponentLink1Description"; Value = "Linkedin"; VariantName = "[No Variations]"
Add component (AddParameter): Name = "ComponentLink1URL"; Value = "https://ir.linkedin.com/in/mahdi-bagherzade"; VariantName = "[No Variations]"
Add component (AddParameter): Name = "Phone Number"; Value = "0915 8700 314"; VariantName = "[No Variations]"
Add component (AddParameter): Name = "Published Date"; Value = "9-15-2024"; VariantName = "[No Variations]"
Add component (AddParameter): Name = "Publisher"; Value = "Mahdi Bagherzadeh"; VariantName = "[No Variations]"
Add component (AddParameter): Name = "Type"; Value = "SMD"; VariantName = "[No Variations]"
Added Component: Designator=D3_8(SOD123)
Add component (AddParameter): Name = "Code"; Value = "1N4148"; VariantName = "[No Variations]"
Add component (AddParameter): Name = "ComponentLink1Description"; Value = "Linkedin"; VariantName = "[No Variations]"
Add component (AddParameter): Name = "ComponentLink1URL"; Value = "https://ir.linkedin.com/in/mahdi-bagherzade"; VariantName = "[No Variations]"
Add component (AddParameter): Name = "Phone Number"; Value = "0915 8700 314"; VariantName = "[No Variations]"
Add component (AddParameter): Name = "Published Date"; Value = "9-15-2024"; VariantName = "[No Variations]"
Add component (AddParameter): Name = "Publisher"; Value = "Mahdi Bagherzadeh"; VariantName = "[No Variations]"
Add component (AddParameter): Name = "Type"; Value = "SMD"; VariantName = "[No Variations]"
Added Component: Designator=D3_9(SOD123)
Add component (AddParameter): Name = "Code"; Value = "1N4148"; VariantName = "[No Variations]"
Add component (AddParameter): Name = "ComponentLink1Description"; Value = "Linkedin"; VariantName = "[No Variations]"
Add component (AddParameter): Name = "ComponentLink1URL"; Value = "https://ir.linkedin.com/in/mahdi-bagherzade"; VariantName = "[No Variations]"
Add component (AddParameter): Name = "Phone Number"; Value = "0915 8700 314"; VariantName = "[No Variations]"
Add component (AddParameter): Name = "Published Date"; Value = "9-15-2024"; VariantName = "[No Variations]"
Add component (AddParameter): Name = "Publisher"; Value = "Mahdi Bagherzadeh"; VariantName = "[No Variations]"
Add component (AddParameter): Name = "Type"; Value = "SMD"; VariantName = "[No Variations]"
Added Component: Designator=D3_10(SOD123)
Add component (AddParameter): Name = "Code"; Value = "1N4148"; VariantName = "[No Variations]"
Add component (AddParameter): Name = "ComponentLink1Description"; Value = "Linkedin"; VariantName = "[No Variations]"
Add component (AddParameter): Name = "ComponentLink1URL"; Value = "https://ir.linkedin.com/in/mahdi-bagherzade"; VariantName = "[No Variations]"
Add component (AddParameter): Name = "Phone Number"; Value = "0915 8700 314"; VariantName = "[No Variations]"
Add component (AddParameter): Name = "Published Date"; Value = "9-15-2024"; VariantName = "[No Variations]"
Add component (AddParameter): Name = "Publisher"; Value = "Mahdi Bagherzadeh"; VariantName = "[No Variations]"
Add component (AddParameter): Name = "Type"; Value = "SMD"; VariantName = "[No Variations]"
Added Component: Designator=D3_11(SOD123)
Add component (AddParameter): Name = "Code"; Value = "1N4148"; VariantName = "[No Variations]"
Add component (AddParameter): Name = "ComponentLink1Description"; Value = "Linkedin"; VariantName = "[No Variations]"
Add component (AddParameter): Name = "ComponentLink1URL"; Value = "https://ir.linkedin.com/in/mahdi-bagherzade"; VariantName = "[No Variations]"
Add component (AddParameter): Name = "Phone Number"; Value = "0915 8700 314"; VariantName = "[No Variations]"
Add component (AddParameter): Name = "Published Date"; Value = "9-15-2024"; VariantName = "[No Variations]"
Add component (AddParameter): Name = "Publisher"; Value = "Mahdi Bagherzadeh"; VariantName = "[No Variations]"
Add component (AddParameter): Name = "Type"; Value = "SMD"; VariantName = "[No Variations]"
Added Component: Designator=D3_12(SOD123)
Add component (AddParameter): Name = "Code"; Value = "1N4148"; VariantName = "[No Variations]"
Add component (AddParameter): Name = "ComponentLink1Description"; Value = "Linkedin"; VariantName = "[No Variations]"
Add component (AddParameter): Name = "ComponentLink1URL"; Value = "https://ir.linkedin.com/in/mahdi-bagherzade"; VariantName = "[No Variations]"
Add component (AddParameter): Name = "Phone Number"; Value = "0915 8700 314"; VariantName = "[No Variations]"
Add component (AddParameter): Name = "Published Date"; Value = "9-15-2024"; VariantName = "[No Variations]"
Add component (AddParameter): Name = "Publisher"; Value = "Mahdi Bagherzadeh"; VariantName = "[No Variations]"
Add component (AddParameter): Name = "Type"; Value = "SMD"; VariantName = "[No Variations]"
Added Component: Designator=D3_13(SOD123)
Add component (AddParameter): Name = "Code"; Value = "1N4148"; VariantName = "[No Variations]"
Add component (AddParameter): Name = "ComponentLink1Description"; Value = "Linkedin"; VariantName = "[No Variations]"
Add component (AddParameter): Name = "ComponentLink1URL"; Value = "https://ir.linkedin.com/in/mahdi-bagherzade"; VariantName = "[No Variations]"
Add component (AddParameter): Name = "Phone Number"; Value = "0915 8700 314"; VariantName = "[No Variations]"
Add component (AddParameter): Name = "Published Date"; Value = "9-15-2024"; VariantName = "[No Variations]"
Add component (AddParameter): Name = "Publisher"; Value = "Mahdi Bagherzadeh"; VariantName = "[No Variations]"
Add component (AddParameter): Name = "Type"; Value = "SMD"; VariantName = "[No Variations]"
Added Component: Designator=D3_14(SOD123)
Add component (AddParameter): Name = "Code"; Value = "1N4148"; VariantName = "[No Variations]"
Add component (AddParameter): Name = "ComponentLink1Description"; Value = "Linkedin"; VariantName = "[No Variations]"
Add component (AddParameter): Name = "ComponentLink1URL"; Value = "https://ir.linkedin.com/in/mahdi-bagherzade"; VariantName = "[No Variations]"
Add component (AddParameter): Name = "Phone Number"; Value = "0915 8700 314"; VariantName = "[No Variations]"
Add component (AddParameter): Name = "Published Date"; Value = "9-15-2024"; VariantName = "[No Variations]"
Add component (AddParameter): Name = "Publisher"; Value = "Mahdi Bagherzadeh"; VariantName = "[No Variations]"
Add component (AddParameter): Name = "Type"; Value = "SMD"; VariantName = "[No Variations]"
Added Component: Designator=D3_15(SOD123)
Add component (AddParameter): Name = "Code"; Value = "1N4148"; VariantName = "[No Variations]"
Add component (AddParameter): Name = "ComponentLink1Description"; Value = "Linkedin"; VariantName = "[No Variations]"
Add component (AddParameter): Name = "ComponentLink1URL"; Value = "https://ir.linkedin.com/in/mahdi-bagherzade"; VariantName = "[No Variations]"
Add component (AddParameter): Name = "Phone Number"; Value = "0915 8700 314"; VariantName = "[No Variations]"
Add component (AddParameter): Name = "Published Date"; Value = "9-15-2024"; VariantName = "[No Variations]"
Add component (AddParameter): Name = "Publisher"; Value = "Mahdi Bagherzadeh"; VariantName = "[No Variations]"
Add component (AddParameter): Name = "Type"; Value = "SMD"; VariantName = "[No Variations]"
Added Component: Designator=D3_16(SOD123)
Add component (AddParameter): Name = "Code"; Value = "1N4148"; VariantName = "[No Variations]"
Add component (AddParameter): Name = "ComponentLink1Description"; Value = "Linkedin"; VariantName = "[No Variations]"
Add component (AddParameter): Name = "ComponentLink1URL"; Value = "https://ir.linkedin.com/in/mahdi-bagherzade"; VariantName = "[No Variations]"
Add component (AddParameter): Name = "Phone Number"; Value = "0915 8700 314"; VariantName = "[No Variations]"
Add component (AddParameter): Name = "Published Date"; Value = "9-15-2024"; VariantName = "[No Variations]"
Add component (AddParameter): Name = "Publisher"; Value = "Mahdi Bagherzadeh"; VariantName = "[No Variations]"
Add component (AddParameter): Name = "Type"; Value = "SMD"; VariantName = "[No Variations]"
Added Component: Designator=D3_17(SOD123)
Add component (AddParameter): Name = "Code"; Value = "1N4148"; VariantName = "[No Variations]"
Add component (AddParameter): Name = "ComponentLink1Description"; Value = "Linkedin"; VariantName = "[No Variations]"
Add component (AddParameter): Name = "ComponentLink1URL"; Value = "https://ir.linkedin.com/in/mahdi-bagherzade"; VariantName = "[No Variations]"
Add component (AddParameter): Name = "Phone Number"; Value = "0915 8700 314"; VariantName = "[No Variations]"
Add component (AddParameter): Name = "Published Date"; Value = "9-15-2024"; VariantName = "[No Variations]"
Add component (AddParameter): Name = "Publisher"; Value = "Mahdi Bagherzadeh"; VariantName = "[No Variations]"
Add component (AddParameter): Name = "Type"; Value = "SMD"; VariantName = "[No Variations]"
Added Component: Designator=D3_18(SOD123)
Add component (AddParameter): Name = "Code"; Value = "1N4148"; VariantName = "[No Variations]"
Add component (AddParameter): Name = "ComponentLink1Description"; Value = "Linkedin"; VariantName = "[No Variations]"
Add component (AddParameter): Name = "ComponentLink1URL"; Value = "https://ir.linkedin.com/in/mahdi-bagherzade"; VariantName = "[No Variations]"
Add component (AddParameter): Name = "Phone Number"; Value = "0915 8700 314"; VariantName = "[No Variations]"
Add component (AddParameter): Name = "Published Date"; Value = "9-15-2024"; VariantName = "[No Variations]"
Add component (AddParameter): Name = "Publisher"; Value = "Mahdi Bagherzadeh"; VariantName = "[No Variations]"
Add component (AddParameter): Name = "Type"; Value = "SMD"; VariantName = "[No Variations]"
Added Component: Designator=D3_19(SOD123)
Add component (AddParameter): Name = "Code"; Value = "1N4148"; VariantName = "[No Variations]"
Add component (AddParameter): Name = "ComponentLink1Description"; Value = "Linkedin"; VariantName = "[No Variations]"
Add component (AddParameter): Name = "ComponentLink1URL"; Value = "https://ir.linkedin.com/in/mahdi-bagherzade"; VariantName = "[No Variations]"
Add component (AddParameter): Name = "Phone Number"; Value = "0915 8700 314"; VariantName = "[No Variations]"
Add component (AddParameter): Name = "Published Date"; Value = "9-15-2024"; VariantName = "[No Variations]"
Add component (AddParameter): Name = "Publisher"; Value = "Mahdi Bagherzadeh"; VariantName = "[No Variations]"
Add component (AddParameter): Name = "Type"; Value = "SMD"; VariantName = "[No Variations]"
Added Component: Designator=D3_20(SOD123)
Add component (AddParameter): Name = "Code"; Value = "1N4148"; VariantName = "[No Variations]"
Add component (AddParameter): Name = "ComponentLink1Description"; Value = "Linkedin"; VariantName = "[No Variations]"
Add component (AddParameter): Name = "ComponentLink1URL"; Value = "https://ir.linkedin.com/in/mahdi-bagherzade"; VariantName = "[No Variations]"
Add component (AddParameter): Name = "Phone Number"; Value = "0915 8700 314"; VariantName = "[No Variations]"
Add component (AddParameter): Name = "Published Date"; Value = "9-15-2024"; VariantName = "[No Variations]"
Add component (AddParameter): Name = "Publisher"; Value = "Mahdi Bagherzadeh"; VariantName = "[No Variations]"
Add component (AddParameter): Name = "Type"; Value = "SMD"; VariantName = "[No Variations]"
Added Component: Designator=D3_21(SOD123)
Add component (AddParameter): Name = "Code"; Value = "1N4148"; VariantName = "[No Variations]"
Add component (AddParameter): Name = "ComponentLink1Description"; Value = "Linkedin"; VariantName = "[No Variations]"
Add component (AddParameter): Name = "ComponentLink1URL"; Value = "https://ir.linkedin.com/in/mahdi-bagherzade"; VariantName = "[No Variations]"
Add component (AddParameter): Name = "Phone Number"; Value = "0915 8700 314"; VariantName = "[No Variations]"
Add component (AddParameter): Name = "Published Date"; Value = "9-15-2024"; VariantName = "[No Variations]"
Add component (AddParameter): Name = "Publisher"; Value = "Mahdi Bagherzadeh"; VariantName = "[No Variations]"
Add component (AddParameter): Name = "Type"; Value = "SMD"; VariantName = "[No Variations]"
Added Component: Designator=D3_22(SOD123)
Add component (AddParameter): Name = "Code"; Value = "1N4148"; VariantName = "[No Variations]"
Add component (AddParameter): Name = "ComponentLink1Description"; Value = "Linkedin"; VariantName = "[No Variations]"
Add component (AddParameter): Name = "ComponentLink1URL"; Value = "https://ir.linkedin.com/in/mahdi-bagherzade"; VariantName = "[No Variations]"
Add component (AddParameter): Name = "Phone Number"; Value = "0915 8700 314"; VariantName = "[No Variations]"
Add component (AddParameter): Name = "Published Date"; Value = "9-15-2024"; VariantName = "[No Variations]"
Add component (AddParameter): Name = "Publisher"; Value = "Mahdi Bagherzadeh"; VariantName = "[No Variations]"
Add component (AddParameter): Name = "Type"; Value = "SMD"; VariantName = "[No Variations]"
Added Component: Designator=D3_23(SOD123)
Add component (AddParameter): Name = "Code"; Value = "1N4148"; VariantName = "[No Variations]"
Add component (AddParameter): Name = "ComponentLink1Description"; Value = "Linkedin"; VariantName = "[No Variations]"
Add component (AddParameter): Name = "ComponentLink1URL"; Value = "https://ir.linkedin.com/in/mahdi-bagherzade"; VariantName = "[No Variations]"
Add component (AddParameter): Name = "Phone Number"; Value = "0915 8700 314"; VariantName = "[No Variations]"
Add component (AddParameter): Name = "Published Date"; Value = "9-15-2024"; VariantName = "[No Variations]"
Add component (AddParameter): Name = "Publisher"; Value = "Mahdi Bagherzadeh"; VariantName = "[No Variations]"
Add component (AddParameter): Name = "Type"; Value = "SMD"; VariantName = "[No Variations]"
Added Component: Designator=D3_24(SOD123)
Add component (AddParameter): Name = "Code"; Value = "1N4148"; VariantName = "[No Variations]"
Add component (AddParameter): Name = "ComponentLink1Description"; Value = "Linkedin"; VariantName = "[No Variations]"
Add component (AddParameter): Name = "ComponentLink1URL"; Value = "https://ir.linkedin.com/in/mahdi-bagherzade"; VariantName = "[No Variations]"
Add component (AddParameter): Name = "Phone Number"; Value = "0915 8700 314"; VariantName = "[No Variations]"
Add component (AddParameter): Name = "Published Date"; Value = "9-15-2024"; VariantName = "[No Variations]"
Add component (AddParameter): Name = "Publisher"; Value = "Mahdi Bagherzadeh"; VariantName = "[No Variations]"
Add component (AddParameter): Name = "Type"; Value = "SMD"; VariantName = "[No Variations]"
Added Component: Designator=FB1(FB-0805)
Add component (AddParameter): Name = "ComponentLink1Description"; Value = "Linkedin"; VariantName = "[No Variations]"
Add component (AddParameter): Name = "ComponentLink1URL"; Value = "https://ir.linkedin.com/in/mahdi-bagherzade"; VariantName = "[No Variations]"
Add component (AddParameter): Name = "Phone Number"; Value = "0915 8700 314"; VariantName = "[No Variations]"
Add component (AddParameter): Name = "Published Date"; Value = "9-15-2024"; VariantName = "[No Variations]"
Add component (AddParameter): Name = "Publisher"; Value = "Mahdi Bagherzadeh"; VariantName = "[No Variations]"
Added Component: Designator=FB2(FB-0805)
Add component (AddParameter): Name = "ComponentLink1Description"; Value = "Linkedin"; VariantName = "[No Variations]"
Add component (AddParameter): Name = "ComponentLink1URL"; Value = "https://ir.linkedin.com/in/mahdi-bagherzade"; VariantName = "[No Variations]"
Add component (AddParameter): Name = "Phone Number"; Value = "0915 8700 314"; VariantName = "[No Variations]"
Add component (AddParameter): Name = "Published Date"; Value = "9-15-2024"; VariantName = "[No Variations]"
Add component (AddParameter): Name = "Publisher"; Value = "Mahdi Bagherzadeh"; VariantName = "[No Variations]"
Add component (AddParameter): Name = "VALUE"; Value = ""; VariantName = "[No Variations]"
Added Component: Designator=FB3(FB-0805)
Add component (AddParameter): Name = "ComponentLink1Description"; Value = "Linkedin"; VariantName = "[No Variations]"
Add component (AddParameter): Name = "ComponentLink1URL"; Value = "https://ir.linkedin.com/in/mahdi-bagherzade"; VariantName = "[No Variations]"
Add component (AddParameter): Name = "Phone Number"; Value = "0915 8700 314"; VariantName = "[No Variations]"
Add component (AddParameter): Name = "Published Date"; Value = "9-15-2024"; VariantName = "[No Variations]"
Add component (AddParameter): Name = "Publisher"; Value = "Mahdi Bagherzadeh"; VariantName = "[No Variations]"
Add component (AddParameter): Name = "VALUE"; Value = ""; VariantName = "[No Variations]"
Added Component: Designator=FB4(FB-0805)
Add component (AddParameter): Name = "ComponentLink1Description"; Value = "Linkedin"; VariantName = "[No Variations]"
Add component (AddParameter): Name = "ComponentLink1URL"; Value = "https://ir.linkedin.com/in/mahdi-bagherzade"; VariantName = "[No Variations]"
Add component (AddParameter): Name = "Phone Number"; Value = "0915 8700 314"; VariantName = "[No Variations]"
Add component (AddParameter): Name = "Published Date"; Value = "9-15-2024"; VariantName = "[No Variations]"
Add component (AddParameter): Name = "Publisher"; Value = "Mahdi Bagherzadeh"; VariantName = "[No Variations]"
Add component (AddParameter): Name = "VALUE"; Value = ""; VariantName = "[No Variations]"
Added Component: Designator=FB5(FB-0805)
Add component (AddParameter): Name = "ComponentLink1Description"; Value = "Linkedin"; VariantName = "[No Variations]"
Add component (AddParameter): Name = "ComponentLink1URL"; Value = "https://ir.linkedin.com/in/mahdi-bagherzade"; VariantName = "[No Variations]"
Add component (AddParameter): Name = "Phone Number"; Value = "0915 8700 314"; VariantName = "[No Variations]"
Add component (AddParameter): Name = "Published Date"; Value = "9-15-2024"; VariantName = "[No Variations]"
Add component (AddParameter): Name = "Publisher"; Value = "Mahdi Bagherzadeh"; VariantName = "[No Variations]"
Added Component: Designator=H1(H-9pin-F-S)
Add component (AddParameter): Name = "ComponentLink1Description"; Value = "Linkedin"; VariantName = "[No Variations]"
Add component (AddParameter): Name = "ComponentLink1URL"; Value = "https://ir.linkedin.com/in/mahdi-bagherzade"; VariantName = "[No Variations]"
Add component (AddParameter): Name = "Phone Number"; Value = "0915 8700 314"; VariantName = "[No Variations]"
Add component (AddParameter): Name = "Published Date"; Value = "9-15-2024"; VariantName = "[No Variations]"
Add component (AddParameter): Name = "Publisher"; Value = "Mahdi Bagherzadeh"; VariantName = "[No Variations]"
Add component (AddParameter): Name = "VALUE"; Value = ""; VariantName = "[No Variations]"
Added Component: Designator=H2(H-3pin-M-S)
Add component (AddParameter): Name = "ComponentLink1Description"; Value = "Linkedin"; VariantName = "[No Variations]"
Add component (AddParameter): Name = "ComponentLink1URL"; Value = "https://ir.linkedin.com/in/mahdi-bagherzade"; VariantName = "[No Variations]"
Add component (AddParameter): Name = "Phone Number"; Value = "0915 8700 314"; VariantName = "[No Variations]"
Add component (AddParameter): Name = "Published Date"; Value = "9-15-2024"; VariantName = "[No Variations]"
Add component (AddParameter): Name = "Publisher"; Value = "Mahdi Bagherzadeh"; VariantName = "[No Variations]"
Add component (AddParameter): Name = "Type"; Value = "MALE-STRAIGHT"; VariantName = "[No Variations]"
Added Component: Designator=LED1_1(LED-1206-Y)
Add component (AddParameter): Name = "Color"; Value = "GREEN"; VariantName = "[No Variations]"
Add component (AddParameter): Name = "ComponentLink1Description"; Value = "Linkedin"; VariantName = "[No Variations]"
Add component (AddParameter): Name = "ComponentLink1URL"; Value = "https://ir.linkedin.com/in/mahdi-bagherzade"; VariantName = "[No Variations]"
Add component (AddParameter): Name = "Phone Number"; Value = "0915 8700 314"; VariantName = "[No Variations]"
Add component (AddParameter): Name = "Published Date"; Value = "9-15-2024"; VariantName = "[No Variations]"
Add component (AddParameter): Name = "Publisher"; Value = "Mahdi Bagherzadeh"; VariantName = "[No Variations]"
Add component (AddParameter): Name = "Size"; Value = "1206"; VariantName = "[No Variations]"
Add component (AddParameter): Name = "Type"; Value = "SMD"; VariantName = "[No Variations]"
Added Component: Designator=LED1_2(LED-1206-Y)
Add component (AddParameter): Name = "Color"; Value = "GREEN"; VariantName = "[No Variations]"
Add component (AddParameter): Name = "ComponentLink1Description"; Value = "Linkedin"; VariantName = "[No Variations]"
Add component (AddParameter): Name = "ComponentLink1URL"; Value = "https://ir.linkedin.com/in/mahdi-bagherzade"; VariantName = "[No Variations]"
Add component (AddParameter): Name = "Phone Number"; Value = "0915 8700 314"; VariantName = "[No Variations]"
Add component (AddParameter): Name = "Published Date"; Value = "9-15-2024"; VariantName = "[No Variations]"
Add component (AddParameter): Name = "Publisher"; Value = "Mahdi Bagherzadeh"; VariantName = "[No Variations]"
Add component (AddParameter): Name = "Size"; Value = "1206"; VariantName = "[No Variations]"
Add component (AddParameter): Name = "Type"; Value = "SMD"; VariantName = "[No Variations]"
Added Component: Designator=LED1_3(LED-1206-Y)
Add component (AddParameter): Name = "Color"; Value = "GREEN"; VariantName = "[No Variations]"
Add component (AddParameter): Name = "ComponentLink1Description"; Value = "Linkedin"; VariantName = "[No Variations]"
Add component (AddParameter): Name = "ComponentLink1URL"; Value = "https://ir.linkedin.com/in/mahdi-bagherzade"; VariantName = "[No Variations]"
Add component (AddParameter): Name = "Phone Number"; Value = "0915 8700 314"; VariantName = "[No Variations]"
Add component (AddParameter): Name = "Published Date"; Value = "9-15-2024"; VariantName = "[No Variations]"
Add component (AddParameter): Name = "Publisher"; Value = "Mahdi Bagherzadeh"; VariantName = "[No Variations]"
Add component (AddParameter): Name = "Size"; Value = "1206"; VariantName = "[No Variations]"
Add component (AddParameter): Name = "Type"; Value = "SMD"; VariantName = "[No Variations]"
Added Component: Designator=LED1_4(LED-1206-Y)
Add component (AddParameter): Name = "Color"; Value = "GREEN"; VariantName = "[No Variations]"
Add component (AddParameter): Name = "ComponentLink1Description"; Value = "Linkedin"; VariantName = "[No Variations]"
Add component (AddParameter): Name = "ComponentLink1URL"; Value = "https://ir.linkedin.com/in/mahdi-bagherzade"; VariantName = "[No Variations]"
Add component (AddParameter): Name = "Phone Number"; Value = "0915 8700 314"; VariantName = "[No Variations]"
Add component (AddParameter): Name = "Published Date"; Value = "9-15-2024"; VariantName = "[No Variations]"
Add component (AddParameter): Name = "Publisher"; Value = "Mahdi Bagherzadeh"; VariantName = "[No Variations]"
Add component (AddParameter): Name = "Size"; Value = "1206"; VariantName = "[No Variations]"
Add component (AddParameter): Name = "Type"; Value = "SMD"; VariantName = "[No Variations]"
Added Component: Designator=LED2(LED-1206-G)
Add component (AddParameter): Name = "ComponentLink1Description"; Value = "Linkedin"; VariantName = "[No Variations]"
Add component (AddParameter): Name = "ComponentLink1URL"; Value = "https://ir.linkedin.com/in/mahdi-bagherzade"; VariantName = "[No Variations]"
Add component (AddParameter): Name = "Phone Number"; Value = "0915 8700 314"; VariantName = "[No Variations]"
Add component (AddParameter): Name = "Published Date"; Value = "9-15-2024"; VariantName = "[No Variations]"
Add component (AddParameter): Name = "Publisher"; Value = "Mahdi Bagherzadeh"; VariantName = "[No Variations]"
Added Component: Designator=LED3(LED-0805-R)
Add component (AddParameter): Name = "Color"; Value = "RED"; VariantName = "[No Variations]"
Add component (AddParameter): Name = "ComponentLink1Description"; Value = "Linkedin"; VariantName = "[No Variations]"
Add component (AddParameter): Name = "ComponentLink1URL"; Value = "https://ir.linkedin.com/in/mahdi-bagherzade"; VariantName = "[No Variations]"
Add component (AddParameter): Name = "Phone Number"; Value = "0915 8700 314"; VariantName = "[No Variations]"
Add component (AddParameter): Name = "Published Date"; Value = "9-15-2024"; VariantName = "[No Variations]"
Add component (AddParameter): Name = "Publisher"; Value = "Mahdi Bagherzadeh"; VariantName = "[No Variations]"
Add component (AddParameter): Name = "Size"; Value = "0805"; VariantName = "[No Variations]"
Added Component: Designator=M1(TFT-3.2inch)
Add component (AddParameter): Name = "ComponentLink1Description"; Value = "Linkedin"; VariantName = "[No Variations]"
Add component (AddParameter): Name = "ComponentLink1URL"; Value = "https://ir.linkedin.com/in/mahdi-bagherzade"; VariantName = "[No Variations]"
Add component (AddParameter): Name = "Phone Number"; Value = "0915 8700 314"; VariantName = "[No Variations]"
Add component (AddParameter): Name = "Published Date"; Value = "9-15-2024"; VariantName = "[No Variations]"
Add component (AddParameter): Name = "Publisher"; Value = "Mahdi Bagherzadeh"; VariantName = "[No Variations]"
Added Component: Designator=MIC1(MIC-2.2mm)
Add component (AddParameter): Name = "ComponentLink1Description"; Value = "Linkedin"; VariantName = "[No Variations]"
Add component (AddParameter): Name = "ComponentLink1URL"; Value = "https://ir.linkedin.com/in/mahdi-bagherzade"; VariantName = "[No Variations]"
Add component (AddParameter): Name = "Phone Number"; Value = "0915 8700 314"; VariantName = "[No Variations]"
Add component (AddParameter): Name = "Published Date"; Value = "9-15-2024"; VariantName = "[No Variations]"
Add component (AddParameter): Name = "Publisher"; Value = "Mahdi Bagherzadeh"; VariantName = "[No Variations]"
Added Component: Designator=NT1(NET TIE-3)
Add component (AddParameter): Name = "ComponentLink1Description"; Value = "Linkedin"; VariantName = "[No Variations]"
Add component (AddParameter): Name = "ComponentLink1URL"; Value = "https://ir.linkedin.com/in/mahdi-bagherzade"; VariantName = "[No Variations]"
Add component (AddParameter): Name = "Phone Number"; Value = "0915 8700 314"; VariantName = "[No Variations]"
Add component (AddParameter): Name = "Published Date"; Value = "9-15-2024"; VariantName = "[No Variations]"
Add component (AddParameter): Name = "Publisher"; Value = "Mahdi Bagherzadeh"; VariantName = "[No Variations]"
Added Component: Designator=Q1_1(SOT23-312)
Add component (AddParameter): Name = "Code"; Value = "CR"; VariantName = "[No Variations]"
Add component (AddParameter): Name = "ComponentLink1Description"; Value = "Linkedin"; VariantName = "[No Variations]"
Add component (AddParameter): Name = "ComponentLink1URL"; Value = "https://ir.linkedin.com/in/mahdi-bagherzade"; VariantName = "[No Variations]"
Add component (AddParameter): Name = "Phone Number"; Value = "0915 8700 314"; VariantName = "[No Variations]"
Add component (AddParameter): Name = "Published Date"; Value = "9-15-2024"; VariantName = "[No Variations]"
Add component (AddParameter): Name = "Publisher"; Value = "Mahdi Bagherzadeh"; VariantName = "[No Variations]"
Add component (AddParameter): Name = "Type"; Value = "SMD"; VariantName = "[No Variations]"
Add component (AddParameter): Name = "Value"; Value = "C945"; VariantName = "[No Variations]"
Added Component: Designator=Q1_2(SOT23-312)
Add component (AddParameter): Name = "Code"; Value = "CR"; VariantName = "[No Variations]"
Add component (AddParameter): Name = "ComponentLink1Description"; Value = "Linkedin"; VariantName = "[No Variations]"
Add component (AddParameter): Name = "ComponentLink1URL"; Value = "https://ir.linkedin.com/in/mahdi-bagherzade"; VariantName = "[No Variations]"
Add component (AddParameter): Name = "Phone Number"; Value = "0915 8700 314"; VariantName = "[No Variations]"
Add component (AddParameter): Name = "Published Date"; Value = "9-15-2024"; VariantName = "[No Variations]"
Add component (AddParameter): Name = "Publisher"; Value = "Mahdi Bagherzadeh"; VariantName = "[No Variations]"
Add component (AddParameter): Name = "Type"; Value = "SMD"; VariantName = "[No Variations]"
Add component (AddParameter): Name = "Value"; Value = "C945"; VariantName = "[No Variations]"
Added Component: Designator=Q1_3(SOT23-312)
Add component (AddParameter): Name = "Code"; Value = "CR"; VariantName = "[No Variations]"
Add component (AddParameter): Name = "ComponentLink1Description"; Value = "Linkedin"; VariantName = "[No Variations]"
Add component (AddParameter): Name = "ComponentLink1URL"; Value = "https://ir.linkedin.com/in/mahdi-bagherzade"; VariantName = "[No Variations]"
Add component (AddParameter): Name = "Phone Number"; Value = "0915 8700 314"; VariantName = "[No Variations]"
Add component (AddParameter): Name = "Published Date"; Value = "9-15-2024"; VariantName = "[No Variations]"
Add component (AddParameter): Name = "Publisher"; Value = "Mahdi Bagherzadeh"; VariantName = "[No Variations]"
Add component (AddParameter): Name = "Type"; Value = "SMD"; VariantName = "[No Variations]"
Add component (AddParameter): Name = "Value"; Value = "C945"; VariantName = "[No Variations]"
Added Component: Designator=Q1_4(SOT23-312)
Add component (AddParameter): Name = "Code"; Value = "CR"; VariantName = "[No Variations]"
Add component (AddParameter): Name = "ComponentLink1Description"; Value = "Linkedin"; VariantName = "[No Variations]"
Add component (AddParameter): Name = "ComponentLink1URL"; Value = "https://ir.linkedin.com/in/mahdi-bagherzade"; VariantName = "[No Variations]"
Add component (AddParameter): Name = "Phone Number"; Value = "0915 8700 314"; VariantName = "[No Variations]"
Add component (AddParameter): Name = "Published Date"; Value = "9-15-2024"; VariantName = "[No Variations]"
Add component (AddParameter): Name = "Publisher"; Value = "Mahdi Bagherzadeh"; VariantName = "[No Variations]"
Add component (AddParameter): Name = "Type"; Value = "SMD"; VariantName = "[No Variations]"
Add component (AddParameter): Name = "Value"; Value = "C945"; VariantName = "[No Variations]"
Added Component: Designator=Q2_1(SOT89-V02)
Add component (AddParameter): Name = "ComponentLink1Description"; Value = "New link"; VariantName = "[No Variations]"
Add component (AddParameter): Name = "ComponentLink1URL"; Value = ""; VariantName = "[No Variations]"
Add component (AddParameter): Name = "Phone Number"; Value = "0"; VariantName = "[No Variations]"
Add component (AddParameter): Name = "Published Date"; Value = "1-6-2026"; VariantName = "[No Variations]"
Add component (AddParameter): Name = "Publisher"; Value = "Fatemeh Imani"; VariantName = "[No Variations]"
Add component (AddParameter): Name = "Type"; Value = "SMD"; VariantName = "[No Variations]"
Add component (AddParameter): Name = "Value"; Value = "ZXTN2010ZTA"; VariantName = "[No Variations]"
Added Component: Designator=Q2_2(SOT89-V02)
Add component (AddParameter): Name = "ComponentLink1Description"; Value = "New link"; VariantName = "[No Variations]"
Add component (AddParameter): Name = "ComponentLink1URL"; Value = ""; VariantName = "[No Variations]"
Add component (AddParameter): Name = "Phone Number"; Value = "0"; VariantName = "[No Variations]"
Add component (AddParameter): Name = "Published Date"; Value = "1-6-2026"; VariantName = "[No Variations]"
Add component (AddParameter): Name = "Publisher"; Value = "Fatemeh Imani"; VariantName = "[No Variations]"
Add component (AddParameter): Name = "Type"; Value = "SMD"; VariantName = "[No Variations]"
Add component (AddParameter): Name = "Value"; Value = "ZXTN2010ZTA"; VariantName = "[No Variations]"
Added Component: Designator=Q2_3(SOT89-V02)
Add component (AddParameter): Name = "ComponentLink1Description"; Value = "New link"; VariantName = "[No Variations]"
Add component (AddParameter): Name = "ComponentLink1URL"; Value = ""; VariantName = "[No Variations]"
Add component (AddParameter): Name = "Phone Number"; Value = "0"; VariantName = "[No Variations]"
Add component (AddParameter): Name = "Published Date"; Value = "1-6-2026"; VariantName = "[No Variations]"
Add component (AddParameter): Name = "Publisher"; Value = "Fatemeh Imani"; VariantName = "[No Variations]"
Add component (AddParameter): Name = "Type"; Value = "SMD"; VariantName = "[No Variations]"
Add component (AddParameter): Name = "Value"; Value = "ZXTN2010ZTA"; VariantName = "[No Variations]"
Added Component: Designator=Q2_4(SOT89-V02)
Add component (AddParameter): Name = "ComponentLink1Description"; Value = "New link"; VariantName = "[No Variations]"
Add component (AddParameter): Name = "ComponentLink1URL"; Value = ""; VariantName = "[No Variations]"
Add component (AddParameter): Name = "Phone Number"; Value = "0"; VariantName = "[No Variations]"
Add component (AddParameter): Name = "Published Date"; Value = "1-6-2026"; VariantName = "[No Variations]"
Add component (AddParameter): Name = "Publisher"; Value = "Fatemeh Imani"; VariantName = "[No Variations]"
Add component (AddParameter): Name = "Type"; Value = "SMD"; VariantName = "[No Variations]"
Add component (AddParameter): Name = "Value"; Value = "ZXTN2010ZTA"; VariantName = "[No Variations]"
Added Component: Designator=Q3(SOT23-213)
Add component (AddParameter): Name = "ComponentLink1Description"; Value = "Linkedin"; VariantName = "[No Variations]"
Add component (AddParameter): Name = "ComponentLink1URL"; Value = "https://ir.linkedin.com/in/mahdi-bagherzade"; VariantName = "[No Variations]"
Add component (AddParameter): Name = "Phone Number"; Value = "0915 8700 314"; VariantName = "[No Variations]"
Add component (AddParameter): Name = "Published Date"; Value = "9-15-2024"; VariantName = "[No Variations]"
Add component (AddParameter): Name = "Publisher"; Value = "Mahdi Bagherzadeh"; VariantName = "[No Variations]"
Add component (AddParameter): Name = "VALUE"; Value = ""; VariantName = "[No Variations]"
Added Component: Designator=Q4_1(SOT23-312)
Add component (AddParameter): Name = "Code"; Value = "CR"; VariantName = "[No Variations]"
Add component (AddParameter): Name = "ComponentLink1Description"; Value = "Linkedin"; VariantName = "[No Variations]"
Add component (AddParameter): Name = "ComponentLink1URL"; Value = "https://ir.linkedin.com/in/mahdi-bagherzade"; VariantName = "[No Variations]"
Add component (AddParameter): Name = "Phone Number"; Value = "0915 8700 314"; VariantName = "[No Variations]"
Add component (AddParameter): Name = "Published Date"; Value = "9-15-2024"; VariantName = "[No Variations]"
Add component (AddParameter): Name = "Publisher"; Value = "Mahdi Bagherzadeh"; VariantName = "[No Variations]"
Add component (AddParameter): Name = "Type"; Value = "SMD"; VariantName = "[No Variations]"
Add component (AddParameter): Name = "Value"; Value = "C945"; VariantName = "[No Variations]"
Added Component: Designator=Q4_2(SOT23-312)
Add component (AddParameter): Name = "Code"; Value = "CR"; VariantName = "[No Variations]"
Add component (AddParameter): Name = "ComponentLink1Description"; Value = "Linkedin"; VariantName = "[No Variations]"
Add component (AddParameter): Name = "ComponentLink1URL"; Value = "https://ir.linkedin.com/in/mahdi-bagherzade"; VariantName = "[No Variations]"
Add component (AddParameter): Name = "Phone Number"; Value = "0915 8700 314"; VariantName = "[No Variations]"
Add component (AddParameter): Name = "Published Date"; Value = "9-15-2024"; VariantName = "[No Variations]"
Add component (AddParameter): Name = "Publisher"; Value = "Mahdi Bagherzadeh"; VariantName = "[No Variations]"
Add component (AddParameter): Name = "Type"; Value = "SMD"; VariantName = "[No Variations]"
Add component (AddParameter): Name = "Value"; Value = "C945"; VariantName = "[No Variations]"
Added Component: Designator=Q4_3(SOT23-312)
Add component (AddParameter): Name = "Code"; Value = "CR"; VariantName = "[No Variations]"
Add component (AddParameter): Name = "ComponentLink1Description"; Value = "Linkedin"; VariantName = "[No Variations]"
Add component (AddParameter): Name = "ComponentLink1URL"; Value = "https://ir.linkedin.com/in/mahdi-bagherzade"; VariantName = "[No Variations]"
Add component (AddParameter): Name = "Phone Number"; Value = "0915 8700 314"; VariantName = "[No Variations]"
Add component (AddParameter): Name = "Published Date"; Value = "9-15-2024"; VariantName = "[No Variations]"
Add component (AddParameter): Name = "Publisher"; Value = "Mahdi Bagherzadeh"; VariantName = "[No Variations]"
Add component (AddParameter): Name = "Type"; Value = "SMD"; VariantName = "[No Variations]"
Add component (AddParameter): Name = "Value"; Value = "C945"; VariantName = "[No Variations]"
Added Component: Designator=Q4_4(SOT23-312)
Add component (AddParameter): Name = "Code"; Value = "CR"; VariantName = "[No Variations]"
Add component (AddParameter): Name = "ComponentLink1Description"; Value = "Linkedin"; VariantName = "[No Variations]"
Add component (AddParameter): Name = "ComponentLink1URL"; Value = "https://ir.linkedin.com/in/mahdi-bagherzade"; VariantName = "[No Variations]"
Add component (AddParameter): Name = "Phone Number"; Value = "0915 8700 314"; VariantName = "[No Variations]"
Add component (AddParameter): Name = "Published Date"; Value = "9-15-2024"; VariantName = "[No Variations]"
Add component (AddParameter): Name = "Publisher"; Value = "Mahdi Bagherzadeh"; VariantName = "[No Variations]"
Add component (AddParameter): Name = "Type"; Value = "SMD"; VariantName = "[No Variations]"
Add component (AddParameter): Name = "Value"; Value = "C945"; VariantName = "[No Variations]"
Added Component: Designator=Q4_5(SOT23-312)
Add component (AddParameter): Name = "Code"; Value = "CR"; VariantName = "[No Variations]"
Add component (AddParameter): Name = "ComponentLink1Description"; Value = "Linkedin"; VariantName = "[No Variations]"
Add component (AddParameter): Name = "ComponentLink1URL"; Value = "https://ir.linkedin.com/in/mahdi-bagherzade"; VariantName = "[No Variations]"
Add component (AddParameter): Name = "Phone Number"; Value = "0915 8700 314"; VariantName = "[No Variations]"
Add component (AddParameter): Name = "Published Date"; Value = "9-15-2024"; VariantName = "[No Variations]"
Add component (AddParameter): Name = "Publisher"; Value = "Mahdi Bagherzadeh"; VariantName = "[No Variations]"
Add component (AddParameter): Name = "Type"; Value = "SMD"; VariantName = "[No Variations]"
Add component (AddParameter): Name = "Value"; Value = "C945"; VariantName = "[No Variations]"
Added Component: Designator=Q4_6(SOT23-312)
Add component (AddParameter): Name = "Code"; Value = "CR"; VariantName = "[No Variations]"
Add component (AddParameter): Name = "ComponentLink1Description"; Value = "Linkedin"; VariantName = "[No Variations]"
Add component (AddParameter): Name = "ComponentLink1URL"; Value = "https://ir.linkedin.com/in/mahdi-bagherzade"; VariantName = "[No Variations]"
Add component (AddParameter): Name = "Phone Number"; Value = "0915 8700 314"; VariantName = "[No Variations]"
Add component (AddParameter): Name = "Published Date"; Value = "9-15-2024"; VariantName = "[No Variations]"
Add component (AddParameter): Name = "Publisher"; Value = "Mahdi Bagherzadeh"; VariantName = "[No Variations]"
Add component (AddParameter): Name = "Type"; Value = "SMD"; VariantName = "[No Variations]"
Add component (AddParameter): Name = "Value"; Value = "C945"; VariantName = "[No Variations]"
Added Component: Designator=Q4_7(SOT23-312)
Add component (AddParameter): Name = "Code"; Value = "CR"; VariantName = "[No Variations]"
Add component (AddParameter): Name = "ComponentLink1Description"; Value = "Linkedin"; VariantName = "[No Variations]"
Add component (AddParameter): Name = "ComponentLink1URL"; Value = "https://ir.linkedin.com/in/mahdi-bagherzade"; VariantName = "[No Variations]"
Add component (AddParameter): Name = "Phone Number"; Value = "0915 8700 314"; VariantName = "[No Variations]"
Add component (AddParameter): Name = "Published Date"; Value = "9-15-2024"; VariantName = "[No Variations]"
Add component (AddParameter): Name = "Publisher"; Value = "Mahdi Bagherzadeh"; VariantName = "[No Variations]"
Add component (AddParameter): Name = "Type"; Value = "SMD"; VariantName = "[No Variations]"
Add component (AddParameter): Name = "Value"; Value = "C945"; VariantName = "[No Variations]"
Added Component: Designator=Q4_8(SOT23-312)
Add component (AddParameter): Name = "Code"; Value = "CR"; VariantName = "[No Variations]"
Add component (AddParameter): Name = "ComponentLink1Description"; Value = "Linkedin"; VariantName = "[No Variations]"
Add component (AddParameter): Name = "ComponentLink1URL"; Value = "https://ir.linkedin.com/in/mahdi-bagherzade"; VariantName = "[No Variations]"
Add component (AddParameter): Name = "Phone Number"; Value = "0915 8700 314"; VariantName = "[No Variations]"
Add component (AddParameter): Name = "Published Date"; Value = "9-15-2024"; VariantName = "[No Variations]"
Add component (AddParameter): Name = "Publisher"; Value = "Mahdi Bagherzadeh"; VariantName = "[No Variations]"
Add component (AddParameter): Name = "Type"; Value = "SMD"; VariantName = "[No Variations]"
Add component (AddParameter): Name = "Value"; Value = "C945"; VariantName = "[No Variations]"
Added Component: Designator=Q4_9(SOT23-312)
Add component (AddParameter): Name = "Code"; Value = "CR"; VariantName = "[No Variations]"
Add component (AddParameter): Name = "ComponentLink1Description"; Value = "Linkedin"; VariantName = "[No Variations]"
Add component (AddParameter): Name = "ComponentLink1URL"; Value = "https://ir.linkedin.com/in/mahdi-bagherzade"; VariantName = "[No Variations]"
Add component (AddParameter): Name = "Phone Number"; Value = "0915 8700 314"; VariantName = "[No Variations]"
Add component (AddParameter): Name = "Published Date"; Value = "9-15-2024"; VariantName = "[No Variations]"
Add component (AddParameter): Name = "Publisher"; Value = "Mahdi Bagherzadeh"; VariantName = "[No Variations]"
Add component (AddParameter): Name = "Type"; Value = "SMD"; VariantName = "[No Variations]"
Add component (AddParameter): Name = "Value"; Value = "C945"; VariantName = "[No Variations]"
Added Component: Designator=Q4_10(SOT23-312)
Add component (AddParameter): Name = "Code"; Value = "CR"; VariantName = "[No Variations]"
Add component (AddParameter): Name = "ComponentLink1Description"; Value = "Linkedin"; VariantName = "[No Variations]"
Add component (AddParameter): Name = "ComponentLink1URL"; Value = "https://ir.linkedin.com/in/mahdi-bagherzade"; VariantName = "[No Variations]"
Add component (AddParameter): Name = "Phone Number"; Value = "0915 8700 314"; VariantName = "[No Variations]"
Add component (AddParameter): Name = "Published Date"; Value = "9-15-2024"; VariantName = "[No Variations]"
Add component (AddParameter): Name = "Publisher"; Value = "Mahdi Bagherzadeh"; VariantName = "[No Variations]"
Add component (AddParameter): Name = "Type"; Value = "SMD"; VariantName = "[No Variations]"
Add component (AddParameter): Name = "Value"; Value = "C945"; VariantName = "[No Variations]"
Added Component: Designator=Q4_11(SOT23-312)
Add component (AddParameter): Name = "Code"; Value = "CR"; VariantName = "[No Variations]"
Add component (AddParameter): Name = "ComponentLink1Description"; Value = "Linkedin"; VariantName = "[No Variations]"
Add component (AddParameter): Name = "ComponentLink1URL"; Value = "https://ir.linkedin.com/in/mahdi-bagherzade"; VariantName = "[No Variations]"
Add component (AddParameter): Name = "Phone Number"; Value = "0915 8700 314"; VariantName = "[No Variations]"
Add component (AddParameter): Name = "Published Date"; Value = "9-15-2024"; VariantName = "[No Variations]"
Add component (AddParameter): Name = "Publisher"; Value = "Mahdi Bagherzadeh"; VariantName = "[No Variations]"
Add component (AddParameter): Name = "Type"; Value = "SMD"; VariantName = "[No Variations]"
Add component (AddParameter): Name = "Value"; Value = "C945"; VariantName = "[No Variations]"
Added Component: Designator=Q4_12(SOT23-312)
Add component (AddParameter): Name = "Code"; Value = "CR"; VariantName = "[No Variations]"
Add component (AddParameter): Name = "ComponentLink1Description"; Value = "Linkedin"; VariantName = "[No Variations]"
Add component (AddParameter): Name = "ComponentLink1URL"; Value = "https://ir.linkedin.com/in/mahdi-bagherzade"; VariantName = "[No Variations]"
Add component (AddParameter): Name = "Phone Number"; Value = "0915 8700 314"; VariantName = "[No Variations]"
Add component (AddParameter): Name = "Published Date"; Value = "9-15-2024"; VariantName = "[No Variations]"
Add component (AddParameter): Name = "Publisher"; Value = "Mahdi Bagherzadeh"; VariantName = "[No Variations]"
Add component (AddParameter): Name = "Type"; Value = "SMD"; VariantName = "[No Variations]"
Add component (AddParameter): Name = "Value"; Value = "C945"; VariantName = "[No Variations]"
Added Component: Designator=Q4_13(SOT23-312)
Add component (AddParameter): Name = "Code"; Value = "CR"; VariantName = "[No Variations]"
Add component (AddParameter): Name = "ComponentLink1Description"; Value = "Linkedin"; VariantName = "[No Variations]"
Add component (AddParameter): Name = "ComponentLink1URL"; Value = "https://ir.linkedin.com/in/mahdi-bagherzade"; VariantName = "[No Variations]"
Add component (AddParameter): Name = "Phone Number"; Value = "0915 8700 314"; VariantName = "[No Variations]"
Add component (AddParameter): Name = "Published Date"; Value = "9-15-2024"; VariantName = "[No Variations]"
Add component (AddParameter): Name = "Publisher"; Value = "Mahdi Bagherzadeh"; VariantName = "[No Variations]"
Add component (AddParameter): Name = "Type"; Value = "SMD"; VariantName = "[No Variations]"
Add component (AddParameter): Name = "Value"; Value = "C945"; VariantName = "[No Variations]"
Added Component: Designator=Q4_14(SOT23-312)
Add component (AddParameter): Name = "Code"; Value = "CR"; VariantName = "[No Variations]"
Add component (AddParameter): Name = "ComponentLink1Description"; Value = "Linkedin"; VariantName = "[No Variations]"
Add component (AddParameter): Name = "ComponentLink1URL"; Value = "https://ir.linkedin.com/in/mahdi-bagherzade"; VariantName = "[No Variations]"
Add component (AddParameter): Name = "Phone Number"; Value = "0915 8700 314"; VariantName = "[No Variations]"
Add component (AddParameter): Name = "Published Date"; Value = "9-15-2024"; VariantName = "[No Variations]"
Add component (AddParameter): Name = "Publisher"; Value = "Mahdi Bagherzadeh"; VariantName = "[No Variations]"
Add component (AddParameter): Name = "Type"; Value = "SMD"; VariantName = "[No Variations]"
Add component (AddParameter): Name = "Value"; Value = "C945"; VariantName = "[No Variations]"
Added Component: Designator=Q4_15(SOT23-312)
Add component (AddParameter): Name = "Code"; Value = "CR"; VariantName = "[No Variations]"
Add component (AddParameter): Name = "ComponentLink1Description"; Value = "Linkedin"; VariantName = "[No Variations]"
Add component (AddParameter): Name = "ComponentLink1URL"; Value = "https://ir.linkedin.com/in/mahdi-bagherzade"; VariantName = "[No Variations]"
Add component (AddParameter): Name = "Phone Number"; Value = "0915 8700 314"; VariantName = "[No Variations]"
Add component (AddParameter): Name = "Published Date"; Value = "9-15-2024"; VariantName = "[No Variations]"
Add component (AddParameter): Name = "Publisher"; Value = "Mahdi Bagherzadeh"; VariantName = "[No Variations]"
Add component (AddParameter): Name = "Type"; Value = "SMD"; VariantName = "[No Variations]"
Add component (AddParameter): Name = "Value"; Value = "C945"; VariantName = "[No Variations]"
Added Component: Designator=Q4_16(SOT23-312)
Add component (AddParameter): Name = "Code"; Value = "CR"; VariantName = "[No Variations]"
Add component (AddParameter): Name = "ComponentLink1Description"; Value = "Linkedin"; VariantName = "[No Variations]"
Add component (AddParameter): Name = "ComponentLink1URL"; Value = "https://ir.linkedin.com/in/mahdi-bagherzade"; VariantName = "[No Variations]"
Add component (AddParameter): Name = "Phone Number"; Value = "0915 8700 314"; VariantName = "[No Variations]"
Add component (AddParameter): Name = "Published Date"; Value = "9-15-2024"; VariantName = "[No Variations]"
Add component (AddParameter): Name = "Publisher"; Value = "Mahdi Bagherzadeh"; VariantName = "[No Variations]"
Add component (AddParameter): Name = "Type"; Value = "SMD"; VariantName = "[No Variations]"
Add component (AddParameter): Name = "Value"; Value = "C945"; VariantName = "[No Variations]"
Added Component: Designator=Q4_17(SOT23-312)
Add component (AddParameter): Name = "Code"; Value = "CR"; VariantName = "[No Variations]"
Add component (AddParameter): Name = "ComponentLink1Description"; Value = "Linkedin"; VariantName = "[No Variations]"
Add component (AddParameter): Name = "ComponentLink1URL"; Value = "https://ir.linkedin.com/in/mahdi-bagherzade"; VariantName = "[No Variations]"
Add component (AddParameter): Name = "Phone Number"; Value = "0915 8700 314"; VariantName = "[No Variations]"
Add component (AddParameter): Name = "Published Date"; Value = "9-15-2024"; VariantName = "[No Variations]"
Add component (AddParameter): Name = "Publisher"; Value = "Mahdi Bagherzadeh"; VariantName = "[No Variations]"
Add component (AddParameter): Name = "Type"; Value = "SMD"; VariantName = "[No Variations]"
Add component (AddParameter): Name = "Value"; Value = "C945"; VariantName = "[No Variations]"
Added Component: Designator=Q4_18(SOT23-312)
Add component (AddParameter): Name = "Code"; Value = "CR"; VariantName = "[No Variations]"
Add component (AddParameter): Name = "ComponentLink1Description"; Value = "Linkedin"; VariantName = "[No Variations]"
Add component (AddParameter): Name = "ComponentLink1URL"; Value = "https://ir.linkedin.com/in/mahdi-bagherzade"; VariantName = "[No Variations]"
Add component (AddParameter): Name = "Phone Number"; Value = "0915 8700 314"; VariantName = "[No Variations]"
Add component (AddParameter): Name = "Published Date"; Value = "9-15-2024"; VariantName = "[No Variations]"
Add component (AddParameter): Name = "Publisher"; Value = "Mahdi Bagherzadeh"; VariantName = "[No Variations]"
Add component (AddParameter): Name = "Type"; Value = "SMD"; VariantName = "[No Variations]"
Add component (AddParameter): Name = "Value"; Value = "C945"; VariantName = "[No Variations]"
Added Component: Designator=Q4_19(SOT23-312)
Add component (AddParameter): Name = "Code"; Value = "CR"; VariantName = "[No Variations]"
Add component (AddParameter): Name = "ComponentLink1Description"; Value = "Linkedin"; VariantName = "[No Variations]"
Add component (AddParameter): Name = "ComponentLink1URL"; Value = "https://ir.linkedin.com/in/mahdi-bagherzade"; VariantName = "[No Variations]"
Add component (AddParameter): Name = "Phone Number"; Value = "0915 8700 314"; VariantName = "[No Variations]"
Add component (AddParameter): Name = "Published Date"; Value = "9-15-2024"; VariantName = "[No Variations]"
Add component (AddParameter): Name = "Publisher"; Value = "Mahdi Bagherzadeh"; VariantName = "[No Variations]"
Add component (AddParameter): Name = "Type"; Value = "SMD"; VariantName = "[No Variations]"
Add component (AddParameter): Name = "Value"; Value = "C945"; VariantName = "[No Variations]"
Added Component: Designator=Q4_20(SOT23-312)
Add component (AddParameter): Name = "Code"; Value = "CR"; VariantName = "[No Variations]"
Add component (AddParameter): Name = "ComponentLink1Description"; Value = "Linkedin"; VariantName = "[No Variations]"
Add component (AddParameter): Name = "ComponentLink1URL"; Value = "https://ir.linkedin.com/in/mahdi-bagherzade"; VariantName = "[No Variations]"
Add component (AddParameter): Name = "Phone Number"; Value = "0915 8700 314"; VariantName = "[No Variations]"
Add component (AddParameter): Name = "Published Date"; Value = "9-15-2024"; VariantName = "[No Variations]"
Add component (AddParameter): Name = "Publisher"; Value = "Mahdi Bagherzadeh"; VariantName = "[No Variations]"
Add component (AddParameter): Name = "Type"; Value = "SMD"; VariantName = "[No Variations]"
Add component (AddParameter): Name = "Value"; Value = "C945"; VariantName = "[No Variations]"
Added Component: Designator=Q4_21(SOT23-312)
Add component (AddParameter): Name = "Code"; Value = "CR"; VariantName = "[No Variations]"
Add component (AddParameter): Name = "ComponentLink1Description"; Value = "Linkedin"; VariantName = "[No Variations]"
Add component (AddParameter): Name = "ComponentLink1URL"; Value = "https://ir.linkedin.com/in/mahdi-bagherzade"; VariantName = "[No Variations]"
Add component (AddParameter): Name = "Phone Number"; Value = "0915 8700 314"; VariantName = "[No Variations]"
Add component (AddParameter): Name = "Published Date"; Value = "9-15-2024"; VariantName = "[No Variations]"
Add component (AddParameter): Name = "Publisher"; Value = "Mahdi Bagherzadeh"; VariantName = "[No Variations]"
Add component (AddParameter): Name = "Type"; Value = "SMD"; VariantName = "[No Variations]"
Add component (AddParameter): Name = "Value"; Value = "C945"; VariantName = "[No Variations]"
Added Component: Designator=Q4_22(SOT23-312)
Add component (AddParameter): Name = "Code"; Value = "CR"; VariantName = "[No Variations]"
Add component (AddParameter): Name = "ComponentLink1Description"; Value = "Linkedin"; VariantName = "[No Variations]"
Add component (AddParameter): Name = "ComponentLink1URL"; Value = "https://ir.linkedin.com/in/mahdi-bagherzade"; VariantName = "[No Variations]"
Add component (AddParameter): Name = "Phone Number"; Value = "0915 8700 314"; VariantName = "[No Variations]"
Add component (AddParameter): Name = "Published Date"; Value = "9-15-2024"; VariantName = "[No Variations]"
Add component (AddParameter): Name = "Publisher"; Value = "Mahdi Bagherzadeh"; VariantName = "[No Variations]"
Add component (AddParameter): Name = "Type"; Value = "SMD"; VariantName = "[No Variations]"
Add component (AddParameter): Name = "Value"; Value = "C945"; VariantName = "[No Variations]"
Added Component: Designator=Q4_23(SOT23-312)
Add component (AddParameter): Name = "Code"; Value = "CR"; VariantName = "[No Variations]"
Add component (AddParameter): Name = "ComponentLink1Description"; Value = "Linkedin"; VariantName = "[No Variations]"
Add component (AddParameter): Name = "ComponentLink1URL"; Value = "https://ir.linkedin.com/in/mahdi-bagherzade"; VariantName = "[No Variations]"
Add component (AddParameter): Name = "Phone Number"; Value = "0915 8700 314"; VariantName = "[No Variations]"
Add component (AddParameter): Name = "Published Date"; Value = "9-15-2024"; VariantName = "[No Variations]"
Add component (AddParameter): Name = "Publisher"; Value = "Mahdi Bagherzadeh"; VariantName = "[No Variations]"
Add component (AddParameter): Name = "Type"; Value = "SMD"; VariantName = "[No Variations]"
Add component (AddParameter): Name = "Value"; Value = "C945"; VariantName = "[No Variations]"
Added Component: Designator=Q4_24(SOT23-312)
Add component (AddParameter): Name = "Code"; Value = "CR"; VariantName = "[No Variations]"
Add component (AddParameter): Name = "ComponentLink1Description"; Value = "Linkedin"; VariantName = "[No Variations]"
Add component (AddParameter): Name = "ComponentLink1URL"; Value = "https://ir.linkedin.com/in/mahdi-bagherzade"; VariantName = "[No Variations]"
Add component (AddParameter): Name = "Phone Number"; Value = "0915 8700 314"; VariantName = "[No Variations]"
Add component (AddParameter): Name = "Published Date"; Value = "9-15-2024"; VariantName = "[No Variations]"
Add component (AddParameter): Name = "Publisher"; Value = "Mahdi Bagherzadeh"; VariantName = "[No Variations]"
Add component (AddParameter): Name = "Type"; Value = "SMD"; VariantName = "[No Variations]"
Add component (AddParameter): Name = "Value"; Value = "C945"; VariantName = "[No Variations]"
Added Component: Designator=Q5_1(SOT89-V02)
Add component (AddParameter): Name = "ComponentLink1Description"; Value = "New link"; VariantName = "[No Variations]"
Add component (AddParameter): Name = "ComponentLink1URL"; Value = ""; VariantName = "[No Variations]"
Add component (AddParameter): Name = "Phone Number"; Value = "0"; VariantName = "[No Variations]"
Add component (AddParameter): Name = "Published Date"; Value = "1-6-2026"; VariantName = "[No Variations]"
Add component (AddParameter): Name = "Publisher"; Value = "Fatemeh Imani"; VariantName = "[No Variations]"
Add component (AddParameter): Name = "Type"; Value = "SMD"; VariantName = "[No Variations]"
Add component (AddParameter): Name = "Value"; Value = "ZXTN2010ZTA"; VariantName = "[No Variations]"
Added Component: Designator=Q5_2(SOT89-V02)
Add component (AddParameter): Name = "ComponentLink1Description"; Value = "New link"; VariantName = "[No Variations]"
Add component (AddParameter): Name = "ComponentLink1URL"; Value = ""; VariantName = "[No Variations]"
Add component (AddParameter): Name = "Phone Number"; Value = "0"; VariantName = "[No Variations]"
Add component (AddParameter): Name = "Published Date"; Value = "1-6-2026"; VariantName = "[No Variations]"
Add component (AddParameter): Name = "Publisher"; Value = "Fatemeh Imani"; VariantName = "[No Variations]"
Add component (AddParameter): Name = "Type"; Value = "SMD"; VariantName = "[No Variations]"
Add component (AddParameter): Name = "Value"; Value = "ZXTN2010ZTA"; VariantName = "[No Variations]"
Added Component: Designator=Q5_3(SOT89-V02)
Add component (AddParameter): Name = "ComponentLink1Description"; Value = "New link"; VariantName = "[No Variations]"
Add component (AddParameter): Name = "ComponentLink1URL"; Value = ""; VariantName = "[No Variations]"
Add component (AddParameter): Name = "Phone Number"; Value = "0"; VariantName = "[No Variations]"
Add component (AddParameter): Name = "Published Date"; Value = "1-6-2026"; VariantName = "[No Variations]"
Add component (AddParameter): Name = "Publisher"; Value = "Fatemeh Imani"; VariantName = "[No Variations]"
Add component (AddParameter): Name = "Type"; Value = "SMD"; VariantName = "[No Variations]"
Add component (AddParameter): Name = "Value"; Value = "ZXTN2010ZTA"; VariantName = "[No Variations]"
Added Component: Designator=Q5_4(SOT89-V02)
Add component (AddParameter): Name = "ComponentLink1Description"; Value = "New link"; VariantName = "[No Variations]"
Add component (AddParameter): Name = "ComponentLink1URL"; Value = ""; VariantName = "[No Variations]"
Add component (AddParameter): Name = "Phone Number"; Value = "0"; VariantName = "[No Variations]"
Add component (AddParameter): Name = "Published Date"; Value = "1-6-2026"; VariantName = "[No Variations]"
Add component (AddParameter): Name = "Publisher"; Value = "Fatemeh Imani"; VariantName = "[No Variations]"
Add component (AddParameter): Name = "Type"; Value = "SMD"; VariantName = "[No Variations]"
Add component (AddParameter): Name = "Value"; Value = "ZXTN2010ZTA"; VariantName = "[No Variations]"
Added Component: Designator=Q5_5(SOT89-V02)
Add component (AddParameter): Name = "ComponentLink1Description"; Value = "New link"; VariantName = "[No Variations]"
Add component (AddParameter): Name = "ComponentLink1URL"; Value = ""; VariantName = "[No Variations]"
Add component (AddParameter): Name = "Phone Number"; Value = "0"; VariantName = "[No Variations]"
Add component (AddParameter): Name = "Published Date"; Value = "1-6-2026"; VariantName = "[No Variations]"
Add component (AddParameter): Name = "Publisher"; Value = "Fatemeh Imani"; VariantName = "[No Variations]"
Add component (AddParameter): Name = "Type"; Value = "SMD"; VariantName = "[No Variations]"
Add component (AddParameter): Name = "Value"; Value = "ZXTN2010ZTA"; VariantName = "[No Variations]"
Added Component: Designator=Q5_6(SOT89-V02)
Add component (AddParameter): Name = "ComponentLink1Description"; Value = "New link"; VariantName = "[No Variations]"
Add component (AddParameter): Name = "ComponentLink1URL"; Value = ""; VariantName = "[No Variations]"
Add component (AddParameter): Name = "Phone Number"; Value = "0"; VariantName = "[No Variations]"
Add component (AddParameter): Name = "Published Date"; Value = "1-6-2026"; VariantName = "[No Variations]"
Add component (AddParameter): Name = "Publisher"; Value = "Fatemeh Imani"; VariantName = "[No Variations]"
Add component (AddParameter): Name = "Type"; Value = "SMD"; VariantName = "[No Variations]"
Add component (AddParameter): Name = "Value"; Value = "ZXTN2010ZTA"; VariantName = "[No Variations]"
Added Component: Designator=Q5_7(SOT89-V02)
Add component (AddParameter): Name = "ComponentLink1Description"; Value = "New link"; VariantName = "[No Variations]"
Add component (AddParameter): Name = "ComponentLink1URL"; Value = ""; VariantName = "[No Variations]"
Add component (AddParameter): Name = "Phone Number"; Value = "0"; VariantName = "[No Variations]"
Add component (AddParameter): Name = "Published Date"; Value = "1-6-2026"; VariantName = "[No Variations]"
Add component (AddParameter): Name = "Publisher"; Value = "Fatemeh Imani"; VariantName = "[No Variations]"
Add component (AddParameter): Name = "Type"; Value = "SMD"; VariantName = "[No Variations]"
Add component (AddParameter): Name = "Value"; Value = "ZXTN2010ZTA"; VariantName = "[No Variations]"
Added Component: Designator=Q5_8(SOT89-V02)
Add component (AddParameter): Name = "ComponentLink1Description"; Value = "New link"; VariantName = "[No Variations]"
Add component (AddParameter): Name = "ComponentLink1URL"; Value = ""; VariantName = "[No Variations]"
Add component (AddParameter): Name = "Phone Number"; Value = "0"; VariantName = "[No Variations]"
Add component (AddParameter): Name = "Published Date"; Value = "1-6-2026"; VariantName = "[No Variations]"
Add component (AddParameter): Name = "Publisher"; Value = "Fatemeh Imani"; VariantName = "[No Variations]"
Add component (AddParameter): Name = "Type"; Value = "SMD"; VariantName = "[No Variations]"
Add component (AddParameter): Name = "Value"; Value = "ZXTN2010ZTA"; VariantName = "[No Variations]"
Added Component: Designator=Q5_9(SOT89-V02)
Add component (AddParameter): Name = "ComponentLink1Description"; Value = "New link"; VariantName = "[No Variations]"
Add component (AddParameter): Name = "ComponentLink1URL"; Value = ""; VariantName = "[No Variations]"
Add component (AddParameter): Name = "Phone Number"; Value = "0"; VariantName = "[No Variations]"
Add component (AddParameter): Name = "Published Date"; Value = "1-6-2026"; VariantName = "[No Variations]"
Add component (AddParameter): Name = "Publisher"; Value = "Fatemeh Imani"; VariantName = "[No Variations]"
Add component (AddParameter): Name = "Type"; Value = "SMD"; VariantName = "[No Variations]"
Add component (AddParameter): Name = "Value"; Value = "ZXTN2010ZTA"; VariantName = "[No Variations]"
Added Component: Designator=Q5_10(SOT89-V02)
Add component (AddParameter): Name = "ComponentLink1Description"; Value = "New link"; VariantName = "[No Variations]"
Add component (AddParameter): Name = "ComponentLink1URL"; Value = ""; VariantName = "[No Variations]"
Add component (AddParameter): Name = "Phone Number"; Value = "0"; VariantName = "[No Variations]"
Add component (AddParameter): Name = "Published Date"; Value = "1-6-2026"; VariantName = "[No Variations]"
Add component (AddParameter): Name = "Publisher"; Value = "Fatemeh Imani"; VariantName = "[No Variations]"
Add component (AddParameter): Name = "Type"; Value = "SMD"; VariantName = "[No Variations]"
Add component (AddParameter): Name = "Value"; Value = "ZXTN2010ZTA"; VariantName = "[No Variations]"
Added Component: Designator=Q5_11(SOT89-V02)
Add component (AddParameter): Name = "ComponentLink1Description"; Value = "New link"; VariantName = "[No Variations]"
Add component (AddParameter): Name = "ComponentLink1URL"; Value = ""; VariantName = "[No Variations]"
Add component (AddParameter): Name = "Phone Number"; Value = "0"; VariantName = "[No Variations]"
Add component (AddParameter): Name = "Published Date"; Value = "1-6-2026"; VariantName = "[No Variations]"
Add component (AddParameter): Name = "Publisher"; Value = "Fatemeh Imani"; VariantName = "[No Variations]"
Add component (AddParameter): Name = "Type"; Value = "SMD"; VariantName = "[No Variations]"
Add component (AddParameter): Name = "Value"; Value = "ZXTN2010ZTA"; VariantName = "[No Variations]"
Added Component: Designator=Q5_12(SOT89-V02)
Add component (AddParameter): Name = "ComponentLink1Description"; Value = "New link"; VariantName = "[No Variations]"
Add component (AddParameter): Name = "ComponentLink1URL"; Value = ""; VariantName = "[No Variations]"
Add component (AddParameter): Name = "Phone Number"; Value = "0"; VariantName = "[No Variations]"
Add component (AddParameter): Name = "Published Date"; Value = "1-6-2026"; VariantName = "[No Variations]"
Add component (AddParameter): Name = "Publisher"; Value = "Fatemeh Imani"; VariantName = "[No Variations]"
Add component (AddParameter): Name = "Type"; Value = "SMD"; VariantName = "[No Variations]"
Add component (AddParameter): Name = "Value"; Value = "ZXTN2010ZTA"; VariantName = "[No Variations]"
Added Component: Designator=Q5_13(SOT89-V02)
Add component (AddParameter): Name = "ComponentLink1Description"; Value = "New link"; VariantName = "[No Variations]"
Add component (AddParameter): Name = "ComponentLink1URL"; Value = ""; VariantName = "[No Variations]"
Add component (AddParameter): Name = "Phone Number"; Value = "0"; VariantName = "[No Variations]"
Add component (AddParameter): Name = "Published Date"; Value = "1-6-2026"; VariantName = "[No Variations]"
Add component (AddParameter): Name = "Publisher"; Value = "Fatemeh Imani"; VariantName = "[No Variations]"
Add component (AddParameter): Name = "Type"; Value = "SMD"; VariantName = "[No Variations]"
Add component (AddParameter): Name = "Value"; Value = "ZXTN2010ZTA"; VariantName = "[No Variations]"
Added Component: Designator=Q5_14(SOT89-V02)
Add component (AddParameter): Name = "ComponentLink1Description"; Value = "New link"; VariantName = "[No Variations]"
Add component (AddParameter): Name = "ComponentLink1URL"; Value = ""; VariantName = "[No Variations]"
Add component (AddParameter): Name = "Phone Number"; Value = "0"; VariantName = "[No Variations]"
Add component (AddParameter): Name = "Published Date"; Value = "1-6-2026"; VariantName = "[No Variations]"
Add component (AddParameter): Name = "Publisher"; Value = "Fatemeh Imani"; VariantName = "[No Variations]"
Add component (AddParameter): Name = "Type"; Value = "SMD"; VariantName = "[No Variations]"
Add component (AddParameter): Name = "Value"; Value = "ZXTN2010ZTA"; VariantName = "[No Variations]"
Added Component: Designator=Q5_15(SOT89-V02)
Add component (AddParameter): Name = "ComponentLink1Description"; Value = "New link"; VariantName = "[No Variations]"
Add component (AddParameter): Name = "ComponentLink1URL"; Value = ""; VariantName = "[No Variations]"
Add component (AddParameter): Name = "Phone Number"; Value = "0"; VariantName = "[No Variations]"
Add component (AddParameter): Name = "Published Date"; Value = "1-6-2026"; VariantName = "[No Variations]"
Add component (AddParameter): Name = "Publisher"; Value = "Fatemeh Imani"; VariantName = "[No Variations]"
Add component (AddParameter): Name = "Type"; Value = "SMD"; VariantName = "[No Variations]"
Add component (AddParameter): Name = "Value"; Value = "ZXTN2010ZTA"; VariantName = "[No Variations]"
Added Component: Designator=Q5_16(SOT89-V02)
Add component (AddParameter): Name = "ComponentLink1Description"; Value = "New link"; VariantName = "[No Variations]"
Add component (AddParameter): Name = "ComponentLink1URL"; Value = ""; VariantName = "[No Variations]"
Add component (AddParameter): Name = "Phone Number"; Value = "0"; VariantName = "[No Variations]"
Add component (AddParameter): Name = "Published Date"; Value = "1-6-2026"; VariantName = "[No Variations]"
Add component (AddParameter): Name = "Publisher"; Value = "Fatemeh Imani"; VariantName = "[No Variations]"
Add component (AddParameter): Name = "Type"; Value = "SMD"; VariantName = "[No Variations]"
Add component (AddParameter): Name = "Value"; Value = "ZXTN2010ZTA"; VariantName = "[No Variations]"
Added Component: Designator=Q5_17(SOT89-V02)
Add component (AddParameter): Name = "ComponentLink1Description"; Value = "New link"; VariantName = "[No Variations]"
Add component (AddParameter): Name = "ComponentLink1URL"; Value = ""; VariantName = "[No Variations]"
Add component (AddParameter): Name = "Phone Number"; Value = "0"; VariantName = "[No Variations]"
Add component (AddParameter): Name = "Published Date"; Value = "1-6-2026"; VariantName = "[No Variations]"
Add component (AddParameter): Name = "Publisher"; Value = "Fatemeh Imani"; VariantName = "[No Variations]"
Add component (AddParameter): Name = "Type"; Value = "SMD"; VariantName = "[No Variations]"
Add component (AddParameter): Name = "Value"; Value = "ZXTN2010ZTA"; VariantName = "[No Variations]"
Added Component: Designator=Q5_18(SOT89-V02)
Add component (AddParameter): Name = "ComponentLink1Description"; Value = "New link"; VariantName = "[No Variations]"
Add component (AddParameter): Name = "ComponentLink1URL"; Value = ""; VariantName = "[No Variations]"
Add component (AddParameter): Name = "Phone Number"; Value = "0"; VariantName = "[No Variations]"
Add component (AddParameter): Name = "Published Date"; Value = "1-6-2026"; VariantName = "[No Variations]"
Add component (AddParameter): Name = "Publisher"; Value = "Fatemeh Imani"; VariantName = "[No Variations]"
Add component (AddParameter): Name = "Type"; Value = "SMD"; VariantName = "[No Variations]"
Add component (AddParameter): Name = "Value"; Value = "ZXTN2010ZTA"; VariantName = "[No Variations]"
Added Component: Designator=Q5_19(SOT89-V02)
Add component (AddParameter): Name = "ComponentLink1Description"; Value = "New link"; VariantName = "[No Variations]"
Add component (AddParameter): Name = "ComponentLink1URL"; Value = ""; VariantName = "[No Variations]"
Add component (AddParameter): Name = "Phone Number"; Value = "0"; VariantName = "[No Variations]"
Add component (AddParameter): Name = "Published Date"; Value = "1-6-2026"; VariantName = "[No Variations]"
Add component (AddParameter): Name = "Publisher"; Value = "Fatemeh Imani"; VariantName = "[No Variations]"
Add component (AddParameter): Name = "Type"; Value = "SMD"; VariantName = "[No Variations]"
Add component (AddParameter): Name = "Value"; Value = "ZXTN2010ZTA"; VariantName = "[No Variations]"
Added Component: Designator=Q5_20(SOT89-V02)
Add component (AddParameter): Name = "ComponentLink1Description"; Value = "New link"; VariantName = "[No Variations]"
Add component (AddParameter): Name = "ComponentLink1URL"; Value = ""; VariantName = "[No Variations]"
Add component (AddParameter): Name = "Phone Number"; Value = "0"; VariantName = "[No Variations]"
Add component (AddParameter): Name = "Published Date"; Value = "1-6-2026"; VariantName = "[No Variations]"
Add component (AddParameter): Name = "Publisher"; Value = "Fatemeh Imani"; VariantName = "[No Variations]"
Add component (AddParameter): Name = "Type"; Value = "SMD"; VariantName = "[No Variations]"
Add component (AddParameter): Name = "Value"; Value = "ZXTN2010ZTA"; VariantName = "[No Variations]"
Added Component: Designator=Q5_21(SOT89-V02)
Add component (AddParameter): Name = "ComponentLink1Description"; Value = "New link"; VariantName = "[No Variations]"
Add component (AddParameter): Name = "ComponentLink1URL"; Value = ""; VariantName = "[No Variations]"
Add component (AddParameter): Name = "Phone Number"; Value = "0"; VariantName = "[No Variations]"
Add component (AddParameter): Name = "Published Date"; Value = "1-6-2026"; VariantName = "[No Variations]"
Add component (AddParameter): Name = "Publisher"; Value = "Fatemeh Imani"; VariantName = "[No Variations]"
Add component (AddParameter): Name = "Type"; Value = "SMD"; VariantName = "[No Variations]"
Add component (AddParameter): Name = "Value"; Value = "ZXTN2010ZTA"; VariantName = "[No Variations]"
Added Component: Designator=Q5_22(SOT89-V02)
Add component (AddParameter): Name = "ComponentLink1Description"; Value = "New link"; VariantName = "[No Variations]"
Add component (AddParameter): Name = "ComponentLink1URL"; Value = ""; VariantName = "[No Variations]"
Add component (AddParameter): Name = "Phone Number"; Value = "0"; VariantName = "[No Variations]"
Add component (AddParameter): Name = "Published Date"; Value = "1-6-2026"; VariantName = "[No Variations]"
Add component (AddParameter): Name = "Publisher"; Value = "Fatemeh Imani"; VariantName = "[No Variations]"
Add component (AddParameter): Name = "Type"; Value = "SMD"; VariantName = "[No Variations]"
Add component (AddParameter): Name = "Value"; Value = "ZXTN2010ZTA"; VariantName = "[No Variations]"
Added Component: Designator=Q5_23(SOT89-V02)
Add component (AddParameter): Name = "ComponentLink1Description"; Value = "New link"; VariantName = "[No Variations]"
Add component (AddParameter): Name = "ComponentLink1URL"; Value = ""; VariantName = "[No Variations]"
Add component (AddParameter): Name = "Phone Number"; Value = "0"; VariantName = "[No Variations]"
Add component (AddParameter): Name = "Published Date"; Value = "1-6-2026"; VariantName = "[No Variations]"
Add component (AddParameter): Name = "Publisher"; Value = "Fatemeh Imani"; VariantName = "[No Variations]"
Add component (AddParameter): Name = "Type"; Value = "SMD"; VariantName = "[No Variations]"
Add component (AddParameter): Name = "Value"; Value = "ZXTN2010ZTA"; VariantName = "[No Variations]"
Added Component: Designator=Q5_24(SOT89-V02)
Add component (AddParameter): Name = "ComponentLink1Description"; Value = "New link"; VariantName = "[No Variations]"
Add component (AddParameter): Name = "ComponentLink1URL"; Value = ""; VariantName = "[No Variations]"
Add component (AddParameter): Name = "Phone Number"; Value = "0"; VariantName = "[No Variations]"
Add component (AddParameter): Name = "Published Date"; Value = "1-6-2026"; VariantName = "[No Variations]"
Add component (AddParameter): Name = "Publisher"; Value = "Fatemeh Imani"; VariantName = "[No Variations]"
Add component (AddParameter): Name = "Type"; Value = "SMD"; VariantName = "[No Variations]"
Add component (AddParameter): Name = "Value"; Value = "ZXTN2010ZTA"; VariantName = "[No Variations]"
Added Component: Designator=R1_1(R-0805)
Add component (AddParameter): Name = "ComponentLink1Description"; Value = "Linkedin"; VariantName = "[No Variations]"
Add component (AddParameter): Name = "ComponentLink1URL"; Value = "https://ir.linkedin.com/in/mahdi-bagherzade"; VariantName = "[No Variations]"
Add component (AddParameter): Name = "Phone Number"; Value = "0915 8700 314"; VariantName = "[No Variations]"
Add component (AddParameter): Name = "Power"; Value = "1/8W"; VariantName = "[No Variations]"
Add component (AddParameter): Name = "Published Date"; Value = "9-15-2024"; VariantName = "[No Variations]"
Add component (AddParameter): Name = "Publisher"; Value = "Mahdi Bagherzadeh"; VariantName = "[No Variations]"
Add component (AddParameter): Name = "Tolerance"; Value = "5%"; VariantName = "[No Variations]"
Add component (AddParameter): Name = "Value"; Value = "10K"; VariantName = "[No Variations]"
Added Component: Designator=R1_2(R-0805)
Add component (AddParameter): Name = "ComponentLink1Description"; Value = "Linkedin"; VariantName = "[No Variations]"
Add component (AddParameter): Name = "ComponentLink1URL"; Value = "https://ir.linkedin.com/in/mahdi-bagherzade"; VariantName = "[No Variations]"
Add component (AddParameter): Name = "Phone Number"; Value = "0915 8700 314"; VariantName = "[No Variations]"
Add component (AddParameter): Name = "Power"; Value = "1/8W"; VariantName = "[No Variations]"
Add component (AddParameter): Name = "Published Date"; Value = "9-15-2024"; VariantName = "[No Variations]"
Add component (AddParameter): Name = "Publisher"; Value = "Mahdi Bagherzadeh"; VariantName = "[No Variations]"
Add component (AddParameter): Name = "Tolerance"; Value = "5%"; VariantName = "[No Variations]"
Add component (AddParameter): Name = "Value"; Value = "10K"; VariantName = "[No Variations]"
Added Component: Designator=R1_3(R-0805)
Add component (AddParameter): Name = "ComponentLink1Description"; Value = "Linkedin"; VariantName = "[No Variations]"
Add component (AddParameter): Name = "ComponentLink1URL"; Value = "https://ir.linkedin.com/in/mahdi-bagherzade"; VariantName = "[No Variations]"
Add component (AddParameter): Name = "Phone Number"; Value = "0915 8700 314"; VariantName = "[No Variations]"
Add component (AddParameter): Name = "Power"; Value = "1/8W"; VariantName = "[No Variations]"
Add component (AddParameter): Name = "Published Date"; Value = "9-15-2024"; VariantName = "[No Variations]"
Add component (AddParameter): Name = "Publisher"; Value = "Mahdi Bagherzadeh"; VariantName = "[No Variations]"
Add component (AddParameter): Name = "Tolerance"; Value = "5%"; VariantName = "[No Variations]"
Add component (AddParameter): Name = "Value"; Value = "10K"; VariantName = "[No Variations]"
Added Component: Designator=R2_1(R-0805)
Add component (AddParameter): Name = "ComponentLink1Description"; Value = "Linkedin"; VariantName = "[No Variations]"
Add component (AddParameter): Name = "ComponentLink1URL"; Value = "https://ir.linkedin.com/in/mahdi-bagherzade"; VariantName = "[No Variations]"
Add component (AddParameter): Name = "Phone Number"; Value = "0915 8700 314"; VariantName = "[No Variations]"
Add component (AddParameter): Name = "Power"; Value = "1/8W"; VariantName = "[No Variations]"
Add component (AddParameter): Name = "Published Date"; Value = "9-15-2024"; VariantName = "[No Variations]"
Add component (AddParameter): Name = "Publisher"; Value = "Mahdi Bagherzadeh"; VariantName = "[No Variations]"
Add component (AddParameter): Name = "Tolerance"; Value = "5%"; VariantName = "[No Variations]"
Add component (AddParameter): Name = "Type"; Value = "SMD"; VariantName = "[No Variations]"
Add component (AddParameter): Name = "Value"; Value = "2.2K"; VariantName = "[No Variations]"
Added Component: Designator=R2_2(R-0805)
Add component (AddParameter): Name = "ComponentLink1Description"; Value = "Linkedin"; VariantName = "[No Variations]"
Add component (AddParameter): Name = "ComponentLink1URL"; Value = "https://ir.linkedin.com/in/mahdi-bagherzade"; VariantName = "[No Variations]"
Add component (AddParameter): Name = "Phone Number"; Value = "0915 8700 314"; VariantName = "[No Variations]"
Add component (AddParameter): Name = "Power"; Value = "1/8W"; VariantName = "[No Variations]"
Add component (AddParameter): Name = "Published Date"; Value = "9-15-2024"; VariantName = "[No Variations]"
Add component (AddParameter): Name = "Publisher"; Value = "Mahdi Bagherzadeh"; VariantName = "[No Variations]"
Add component (AddParameter): Name = "Tolerance"; Value = "5%"; VariantName = "[No Variations]"
Add component (AddParameter): Name = "Type"; Value = "SMD"; VariantName = "[No Variations]"
Add component (AddParameter): Name = "Value"; Value = "2.2K"; VariantName = "[No Variations]"
Added Component: Designator=R2_3(R-0805)
Add component (AddParameter): Name = "ComponentLink1Description"; Value = "Linkedin"; VariantName = "[No Variations]"
Add component (AddParameter): Name = "ComponentLink1URL"; Value = "https://ir.linkedin.com/in/mahdi-bagherzade"; VariantName = "[No Variations]"
Add component (AddParameter): Name = "Phone Number"; Value = "0915 8700 314"; VariantName = "[No Variations]"
Add component (AddParameter): Name = "Power"; Value = "1/8W"; VariantName = "[No Variations]"
Add component (AddParameter): Name = "Published Date"; Value = "9-15-2024"; VariantName = "[No Variations]"
Add component (AddParameter): Name = "Publisher"; Value = "Mahdi Bagherzadeh"; VariantName = "[No Variations]"
Add component (AddParameter): Name = "Tolerance"; Value = "5%"; VariantName = "[No Variations]"
Add component (AddParameter): Name = "Type"; Value = "SMD"; VariantName = "[No Variations]"
Add component (AddParameter): Name = "Value"; Value = "2.2K"; VariantName = "[No Variations]"
Added Component: Designator=R2_4(R-0805)
Add component (AddParameter): Name = "ComponentLink1Description"; Value = "Linkedin"; VariantName = "[No Variations]"
Add component (AddParameter): Name = "ComponentLink1URL"; Value = "https://ir.linkedin.com/in/mahdi-bagherzade"; VariantName = "[No Variations]"
Add component (AddParameter): Name = "Phone Number"; Value = "0915 8700 314"; VariantName = "[No Variations]"
Add component (AddParameter): Name = "Power"; Value = "1/8W"; VariantName = "[No Variations]"
Add component (AddParameter): Name = "Published Date"; Value = "9-15-2024"; VariantName = "[No Variations]"
Add component (AddParameter): Name = "Publisher"; Value = "Mahdi Bagherzadeh"; VariantName = "[No Variations]"
Add component (AddParameter): Name = "Tolerance"; Value = "5%"; VariantName = "[No Variations]"
Add component (AddParameter): Name = "Type"; Value = "SMD"; VariantName = "[No Variations]"
Add component (AddParameter): Name = "Value"; Value = "2.2K"; VariantName = "[No Variations]"
Added Component: Designator=R3_1(R-0805)
Add component (AddParameter): Name = "ComponentLink1Description"; Value = "Linkedin"; VariantName = "[No Variations]"
Add component (AddParameter): Name = "ComponentLink1URL"; Value = "https://ir.linkedin.com/in/mahdi-bagherzade"; VariantName = "[No Variations]"
Add component (AddParameter): Name = "Phone Number"; Value = "0915 8700 314"; VariantName = "[No Variations]"
Add component (AddParameter): Name = "Power"; Value = "1/8W"; VariantName = "[No Variations]"
Add component (AddParameter): Name = "Published Date"; Value = "9-15-2024"; VariantName = "[No Variations]"
Add component (AddParameter): Name = "Publisher"; Value = "Mahdi Bagherzadeh"; VariantName = "[No Variations]"
Add component (AddParameter): Name = "Tolerance"; Value = "5%"; VariantName = "[No Variations]"
Add component (AddParameter): Name = "Type"; Value = "SMD"; VariantName = "[No Variations]"
Add component (AddParameter): Name = "Value"; Value = "1K"; VariantName = "[No Variations]"
Added Component: Designator=R3_2(R-0805)
Add component (AddParameter): Name = "ComponentLink1Description"; Value = "Linkedin"; VariantName = "[No Variations]"
Add component (AddParameter): Name = "ComponentLink1URL"; Value = "https://ir.linkedin.com/in/mahdi-bagherzade"; VariantName = "[No Variations]"
Add component (AddParameter): Name = "Phone Number"; Value = "0915 8700 314"; VariantName = "[No Variations]"
Add component (AddParameter): Name = "Power"; Value = "1/8W"; VariantName = "[No Variations]"
Add component (AddParameter): Name = "Published Date"; Value = "9-15-2024"; VariantName = "[No Variations]"
Add component (AddParameter): Name = "Publisher"; Value = "Mahdi Bagherzadeh"; VariantName = "[No Variations]"
Add component (AddParameter): Name = "Tolerance"; Value = "5%"; VariantName = "[No Variations]"
Add component (AddParameter): Name = "Type"; Value = "SMD"; VariantName = "[No Variations]"
Add component (AddParameter): Name = "Value"; Value = "1K"; VariantName = "[No Variations]"
Added Component: Designator=R3_3(R-0805)
Add component (AddParameter): Name = "ComponentLink1Description"; Value = "Linkedin"; VariantName = "[No Variations]"
Add component (AddParameter): Name = "ComponentLink1URL"; Value = "https://ir.linkedin.com/in/mahdi-bagherzade"; VariantName = "[No Variations]"
Add component (AddParameter): Name = "Phone Number"; Value = "0915 8700 314"; VariantName = "[No Variations]"
Add component (AddParameter): Name = "Power"; Value = "1/8W"; VariantName = "[No Variations]"
Add component (AddParameter): Name = "Published Date"; Value = "9-15-2024"; VariantName = "[No Variations]"
Add component (AddParameter): Name = "Publisher"; Value = "Mahdi Bagherzadeh"; VariantName = "[No Variations]"
Add component (AddParameter): Name = "Tolerance"; Value = "5%"; VariantName = "[No Variations]"
Add component (AddParameter): Name = "Type"; Value = "SMD"; VariantName = "[No Variations]"
Add component (AddParameter): Name = "Value"; Value = "1K"; VariantName = "[No Variations]"
Added Component: Designator=R3_4(R-0805)
Add component (AddParameter): Name = "ComponentLink1Description"; Value = "Linkedin"; VariantName = "[No Variations]"
Add component (AddParameter): Name = "ComponentLink1URL"; Value = "https://ir.linkedin.com/in/mahdi-bagherzade"; VariantName = "[No Variations]"
Add component (AddParameter): Name = "Phone Number"; Value = "0915 8700 314"; VariantName = "[No Variations]"
Add component (AddParameter): Name = "Power"; Value = "1/8W"; VariantName = "[No Variations]"
Add component (AddParameter): Name = "Published Date"; Value = "9-15-2024"; VariantName = "[No Variations]"
Add component (AddParameter): Name = "Publisher"; Value = "Mahdi Bagherzadeh"; VariantName = "[No Variations]"
Add component (AddParameter): Name = "Tolerance"; Value = "5%"; VariantName = "[No Variations]"
Add component (AddParameter): Name = "Type"; Value = "SMD"; VariantName = "[No Variations]"
Add component (AddParameter): Name = "Value"; Value = "1K"; VariantName = "[No Variations]"
Added Component: Designator=R4_1(R-0805)
Add component (AddParameter): Name = "ComponentLink1Description"; Value = "Linkedin"; VariantName = "[No Variations]"
Add component (AddParameter): Name = "ComponentLink1URL"; Value = "https://ir.linkedin.com/in/mahdi-bagherzade"; VariantName = "[No Variations]"
Add component (AddParameter): Name = "Phone Number"; Value = "0915 8700 314"; VariantName = "[No Variations]"
Add component (AddParameter): Name = "Power"; Value = "1/8W"; VariantName = "[No Variations]"
Add component (AddParameter): Name = "Published Date"; Value = "9-15-2024"; VariantName = "[No Variations]"
Add component (AddParameter): Name = "Publisher"; Value = "Mahdi Bagherzadeh"; VariantName = "[No Variations]"
Add component (AddParameter): Name = "Tolerance"; Value = "5%"; VariantName = "[No Variations]"
Add component (AddParameter): Name = "Type"; Value = "SMD"; VariantName = "[No Variations]"
Add component (AddParameter): Name = "Value"; Value = "10K"; VariantName = "[No Variations]"
Added Component: Designator=R4_2(R-0805)
Add component (AddParameter): Name = "ComponentLink1Description"; Value = "Linkedin"; VariantName = "[No Variations]"
Add component (AddParameter): Name = "ComponentLink1URL"; Value = "https://ir.linkedin.com/in/mahdi-bagherzade"; VariantName = "[No Variations]"
Add component (AddParameter): Name = "Phone Number"; Value = "0915 8700 314"; VariantName = "[No Variations]"
Add component (AddParameter): Name = "Power"; Value = "1/8W"; VariantName = "[No Variations]"
Add component (AddParameter): Name = "Published Date"; Value = "9-15-2024"; VariantName = "[No Variations]"
Add component (AddParameter): Name = "Publisher"; Value = "Mahdi Bagherzadeh"; VariantName = "[No Variations]"
Add component (AddParameter): Name = "Tolerance"; Value = "5%"; VariantName = "[No Variations]"
Add component (AddParameter): Name = "Type"; Value = "SMD"; VariantName = "[No Variations]"
Add component (AddParameter): Name = "Value"; Value = "10K"; VariantName = "[No Variations]"
Added Component: Designator=R4_3(R-0805)
Add component (AddParameter): Name = "ComponentLink1Description"; Value = "Linkedin"; VariantName = "[No Variations]"
Add component (AddParameter): Name = "ComponentLink1URL"; Value = "https://ir.linkedin.com/in/mahdi-bagherzade"; VariantName = "[No Variations]"
Add component (AddParameter): Name = "Phone Number"; Value = "0915 8700 314"; VariantName = "[No Variations]"
Add component (AddParameter): Name = "Power"; Value = "1/8W"; VariantName = "[No Variations]"
Add component (AddParameter): Name = "Published Date"; Value = "9-15-2024"; VariantName = "[No Variations]"
Add component (AddParameter): Name = "Publisher"; Value = "Mahdi Bagherzadeh"; VariantName = "[No Variations]"
Add component (AddParameter): Name = "Tolerance"; Value = "5%"; VariantName = "[No Variations]"
Add component (AddParameter): Name = "Type"; Value = "SMD"; VariantName = "[No Variations]"
Add component (AddParameter): Name = "Value"; Value = "10K"; VariantName = "[No Variations]"
Added Component: Designator=R4_4(R-0805)
Add component (AddParameter): Name = "ComponentLink1Description"; Value = "Linkedin"; VariantName = "[No Variations]"
Add component (AddParameter): Name = "ComponentLink1URL"; Value = "https://ir.linkedin.com/in/mahdi-bagherzade"; VariantName = "[No Variations]"
Add component (AddParameter): Name = "Phone Number"; Value = "0915 8700 314"; VariantName = "[No Variations]"
Add component (AddParameter): Name = "Power"; Value = "1/8W"; VariantName = "[No Variations]"
Add component (AddParameter): Name = "Published Date"; Value = "9-15-2024"; VariantName = "[No Variations]"
Add component (AddParameter): Name = "Publisher"; Value = "Mahdi Bagherzadeh"; VariantName = "[No Variations]"
Add component (AddParameter): Name = "Tolerance"; Value = "5%"; VariantName = "[No Variations]"
Add component (AddParameter): Name = "Type"; Value = "SMD"; VariantName = "[No Variations]"
Add component (AddParameter): Name = "Value"; Value = "10K"; VariantName = "[No Variations]"
Added Component: Designator=R5_1(R-0805)
Add component (AddParameter): Name = "ComponentLink1Description"; Value = "Linkedin"; VariantName = "[No Variations]"
Add component (AddParameter): Name = "ComponentLink1URL"; Value = "https://ir.linkedin.com/in/mahdi-bagherzade"; VariantName = "[No Variations]"
Add component (AddParameter): Name = "Phone Number"; Value = "0915 8700 314"; VariantName = "[No Variations]"
Add component (AddParameter): Name = "Power"; Value = "1/8W"; VariantName = "[No Variations]"
Add component (AddParameter): Name = "Published Date"; Value = "9-15-2024"; VariantName = "[No Variations]"
Add component (AddParameter): Name = "Publisher"; Value = "Mahdi Bagherzadeh"; VariantName = "[No Variations]"
Add component (AddParameter): Name = "Tolerance"; Value = "5%"; VariantName = "[No Variations]"
Add component (AddParameter): Name = "Type"; Value = "SMD"; VariantName = "[No Variations]"
Add component (AddParameter): Name = "Value"; Value = "1K"; VariantName = "[No Variations]"
Added Component: Designator=R5_2(R-0805)
Add component (AddParameter): Name = "ComponentLink1Description"; Value = "Linkedin"; VariantName = "[No Variations]"
Add component (AddParameter): Name = "ComponentLink1URL"; Value = "https://ir.linkedin.com/in/mahdi-bagherzade"; VariantName = "[No Variations]"
Add component (AddParameter): Name = "Phone Number"; Value = "0915 8700 314"; VariantName = "[No Variations]"
Add component (AddParameter): Name = "Power"; Value = "1/8W"; VariantName = "[No Variations]"
Add component (AddParameter): Name = "Published Date"; Value = "9-15-2024"; VariantName = "[No Variations]"
Add component (AddParameter): Name = "Publisher"; Value = "Mahdi Bagherzadeh"; VariantName = "[No Variations]"
Add component (AddParameter): Name = "Tolerance"; Value = "5%"; VariantName = "[No Variations]"
Add component (AddParameter): Name = "Type"; Value = "SMD"; VariantName = "[No Variations]"
Add component (AddParameter): Name = "Value"; Value = "1K"; VariantName = "[No Variations]"
Added Component: Designator=R5_3(R-0805)
Add component (AddParameter): Name = "ComponentLink1Description"; Value = "Linkedin"; VariantName = "[No Variations]"
Add component (AddParameter): Name = "ComponentLink1URL"; Value = "https://ir.linkedin.com/in/mahdi-bagherzade"; VariantName = "[No Variations]"
Add component (AddParameter): Name = "Phone Number"; Value = "0915 8700 314"; VariantName = "[No Variations]"
Add component (AddParameter): Name = "Power"; Value = "1/8W"; VariantName = "[No Variations]"
Add component (AddParameter): Name = "Published Date"; Value = "9-15-2024"; VariantName = "[No Variations]"
Add component (AddParameter): Name = "Publisher"; Value = "Mahdi Bagherzadeh"; VariantName = "[No Variations]"
Add component (AddParameter): Name = "Tolerance"; Value = "5%"; VariantName = "[No Variations]"
Add component (AddParameter): Name = "Type"; Value = "SMD"; VariantName = "[No Variations]"
Add component (AddParameter): Name = "Value"; Value = "1K"; VariantName = "[No Variations]"
Added Component: Designator=R5_4(R-0805)
Add component (AddParameter): Name = "ComponentLink1Description"; Value = "Linkedin"; VariantName = "[No Variations]"
Add component (AddParameter): Name = "ComponentLink1URL"; Value = "https://ir.linkedin.com/in/mahdi-bagherzade"; VariantName = "[No Variations]"
Add component (AddParameter): Name = "Phone Number"; Value = "0915 8700 314"; VariantName = "[No Variations]"
Add component (AddParameter): Name = "Power"; Value = "1/8W"; VariantName = "[No Variations]"
Add component (AddParameter): Name = "Published Date"; Value = "9-15-2024"; VariantName = "[No Variations]"
Add component (AddParameter): Name = "Publisher"; Value = "Mahdi Bagherzadeh"; VariantName = "[No Variations]"
Add component (AddParameter): Name = "Tolerance"; Value = "5%"; VariantName = "[No Variations]"
Add component (AddParameter): Name = "Type"; Value = "SMD"; VariantName = "[No Variations]"
Add component (AddParameter): Name = "Value"; Value = "1K"; VariantName = "[No Variations]"
Added Component: Designator=R6_1(R-0805)
Add component (AddParameter): Name = "ComponentLink1Description"; Value = "Linkedin"; VariantName = "[No Variations]"
Add component (AddParameter): Name = "ComponentLink1URL"; Value = "https://ir.linkedin.com/in/mahdi-bagherzade"; VariantName = "[No Variations]"
Add component (AddParameter): Name = "Phone Number"; Value = "0915 8700 314"; VariantName = "[No Variations]"
Add component (AddParameter): Name = "Power"; Value = "1/8W"; VariantName = "[No Variations]"
Add component (AddParameter): Name = "Published Date"; Value = "9-15-2024"; VariantName = "[No Variations]"
Add component (AddParameter): Name = "Publisher"; Value = "Mahdi Bagherzadeh"; VariantName = "[No Variations]"
Add component (AddParameter): Name = "Tolerance"; Value = "5%"; VariantName = "[No Variations]"
Add component (AddParameter): Name = "Type"; Value = "SMD"; VariantName = "[No Variations]"
Add component (AddParameter): Name = "Value"; Value = "10K"; VariantName = "[No Variations]"
Added Component: Designator=R6_2(R-0805)
Add component (AddParameter): Name = "ComponentLink1Description"; Value = "Linkedin"; VariantName = "[No Variations]"
Add component (AddParameter): Name = "ComponentLink1URL"; Value = "https://ir.linkedin.com/in/mahdi-bagherzade"; VariantName = "[No Variations]"
Add component (AddParameter): Name = "Phone Number"; Value = "0915 8700 314"; VariantName = "[No Variations]"
Add component (AddParameter): Name = "Power"; Value = "1/8W"; VariantName = "[No Variations]"
Add component (AddParameter): Name = "Published Date"; Value = "9-15-2024"; VariantName = "[No Variations]"
Add component (AddParameter): Name = "Publisher"; Value = "Mahdi Bagherzadeh"; VariantName = "[No Variations]"
Add component (AddParameter): Name = "Tolerance"; Value = "5%"; VariantName = "[No Variations]"
Add component (AddParameter): Name = "Type"; Value = "SMD"; VariantName = "[No Variations]"
Add component (AddParameter): Name = "Value"; Value = "10K"; VariantName = "[No Variations]"
Added Component: Designator=R6_3(R-0805)
Add component (AddParameter): Name = "ComponentLink1Description"; Value = "Linkedin"; VariantName = "[No Variations]"
Add component (AddParameter): Name = "ComponentLink1URL"; Value = "https://ir.linkedin.com/in/mahdi-bagherzade"; VariantName = "[No Variations]"
Add component (AddParameter): Name = "Phone Number"; Value = "0915 8700 314"; VariantName = "[No Variations]"
Add component (AddParameter): Name = "Power"; Value = "1/8W"; VariantName = "[No Variations]"
Add component (AddParameter): Name = "Published Date"; Value = "9-15-2024"; VariantName = "[No Variations]"
Add component (AddParameter): Name = "Publisher"; Value = "Mahdi Bagherzadeh"; VariantName = "[No Variations]"
Add component (AddParameter): Name = "Tolerance"; Value = "5%"; VariantName = "[No Variations]"
Add component (AddParameter): Name = "Type"; Value = "SMD"; VariantName = "[No Variations]"
Add component (AddParameter): Name = "Value"; Value = "10K"; VariantName = "[No Variations]"
Added Component: Designator=R6_4(R-0805)
Add component (AddParameter): Name = "ComponentLink1Description"; Value = "Linkedin"; VariantName = "[No Variations]"
Add component (AddParameter): Name = "ComponentLink1URL"; Value = "https://ir.linkedin.com/in/mahdi-bagherzade"; VariantName = "[No Variations]"
Add component (AddParameter): Name = "Phone Number"; Value = "0915 8700 314"; VariantName = "[No Variations]"
Add component (AddParameter): Name = "Power"; Value = "1/8W"; VariantName = "[No Variations]"
Add component (AddParameter): Name = "Published Date"; Value = "9-15-2024"; VariantName = "[No Variations]"
Add component (AddParameter): Name = "Publisher"; Value = "Mahdi Bagherzadeh"; VariantName = "[No Variations]"
Add component (AddParameter): Name = "Tolerance"; Value = "5%"; VariantName = "[No Variations]"
Add component (AddParameter): Name = "Type"; Value = "SMD"; VariantName = "[No Variations]"
Add component (AddParameter): Name = "Value"; Value = "10K"; VariantName = "[No Variations]"
Added Component: Designator=R7_1(R-0805)
Add component (AddParameter): Name = "ComponentLink1Description"; Value = "Linkedin"; VariantName = "[No Variations]"
Add component (AddParameter): Name = "ComponentLink1URL"; Value = "https://ir.linkedin.com/in/mahdi-bagherzade"; VariantName = "[No Variations]"
Add component (AddParameter): Name = "Phone Number"; Value = "0915 8700 314"; VariantName = "[No Variations]"
Add component (AddParameter): Name = "Power"; Value = "1/8W"; VariantName = "[No Variations]"
Add component (AddParameter): Name = "Published Date"; Value = "9-15-2024"; VariantName = "[No Variations]"
Add component (AddParameter): Name = "Publisher"; Value = "Mahdi Bagherzadeh"; VariantName = "[No Variations]"
Add component (AddParameter): Name = "Tolerance"; Value = "5%"; VariantName = "[No Variations]"
Add component (AddParameter): Name = "Value"; Value = "47K"; VariantName = "[No Variations]"
Added Component: Designator=R7_2(R-0805)
Add component (AddParameter): Name = "ComponentLink1Description"; Value = "Linkedin"; VariantName = "[No Variations]"
Add component (AddParameter): Name = "ComponentLink1URL"; Value = "https://ir.linkedin.com/in/mahdi-bagherzade"; VariantName = "[No Variations]"
Add component (AddParameter): Name = "Phone Number"; Value = "0915 8700 314"; VariantName = "[No Variations]"
Add component (AddParameter): Name = "Power"; Value = "1/8W"; VariantName = "[No Variations]"
Add component (AddParameter): Name = "Published Date"; Value = "9-15-2024"; VariantName = "[No Variations]"
Add component (AddParameter): Name = "Publisher"; Value = "Mahdi Bagherzadeh"; VariantName = "[No Variations]"
Add component (AddParameter): Name = "Tolerance"; Value = "5%"; VariantName = "[No Variations]"
Add component (AddParameter): Name = "Value"; Value = "47K"; VariantName = "[No Variations]"
Added Component: Designator=R7_3(R-0805)
Add component (AddParameter): Name = "ComponentLink1Description"; Value = "Linkedin"; VariantName = "[No Variations]"
Add component (AddParameter): Name = "ComponentLink1URL"; Value = "https://ir.linkedin.com/in/mahdi-bagherzade"; VariantName = "[No Variations]"
Add component (AddParameter): Name = "Phone Number"; Value = "0915 8700 314"; VariantName = "[No Variations]"
Add component (AddParameter): Name = "Power"; Value = "1/8W"; VariantName = "[No Variations]"
Add component (AddParameter): Name = "Published Date"; Value = "9-15-2024"; VariantName = "[No Variations]"
Add component (AddParameter): Name = "Publisher"; Value = "Mahdi Bagherzadeh"; VariantName = "[No Variations]"
Add component (AddParameter): Name = "Tolerance"; Value = "5%"; VariantName = "[No Variations]"
Add component (AddParameter): Name = "Value"; Value = "47K"; VariantName = "[No Variations]"
Added Component: Designator=R7_4(R-0805)
Add component (AddParameter): Name = "ComponentLink1Description"; Value = "Linkedin"; VariantName = "[No Variations]"
Add component (AddParameter): Name = "ComponentLink1URL"; Value = "https://ir.linkedin.com/in/mahdi-bagherzade"; VariantName = "[No Variations]"
Add component (AddParameter): Name = "Phone Number"; Value = "0915 8700 314"; VariantName = "[No Variations]"
Add component (AddParameter): Name = "Power"; Value = "1/8W"; VariantName = "[No Variations]"
Add component (AddParameter): Name = "Published Date"; Value = "9-15-2024"; VariantName = "[No Variations]"
Add component (AddParameter): Name = "Publisher"; Value = "Mahdi Bagherzadeh"; VariantName = "[No Variations]"
Add component (AddParameter): Name = "Tolerance"; Value = "5%"; VariantName = "[No Variations]"
Add component (AddParameter): Name = "Value"; Value = "47K"; VariantName = "[No Variations]"
Added Component: Designator=R8_1(R-0805)
Add component (AddParameter): Name = "ComponentLink1Description"; Value = "Linkedin"; VariantName = "[No Variations]"
Add component (AddParameter): Name = "ComponentLink1URL"; Value = "https://ir.linkedin.com/in/mahdi-bagherzade"; VariantName = "[No Variations]"
Add component (AddParameter): Name = "Phone Number"; Value = "0915 8700 314"; VariantName = "[No Variations]"
Add component (AddParameter): Name = "Power"; Value = "1/8W"; VariantName = "[No Variations]"
Add component (AddParameter): Name = "Published Date"; Value = "9-15-2024"; VariantName = "[No Variations]"
Add component (AddParameter): Name = "Publisher"; Value = "Mahdi Bagherzadeh"; VariantName = "[No Variations]"
Add component (AddParameter): Name = "Tolerance"; Value = "5%"; VariantName = "[No Variations]"
Add component (AddParameter): Name = "Value"; Value = "470R"; VariantName = "[No Variations]"
Added Component: Designator=R8_2(R-0805)
Add component (AddParameter): Name = "ComponentLink1Description"; Value = "Linkedin"; VariantName = "[No Variations]"
Add component (AddParameter): Name = "ComponentLink1URL"; Value = "https://ir.linkedin.com/in/mahdi-bagherzade"; VariantName = "[No Variations]"
Add component (AddParameter): Name = "Phone Number"; Value = "0915 8700 314"; VariantName = "[No Variations]"
Add component (AddParameter): Name = "Power"; Value = "1/8W"; VariantName = "[No Variations]"
Add component (AddParameter): Name = "Published Date"; Value = "9-15-2024"; VariantName = "[No Variations]"
Add component (AddParameter): Name = "Publisher"; Value = "Mahdi Bagherzadeh"; VariantName = "[No Variations]"
Add component (AddParameter): Name = "Tolerance"; Value = "5%"; VariantName = "[No Variations]"
Add component (AddParameter): Name = "Value"; Value = "470R"; VariantName = "[No Variations]"
Added Component: Designator=R8_3(R-0805)
Add component (AddParameter): Name = "ComponentLink1Description"; Value = "Linkedin"; VariantName = "[No Variations]"
Add component (AddParameter): Name = "ComponentLink1URL"; Value = "https://ir.linkedin.com/in/mahdi-bagherzade"; VariantName = "[No Variations]"
Add component (AddParameter): Name = "Phone Number"; Value = "0915 8700 314"; VariantName = "[No Variations]"
Add component (AddParameter): Name = "Power"; Value = "1/8W"; VariantName = "[No Variations]"
Add component (AddParameter): Name = "Published Date"; Value = "9-15-2024"; VariantName = "[No Variations]"
Add component (AddParameter): Name = "Publisher"; Value = "Mahdi Bagherzadeh"; VariantName = "[No Variations]"
Add component (AddParameter): Name = "Tolerance"; Value = "5%"; VariantName = "[No Variations]"
Add component (AddParameter): Name = "Value"; Value = "470R"; VariantName = "[No Variations]"
Added Component: Designator=R8_4(R-0805)
Add component (AddParameter): Name = "ComponentLink1Description"; Value = "Linkedin"; VariantName = "[No Variations]"
Add component (AddParameter): Name = "ComponentLink1URL"; Value = "https://ir.linkedin.com/in/mahdi-bagherzade"; VariantName = "[No Variations]"
Add component (AddParameter): Name = "Phone Number"; Value = "0915 8700 314"; VariantName = "[No Variations]"
Add component (AddParameter): Name = "Power"; Value = "1/8W"; VariantName = "[No Variations]"
Add component (AddParameter): Name = "Published Date"; Value = "9-15-2024"; VariantName = "[No Variations]"
Add component (AddParameter): Name = "Publisher"; Value = "Mahdi Bagherzadeh"; VariantName = "[No Variations]"
Add component (AddParameter): Name = "Tolerance"; Value = "5%"; VariantName = "[No Variations]"
Add component (AddParameter): Name = "Value"; Value = "470R"; VariantName = "[No Variations]"
Added Component: Designator=R9(R-0805)
Add component (AddParameter): Name = "ComponentLink1Description"; Value = "Linkedin"; VariantName = "[No Variations]"
Add component (AddParameter): Name = "ComponentLink1URL"; Value = "https://ir.linkedin.com/in/mahdi-bagherzade"; VariantName = "[No Variations]"
Add component (AddParameter): Name = "Phone Number"; Value = "0915 8700 314"; VariantName = "[No Variations]"
Add component (AddParameter): Name = "Power"; Value = "1/8W"; VariantName = "[No Variations]"
Add component (AddParameter): Name = "Published Date"; Value = "9-15-2024"; VariantName = "[No Variations]"
Add component (AddParameter): Name = "Publisher"; Value = "Mahdi Bagherzadeh"; VariantName = "[No Variations]"
Add component (AddParameter): Name = "Tolerance"; Value = "5%"; VariantName = "[No Variations]"
Add component (AddParameter): Name = "Value"; Value = "4.7K"; VariantName = "[No Variations]"
Added Component: Designator=R10(R-0805)
Add component (AddParameter): Name = "ComponentLink1Description"; Value = "Linkedin"; VariantName = "[No Variations]"
Add component (AddParameter): Name = "ComponentLink1URL"; Value = "https://ir.linkedin.com/in/mahdi-bagherzade"; VariantName = "[No Variations]"
Add component (AddParameter): Name = "Phone Number"; Value = "0915 8700 314"; VariantName = "[No Variations]"
Add component (AddParameter): Name = "Power"; Value = "1/8W"; VariantName = "[No Variations]"
Add component (AddParameter): Name = "Published Date"; Value = "9-15-2024"; VariantName = "[No Variations]"
Add component (AddParameter): Name = "Publisher"; Value = "Mahdi Bagherzadeh"; VariantName = "[No Variations]"
Add component (AddParameter): Name = "Tolerance"; Value = "5%"; VariantName = "[No Variations]"
Add component (AddParameter): Name = "Value"; Value = "4.7K"; VariantName = "[No Variations]"
Added Component: Designator=R11(R-0805)
Add component (AddParameter): Name = "ComponentLink1Description"; Value = "Linkedin"; VariantName = "[No Variations]"
Add component (AddParameter): Name = "ComponentLink1URL"; Value = "https://ir.linkedin.com/in/mahdi-bagherzade"; VariantName = "[No Variations]"
Add component (AddParameter): Name = "Phone Number"; Value = "0915 8700 314"; VariantName = "[No Variations]"
Add component (AddParameter): Name = "Published Date"; Value = "9-15-2024"; VariantName = "[No Variations]"
Add component (AddParameter): Name = "Publisher"; Value = "Mahdi Bagherzadeh"; VariantName = "[No Variations]"
Add component (AddParameter): Name = "VALUE"; Value = ""; VariantName = "[No Variations]"
Added Component: Designator=R12(R-0805)
Add component (AddParameter): Name = "ComponentLink1Description"; Value = "Linkedin"; VariantName = "[No Variations]"
Add component (AddParameter): Name = "ComponentLink1URL"; Value = "https://ir.linkedin.com/in/mahdi-bagherzade"; VariantName = "[No Variations]"
Add component (AddParameter): Name = "Phone Number"; Value = "0915 8700 314"; VariantName = "[No Variations]"
Add component (AddParameter): Name = "Published Date"; Value = "9-15-2024"; VariantName = "[No Variations]"
Add component (AddParameter): Name = "Publisher"; Value = "Mahdi Bagherzadeh"; VariantName = "[No Variations]"
Add component (AddParameter): Name = "VALUE"; Value = ""; VariantName = "[No Variations]"
Added Component: Designator=R13(R-0805)
Add component (AddParameter): Name = "ComponentLink1Description"; Value = "Linkedin"; VariantName = "[No Variations]"
Add component (AddParameter): Name = "ComponentLink1URL"; Value = "https://ir.linkedin.com/in/mahdi-bagherzade"; VariantName = "[No Variations]"
Add component (AddParameter): Name = "Phone Number"; Value = "0915 8700 314"; VariantName = "[No Variations]"
Add component (AddParameter): Name = "Published Date"; Value = "9-15-2024"; VariantName = "[No Variations]"
Add component (AddParameter): Name = "Publisher"; Value = "Mahdi Bagherzadeh"; VariantName = "[No Variations]"
Add component (AddParameter): Name = "VALUE"; Value = ""; VariantName = "[No Variations]"
Added Component: Designator=R14(R-0805)
Add component (AddParameter): Name = "ComponentLink1Description"; Value = "Linkedin"; VariantName = "[No Variations]"
Add component (AddParameter): Name = "ComponentLink1URL"; Value = "https://ir.linkedin.com/in/mahdi-bagherzade"; VariantName = "[No Variations]"
Add component (AddParameter): Name = "Phone Number"; Value = "0915 8700 314"; VariantName = "[No Variations]"
Add component (AddParameter): Name = "Published Date"; Value = "9-15-2024"; VariantName = "[No Variations]"
Add component (AddParameter): Name = "Publisher"; Value = "Mahdi Bagherzadeh"; VariantName = "[No Variations]"
Add component (AddParameter): Name = "VALUE"; Value = ""; VariantName = "[No Variations]"
Added Component: Designator=R15(R-0805)
Add component (AddParameter): Name = "ComponentLink1Description"; Value = "Linkedin"; VariantName = "[No Variations]"
Add component (AddParameter): Name = "ComponentLink1URL"; Value = "https://ir.linkedin.com/in/mahdi-bagherzade"; VariantName = "[No Variations]"
Add component (AddParameter): Name = "Phone Number"; Value = "0915 8700 314"; VariantName = "[No Variations]"
Add component (AddParameter): Name = "Published Date"; Value = "9-15-2024"; VariantName = "[No Variations]"
Add component (AddParameter): Name = "Publisher"; Value = "Mahdi Bagherzadeh"; VariantName = "[No Variations]"
Add component (AddParameter): Name = "VALUE"; Value = ""; VariantName = "[No Variations]"
Added Component: Designator=R16(R-0805)
Add component (AddParameter): Name = "ComponentLink1Description"; Value = "Linkedin"; VariantName = "[No Variations]"
Add component (AddParameter): Name = "ComponentLink1URL"; Value = "https://ir.linkedin.com/in/mahdi-bagherzade"; VariantName = "[No Variations]"
Add component (AddParameter): Name = "Phone Number"; Value = "0915 8700 314"; VariantName = "[No Variations]"
Add component (AddParameter): Name = "Published Date"; Value = "9-15-2024"; VariantName = "[No Variations]"
Add component (AddParameter): Name = "Publisher"; Value = "Mahdi Bagherzadeh"; VariantName = "[No Variations]"
Add component (AddParameter): Name = "VALUE"; Value = ""; VariantName = "[No Variations]"
Added Component: Designator=R17(R-0805)
Add component (AddParameter): Name = "ComponentLink1Description"; Value = "Linkedin"; VariantName = "[No Variations]"
Add component (AddParameter): Name = "ComponentLink1URL"; Value = "https://ir.linkedin.com/in/mahdi-bagherzade"; VariantName = "[No Variations]"
Add component (AddParameter): Name = "Phone Number"; Value = "0915 8700 314"; VariantName = "[No Variations]"
Add component (AddParameter): Name = "Published Date"; Value = "9-15-2024"; VariantName = "[No Variations]"
Add component (AddParameter): Name = "Publisher"; Value = "Mahdi Bagherzadeh"; VariantName = "[No Variations]"
Add component (AddParameter): Name = "VALUE"; Value = ""; VariantName = "[No Variations]"
Added Component: Designator=R18(R-0805)
Add component (AddParameter): Name = "ComponentLink1Description"; Value = "Linkedin"; VariantName = "[No Variations]"
Add component (AddParameter): Name = "ComponentLink1URL"; Value = "https://ir.linkedin.com/in/mahdi-bagherzade"; VariantName = "[No Variations]"
Add component (AddParameter): Name = "Phone Number"; Value = "0915 8700 314"; VariantName = "[No Variations]"
Add component (AddParameter): Name = "Published Date"; Value = "9-15-2024"; VariantName = "[No Variations]"
Add component (AddParameter): Name = "Publisher"; Value = "Mahdi Bagherzadeh"; VariantName = "[No Variations]"
Add component (AddParameter): Name = "VALUE"; Value = ""; VariantName = "[No Variations]"
Added Component: Designator=R19(R-0805)
Add component (AddParameter): Name = "ComponentLink1Description"; Value = "Linkedin"; VariantName = "[No Variations]"
Add component (AddParameter): Name = "ComponentLink1URL"; Value = "https://ir.linkedin.com/in/mahdi-bagherzade"; VariantName = "[No Variations]"
Add component (AddParameter): Name = "Phone Number"; Value = "0915 8700 314"; VariantName = "[No Variations]"
Add component (AddParameter): Name = "Published Date"; Value = "9-15-2024"; VariantName = "[No Variations]"
Add component (AddParameter): Name = "Publisher"; Value = "Mahdi Bagherzadeh"; VariantName = "[No Variations]"
Add component (AddParameter): Name = "VALUE"; Value = ""; VariantName = "[No Variations]"
Added Component: Designator=R20(R-0805)
Add component (AddParameter): Name = "ComponentLink1Description"; Value = "Linkedin"; VariantName = "[No Variations]"
Add component (AddParameter): Name = "ComponentLink1URL"; Value = "https://ir.linkedin.com/in/mahdi-bagherzade"; VariantName = "[No Variations]"
Add component (AddParameter): Name = "Phone Number"; Value = "0915 8700 314"; VariantName = "[No Variations]"
Add component (AddParameter): Name = "Published Date"; Value = "9-15-2024"; VariantName = "[No Variations]"
Add component (AddParameter): Name = "Publisher"; Value = "Mahdi Bagherzadeh"; VariantName = "[No Variations]"
Add component (AddParameter): Name = "VALUE"; Value = ""; VariantName = "[No Variations]"
Added Component: Designator=R21(R-0805)
Add component (AddParameter): Name = "ComponentLink1Description"; Value = "Linkedin"; VariantName = "[No Variations]"
Add component (AddParameter): Name = "ComponentLink1URL"; Value = "https://ir.linkedin.com/in/mahdi-bagherzade"; VariantName = "[No Variations]"
Add component (AddParameter): Name = "Phone Number"; Value = "0915 8700 314"; VariantName = "[No Variations]"
Add component (AddParameter): Name = "Published Date"; Value = "9-15-2024"; VariantName = "[No Variations]"
Add component (AddParameter): Name = "Publisher"; Value = "Mahdi Bagherzadeh"; VariantName = "[No Variations]"
Add component (AddParameter): Name = "VALUE"; Value = ""; VariantName = "[No Variations]"
Added Component: Designator=R22(R-0805)
Add component (AddParameter): Name = "ComponentLink1Description"; Value = "Linkedin"; VariantName = "[No Variations]"
Add component (AddParameter): Name = "ComponentLink1URL"; Value = "https://ir.linkedin.com/in/mahdi-bagherzade"; VariantName = "[No Variations]"
Add component (AddParameter): Name = "Phone Number"; Value = "0915 8700 314"; VariantName = "[No Variations]"
Add component (AddParameter): Name = "Published Date"; Value = "9-15-2024"; VariantName = "[No Variations]"
Add component (AddParameter): Name = "Publisher"; Value = "Mahdi Bagherzadeh"; VariantName = "[No Variations]"
Add component (AddParameter): Name = "VALUE"; Value = ""; VariantName = "[No Variations]"
Added Component: Designator=R23(R-0805)
Add component (AddParameter): Name = "ComponentLink1Description"; Value = "Linkedin"; VariantName = "[No Variations]"
Add component (AddParameter): Name = "ComponentLink1URL"; Value = "https://ir.linkedin.com/in/mahdi-bagherzade"; VariantName = "[No Variations]"
Add component (AddParameter): Name = "Phone Number"; Value = "0915 8700 314"; VariantName = "[No Variations]"
Add component (AddParameter): Name = "Published Date"; Value = "9-15-2024"; VariantName = "[No Variations]"
Add component (AddParameter): Name = "Publisher"; Value = "Mahdi Bagherzadeh"; VariantName = "[No Variations]"
Add component (AddParameter): Name = "VALUE"; Value = ""; VariantName = "[No Variations]"
Added Component: Designator=R24(R-0805)
Add component (AddParameter): Name = "ComponentLink1Description"; Value = "Linkedin"; VariantName = "[No Variations]"
Add component (AddParameter): Name = "ComponentLink1URL"; Value = "https://ir.linkedin.com/in/mahdi-bagherzade"; VariantName = "[No Variations]"
Add component (AddParameter): Name = "Phone Number"; Value = "0915 8700 314"; VariantName = "[No Variations]"
Add component (AddParameter): Name = "Published Date"; Value = "9-15-2024"; VariantName = "[No Variations]"
Add component (AddParameter): Name = "Publisher"; Value = "Mahdi Bagherzadeh"; VariantName = "[No Variations]"
Add component (AddParameter): Name = "VALUE"; Value = ""; VariantName = "[No Variations]"
Added Component: Designator=R25(R-0805)
Add component (AddParameter): Name = "ComponentLink1Description"; Value = "Linkedin"; VariantName = "[No Variations]"
Add component (AddParameter): Name = "ComponentLink1URL"; Value = "https://ir.linkedin.com/in/mahdi-bagherzade"; VariantName = "[No Variations]"
Add component (AddParameter): Name = "Phone Number"; Value = "0915 8700 314"; VariantName = "[No Variations]"
Add component (AddParameter): Name = "Published Date"; Value = "9-15-2024"; VariantName = "[No Variations]"
Add component (AddParameter): Name = "Publisher"; Value = "Mahdi Bagherzadeh"; VariantName = "[No Variations]"
Add component (AddParameter): Name = "VALUE"; Value = ""; VariantName = "[No Variations]"
Added Component: Designator=R26(R-0805)
Add component (AddParameter): Name = "ComponentLink1Description"; Value = "Linkedin"; VariantName = "[No Variations]"
Add component (AddParameter): Name = "ComponentLink1URL"; Value = "https://ir.linkedin.com/in/mahdi-bagherzade"; VariantName = "[No Variations]"
Add component (AddParameter): Name = "Phone Number"; Value = "0915 8700 314"; VariantName = "[No Variations]"
Add component (AddParameter): Name = "Published Date"; Value = "9-15-2024"; VariantName = "[No Variations]"
Add component (AddParameter): Name = "Publisher"; Value = "Mahdi Bagherzadeh"; VariantName = "[No Variations]"
Add component (AddParameter): Name = "VALUE"; Value = ""; VariantName = "[No Variations]"
Added Component: Designator=R27(R-0805)
Add component (AddParameter): Name = "ComponentLink1Description"; Value = "Linkedin"; VariantName = "[No Variations]"
Add component (AddParameter): Name = "ComponentLink1URL"; Value = "https://ir.linkedin.com/in/mahdi-bagherzade"; VariantName = "[No Variations]"
Add component (AddParameter): Name = "Phone Number"; Value = "0915 8700 314"; VariantName = "[No Variations]"
Add component (AddParameter): Name = "Published Date"; Value = "9-15-2024"; VariantName = "[No Variations]"
Add component (AddParameter): Name = "Publisher"; Value = "Mahdi Bagherzadeh"; VariantName = "[No Variations]"
Add component (AddParameter): Name = "VALUE"; Value = ""; VariantName = "[No Variations]"
Added Component: Designator=R28(R-0805)
Add component (AddParameter): Name = "ComponentLink1Description"; Value = "Linkedin"; VariantName = "[No Variations]"
Add component (AddParameter): Name = "ComponentLink1URL"; Value = "https://ir.linkedin.com/in/mahdi-bagherzade"; VariantName = "[No Variations]"
Add component (AddParameter): Name = "Phone Number"; Value = "0915 8700 314"; VariantName = "[No Variations]"
Add component (AddParameter): Name = "Power"; Value = "1/8W"; VariantName = "[No Variations]"
Add component (AddParameter): Name = "Published Date"; Value = "9-15-2024"; VariantName = "[No Variations]"
Add component (AddParameter): Name = "Publisher"; Value = "Mahdi Bagherzadeh"; VariantName = "[No Variations]"
Add component (AddParameter): Name = "Tolerance"; Value = "5%"; VariantName = "[No Variations]"
Add component (AddParameter): Name = "VALUE"; Value = "10K"; VariantName = "[No Variations]"
Added Component: Designator=R29(R-0805)
Add component (AddParameter): Name = "ComponentLink1Description"; Value = "Linkedin"; VariantName = "[No Variations]"
Add component (AddParameter): Name = "ComponentLink1URL"; Value = "https://ir.linkedin.com/in/mahdi-bagherzade"; VariantName = "[No Variations]"
Add component (AddParameter): Name = "Phone Number"; Value = "0915 8700 314"; VariantName = "[No Variations]"
Add component (AddParameter): Name = "Power"; Value = "1/8W"; VariantName = "[No Variations]"
Add component (AddParameter): Name = "Published Date"; Value = "9-15-2024"; VariantName = "[No Variations]"
Add component (AddParameter): Name = "Publisher"; Value = "Mahdi Bagherzadeh"; VariantName = "[No Variations]"
Add component (AddParameter): Name = "Tolerance"; Value = "5%"; VariantName = "[No Variations]"
Add component (AddParameter): Name = "VALUE"; Value = "10K"; VariantName = "[No Variations]"
Added Component: Designator=R30(R-0805)
Add component (AddParameter): Name = "ComponentLink1Description"; Value = "Linkedin"; VariantName = "[No Variations]"
Add component (AddParameter): Name = "ComponentLink1URL"; Value = "https://ir.linkedin.com/in/mahdi-bagherzade"; VariantName = "[No Variations]"
Add component (AddParameter): Name = "Phone Number"; Value = "0915 8700 314"; VariantName = "[No Variations]"
Add component (AddParameter): Name = "Power"; Value = "1/8W"; VariantName = "[No Variations]"
Add component (AddParameter): Name = "Published Date"; Value = "9-15-2024"; VariantName = "[No Variations]"
Add component (AddParameter): Name = "Publisher"; Value = "Mahdi Bagherzadeh"; VariantName = "[No Variations]"
Add component (AddParameter): Name = "Tolerance"; Value = "5%"; VariantName = "[No Variations]"
Add component (AddParameter): Name = "VALUE"; Value = "2.2K"; VariantName = "[No Variations]"
Added Component: Designator=R31_1(R-0805)
Add component (AddParameter): Name = "ComponentLink1Description"; Value = "Linkedin"; VariantName = "[No Variations]"
Add component (AddParameter): Name = "ComponentLink1URL"; Value = "https://ir.linkedin.com/in/mahdi-bagherzade"; VariantName = "[No Variations]"
Add component (AddParameter): Name = "Phone Number"; Value = "0915 8700 314"; VariantName = "[No Variations]"
Add component (AddParameter): Name = "Power"; Value = "1/8W"; VariantName = "[No Variations]"
Add component (AddParameter): Name = "Published Date"; Value = "9-15-2024"; VariantName = "[No Variations]"
Add component (AddParameter): Name = "Publisher"; Value = "Mahdi Bagherzadeh"; VariantName = "[No Variations]"
Add component (AddParameter): Name = "Tolerance"; Value = "5%"; VariantName = "[No Variations]"
Add component (AddParameter): Name = "Type"; Value = "SMD"; VariantName = "[No Variations]"
Add component (AddParameter): Name = "Value"; Value = "1K"; VariantName = "[No Variations]"
Added Component: Designator=R31_2(R-0805)
Add component (AddParameter): Name = "ComponentLink1Description"; Value = "Linkedin"; VariantName = "[No Variations]"
Add component (AddParameter): Name = "ComponentLink1URL"; Value = "https://ir.linkedin.com/in/mahdi-bagherzade"; VariantName = "[No Variations]"
Add component (AddParameter): Name = "Phone Number"; Value = "0915 8700 314"; VariantName = "[No Variations]"
Add component (AddParameter): Name = "Power"; Value = "1/8W"; VariantName = "[No Variations]"
Add component (AddParameter): Name = "Published Date"; Value = "9-15-2024"; VariantName = "[No Variations]"
Add component (AddParameter): Name = "Publisher"; Value = "Mahdi Bagherzadeh"; VariantName = "[No Variations]"
Add component (AddParameter): Name = "Tolerance"; Value = "5%"; VariantName = "[No Variations]"
Add component (AddParameter): Name = "Type"; Value = "SMD"; VariantName = "[No Variations]"
Add component (AddParameter): Name = "Value"; Value = "1K"; VariantName = "[No Variations]"
Added Component: Designator=R31_3(R-0805)
Add component (AddParameter): Name = "ComponentLink1Description"; Value = "Linkedin"; VariantName = "[No Variations]"
Add component (AddParameter): Name = "ComponentLink1URL"; Value = "https://ir.linkedin.com/in/mahdi-bagherzade"; VariantName = "[No Variations]"
Add component (AddParameter): Name = "Phone Number"; Value = "0915 8700 314"; VariantName = "[No Variations]"
Add component (AddParameter): Name = "Power"; Value = "1/8W"; VariantName = "[No Variations]"
Add component (AddParameter): Name = "Published Date"; Value = "9-15-2024"; VariantName = "[No Variations]"
Add component (AddParameter): Name = "Publisher"; Value = "Mahdi Bagherzadeh"; VariantName = "[No Variations]"
Add component (AddParameter): Name = "Tolerance"; Value = "5%"; VariantName = "[No Variations]"
Add component (AddParameter): Name = "Type"; Value = "SMD"; VariantName = "[No Variations]"
Add component (AddParameter): Name = "Value"; Value = "1K"; VariantName = "[No Variations]"
Added Component: Designator=R31_4(R-0805)
Add component (AddParameter): Name = "ComponentLink1Description"; Value = "Linkedin"; VariantName = "[No Variations]"
Add component (AddParameter): Name = "ComponentLink1URL"; Value = "https://ir.linkedin.com/in/mahdi-bagherzade"; VariantName = "[No Variations]"
Add component (AddParameter): Name = "Phone Number"; Value = "0915 8700 314"; VariantName = "[No Variations]"
Add component (AddParameter): Name = "Power"; Value = "1/8W"; VariantName = "[No Variations]"
Add component (AddParameter): Name = "Published Date"; Value = "9-15-2024"; VariantName = "[No Variations]"
Add component (AddParameter): Name = "Publisher"; Value = "Mahdi Bagherzadeh"; VariantName = "[No Variations]"
Add component (AddParameter): Name = "Tolerance"; Value = "5%"; VariantName = "[No Variations]"
Add component (AddParameter): Name = "Type"; Value = "SMD"; VariantName = "[No Variations]"
Add component (AddParameter): Name = "Value"; Value = "1K"; VariantName = "[No Variations]"
Added Component: Designator=R31_5(R-0805)
Add component (AddParameter): Name = "ComponentLink1Description"; Value = "Linkedin"; VariantName = "[No Variations]"
Add component (AddParameter): Name = "ComponentLink1URL"; Value = "https://ir.linkedin.com/in/mahdi-bagherzade"; VariantName = "[No Variations]"
Add component (AddParameter): Name = "Phone Number"; Value = "0915 8700 314"; VariantName = "[No Variations]"
Add component (AddParameter): Name = "Power"; Value = "1/8W"; VariantName = "[No Variations]"
Add component (AddParameter): Name = "Published Date"; Value = "9-15-2024"; VariantName = "[No Variations]"
Add component (AddParameter): Name = "Publisher"; Value = "Mahdi Bagherzadeh"; VariantName = "[No Variations]"
Add component (AddParameter): Name = "Tolerance"; Value = "5%"; VariantName = "[No Variations]"
Add component (AddParameter): Name = "Type"; Value = "SMD"; VariantName = "[No Variations]"
Add component (AddParameter): Name = "Value"; Value = "1K"; VariantName = "[No Variations]"
Added Component: Designator=R31_6(R-0805)
Add component (AddParameter): Name = "ComponentLink1Description"; Value = "Linkedin"; VariantName = "[No Variations]"
Add component (AddParameter): Name = "ComponentLink1URL"; Value = "https://ir.linkedin.com/in/mahdi-bagherzade"; VariantName = "[No Variations]"
Add component (AddParameter): Name = "Phone Number"; Value = "0915 8700 314"; VariantName = "[No Variations]"
Add component (AddParameter): Name = "Power"; Value = "1/8W"; VariantName = "[No Variations]"
Add component (AddParameter): Name = "Published Date"; Value = "9-15-2024"; VariantName = "[No Variations]"
Add component (AddParameter): Name = "Publisher"; Value = "Mahdi Bagherzadeh"; VariantName = "[No Variations]"
Add component (AddParameter): Name = "Tolerance"; Value = "5%"; VariantName = "[No Variations]"
Add component (AddParameter): Name = "Type"; Value = "SMD"; VariantName = "[No Variations]"
Add component (AddParameter): Name = "Value"; Value = "1K"; VariantName = "[No Variations]"
Added Component: Designator=R31_7(R-0805)
Add component (AddParameter): Name = "ComponentLink1Description"; Value = "Linkedin"; VariantName = "[No Variations]"
Add component (AddParameter): Name = "ComponentLink1URL"; Value = "https://ir.linkedin.com/in/mahdi-bagherzade"; VariantName = "[No Variations]"
Add component (AddParameter): Name = "Phone Number"; Value = "0915 8700 314"; VariantName = "[No Variations]"
Add component (AddParameter): Name = "Power"; Value = "1/8W"; VariantName = "[No Variations]"
Add component (AddParameter): Name = "Published Date"; Value = "9-15-2024"; VariantName = "[No Variations]"
Add component (AddParameter): Name = "Publisher"; Value = "Mahdi Bagherzadeh"; VariantName = "[No Variations]"
Add component (AddParameter): Name = "Tolerance"; Value = "5%"; VariantName = "[No Variations]"
Add component (AddParameter): Name = "Type"; Value = "SMD"; VariantName = "[No Variations]"
Add component (AddParameter): Name = "Value"; Value = "1K"; VariantName = "[No Variations]"
Added Component: Designator=R31_8(R-0805)
Add component (AddParameter): Name = "ComponentLink1Description"; Value = "Linkedin"; VariantName = "[No Variations]"
Add component (AddParameter): Name = "ComponentLink1URL"; Value = "https://ir.linkedin.com/in/mahdi-bagherzade"; VariantName = "[No Variations]"
Add component (AddParameter): Name = "Phone Number"; Value = "0915 8700 314"; VariantName = "[No Variations]"
Add component (AddParameter): Name = "Power"; Value = "1/8W"; VariantName = "[No Variations]"
Add component (AddParameter): Name = "Published Date"; Value = "9-15-2024"; VariantName = "[No Variations]"
Add component (AddParameter): Name = "Publisher"; Value = "Mahdi Bagherzadeh"; VariantName = "[No Variations]"
Add component (AddParameter): Name = "Tolerance"; Value = "5%"; VariantName = "[No Variations]"
Add component (AddParameter): Name = "Type"; Value = "SMD"; VariantName = "[No Variations]"
Add component (AddParameter): Name = "Value"; Value = "1K"; VariantName = "[No Variations]"
Added Component: Designator=R31_9(R-0805)
Add component (AddParameter): Name = "ComponentLink1Description"; Value = "Linkedin"; VariantName = "[No Variations]"
Add component (AddParameter): Name = "ComponentLink1URL"; Value = "https://ir.linkedin.com/in/mahdi-bagherzade"; VariantName = "[No Variations]"
Add component (AddParameter): Name = "Phone Number"; Value = "0915 8700 314"; VariantName = "[No Variations]"
Add component (AddParameter): Name = "Power"; Value = "1/8W"; VariantName = "[No Variations]"
Add component (AddParameter): Name = "Published Date"; Value = "9-15-2024"; VariantName = "[No Variations]"
Add component (AddParameter): Name = "Publisher"; Value = "Mahdi Bagherzadeh"; VariantName = "[No Variations]"
Add component (AddParameter): Name = "Tolerance"; Value = "5%"; VariantName = "[No Variations]"
Add component (AddParameter): Name = "Type"; Value = "SMD"; VariantName = "[No Variations]"
Add component (AddParameter): Name = "Value"; Value = "1K"; VariantName = "[No Variations]"
Added Component: Designator=R31_10(R-0805)
Add component (AddParameter): Name = "ComponentLink1Description"; Value = "Linkedin"; VariantName = "[No Variations]"
Add component (AddParameter): Name = "ComponentLink1URL"; Value = "https://ir.linkedin.com/in/mahdi-bagherzade"; VariantName = "[No Variations]"
Add component (AddParameter): Name = "Phone Number"; Value = "0915 8700 314"; VariantName = "[No Variations]"
Add component (AddParameter): Name = "Power"; Value = "1/8W"; VariantName = "[No Variations]"
Add component (AddParameter): Name = "Published Date"; Value = "9-15-2024"; VariantName = "[No Variations]"
Add component (AddParameter): Name = "Publisher"; Value = "Mahdi Bagherzadeh"; VariantName = "[No Variations]"
Add component (AddParameter): Name = "Tolerance"; Value = "5%"; VariantName = "[No Variations]"
Add component (AddParameter): Name = "Type"; Value = "SMD"; VariantName = "[No Variations]"
Add component (AddParameter): Name = "Value"; Value = "1K"; VariantName = "[No Variations]"
Added Component: Designator=R31_11(R-0805)
Add component (AddParameter): Name = "ComponentLink1Description"; Value = "Linkedin"; VariantName = "[No Variations]"
Add component (AddParameter): Name = "ComponentLink1URL"; Value = "https://ir.linkedin.com/in/mahdi-bagherzade"; VariantName = "[No Variations]"
Add component (AddParameter): Name = "Phone Number"; Value = "0915 8700 314"; VariantName = "[No Variations]"
Add component (AddParameter): Name = "Power"; Value = "1/8W"; VariantName = "[No Variations]"
Add component (AddParameter): Name = "Published Date"; Value = "9-15-2024"; VariantName = "[No Variations]"
Add component (AddParameter): Name = "Publisher"; Value = "Mahdi Bagherzadeh"; VariantName = "[No Variations]"
Add component (AddParameter): Name = "Tolerance"; Value = "5%"; VariantName = "[No Variations]"
Add component (AddParameter): Name = "Type"; Value = "SMD"; VariantName = "[No Variations]"
Add component (AddParameter): Name = "Value"; Value = "1K"; VariantName = "[No Variations]"
Added Component: Designator=R31_12(R-0805)
Add component (AddParameter): Name = "ComponentLink1Description"; Value = "Linkedin"; VariantName = "[No Variations]"
Add component (AddParameter): Name = "ComponentLink1URL"; Value = "https://ir.linkedin.com/in/mahdi-bagherzade"; VariantName = "[No Variations]"
Add component (AddParameter): Name = "Phone Number"; Value = "0915 8700 314"; VariantName = "[No Variations]"
Add component (AddParameter): Name = "Power"; Value = "1/8W"; VariantName = "[No Variations]"
Add component (AddParameter): Name = "Published Date"; Value = "9-15-2024"; VariantName = "[No Variations]"
Add component (AddParameter): Name = "Publisher"; Value = "Mahdi Bagherzadeh"; VariantName = "[No Variations]"
Add component (AddParameter): Name = "Tolerance"; Value = "5%"; VariantName = "[No Variations]"
Add component (AddParameter): Name = "Type"; Value = "SMD"; VariantName = "[No Variations]"
Add component (AddParameter): Name = "Value"; Value = "1K"; VariantName = "[No Variations]"
Added Component: Designator=R31_13(R-0805)
Add component (AddParameter): Name = "ComponentLink1Description"; Value = "Linkedin"; VariantName = "[No Variations]"
Add component (AddParameter): Name = "ComponentLink1URL"; Value = "https://ir.linkedin.com/in/mahdi-bagherzade"; VariantName = "[No Variations]"
Add component (AddParameter): Name = "Phone Number"; Value = "0915 8700 314"; VariantName = "[No Variations]"
Add component (AddParameter): Name = "Power"; Value = "1/8W"; VariantName = "[No Variations]"
Add component (AddParameter): Name = "Published Date"; Value = "9-15-2024"; VariantName = "[No Variations]"
Add component (AddParameter): Name = "Publisher"; Value = "Mahdi Bagherzadeh"; VariantName = "[No Variations]"
Add component (AddParameter): Name = "Tolerance"; Value = "5%"; VariantName = "[No Variations]"
Add component (AddParameter): Name = "Type"; Value = "SMD"; VariantName = "[No Variations]"
Add component (AddParameter): Name = "Value"; Value = "1K"; VariantName = "[No Variations]"
Added Component: Designator=R31_14(R-0805)
Add component (AddParameter): Name = "ComponentLink1Description"; Value = "Linkedin"; VariantName = "[No Variations]"
Add component (AddParameter): Name = "ComponentLink1URL"; Value = "https://ir.linkedin.com/in/mahdi-bagherzade"; VariantName = "[No Variations]"
Add component (AddParameter): Name = "Phone Number"; Value = "0915 8700 314"; VariantName = "[No Variations]"
Add component (AddParameter): Name = "Power"; Value = "1/8W"; VariantName = "[No Variations]"
Add component (AddParameter): Name = "Published Date"; Value = "9-15-2024"; VariantName = "[No Variations]"
Add component (AddParameter): Name = "Publisher"; Value = "Mahdi Bagherzadeh"; VariantName = "[No Variations]"
Add component (AddParameter): Name = "Tolerance"; Value = "5%"; VariantName = "[No Variations]"
Add component (AddParameter): Name = "Type"; Value = "SMD"; VariantName = "[No Variations]"
Add component (AddParameter): Name = "Value"; Value = "1K"; VariantName = "[No Variations]"
Added Component: Designator=R31_15(R-0805)
Add component (AddParameter): Name = "ComponentLink1Description"; Value = "Linkedin"; VariantName = "[No Variations]"
Add component (AddParameter): Name = "ComponentLink1URL"; Value = "https://ir.linkedin.com/in/mahdi-bagherzade"; VariantName = "[No Variations]"
Add component (AddParameter): Name = "Phone Number"; Value = "0915 8700 314"; VariantName = "[No Variations]"
Add component (AddParameter): Name = "Power"; Value = "1/8W"; VariantName = "[No Variations]"
Add component (AddParameter): Name = "Published Date"; Value = "9-15-2024"; VariantName = "[No Variations]"
Add component (AddParameter): Name = "Publisher"; Value = "Mahdi Bagherzadeh"; VariantName = "[No Variations]"
Add component (AddParameter): Name = "Tolerance"; Value = "5%"; VariantName = "[No Variations]"
Add component (AddParameter): Name = "Type"; Value = "SMD"; VariantName = "[No Variations]"
Add component (AddParameter): Name = "Value"; Value = "1K"; VariantName = "[No Variations]"
Added Component: Designator=R31_16(R-0805)
Add component (AddParameter): Name = "ComponentLink1Description"; Value = "Linkedin"; VariantName = "[No Variations]"
Add component (AddParameter): Name = "ComponentLink1URL"; Value = "https://ir.linkedin.com/in/mahdi-bagherzade"; VariantName = "[No Variations]"
Add component (AddParameter): Name = "Phone Number"; Value = "0915 8700 314"; VariantName = "[No Variations]"
Add component (AddParameter): Name = "Power"; Value = "1/8W"; VariantName = "[No Variations]"
Add component (AddParameter): Name = "Published Date"; Value = "9-15-2024"; VariantName = "[No Variations]"
Add component (AddParameter): Name = "Publisher"; Value = "Mahdi Bagherzadeh"; VariantName = "[No Variations]"
Add component (AddParameter): Name = "Tolerance"; Value = "5%"; VariantName = "[No Variations]"
Add component (AddParameter): Name = "Type"; Value = "SMD"; VariantName = "[No Variations]"
Add component (AddParameter): Name = "Value"; Value = "1K"; VariantName = "[No Variations]"
Added Component: Designator=R31_17(R-0805)
Add component (AddParameter): Name = "ComponentLink1Description"; Value = "Linkedin"; VariantName = "[No Variations]"
Add component (AddParameter): Name = "ComponentLink1URL"; Value = "https://ir.linkedin.com/in/mahdi-bagherzade"; VariantName = "[No Variations]"
Add component (AddParameter): Name = "Phone Number"; Value = "0915 8700 314"; VariantName = "[No Variations]"
Add component (AddParameter): Name = "Power"; Value = "1/8W"; VariantName = "[No Variations]"
Add component (AddParameter): Name = "Published Date"; Value = "9-15-2024"; VariantName = "[No Variations]"
Add component (AddParameter): Name = "Publisher"; Value = "Mahdi Bagherzadeh"; VariantName = "[No Variations]"
Add component (AddParameter): Name = "Tolerance"; Value = "5%"; VariantName = "[No Variations]"
Add component (AddParameter): Name = "Type"; Value = "SMD"; VariantName = "[No Variations]"
Add component (AddParameter): Name = "Value"; Value = "1K"; VariantName = "[No Variations]"
Added Component: Designator=R31_18(R-0805)
Add component (AddParameter): Name = "ComponentLink1Description"; Value = "Linkedin"; VariantName = "[No Variations]"
Add component (AddParameter): Name = "ComponentLink1URL"; Value = "https://ir.linkedin.com/in/mahdi-bagherzade"; VariantName = "[No Variations]"
Add component (AddParameter): Name = "Phone Number"; Value = "0915 8700 314"; VariantName = "[No Variations]"
Add component (AddParameter): Name = "Power"; Value = "1/8W"; VariantName = "[No Variations]"
Add component (AddParameter): Name = "Published Date"; Value = "9-15-2024"; VariantName = "[No Variations]"
Add component (AddParameter): Name = "Publisher"; Value = "Mahdi Bagherzadeh"; VariantName = "[No Variations]"
Add component (AddParameter): Name = "Tolerance"; Value = "5%"; VariantName = "[No Variations]"
Add component (AddParameter): Name = "Type"; Value = "SMD"; VariantName = "[No Variations]"
Add component (AddParameter): Name = "Value"; Value = "1K"; VariantName = "[No Variations]"
Added Component: Designator=R31_19(R-0805)
Add component (AddParameter): Name = "ComponentLink1Description"; Value = "Linkedin"; VariantName = "[No Variations]"
Add component (AddParameter): Name = "ComponentLink1URL"; Value = "https://ir.linkedin.com/in/mahdi-bagherzade"; VariantName = "[No Variations]"
Add component (AddParameter): Name = "Phone Number"; Value = "0915 8700 314"; VariantName = "[No Variations]"
Add component (AddParameter): Name = "Power"; Value = "1/8W"; VariantName = "[No Variations]"
Add component (AddParameter): Name = "Published Date"; Value = "9-15-2024"; VariantName = "[No Variations]"
Add component (AddParameter): Name = "Publisher"; Value = "Mahdi Bagherzadeh"; VariantName = "[No Variations]"
Add component (AddParameter): Name = "Tolerance"; Value = "5%"; VariantName = "[No Variations]"
Add component (AddParameter): Name = "Type"; Value = "SMD"; VariantName = "[No Variations]"
Add component (AddParameter): Name = "Value"; Value = "1K"; VariantName = "[No Variations]"
Added Component: Designator=R31_20(R-0805)
Add component (AddParameter): Name = "ComponentLink1Description"; Value = "Linkedin"; VariantName = "[No Variations]"
Add component (AddParameter): Name = "ComponentLink1URL"; Value = "https://ir.linkedin.com/in/mahdi-bagherzade"; VariantName = "[No Variations]"
Add component (AddParameter): Name = "Phone Number"; Value = "0915 8700 314"; VariantName = "[No Variations]"
Add component (AddParameter): Name = "Power"; Value = "1/8W"; VariantName = "[No Variations]"
Add component (AddParameter): Name = "Published Date"; Value = "9-15-2024"; VariantName = "[No Variations]"
Add component (AddParameter): Name = "Publisher"; Value = "Mahdi Bagherzadeh"; VariantName = "[No Variations]"
Add component (AddParameter): Name = "Tolerance"; Value = "5%"; VariantName = "[No Variations]"
Add component (AddParameter): Name = "Type"; Value = "SMD"; VariantName = "[No Variations]"
Add component (AddParameter): Name = "Value"; Value = "1K"; VariantName = "[No Variations]"
Added Component: Designator=R31_21(R-0805)
Add component (AddParameter): Name = "ComponentLink1Description"; Value = "Linkedin"; VariantName = "[No Variations]"
Add component (AddParameter): Name = "ComponentLink1URL"; Value = "https://ir.linkedin.com/in/mahdi-bagherzade"; VariantName = "[No Variations]"
Add component (AddParameter): Name = "Phone Number"; Value = "0915 8700 314"; VariantName = "[No Variations]"
Add component (AddParameter): Name = "Power"; Value = "1/8W"; VariantName = "[No Variations]"
Add component (AddParameter): Name = "Published Date"; Value = "9-15-2024"; VariantName = "[No Variations]"
Add component (AddParameter): Name = "Publisher"; Value = "Mahdi Bagherzadeh"; VariantName = "[No Variations]"
Add component (AddParameter): Name = "Tolerance"; Value = "5%"; VariantName = "[No Variations]"
Add component (AddParameter): Name = "Type"; Value = "SMD"; VariantName = "[No Variations]"
Add component (AddParameter): Name = "Value"; Value = "1K"; VariantName = "[No Variations]"
Added Component: Designator=R31_22(R-0805)
Add component (AddParameter): Name = "ComponentLink1Description"; Value = "Linkedin"; VariantName = "[No Variations]"
Add component (AddParameter): Name = "ComponentLink1URL"; Value = "https://ir.linkedin.com/in/mahdi-bagherzade"; VariantName = "[No Variations]"
Add component (AddParameter): Name = "Phone Number"; Value = "0915 8700 314"; VariantName = "[No Variations]"
Add component (AddParameter): Name = "Power"; Value = "1/8W"; VariantName = "[No Variations]"
Add component (AddParameter): Name = "Published Date"; Value = "9-15-2024"; VariantName = "[No Variations]"
Add component (AddParameter): Name = "Publisher"; Value = "Mahdi Bagherzadeh"; VariantName = "[No Variations]"
Add component (AddParameter): Name = "Tolerance"; Value = "5%"; VariantName = "[No Variations]"
Add component (AddParameter): Name = "Type"; Value = "SMD"; VariantName = "[No Variations]"
Add component (AddParameter): Name = "Value"; Value = "1K"; VariantName = "[No Variations]"
Added Component: Designator=R31_23(R-0805)
Add component (AddParameter): Name = "ComponentLink1Description"; Value = "Linkedin"; VariantName = "[No Variations]"
Add component (AddParameter): Name = "ComponentLink1URL"; Value = "https://ir.linkedin.com/in/mahdi-bagherzade"; VariantName = "[No Variations]"
Add component (AddParameter): Name = "Phone Number"; Value = "0915 8700 314"; VariantName = "[No Variations]"
Add component (AddParameter): Name = "Power"; Value = "1/8W"; VariantName = "[No Variations]"
Add component (AddParameter): Name = "Published Date"; Value = "9-15-2024"; VariantName = "[No Variations]"
Add component (AddParameter): Name = "Publisher"; Value = "Mahdi Bagherzadeh"; VariantName = "[No Variations]"
Add component (AddParameter): Name = "Tolerance"; Value = "5%"; VariantName = "[No Variations]"
Add component (AddParameter): Name = "Type"; Value = "SMD"; VariantName = "[No Variations]"
Add component (AddParameter): Name = "Value"; Value = "1K"; VariantName = "[No Variations]"
Added Component: Designator=R31_24(R-0805)
Add component (AddParameter): Name = "ComponentLink1Description"; Value = "Linkedin"; VariantName = "[No Variations]"
Add component (AddParameter): Name = "ComponentLink1URL"; Value = "https://ir.linkedin.com/in/mahdi-bagherzade"; VariantName = "[No Variations]"
Add component (AddParameter): Name = "Phone Number"; Value = "0915 8700 314"; VariantName = "[No Variations]"
Add component (AddParameter): Name = "Power"; Value = "1/8W"; VariantName = "[No Variations]"
Add component (AddParameter): Name = "Published Date"; Value = "9-15-2024"; VariantName = "[No Variations]"
Add component (AddParameter): Name = "Publisher"; Value = "Mahdi Bagherzadeh"; VariantName = "[No Variations]"
Add component (AddParameter): Name = "Tolerance"; Value = "5%"; VariantName = "[No Variations]"
Add component (AddParameter): Name = "Type"; Value = "SMD"; VariantName = "[No Variations]"
Add component (AddParameter): Name = "Value"; Value = "1K"; VariantName = "[No Variations]"
Added Component: Designator=R32_1(R-0805)
Add component (AddParameter): Name = "ComponentLink1Description"; Value = "Linkedin"; VariantName = "[No Variations]"
Add component (AddParameter): Name = "ComponentLink1URL"; Value = "https://ir.linkedin.com/in/mahdi-bagherzade"; VariantName = "[No Variations]"
Add component (AddParameter): Name = "Phone Number"; Value = "0915 8700 314"; VariantName = "[No Variations]"
Add component (AddParameter): Name = "Power"; Value = "1/8W"; VariantName = "[No Variations]"
Add component (AddParameter): Name = "Published Date"; Value = "9-15-2024"; VariantName = "[No Variations]"
Add component (AddParameter): Name = "Publisher"; Value = "Mahdi Bagherzadeh"; VariantName = "[No Variations]"
Add component (AddParameter): Name = "Tolerance"; Value = "5%"; VariantName = "[No Variations]"
Add component (AddParameter): Name = "Type"; Value = "SMD"; VariantName = "[No Variations]"
Add component (AddParameter): Name = "Value"; Value = "10K"; VariantName = "[No Variations]"
Added Component: Designator=R32_2(R-0805)
Add component (AddParameter): Name = "ComponentLink1Description"; Value = "Linkedin"; VariantName = "[No Variations]"
Add component (AddParameter): Name = "ComponentLink1URL"; Value = "https://ir.linkedin.com/in/mahdi-bagherzade"; VariantName = "[No Variations]"
Add component (AddParameter): Name = "Phone Number"; Value = "0915 8700 314"; VariantName = "[No Variations]"
Add component (AddParameter): Name = "Power"; Value = "1/8W"; VariantName = "[No Variations]"
Add component (AddParameter): Name = "Published Date"; Value = "9-15-2024"; VariantName = "[No Variations]"
Add component (AddParameter): Name = "Publisher"; Value = "Mahdi Bagherzadeh"; VariantName = "[No Variations]"
Add component (AddParameter): Name = "Tolerance"; Value = "5%"; VariantName = "[No Variations]"
Add component (AddParameter): Name = "Type"; Value = "SMD"; VariantName = "[No Variations]"
Add component (AddParameter): Name = "Value"; Value = "10K"; VariantName = "[No Variations]"
Added Component: Designator=R32_3(R-0805)
Add component (AddParameter): Name = "ComponentLink1Description"; Value = "Linkedin"; VariantName = "[No Variations]"
Add component (AddParameter): Name = "ComponentLink1URL"; Value = "https://ir.linkedin.com/in/mahdi-bagherzade"; VariantName = "[No Variations]"
Add component (AddParameter): Name = "Phone Number"; Value = "0915 8700 314"; VariantName = "[No Variations]"
Add component (AddParameter): Name = "Power"; Value = "1/8W"; VariantName = "[No Variations]"
Add component (AddParameter): Name = "Published Date"; Value = "9-15-2024"; VariantName = "[No Variations]"
Add component (AddParameter): Name = "Publisher"; Value = "Mahdi Bagherzadeh"; VariantName = "[No Variations]"
Add component (AddParameter): Name = "Tolerance"; Value = "5%"; VariantName = "[No Variations]"
Add component (AddParameter): Name = "Type"; Value = "SMD"; VariantName = "[No Variations]"
Add component (AddParameter): Name = "Value"; Value = "10K"; VariantName = "[No Variations]"
Added Component: Designator=R32_4(R-0805)
Add component (AddParameter): Name = "ComponentLink1Description"; Value = "Linkedin"; VariantName = "[No Variations]"
Add component (AddParameter): Name = "ComponentLink1URL"; Value = "https://ir.linkedin.com/in/mahdi-bagherzade"; VariantName = "[No Variations]"
Add component (AddParameter): Name = "Phone Number"; Value = "0915 8700 314"; VariantName = "[No Variations]"
Add component (AddParameter): Name = "Power"; Value = "1/8W"; VariantName = "[No Variations]"
Add component (AddParameter): Name = "Published Date"; Value = "9-15-2024"; VariantName = "[No Variations]"
Add component (AddParameter): Name = "Publisher"; Value = "Mahdi Bagherzadeh"; VariantName = "[No Variations]"
Add component (AddParameter): Name = "Tolerance"; Value = "5%"; VariantName = "[No Variations]"
Add component (AddParameter): Name = "Type"; Value = "SMD"; VariantName = "[No Variations]"
Add component (AddParameter): Name = "Value"; Value = "10K"; VariantName = "[No Variations]"
Added Component: Designator=R32_5(R-0805)
Add component (AddParameter): Name = "ComponentLink1Description"; Value = "Linkedin"; VariantName = "[No Variations]"
Add component (AddParameter): Name = "ComponentLink1URL"; Value = "https://ir.linkedin.com/in/mahdi-bagherzade"; VariantName = "[No Variations]"
Add component (AddParameter): Name = "Phone Number"; Value = "0915 8700 314"; VariantName = "[No Variations]"
Add component (AddParameter): Name = "Power"; Value = "1/8W"; VariantName = "[No Variations]"
Add component (AddParameter): Name = "Published Date"; Value = "9-15-2024"; VariantName = "[No Variations]"
Add component (AddParameter): Name = "Publisher"; Value = "Mahdi Bagherzadeh"; VariantName = "[No Variations]"
Add component (AddParameter): Name = "Tolerance"; Value = "5%"; VariantName = "[No Variations]"
Add component (AddParameter): Name = "Type"; Value = "SMD"; VariantName = "[No Variations]"
Add component (AddParameter): Name = "Value"; Value = "10K"; VariantName = "[No Variations]"
Added Component: Designator=R32_6(R-0805)
Add component (AddParameter): Name = "ComponentLink1Description"; Value = "Linkedin"; VariantName = "[No Variations]"
Add component (AddParameter): Name = "ComponentLink1URL"; Value = "https://ir.linkedin.com/in/mahdi-bagherzade"; VariantName = "[No Variations]"
Add component (AddParameter): Name = "Phone Number"; Value = "0915 8700 314"; VariantName = "[No Variations]"
Add component (AddParameter): Name = "Power"; Value = "1/8W"; VariantName = "[No Variations]"
Add component (AddParameter): Name = "Published Date"; Value = "9-15-2024"; VariantName = "[No Variations]"
Add component (AddParameter): Name = "Publisher"; Value = "Mahdi Bagherzadeh"; VariantName = "[No Variations]"
Add component (AddParameter): Name = "Tolerance"; Value = "5%"; VariantName = "[No Variations]"
Add component (AddParameter): Name = "Type"; Value = "SMD"; VariantName = "[No Variations]"
Add component (AddParameter): Name = "Value"; Value = "10K"; VariantName = "[No Variations]"
Added Component: Designator=R32_7(R-0805)
Add component (AddParameter): Name = "ComponentLink1Description"; Value = "Linkedin"; VariantName = "[No Variations]"
Add component (AddParameter): Name = "ComponentLink1URL"; Value = "https://ir.linkedin.com/in/mahdi-bagherzade"; VariantName = "[No Variations]"
Add component (AddParameter): Name = "Phone Number"; Value = "0915 8700 314"; VariantName = "[No Variations]"
Add component (AddParameter): Name = "Power"; Value = "1/8W"; VariantName = "[No Variations]"
Add component (AddParameter): Name = "Published Date"; Value = "9-15-2024"; VariantName = "[No Variations]"
Add component (AddParameter): Name = "Publisher"; Value = "Mahdi Bagherzadeh"; VariantName = "[No Variations]"
Add component (AddParameter): Name = "Tolerance"; Value = "5%"; VariantName = "[No Variations]"
Add component (AddParameter): Name = "Type"; Value = "SMD"; VariantName = "[No Variations]"
Add component (AddParameter): Name = "Value"; Value = "10K"; VariantName = "[No Variations]"
Added Component: Designator=R32_8(R-0805)
Add component (AddParameter): Name = "ComponentLink1Description"; Value = "Linkedin"; VariantName = "[No Variations]"
Add component (AddParameter): Name = "ComponentLink1URL"; Value = "https://ir.linkedin.com/in/mahdi-bagherzade"; VariantName = "[No Variations]"
Add component (AddParameter): Name = "Phone Number"; Value = "0915 8700 314"; VariantName = "[No Variations]"
Add component (AddParameter): Name = "Power"; Value = "1/8W"; VariantName = "[No Variations]"
Add component (AddParameter): Name = "Published Date"; Value = "9-15-2024"; VariantName = "[No Variations]"
Add component (AddParameter): Name = "Publisher"; Value = "Mahdi Bagherzadeh"; VariantName = "[No Variations]"
Add component (AddParameter): Name = "Tolerance"; Value = "5%"; VariantName = "[No Variations]"
Add component (AddParameter): Name = "Type"; Value = "SMD"; VariantName = "[No Variations]"
Add component (AddParameter): Name = "Value"; Value = "10K"; VariantName = "[No Variations]"
Added Component: Designator=R32_9(R-0805)
Add component (AddParameter): Name = "ComponentLink1Description"; Value = "Linkedin"; VariantName = "[No Variations]"
Add component (AddParameter): Name = "ComponentLink1URL"; Value = "https://ir.linkedin.com/in/mahdi-bagherzade"; VariantName = "[No Variations]"
Add component (AddParameter): Name = "Phone Number"; Value = "0915 8700 314"; VariantName = "[No Variations]"
Add component (AddParameter): Name = "Power"; Value = "1/8W"; VariantName = "[No Variations]"
Add component (AddParameter): Name = "Published Date"; Value = "9-15-2024"; VariantName = "[No Variations]"
Add component (AddParameter): Name = "Publisher"; Value = "Mahdi Bagherzadeh"; VariantName = "[No Variations]"
Add component (AddParameter): Name = "Tolerance"; Value = "5%"; VariantName = "[No Variations]"
Add component (AddParameter): Name = "Type"; Value = "SMD"; VariantName = "[No Variations]"
Add component (AddParameter): Name = "Value"; Value = "10K"; VariantName = "[No Variations]"
Added Component: Designator=R32_10(R-0805)
Add component (AddParameter): Name = "ComponentLink1Description"; Value = "Linkedin"; VariantName = "[No Variations]"
Add component (AddParameter): Name = "ComponentLink1URL"; Value = "https://ir.linkedin.com/in/mahdi-bagherzade"; VariantName = "[No Variations]"
Add component (AddParameter): Name = "Phone Number"; Value = "0915 8700 314"; VariantName = "[No Variations]"
Add component (AddParameter): Name = "Power"; Value = "1/8W"; VariantName = "[No Variations]"
Add component (AddParameter): Name = "Published Date"; Value = "9-15-2024"; VariantName = "[No Variations]"
Add component (AddParameter): Name = "Publisher"; Value = "Mahdi Bagherzadeh"; VariantName = "[No Variations]"
Add component (AddParameter): Name = "Tolerance"; Value = "5%"; VariantName = "[No Variations]"
Add component (AddParameter): Name = "Type"; Value = "SMD"; VariantName = "[No Variations]"
Add component (AddParameter): Name = "Value"; Value = "10K"; VariantName = "[No Variations]"
Added Component: Designator=R32_11(R-0805)
Add component (AddParameter): Name = "ComponentLink1Description"; Value = "Linkedin"; VariantName = "[No Variations]"
Add component (AddParameter): Name = "ComponentLink1URL"; Value = "https://ir.linkedin.com/in/mahdi-bagherzade"; VariantName = "[No Variations]"
Add component (AddParameter): Name = "Phone Number"; Value = "0915 8700 314"; VariantName = "[No Variations]"
Add component (AddParameter): Name = "Power"; Value = "1/8W"; VariantName = "[No Variations]"
Add component (AddParameter): Name = "Published Date"; Value = "9-15-2024"; VariantName = "[No Variations]"
Add component (AddParameter): Name = "Publisher"; Value = "Mahdi Bagherzadeh"; VariantName = "[No Variations]"
Add component (AddParameter): Name = "Tolerance"; Value = "5%"; VariantName = "[No Variations]"
Add component (AddParameter): Name = "Type"; Value = "SMD"; VariantName = "[No Variations]"
Add component (AddParameter): Name = "Value"; Value = "10K"; VariantName = "[No Variations]"
Added Component: Designator=R32_12(R-0805)
Add component (AddParameter): Name = "ComponentLink1Description"; Value = "Linkedin"; VariantName = "[No Variations]"
Add component (AddParameter): Name = "ComponentLink1URL"; Value = "https://ir.linkedin.com/in/mahdi-bagherzade"; VariantName = "[No Variations]"
Add component (AddParameter): Name = "Phone Number"; Value = "0915 8700 314"; VariantName = "[No Variations]"
Add component (AddParameter): Name = "Power"; Value = "1/8W"; VariantName = "[No Variations]"
Add component (AddParameter): Name = "Published Date"; Value = "9-15-2024"; VariantName = "[No Variations]"
Add component (AddParameter): Name = "Publisher"; Value = "Mahdi Bagherzadeh"; VariantName = "[No Variations]"
Add component (AddParameter): Name = "Tolerance"; Value = "5%"; VariantName = "[No Variations]"
Add component (AddParameter): Name = "Type"; Value = "SMD"; VariantName = "[No Variations]"
Add component (AddParameter): Name = "Value"; Value = "10K"; VariantName = "[No Variations]"
Added Component: Designator=R32_13(R-0805)
Add component (AddParameter): Name = "ComponentLink1Description"; Value = "Linkedin"; VariantName = "[No Variations]"
Add component (AddParameter): Name = "ComponentLink1URL"; Value = "https://ir.linkedin.com/in/mahdi-bagherzade"; VariantName = "[No Variations]"
Add component (AddParameter): Name = "Phone Number"; Value = "0915 8700 314"; VariantName = "[No Variations]"
Add component (AddParameter): Name = "Power"; Value = "1/8W"; VariantName = "[No Variations]"
Add component (AddParameter): Name = "Published Date"; Value = "9-15-2024"; VariantName = "[No Variations]"
Add component (AddParameter): Name = "Publisher"; Value = "Mahdi Bagherzadeh"; VariantName = "[No Variations]"
Add component (AddParameter): Name = "Tolerance"; Value = "5%"; VariantName = "[No Variations]"
Add component (AddParameter): Name = "Type"; Value = "SMD"; VariantName = "[No Variations]"
Add component (AddParameter): Name = "Value"; Value = "10K"; VariantName = "[No Variations]"
Added Component: Designator=R32_14(R-0805)
Add component (AddParameter): Name = "ComponentLink1Description"; Value = "Linkedin"; VariantName = "[No Variations]"
Add component (AddParameter): Name = "ComponentLink1URL"; Value = "https://ir.linkedin.com/in/mahdi-bagherzade"; VariantName = "[No Variations]"
Add component (AddParameter): Name = "Phone Number"; Value = "0915 8700 314"; VariantName = "[No Variations]"
Add component (AddParameter): Name = "Power"; Value = "1/8W"; VariantName = "[No Variations]"
Add component (AddParameter): Name = "Published Date"; Value = "9-15-2024"; VariantName = "[No Variations]"
Add component (AddParameter): Name = "Publisher"; Value = "Mahdi Bagherzadeh"; VariantName = "[No Variations]"
Add component (AddParameter): Name = "Tolerance"; Value = "5%"; VariantName = "[No Variations]"
Add component (AddParameter): Name = "Type"; Value = "SMD"; VariantName = "[No Variations]"
Add component (AddParameter): Name = "Value"; Value = "10K"; VariantName = "[No Variations]"
Added Component: Designator=R32_15(R-0805)
Add component (AddParameter): Name = "ComponentLink1Description"; Value = "Linkedin"; VariantName = "[No Variations]"
Add component (AddParameter): Name = "ComponentLink1URL"; Value = "https://ir.linkedin.com/in/mahdi-bagherzade"; VariantName = "[No Variations]"
Add component (AddParameter): Name = "Phone Number"; Value = "0915 8700 314"; VariantName = "[No Variations]"
Add component (AddParameter): Name = "Power"; Value = "1/8W"; VariantName = "[No Variations]"
Add component (AddParameter): Name = "Published Date"; Value = "9-15-2024"; VariantName = "[No Variations]"
Add component (AddParameter): Name = "Publisher"; Value = "Mahdi Bagherzadeh"; VariantName = "[No Variations]"
Add component (AddParameter): Name = "Tolerance"; Value = "5%"; VariantName = "[No Variations]"
Add component (AddParameter): Name = "Type"; Value = "SMD"; VariantName = "[No Variations]"
Add component (AddParameter): Name = "Value"; Value = "10K"; VariantName = "[No Variations]"
Added Component: Designator=R32_16(R-0805)
Add component (AddParameter): Name = "ComponentLink1Description"; Value = "Linkedin"; VariantName = "[No Variations]"
Add component (AddParameter): Name = "ComponentLink1URL"; Value = "https://ir.linkedin.com/in/mahdi-bagherzade"; VariantName = "[No Variations]"
Add component (AddParameter): Name = "Phone Number"; Value = "0915 8700 314"; VariantName = "[No Variations]"
Add component (AddParameter): Name = "Power"; Value = "1/8W"; VariantName = "[No Variations]"
Add component (AddParameter): Name = "Published Date"; Value = "9-15-2024"; VariantName = "[No Variations]"
Add component (AddParameter): Name = "Publisher"; Value = "Mahdi Bagherzadeh"; VariantName = "[No Variations]"
Add component (AddParameter): Name = "Tolerance"; Value = "5%"; VariantName = "[No Variations]"
Add component (AddParameter): Name = "Type"; Value = "SMD"; VariantName = "[No Variations]"
Add component (AddParameter): Name = "Value"; Value = "10K"; VariantName = "[No Variations]"
Added Component: Designator=R32_17(R-0805)
Add component (AddParameter): Name = "ComponentLink1Description"; Value = "Linkedin"; VariantName = "[No Variations]"
Add component (AddParameter): Name = "ComponentLink1URL"; Value = "https://ir.linkedin.com/in/mahdi-bagherzade"; VariantName = "[No Variations]"
Add component (AddParameter): Name = "Phone Number"; Value = "0915 8700 314"; VariantName = "[No Variations]"
Add component (AddParameter): Name = "Power"; Value = "1/8W"; VariantName = "[No Variations]"
Add component (AddParameter): Name = "Published Date"; Value = "9-15-2024"; VariantName = "[No Variations]"
Add component (AddParameter): Name = "Publisher"; Value = "Mahdi Bagherzadeh"; VariantName = "[No Variations]"
Add component (AddParameter): Name = "Tolerance"; Value = "5%"; VariantName = "[No Variations]"
Add component (AddParameter): Name = "Type"; Value = "SMD"; VariantName = "[No Variations]"
Add component (AddParameter): Name = "Value"; Value = "10K"; VariantName = "[No Variations]"
Added Component: Designator=R32_18(R-0805)
Add component (AddParameter): Name = "ComponentLink1Description"; Value = "Linkedin"; VariantName = "[No Variations]"
Add component (AddParameter): Name = "ComponentLink1URL"; Value = "https://ir.linkedin.com/in/mahdi-bagherzade"; VariantName = "[No Variations]"
Add component (AddParameter): Name = "Phone Number"; Value = "0915 8700 314"; VariantName = "[No Variations]"
Add component (AddParameter): Name = "Power"; Value = "1/8W"; VariantName = "[No Variations]"
Add component (AddParameter): Name = "Published Date"; Value = "9-15-2024"; VariantName = "[No Variations]"
Add component (AddParameter): Name = "Publisher"; Value = "Mahdi Bagherzadeh"; VariantName = "[No Variations]"
Add component (AddParameter): Name = "Tolerance"; Value = "5%"; VariantName = "[No Variations]"
Add component (AddParameter): Name = "Type"; Value = "SMD"; VariantName = "[No Variations]"
Add component (AddParameter): Name = "Value"; Value = "10K"; VariantName = "[No Variations]"
Added Component: Designator=R32_19(R-0805)
Add component (AddParameter): Name = "ComponentLink1Description"; Value = "Linkedin"; VariantName = "[No Variations]"
Add component (AddParameter): Name = "ComponentLink1URL"; Value = "https://ir.linkedin.com/in/mahdi-bagherzade"; VariantName = "[No Variations]"
Add component (AddParameter): Name = "Phone Number"; Value = "0915 8700 314"; VariantName = "[No Variations]"
Add component (AddParameter): Name = "Power"; Value = "1/8W"; VariantName = "[No Variations]"
Add component (AddParameter): Name = "Published Date"; Value = "9-15-2024"; VariantName = "[No Variations]"
Add component (AddParameter): Name = "Publisher"; Value = "Mahdi Bagherzadeh"; VariantName = "[No Variations]"
Add component (AddParameter): Name = "Tolerance"; Value = "5%"; VariantName = "[No Variations]"
Add component (AddParameter): Name = "Type"; Value = "SMD"; VariantName = "[No Variations]"
Add component (AddParameter): Name = "Value"; Value = "10K"; VariantName = "[No Variations]"
Added Component: Designator=R32_20(R-0805)
Add component (AddParameter): Name = "ComponentLink1Description"; Value = "Linkedin"; VariantName = "[No Variations]"
Add component (AddParameter): Name = "ComponentLink1URL"; Value = "https://ir.linkedin.com/in/mahdi-bagherzade"; VariantName = "[No Variations]"
Add component (AddParameter): Name = "Phone Number"; Value = "0915 8700 314"; VariantName = "[No Variations]"
Add component (AddParameter): Name = "Power"; Value = "1/8W"; VariantName = "[No Variations]"
Add component (AddParameter): Name = "Published Date"; Value = "9-15-2024"; VariantName = "[No Variations]"
Add component (AddParameter): Name = "Publisher"; Value = "Mahdi Bagherzadeh"; VariantName = "[No Variations]"
Add component (AddParameter): Name = "Tolerance"; Value = "5%"; VariantName = "[No Variations]"
Add component (AddParameter): Name = "Type"; Value = "SMD"; VariantName = "[No Variations]"
Add component (AddParameter): Name = "Value"; Value = "10K"; VariantName = "[No Variations]"
Added Component: Designator=R32_21(R-0805)
Add component (AddParameter): Name = "ComponentLink1Description"; Value = "Linkedin"; VariantName = "[No Variations]"
Add component (AddParameter): Name = "ComponentLink1URL"; Value = "https://ir.linkedin.com/in/mahdi-bagherzade"; VariantName = "[No Variations]"
Add component (AddParameter): Name = "Phone Number"; Value = "0915 8700 314"; VariantName = "[No Variations]"
Add component (AddParameter): Name = "Power"; Value = "1/8W"; VariantName = "[No Variations]"
Add component (AddParameter): Name = "Published Date"; Value = "9-15-2024"; VariantName = "[No Variations]"
Add component (AddParameter): Name = "Publisher"; Value = "Mahdi Bagherzadeh"; VariantName = "[No Variations]"
Add component (AddParameter): Name = "Tolerance"; Value = "5%"; VariantName = "[No Variations]"
Add component (AddParameter): Name = "Type"; Value = "SMD"; VariantName = "[No Variations]"
Add component (AddParameter): Name = "Value"; Value = "10K"; VariantName = "[No Variations]"
Added Component: Designator=R32_22(R-0805)
Add component (AddParameter): Name = "ComponentLink1Description"; Value = "Linkedin"; VariantName = "[No Variations]"
Add component (AddParameter): Name = "ComponentLink1URL"; Value = "https://ir.linkedin.com/in/mahdi-bagherzade"; VariantName = "[No Variations]"
Add component (AddParameter): Name = "Phone Number"; Value = "0915 8700 314"; VariantName = "[No Variations]"
Add component (AddParameter): Name = "Power"; Value = "1/8W"; VariantName = "[No Variations]"
Add component (AddParameter): Name = "Published Date"; Value = "9-15-2024"; VariantName = "[No Variations]"
Add component (AddParameter): Name = "Publisher"; Value = "Mahdi Bagherzadeh"; VariantName = "[No Variations]"
Add component (AddParameter): Name = "Tolerance"; Value = "5%"; VariantName = "[No Variations]"
Add component (AddParameter): Name = "Type"; Value = "SMD"; VariantName = "[No Variations]"
Add component (AddParameter): Name = "Value"; Value = "10K"; VariantName = "[No Variations]"
Added Component: Designator=R32_23(R-0805)
Add component (AddParameter): Name = "ComponentLink1Description"; Value = "Linkedin"; VariantName = "[No Variations]"
Add component (AddParameter): Name = "ComponentLink1URL"; Value = "https://ir.linkedin.com/in/mahdi-bagherzade"; VariantName = "[No Variations]"
Add component (AddParameter): Name = "Phone Number"; Value = "0915 8700 314"; VariantName = "[No Variations]"
Add component (AddParameter): Name = "Power"; Value = "1/8W"; VariantName = "[No Variations]"
Add component (AddParameter): Name = "Published Date"; Value = "9-15-2024"; VariantName = "[No Variations]"
Add component (AddParameter): Name = "Publisher"; Value = "Mahdi Bagherzadeh"; VariantName = "[No Variations]"
Add component (AddParameter): Name = "Tolerance"; Value = "5%"; VariantName = "[No Variations]"
Add component (AddParameter): Name = "Type"; Value = "SMD"; VariantName = "[No Variations]"
Add component (AddParameter): Name = "Value"; Value = "10K"; VariantName = "[No Variations]"
Added Component: Designator=R32_24(R-0805)
Add component (AddParameter): Name = "ComponentLink1Description"; Value = "Linkedin"; VariantName = "[No Variations]"
Add component (AddParameter): Name = "ComponentLink1URL"; Value = "https://ir.linkedin.com/in/mahdi-bagherzade"; VariantName = "[No Variations]"
Add component (AddParameter): Name = "Phone Number"; Value = "0915 8700 314"; VariantName = "[No Variations]"
Add component (AddParameter): Name = "Power"; Value = "1/8W"; VariantName = "[No Variations]"
Add component (AddParameter): Name = "Published Date"; Value = "9-15-2024"; VariantName = "[No Variations]"
Add component (AddParameter): Name = "Publisher"; Value = "Mahdi Bagherzadeh"; VariantName = "[No Variations]"
Add component (AddParameter): Name = "Tolerance"; Value = "5%"; VariantName = "[No Variations]"
Add component (AddParameter): Name = "Type"; Value = "SMD"; VariantName = "[No Variations]"
Add component (AddParameter): Name = "Value"; Value = "10K"; VariantName = "[No Variations]"
Added Component: Designator=R33_1(R-0805)
Add component (AddParameter): Name = "ComponentLink1Description"; Value = "Linkedin"; VariantName = "[No Variations]"
Add component (AddParameter): Name = "ComponentLink1URL"; Value = "https://ir.linkedin.com/in/mahdi-bagherzade"; VariantName = "[No Variations]"
Add component (AddParameter): Name = "Phone Number"; Value = "0915 8700 314"; VariantName = "[No Variations]"
Add component (AddParameter): Name = "Power"; Value = "1/8W"; VariantName = "[No Variations]"
Add component (AddParameter): Name = "Published Date"; Value = "9-15-2024"; VariantName = "[No Variations]"
Add component (AddParameter): Name = "Publisher"; Value = "Mahdi Bagherzadeh"; VariantName = "[No Variations]"
Add component (AddParameter): Name = "Tolerance"; Value = "5%"; VariantName = "[No Variations]"
Add component (AddParameter): Name = "Type"; Value = "SMD"; VariantName = "[No Variations]"
Add component (AddParameter): Name = "Value"; Value = "1K"; VariantName = "[No Variations]"
Added Component: Designator=R33_2(R-0805)
Add component (AddParameter): Name = "ComponentLink1Description"; Value = "Linkedin"; VariantName = "[No Variations]"
Add component (AddParameter): Name = "ComponentLink1URL"; Value = "https://ir.linkedin.com/in/mahdi-bagherzade"; VariantName = "[No Variations]"
Add component (AddParameter): Name = "Phone Number"; Value = "0915 8700 314"; VariantName = "[No Variations]"
Add component (AddParameter): Name = "Power"; Value = "1/8W"; VariantName = "[No Variations]"
Add component (AddParameter): Name = "Published Date"; Value = "9-15-2024"; VariantName = "[No Variations]"
Add component (AddParameter): Name = "Publisher"; Value = "Mahdi Bagherzadeh"; VariantName = "[No Variations]"
Add component (AddParameter): Name = "Tolerance"; Value = "5%"; VariantName = "[No Variations]"
Add component (AddParameter): Name = "Type"; Value = "SMD"; VariantName = "[No Variations]"
Add component (AddParameter): Name = "Value"; Value = "1K"; VariantName = "[No Variations]"
Added Component: Designator=R33_3(R-0805)
Add component (AddParameter): Name = "ComponentLink1Description"; Value = "Linkedin"; VariantName = "[No Variations]"
Add component (AddParameter): Name = "ComponentLink1URL"; Value = "https://ir.linkedin.com/in/mahdi-bagherzade"; VariantName = "[No Variations]"
Add component (AddParameter): Name = "Phone Number"; Value = "0915 8700 314"; VariantName = "[No Variations]"
Add component (AddParameter): Name = "Power"; Value = "1/8W"; VariantName = "[No Variations]"
Add component (AddParameter): Name = "Published Date"; Value = "9-15-2024"; VariantName = "[No Variations]"
Add component (AddParameter): Name = "Publisher"; Value = "Mahdi Bagherzadeh"; VariantName = "[No Variations]"
Add component (AddParameter): Name = "Tolerance"; Value = "5%"; VariantName = "[No Variations]"
Add component (AddParameter): Name = "Type"; Value = "SMD"; VariantName = "[No Variations]"
Add component (AddParameter): Name = "Value"; Value = "1K"; VariantName = "[No Variations]"
Added Component: Designator=R33_4(R-0805)
Add component (AddParameter): Name = "ComponentLink1Description"; Value = "Linkedin"; VariantName = "[No Variations]"
Add component (AddParameter): Name = "ComponentLink1URL"; Value = "https://ir.linkedin.com/in/mahdi-bagherzade"; VariantName = "[No Variations]"
Add component (AddParameter): Name = "Phone Number"; Value = "0915 8700 314"; VariantName = "[No Variations]"
Add component (AddParameter): Name = "Power"; Value = "1/8W"; VariantName = "[No Variations]"
Add component (AddParameter): Name = "Published Date"; Value = "9-15-2024"; VariantName = "[No Variations]"
Add component (AddParameter): Name = "Publisher"; Value = "Mahdi Bagherzadeh"; VariantName = "[No Variations]"
Add component (AddParameter): Name = "Tolerance"; Value = "5%"; VariantName = "[No Variations]"
Add component (AddParameter): Name = "Type"; Value = "SMD"; VariantName = "[No Variations]"
Add component (AddParameter): Name = "Value"; Value = "1K"; VariantName = "[No Variations]"
Added Component: Designator=R33_5(R-0805)
Add component (AddParameter): Name = "ComponentLink1Description"; Value = "Linkedin"; VariantName = "[No Variations]"
Add component (AddParameter): Name = "ComponentLink1URL"; Value = "https://ir.linkedin.com/in/mahdi-bagherzade"; VariantName = "[No Variations]"
Add component (AddParameter): Name = "Phone Number"; Value = "0915 8700 314"; VariantName = "[No Variations]"
Add component (AddParameter): Name = "Power"; Value = "1/8W"; VariantName = "[No Variations]"
Add component (AddParameter): Name = "Published Date"; Value = "9-15-2024"; VariantName = "[No Variations]"
Add component (AddParameter): Name = "Publisher"; Value = "Mahdi Bagherzadeh"; VariantName = "[No Variations]"
Add component (AddParameter): Name = "Tolerance"; Value = "5%"; VariantName = "[No Variations]"
Add component (AddParameter): Name = "Type"; Value = "SMD"; VariantName = "[No Variations]"
Add component (AddParameter): Name = "Value"; Value = "1K"; VariantName = "[No Variations]"
Added Component: Designator=R33_6(R-0805)
Add component (AddParameter): Name = "ComponentLink1Description"; Value = "Linkedin"; VariantName = "[No Variations]"
Add component (AddParameter): Name = "ComponentLink1URL"; Value = "https://ir.linkedin.com/in/mahdi-bagherzade"; VariantName = "[No Variations]"
Add component (AddParameter): Name = "Phone Number"; Value = "0915 8700 314"; VariantName = "[No Variations]"
Add component (AddParameter): Name = "Power"; Value = "1/8W"; VariantName = "[No Variations]"
Add component (AddParameter): Name = "Published Date"; Value = "9-15-2024"; VariantName = "[No Variations]"
Add component (AddParameter): Name = "Publisher"; Value = "Mahdi Bagherzadeh"; VariantName = "[No Variations]"
Add component (AddParameter): Name = "Tolerance"; Value = "5%"; VariantName = "[No Variations]"
Add component (AddParameter): Name = "Type"; Value = "SMD"; VariantName = "[No Variations]"
Add component (AddParameter): Name = "Value"; Value = "1K"; VariantName = "[No Variations]"
Added Component: Designator=R33_7(R-0805)
Add component (AddParameter): Name = "ComponentLink1Description"; Value = "Linkedin"; VariantName = "[No Variations]"
Add component (AddParameter): Name = "ComponentLink1URL"; Value = "https://ir.linkedin.com/in/mahdi-bagherzade"; VariantName = "[No Variations]"
Add component (AddParameter): Name = "Phone Number"; Value = "0915 8700 314"; VariantName = "[No Variations]"
Add component (AddParameter): Name = "Power"; Value = "1/8W"; VariantName = "[No Variations]"
Add component (AddParameter): Name = "Published Date"; Value = "9-15-2024"; VariantName = "[No Variations]"
Add component (AddParameter): Name = "Publisher"; Value = "Mahdi Bagherzadeh"; VariantName = "[No Variations]"
Add component (AddParameter): Name = "Tolerance"; Value = "5%"; VariantName = "[No Variations]"
Add component (AddParameter): Name = "Type"; Value = "SMD"; VariantName = "[No Variations]"
Add component (AddParameter): Name = "Value"; Value = "1K"; VariantName = "[No Variations]"
Added Component: Designator=R33_8(R-0805)
Add component (AddParameter): Name = "ComponentLink1Description"; Value = "Linkedin"; VariantName = "[No Variations]"
Add component (AddParameter): Name = "ComponentLink1URL"; Value = "https://ir.linkedin.com/in/mahdi-bagherzade"; VariantName = "[No Variations]"
Add component (AddParameter): Name = "Phone Number"; Value = "0915 8700 314"; VariantName = "[No Variations]"
Add component (AddParameter): Name = "Power"; Value = "1/8W"; VariantName = "[No Variations]"
Add component (AddParameter): Name = "Published Date"; Value = "9-15-2024"; VariantName = "[No Variations]"
Add component (AddParameter): Name = "Publisher"; Value = "Mahdi Bagherzadeh"; VariantName = "[No Variations]"
Add component (AddParameter): Name = "Tolerance"; Value = "5%"; VariantName = "[No Variations]"
Add component (AddParameter): Name = "Type"; Value = "SMD"; VariantName = "[No Variations]"
Add component (AddParameter): Name = "Value"; Value = "1K"; VariantName = "[No Variations]"
Added Component: Designator=R33_9(R-0805)
Add component (AddParameter): Name = "ComponentLink1Description"; Value = "Linkedin"; VariantName = "[No Variations]"
Add component (AddParameter): Name = "ComponentLink1URL"; Value = "https://ir.linkedin.com/in/mahdi-bagherzade"; VariantName = "[No Variations]"
Add component (AddParameter): Name = "Phone Number"; Value = "0915 8700 314"; VariantName = "[No Variations]"
Add component (AddParameter): Name = "Power"; Value = "1/8W"; VariantName = "[No Variations]"
Add component (AddParameter): Name = "Published Date"; Value = "9-15-2024"; VariantName = "[No Variations]"
Add component (AddParameter): Name = "Publisher"; Value = "Mahdi Bagherzadeh"; VariantName = "[No Variations]"
Add component (AddParameter): Name = "Tolerance"; Value = "5%"; VariantName = "[No Variations]"
Add component (AddParameter): Name = "Type"; Value = "SMD"; VariantName = "[No Variations]"
Add component (AddParameter): Name = "Value"; Value = "1K"; VariantName = "[No Variations]"
Added Component: Designator=R33_10(R-0805)
Add component (AddParameter): Name = "ComponentLink1Description"; Value = "Linkedin"; VariantName = "[No Variations]"
Add component (AddParameter): Name = "ComponentLink1URL"; Value = "https://ir.linkedin.com/in/mahdi-bagherzade"; VariantName = "[No Variations]"
Add component (AddParameter): Name = "Phone Number"; Value = "0915 8700 314"; VariantName = "[No Variations]"
Add component (AddParameter): Name = "Power"; Value = "1/8W"; VariantName = "[No Variations]"
Add component (AddParameter): Name = "Published Date"; Value = "9-15-2024"; VariantName = "[No Variations]"
Add component (AddParameter): Name = "Publisher"; Value = "Mahdi Bagherzadeh"; VariantName = "[No Variations]"
Add component (AddParameter): Name = "Tolerance"; Value = "5%"; VariantName = "[No Variations]"
Add component (AddParameter): Name = "Type"; Value = "SMD"; VariantName = "[No Variations]"
Add component (AddParameter): Name = "Value"; Value = "1K"; VariantName = "[No Variations]"
Added Component: Designator=R33_11(R-0805)
Add component (AddParameter): Name = "ComponentLink1Description"; Value = "Linkedin"; VariantName = "[No Variations]"
Add component (AddParameter): Name = "ComponentLink1URL"; Value = "https://ir.linkedin.com/in/mahdi-bagherzade"; VariantName = "[No Variations]"
Add component (AddParameter): Name = "Phone Number"; Value = "0915 8700 314"; VariantName = "[No Variations]"
Add component (AddParameter): Name = "Power"; Value = "1/8W"; VariantName = "[No Variations]"
Add component (AddParameter): Name = "Published Date"; Value = "9-15-2024"; VariantName = "[No Variations]"
Add component (AddParameter): Name = "Publisher"; Value = "Mahdi Bagherzadeh"; VariantName = "[No Variations]"
Add component (AddParameter): Name = "Tolerance"; Value = "5%"; VariantName = "[No Variations]"
Add component (AddParameter): Name = "Type"; Value = "SMD"; VariantName = "[No Variations]"
Add component (AddParameter): Name = "Value"; Value = "1K"; VariantName = "[No Variations]"
Added Component: Designator=R33_12(R-0805)
Add component (AddParameter): Name = "ComponentLink1Description"; Value = "Linkedin"; VariantName = "[No Variations]"
Add component (AddParameter): Name = "ComponentLink1URL"; Value = "https://ir.linkedin.com/in/mahdi-bagherzade"; VariantName = "[No Variations]"
Add component (AddParameter): Name = "Phone Number"; Value = "0915 8700 314"; VariantName = "[No Variations]"
Add component (AddParameter): Name = "Power"; Value = "1/8W"; VariantName = "[No Variations]"
Add component (AddParameter): Name = "Published Date"; Value = "9-15-2024"; VariantName = "[No Variations]"
Add component (AddParameter): Name = "Publisher"; Value = "Mahdi Bagherzadeh"; VariantName = "[No Variations]"
Add component (AddParameter): Name = "Tolerance"; Value = "5%"; VariantName = "[No Variations]"
Add component (AddParameter): Name = "Type"; Value = "SMD"; VariantName = "[No Variations]"
Add component (AddParameter): Name = "Value"; Value = "1K"; VariantName = "[No Variations]"
Added Component: Designator=R33_13(R-0805)
Add component (AddParameter): Name = "ComponentLink1Description"; Value = "Linkedin"; VariantName = "[No Variations]"
Add component (AddParameter): Name = "ComponentLink1URL"; Value = "https://ir.linkedin.com/in/mahdi-bagherzade"; VariantName = "[No Variations]"
Add component (AddParameter): Name = "Phone Number"; Value = "0915 8700 314"; VariantName = "[No Variations]"
Add component (AddParameter): Name = "Power"; Value = "1/8W"; VariantName = "[No Variations]"
Add component (AddParameter): Name = "Published Date"; Value = "9-15-2024"; VariantName = "[No Variations]"
Add component (AddParameter): Name = "Publisher"; Value = "Mahdi Bagherzadeh"; VariantName = "[No Variations]"
Add component (AddParameter): Name = "Tolerance"; Value = "5%"; VariantName = "[No Variations]"
Add component (AddParameter): Name = "Type"; Value = "SMD"; VariantName = "[No Variations]"
Add component (AddParameter): Name = "Value"; Value = "1K"; VariantName = "[No Variations]"
Added Component: Designator=R33_14(R-0805)
Add component (AddParameter): Name = "ComponentLink1Description"; Value = "Linkedin"; VariantName = "[No Variations]"
Add component (AddParameter): Name = "ComponentLink1URL"; Value = "https://ir.linkedin.com/in/mahdi-bagherzade"; VariantName = "[No Variations]"
Add component (AddParameter): Name = "Phone Number"; Value = "0915 8700 314"; VariantName = "[No Variations]"
Add component (AddParameter): Name = "Power"; Value = "1/8W"; VariantName = "[No Variations]"
Add component (AddParameter): Name = "Published Date"; Value = "9-15-2024"; VariantName = "[No Variations]"
Add component (AddParameter): Name = "Publisher"; Value = "Mahdi Bagherzadeh"; VariantName = "[No Variations]"
Add component (AddParameter): Name = "Tolerance"; Value = "5%"; VariantName = "[No Variations]"
Add component (AddParameter): Name = "Type"; Value = "SMD"; VariantName = "[No Variations]"
Add component (AddParameter): Name = "Value"; Value = "1K"; VariantName = "[No Variations]"
Added Component: Designator=R33_15(R-0805)
Add component (AddParameter): Name = "ComponentLink1Description"; Value = "Linkedin"; VariantName = "[No Variations]"
Add component (AddParameter): Name = "ComponentLink1URL"; Value = "https://ir.linkedin.com/in/mahdi-bagherzade"; VariantName = "[No Variations]"
Add component (AddParameter): Name = "Phone Number"; Value = "0915 8700 314"; VariantName = "[No Variations]"
Add component (AddParameter): Name = "Power"; Value = "1/8W"; VariantName = "[No Variations]"
Add component (AddParameter): Name = "Published Date"; Value = "9-15-2024"; VariantName = "[No Variations]"
Add component (AddParameter): Name = "Publisher"; Value = "Mahdi Bagherzadeh"; VariantName = "[No Variations]"
Add component (AddParameter): Name = "Tolerance"; Value = "5%"; VariantName = "[No Variations]"
Add component (AddParameter): Name = "Type"; Value = "SMD"; VariantName = "[No Variations]"
Add component (AddParameter): Name = "Value"; Value = "1K"; VariantName = "[No Variations]"
Added Component: Designator=R33_16(R-0805)
Add component (AddParameter): Name = "ComponentLink1Description"; Value = "Linkedin"; VariantName = "[No Variations]"
Add component (AddParameter): Name = "ComponentLink1URL"; Value = "https://ir.linkedin.com/in/mahdi-bagherzade"; VariantName = "[No Variations]"
Add component (AddParameter): Name = "Phone Number"; Value = "0915 8700 314"; VariantName = "[No Variations]"
Add component (AddParameter): Name = "Power"; Value = "1/8W"; VariantName = "[No Variations]"
Add component (AddParameter): Name = "Published Date"; Value = "9-15-2024"; VariantName = "[No Variations]"
Add component (AddParameter): Name = "Publisher"; Value = "Mahdi Bagherzadeh"; VariantName = "[No Variations]"
Add component (AddParameter): Name = "Tolerance"; Value = "5%"; VariantName = "[No Variations]"
Add component (AddParameter): Name = "Type"; Value = "SMD"; VariantName = "[No Variations]"
Add component (AddParameter): Name = "Value"; Value = "1K"; VariantName = "[No Variations]"
Added Component: Designator=R33_17(R-0805)
Add component (AddParameter): Name = "ComponentLink1Description"; Value = "Linkedin"; VariantName = "[No Variations]"
Add component (AddParameter): Name = "ComponentLink1URL"; Value = "https://ir.linkedin.com/in/mahdi-bagherzade"; VariantName = "[No Variations]"
Add component (AddParameter): Name = "Phone Number"; Value = "0915 8700 314"; VariantName = "[No Variations]"
Add component (AddParameter): Name = "Power"; Value = "1/8W"; VariantName = "[No Variations]"
Add component (AddParameter): Name = "Published Date"; Value = "9-15-2024"; VariantName = "[No Variations]"
Add component (AddParameter): Name = "Publisher"; Value = "Mahdi Bagherzadeh"; VariantName = "[No Variations]"
Add component (AddParameter): Name = "Tolerance"; Value = "5%"; VariantName = "[No Variations]"
Add component (AddParameter): Name = "Type"; Value = "SMD"; VariantName = "[No Variations]"
Add component (AddParameter): Name = "Value"; Value = "1K"; VariantName = "[No Variations]"
Added Component: Designator=R33_18(R-0805)
Add component (AddParameter): Name = "ComponentLink1Description"; Value = "Linkedin"; VariantName = "[No Variations]"
Add component (AddParameter): Name = "ComponentLink1URL"; Value = "https://ir.linkedin.com/in/mahdi-bagherzade"; VariantName = "[No Variations]"
Add component (AddParameter): Name = "Phone Number"; Value = "0915 8700 314"; VariantName = "[No Variations]"
Add component (AddParameter): Name = "Power"; Value = "1/8W"; VariantName = "[No Variations]"
Add component (AddParameter): Name = "Published Date"; Value = "9-15-2024"; VariantName = "[No Variations]"
Add component (AddParameter): Name = "Publisher"; Value = "Mahdi Bagherzadeh"; VariantName = "[No Variations]"
Add component (AddParameter): Name = "Tolerance"; Value = "5%"; VariantName = "[No Variations]"
Add component (AddParameter): Name = "Type"; Value = "SMD"; VariantName = "[No Variations]"
Add component (AddParameter): Name = "Value"; Value = "1K"; VariantName = "[No Variations]"
Added Component: Designator=R33_19(R-0805)
Add component (AddParameter): Name = "ComponentLink1Description"; Value = "Linkedin"; VariantName = "[No Variations]"
Add component (AddParameter): Name = "ComponentLink1URL"; Value = "https://ir.linkedin.com/in/mahdi-bagherzade"; VariantName = "[No Variations]"
Add component (AddParameter): Name = "Phone Number"; Value = "0915 8700 314"; VariantName = "[No Variations]"
Add component (AddParameter): Name = "Power"; Value = "1/8W"; VariantName = "[No Variations]"
Add component (AddParameter): Name = "Published Date"; Value = "9-15-2024"; VariantName = "[No Variations]"
Add component (AddParameter): Name = "Publisher"; Value = "Mahdi Bagherzadeh"; VariantName = "[No Variations]"
Add component (AddParameter): Name = "Tolerance"; Value = "5%"; VariantName = "[No Variations]"
Add component (AddParameter): Name = "Type"; Value = "SMD"; VariantName = "[No Variations]"
Add component (AddParameter): Name = "Value"; Value = "1K"; VariantName = "[No Variations]"
Added Component: Designator=R33_20(R-0805)
Add component (AddParameter): Name = "ComponentLink1Description"; Value = "Linkedin"; VariantName = "[No Variations]"
Add component (AddParameter): Name = "ComponentLink1URL"; Value = "https://ir.linkedin.com/in/mahdi-bagherzade"; VariantName = "[No Variations]"
Add component (AddParameter): Name = "Phone Number"; Value = "0915 8700 314"; VariantName = "[No Variations]"
Add component (AddParameter): Name = "Power"; Value = "1/8W"; VariantName = "[No Variations]"
Add component (AddParameter): Name = "Published Date"; Value = "9-15-2024"; VariantName = "[No Variations]"
Add component (AddParameter): Name = "Publisher"; Value = "Mahdi Bagherzadeh"; VariantName = "[No Variations]"
Add component (AddParameter): Name = "Tolerance"; Value = "5%"; VariantName = "[No Variations]"
Add component (AddParameter): Name = "Type"; Value = "SMD"; VariantName = "[No Variations]"
Add component (AddParameter): Name = "Value"; Value = "1K"; VariantName = "[No Variations]"
Added Component: Designator=R33_21(R-0805)
Add component (AddParameter): Name = "ComponentLink1Description"; Value = "Linkedin"; VariantName = "[No Variations]"
Add component (AddParameter): Name = "ComponentLink1URL"; Value = "https://ir.linkedin.com/in/mahdi-bagherzade"; VariantName = "[No Variations]"
Add component (AddParameter): Name = "Phone Number"; Value = "0915 8700 314"; VariantName = "[No Variations]"
Add component (AddParameter): Name = "Power"; Value = "1/8W"; VariantName = "[No Variations]"
Add component (AddParameter): Name = "Published Date"; Value = "9-15-2024"; VariantName = "[No Variations]"
Add component (AddParameter): Name = "Publisher"; Value = "Mahdi Bagherzadeh"; VariantName = "[No Variations]"
Add component (AddParameter): Name = "Tolerance"; Value = "5%"; VariantName = "[No Variations]"
Add component (AddParameter): Name = "Type"; Value = "SMD"; VariantName = "[No Variations]"
Add component (AddParameter): Name = "Value"; Value = "1K"; VariantName = "[No Variations]"
Added Component: Designator=R33_22(R-0805)
Add component (AddParameter): Name = "ComponentLink1Description"; Value = "Linkedin"; VariantName = "[No Variations]"
Add component (AddParameter): Name = "ComponentLink1URL"; Value = "https://ir.linkedin.com/in/mahdi-bagherzade"; VariantName = "[No Variations]"
Add component (AddParameter): Name = "Phone Number"; Value = "0915 8700 314"; VariantName = "[No Variations]"
Add component (AddParameter): Name = "Power"; Value = "1/8W"; VariantName = "[No Variations]"
Add component (AddParameter): Name = "Published Date"; Value = "9-15-2024"; VariantName = "[No Variations]"
Add component (AddParameter): Name = "Publisher"; Value = "Mahdi Bagherzadeh"; VariantName = "[No Variations]"
Add component (AddParameter): Name = "Tolerance"; Value = "5%"; VariantName = "[No Variations]"
Add component (AddParameter): Name = "Type"; Value = "SMD"; VariantName = "[No Variations]"
Add component (AddParameter): Name = "Value"; Value = "1K"; VariantName = "[No Variations]"
Added Component: Designator=R33_23(R-0805)
Add component (AddParameter): Name = "ComponentLink1Description"; Value = "Linkedin"; VariantName = "[No Variations]"
Add component (AddParameter): Name = "ComponentLink1URL"; Value = "https://ir.linkedin.com/in/mahdi-bagherzade"; VariantName = "[No Variations]"
Add component (AddParameter): Name = "Phone Number"; Value = "0915 8700 314"; VariantName = "[No Variations]"
Add component (AddParameter): Name = "Power"; Value = "1/8W"; VariantName = "[No Variations]"
Add component (AddParameter): Name = "Published Date"; Value = "9-15-2024"; VariantName = "[No Variations]"
Add component (AddParameter): Name = "Publisher"; Value = "Mahdi Bagherzadeh"; VariantName = "[No Variations]"
Add component (AddParameter): Name = "Tolerance"; Value = "5%"; VariantName = "[No Variations]"
Add component (AddParameter): Name = "Type"; Value = "SMD"; VariantName = "[No Variations]"
Add component (AddParameter): Name = "Value"; Value = "1K"; VariantName = "[No Variations]"
Added Component: Designator=R33_24(R-0805)
Add component (AddParameter): Name = "ComponentLink1Description"; Value = "Linkedin"; VariantName = "[No Variations]"
Add component (AddParameter): Name = "ComponentLink1URL"; Value = "https://ir.linkedin.com/in/mahdi-bagherzade"; VariantName = "[No Variations]"
Add component (AddParameter): Name = "Phone Number"; Value = "0915 8700 314"; VariantName = "[No Variations]"
Add component (AddParameter): Name = "Power"; Value = "1/8W"; VariantName = "[No Variations]"
Add component (AddParameter): Name = "Published Date"; Value = "9-15-2024"; VariantName = "[No Variations]"
Add component (AddParameter): Name = "Publisher"; Value = "Mahdi Bagherzadeh"; VariantName = "[No Variations]"
Add component (AddParameter): Name = "Tolerance"; Value = "5%"; VariantName = "[No Variations]"
Add component (AddParameter): Name = "Type"; Value = "SMD"; VariantName = "[No Variations]"
Add component (AddParameter): Name = "Value"; Value = "1K"; VariantName = "[No Variations]"
Added Component: Designator=R34_1(R-0805)
Add component (AddParameter): Name = "ComponentLink1Description"; Value = "Linkedin"; VariantName = "[No Variations]"
Add component (AddParameter): Name = "ComponentLink1URL"; Value = "https://ir.linkedin.com/in/mahdi-bagherzade"; VariantName = "[No Variations]"
Add component (AddParameter): Name = "Phone Number"; Value = "0915 8700 314"; VariantName = "[No Variations]"
Add component (AddParameter): Name = "Power"; Value = "1/8W"; VariantName = "[No Variations]"
Add component (AddParameter): Name = "Published Date"; Value = "9-15-2024"; VariantName = "[No Variations]"
Add component (AddParameter): Name = "Publisher"; Value = "Mahdi Bagherzadeh"; VariantName = "[No Variations]"
Add component (AddParameter): Name = "Tolerance"; Value = "5%"; VariantName = "[No Variations]"
Add component (AddParameter): Name = "Type"; Value = "SMD"; VariantName = "[No Variations]"
Add component (AddParameter): Name = "Value"; Value = "10K"; VariantName = "[No Variations]"
Added Component: Designator=R34_2(R-0805)
Add component (AddParameter): Name = "ComponentLink1Description"; Value = "Linkedin"; VariantName = "[No Variations]"
Add component (AddParameter): Name = "ComponentLink1URL"; Value = "https://ir.linkedin.com/in/mahdi-bagherzade"; VariantName = "[No Variations]"
Add component (AddParameter): Name = "Phone Number"; Value = "0915 8700 314"; VariantName = "[No Variations]"
Add component (AddParameter): Name = "Power"; Value = "1/8W"; VariantName = "[No Variations]"
Add component (AddParameter): Name = "Published Date"; Value = "9-15-2024"; VariantName = "[No Variations]"
Add component (AddParameter): Name = "Publisher"; Value = "Mahdi Bagherzadeh"; VariantName = "[No Variations]"
Add component (AddParameter): Name = "Tolerance"; Value = "5%"; VariantName = "[No Variations]"
Add component (AddParameter): Name = "Type"; Value = "SMD"; VariantName = "[No Variations]"
Add component (AddParameter): Name = "Value"; Value = "10K"; VariantName = "[No Variations]"
Added Component: Designator=R34_3(R-0805)
Add component (AddParameter): Name = "ComponentLink1Description"; Value = "Linkedin"; VariantName = "[No Variations]"
Add component (AddParameter): Name = "ComponentLink1URL"; Value = "https://ir.linkedin.com/in/mahdi-bagherzade"; VariantName = "[No Variations]"
Add component (AddParameter): Name = "Phone Number"; Value = "0915 8700 314"; VariantName = "[No Variations]"
Add component (AddParameter): Name = "Power"; Value = "1/8W"; VariantName = "[No Variations]"
Add component (AddParameter): Name = "Published Date"; Value = "9-15-2024"; VariantName = "[No Variations]"
Add component (AddParameter): Name = "Publisher"; Value = "Mahdi Bagherzadeh"; VariantName = "[No Variations]"
Add component (AddParameter): Name = "Tolerance"; Value = "5%"; VariantName = "[No Variations]"
Add component (AddParameter): Name = "Type"; Value = "SMD"; VariantName = "[No Variations]"
Add component (AddParameter): Name = "Value"; Value = "10K"; VariantName = "[No Variations]"
Added Component: Designator=R34_4(R-0805)
Add component (AddParameter): Name = "ComponentLink1Description"; Value = "Linkedin"; VariantName = "[No Variations]"
Add component (AddParameter): Name = "ComponentLink1URL"; Value = "https://ir.linkedin.com/in/mahdi-bagherzade"; VariantName = "[No Variations]"
Add component (AddParameter): Name = "Phone Number"; Value = "0915 8700 314"; VariantName = "[No Variations]"
Add component (AddParameter): Name = "Power"; Value = "1/8W"; VariantName = "[No Variations]"
Add component (AddParameter): Name = "Published Date"; Value = "9-15-2024"; VariantName = "[No Variations]"
Add component (AddParameter): Name = "Publisher"; Value = "Mahdi Bagherzadeh"; VariantName = "[No Variations]"
Add component (AddParameter): Name = "Tolerance"; Value = "5%"; VariantName = "[No Variations]"
Add component (AddParameter): Name = "Type"; Value = "SMD"; VariantName = "[No Variations]"
Add component (AddParameter): Name = "Value"; Value = "10K"; VariantName = "[No Variations]"
Added Component: Designator=R34_5(R-0805)
Add component (AddParameter): Name = "ComponentLink1Description"; Value = "Linkedin"; VariantName = "[No Variations]"
Add component (AddParameter): Name = "ComponentLink1URL"; Value = "https://ir.linkedin.com/in/mahdi-bagherzade"; VariantName = "[No Variations]"
Add component (AddParameter): Name = "Phone Number"; Value = "0915 8700 314"; VariantName = "[No Variations]"
Add component (AddParameter): Name = "Power"; Value = "1/8W"; VariantName = "[No Variations]"
Add component (AddParameter): Name = "Published Date"; Value = "9-15-2024"; VariantName = "[No Variations]"
Add component (AddParameter): Name = "Publisher"; Value = "Mahdi Bagherzadeh"; VariantName = "[No Variations]"
Add component (AddParameter): Name = "Tolerance"; Value = "5%"; VariantName = "[No Variations]"
Add component (AddParameter): Name = "Type"; Value = "SMD"; VariantName = "[No Variations]"
Add component (AddParameter): Name = "Value"; Value = "10K"; VariantName = "[No Variations]"
Added Component: Designator=R34_6(R-0805)
Add component (AddParameter): Name = "ComponentLink1Description"; Value = "Linkedin"; VariantName = "[No Variations]"
Add component (AddParameter): Name = "ComponentLink1URL"; Value = "https://ir.linkedin.com/in/mahdi-bagherzade"; VariantName = "[No Variations]"
Add component (AddParameter): Name = "Phone Number"; Value = "0915 8700 314"; VariantName = "[No Variations]"
Add component (AddParameter): Name = "Power"; Value = "1/8W"; VariantName = "[No Variations]"
Add component (AddParameter): Name = "Published Date"; Value = "9-15-2024"; VariantName = "[No Variations]"
Add component (AddParameter): Name = "Publisher"; Value = "Mahdi Bagherzadeh"; VariantName = "[No Variations]"
Add component (AddParameter): Name = "Tolerance"; Value = "5%"; VariantName = "[No Variations]"
Add component (AddParameter): Name = "Type"; Value = "SMD"; VariantName = "[No Variations]"
Add component (AddParameter): Name = "Value"; Value = "10K"; VariantName = "[No Variations]"
Added Component: Designator=R34_7(R-0805)
Add component (AddParameter): Name = "ComponentLink1Description"; Value = "Linkedin"; VariantName = "[No Variations]"
Add component (AddParameter): Name = "ComponentLink1URL"; Value = "https://ir.linkedin.com/in/mahdi-bagherzade"; VariantName = "[No Variations]"
Add component (AddParameter): Name = "Phone Number"; Value = "0915 8700 314"; VariantName = "[No Variations]"
Add component (AddParameter): Name = "Power"; Value = "1/8W"; VariantName = "[No Variations]"
Add component (AddParameter): Name = "Published Date"; Value = "9-15-2024"; VariantName = "[No Variations]"
Add component (AddParameter): Name = "Publisher"; Value = "Mahdi Bagherzadeh"; VariantName = "[No Variations]"
Add component (AddParameter): Name = "Tolerance"; Value = "5%"; VariantName = "[No Variations]"
Add component (AddParameter): Name = "Type"; Value = "SMD"; VariantName = "[No Variations]"
Add component (AddParameter): Name = "Value"; Value = "10K"; VariantName = "[No Variations]"
Added Component: Designator=R34_8(R-0805)
Add component (AddParameter): Name = "ComponentLink1Description"; Value = "Linkedin"; VariantName = "[No Variations]"
Add component (AddParameter): Name = "ComponentLink1URL"; Value = "https://ir.linkedin.com/in/mahdi-bagherzade"; VariantName = "[No Variations]"
Add component (AddParameter): Name = "Phone Number"; Value = "0915 8700 314"; VariantName = "[No Variations]"
Add component (AddParameter): Name = "Power"; Value = "1/8W"; VariantName = "[No Variations]"
Add component (AddParameter): Name = "Published Date"; Value = "9-15-2024"; VariantName = "[No Variations]"
Add component (AddParameter): Name = "Publisher"; Value = "Mahdi Bagherzadeh"; VariantName = "[No Variations]"
Add component (AddParameter): Name = "Tolerance"; Value = "5%"; VariantName = "[No Variations]"
Add component (AddParameter): Name = "Type"; Value = "SMD"; VariantName = "[No Variations]"
Add component (AddParameter): Name = "Value"; Value = "10K"; VariantName = "[No Variations]"
Added Component: Designator=R34_9(R-0805)
Add component (AddParameter): Name = "ComponentLink1Description"; Value = "Linkedin"; VariantName = "[No Variations]"
Add component (AddParameter): Name = "ComponentLink1URL"; Value = "https://ir.linkedin.com/in/mahdi-bagherzade"; VariantName = "[No Variations]"
Add component (AddParameter): Name = "Phone Number"; Value = "0915 8700 314"; VariantName = "[No Variations]"
Add component (AddParameter): Name = "Power"; Value = "1/8W"; VariantName = "[No Variations]"
Add component (AddParameter): Name = "Published Date"; Value = "9-15-2024"; VariantName = "[No Variations]"
Add component (AddParameter): Name = "Publisher"; Value = "Mahdi Bagherzadeh"; VariantName = "[No Variations]"
Add component (AddParameter): Name = "Tolerance"; Value = "5%"; VariantName = "[No Variations]"
Add component (AddParameter): Name = "Type"; Value = "SMD"; VariantName = "[No Variations]"
Add component (AddParameter): Name = "Value"; Value = "10K"; VariantName = "[No Variations]"
Added Component: Designator=R34_10(R-0805)
Add component (AddParameter): Name = "ComponentLink1Description"; Value = "Linkedin"; VariantName = "[No Variations]"
Add component (AddParameter): Name = "ComponentLink1URL"; Value = "https://ir.linkedin.com/in/mahdi-bagherzade"; VariantName = "[No Variations]"
Add component (AddParameter): Name = "Phone Number"; Value = "0915 8700 314"; VariantName = "[No Variations]"
Add component (AddParameter): Name = "Power"; Value = "1/8W"; VariantName = "[No Variations]"
Add component (AddParameter): Name = "Published Date"; Value = "9-15-2024"; VariantName = "[No Variations]"
Add component (AddParameter): Name = "Publisher"; Value = "Mahdi Bagherzadeh"; VariantName = "[No Variations]"
Add component (AddParameter): Name = "Tolerance"; Value = "5%"; VariantName = "[No Variations]"
Add component (AddParameter): Name = "Type"; Value = "SMD"; VariantName = "[No Variations]"
Add component (AddParameter): Name = "Value"; Value = "10K"; VariantName = "[No Variations]"
Added Component: Designator=R34_11(R-0805)
Add component (AddParameter): Name = "ComponentLink1Description"; Value = "Linkedin"; VariantName = "[No Variations]"
Add component (AddParameter): Name = "ComponentLink1URL"; Value = "https://ir.linkedin.com/in/mahdi-bagherzade"; VariantName = "[No Variations]"
Add component (AddParameter): Name = "Phone Number"; Value = "0915 8700 314"; VariantName = "[No Variations]"
Add component (AddParameter): Name = "Power"; Value = "1/8W"; VariantName = "[No Variations]"
Add component (AddParameter): Name = "Published Date"; Value = "9-15-2024"; VariantName = "[No Variations]"
Add component (AddParameter): Name = "Publisher"; Value = "Mahdi Bagherzadeh"; VariantName = "[No Variations]"
Add component (AddParameter): Name = "Tolerance"; Value = "5%"; VariantName = "[No Variations]"
Add component (AddParameter): Name = "Type"; Value = "SMD"; VariantName = "[No Variations]"
Add component (AddParameter): Name = "Value"; Value = "10K"; VariantName = "[No Variations]"
Added Component: Designator=R34_12(R-0805)
Add component (AddParameter): Name = "ComponentLink1Description"; Value = "Linkedin"; VariantName = "[No Variations]"
Add component (AddParameter): Name = "ComponentLink1URL"; Value = "https://ir.linkedin.com/in/mahdi-bagherzade"; VariantName = "[No Variations]"
Add component (AddParameter): Name = "Phone Number"; Value = "0915 8700 314"; VariantName = "[No Variations]"
Add component (AddParameter): Name = "Power"; Value = "1/8W"; VariantName = "[No Variations]"
Add component (AddParameter): Name = "Published Date"; Value = "9-15-2024"; VariantName = "[No Variations]"
Add component (AddParameter): Name = "Publisher"; Value = "Mahdi Bagherzadeh"; VariantName = "[No Variations]"
Add component (AddParameter): Name = "Tolerance"; Value = "5%"; VariantName = "[No Variations]"
Add component (AddParameter): Name = "Type"; Value = "SMD"; VariantName = "[No Variations]"
Add component (AddParameter): Name = "Value"; Value = "10K"; VariantName = "[No Variations]"
Added Component: Designator=R34_13(R-0805)
Add component (AddParameter): Name = "ComponentLink1Description"; Value = "Linkedin"; VariantName = "[No Variations]"
Add component (AddParameter): Name = "ComponentLink1URL"; Value = "https://ir.linkedin.com/in/mahdi-bagherzade"; VariantName = "[No Variations]"
Add component (AddParameter): Name = "Phone Number"; Value = "0915 8700 314"; VariantName = "[No Variations]"
Add component (AddParameter): Name = "Power"; Value = "1/8W"; VariantName = "[No Variations]"
Add component (AddParameter): Name = "Published Date"; Value = "9-15-2024"; VariantName = "[No Variations]"
Add component (AddParameter): Name = "Publisher"; Value = "Mahdi Bagherzadeh"; VariantName = "[No Variations]"
Add component (AddParameter): Name = "Tolerance"; Value = "5%"; VariantName = "[No Variations]"
Add component (AddParameter): Name = "Type"; Value = "SMD"; VariantName = "[No Variations]"
Add component (AddParameter): Name = "Value"; Value = "10K"; VariantName = "[No Variations]"
Added Component: Designator=R34_14(R-0805)
Add component (AddParameter): Name = "ComponentLink1Description"; Value = "Linkedin"; VariantName = "[No Variations]"
Add component (AddParameter): Name = "ComponentLink1URL"; Value = "https://ir.linkedin.com/in/mahdi-bagherzade"; VariantName = "[No Variations]"
Add component (AddParameter): Name = "Phone Number"; Value = "0915 8700 314"; VariantName = "[No Variations]"
Add component (AddParameter): Name = "Power"; Value = "1/8W"; VariantName = "[No Variations]"
Add component (AddParameter): Name = "Published Date"; Value = "9-15-2024"; VariantName = "[No Variations]"
Add component (AddParameter): Name = "Publisher"; Value = "Mahdi Bagherzadeh"; VariantName = "[No Variations]"
Add component (AddParameter): Name = "Tolerance"; Value = "5%"; VariantName = "[No Variations]"
Add component (AddParameter): Name = "Type"; Value = "SMD"; VariantName = "[No Variations]"
Add component (AddParameter): Name = "Value"; Value = "10K"; VariantName = "[No Variations]"
Added Component: Designator=R34_15(R-0805)
Add component (AddParameter): Name = "ComponentLink1Description"; Value = "Linkedin"; VariantName = "[No Variations]"
Add component (AddParameter): Name = "ComponentLink1URL"; Value = "https://ir.linkedin.com/in/mahdi-bagherzade"; VariantName = "[No Variations]"
Add component (AddParameter): Name = "Phone Number"; Value = "0915 8700 314"; VariantName = "[No Variations]"
Add component (AddParameter): Name = "Power"; Value = "1/8W"; VariantName = "[No Variations]"
Add component (AddParameter): Name = "Published Date"; Value = "9-15-2024"; VariantName = "[No Variations]"
Add component (AddParameter): Name = "Publisher"; Value = "Mahdi Bagherzadeh"; VariantName = "[No Variations]"
Add component (AddParameter): Name = "Tolerance"; Value = "5%"; VariantName = "[No Variations]"
Add component (AddParameter): Name = "Type"; Value = "SMD"; VariantName = "[No Variations]"
Add component (AddParameter): Name = "Value"; Value = "10K"; VariantName = "[No Variations]"
Added Component: Designator=R34_16(R-0805)
Add component (AddParameter): Name = "ComponentLink1Description"; Value = "Linkedin"; VariantName = "[No Variations]"
Add component (AddParameter): Name = "ComponentLink1URL"; Value = "https://ir.linkedin.com/in/mahdi-bagherzade"; VariantName = "[No Variations]"
Add component (AddParameter): Name = "Phone Number"; Value = "0915 8700 314"; VariantName = "[No Variations]"
Add component (AddParameter): Name = "Power"; Value = "1/8W"; VariantName = "[No Variations]"
Add component (AddParameter): Name = "Published Date"; Value = "9-15-2024"; VariantName = "[No Variations]"
Add component (AddParameter): Name = "Publisher"; Value = "Mahdi Bagherzadeh"; VariantName = "[No Variations]"
Add component (AddParameter): Name = "Tolerance"; Value = "5%"; VariantName = "[No Variations]"
Add component (AddParameter): Name = "Type"; Value = "SMD"; VariantName = "[No Variations]"
Add component (AddParameter): Name = "Value"; Value = "10K"; VariantName = "[No Variations]"
Added Component: Designator=R34_17(R-0805)
Add component (AddParameter): Name = "ComponentLink1Description"; Value = "Linkedin"; VariantName = "[No Variations]"
Add component (AddParameter): Name = "ComponentLink1URL"; Value = "https://ir.linkedin.com/in/mahdi-bagherzade"; VariantName = "[No Variations]"
Add component (AddParameter): Name = "Phone Number"; Value = "0915 8700 314"; VariantName = "[No Variations]"
Add component (AddParameter): Name = "Power"; Value = "1/8W"; VariantName = "[No Variations]"
Add component (AddParameter): Name = "Published Date"; Value = "9-15-2024"; VariantName = "[No Variations]"
Add component (AddParameter): Name = "Publisher"; Value = "Mahdi Bagherzadeh"; VariantName = "[No Variations]"
Add component (AddParameter): Name = "Tolerance"; Value = "5%"; VariantName = "[No Variations]"
Add component (AddParameter): Name = "Type"; Value = "SMD"; VariantName = "[No Variations]"
Add component (AddParameter): Name = "Value"; Value = "10K"; VariantName = "[No Variations]"
Added Component: Designator=R34_18(R-0805)
Add component (AddParameter): Name = "ComponentLink1Description"; Value = "Linkedin"; VariantName = "[No Variations]"
Add component (AddParameter): Name = "ComponentLink1URL"; Value = "https://ir.linkedin.com/in/mahdi-bagherzade"; VariantName = "[No Variations]"
Add component (AddParameter): Name = "Phone Number"; Value = "0915 8700 314"; VariantName = "[No Variations]"
Add component (AddParameter): Name = "Power"; Value = "1/8W"; VariantName = "[No Variations]"
Add component (AddParameter): Name = "Published Date"; Value = "9-15-2024"; VariantName = "[No Variations]"
Add component (AddParameter): Name = "Publisher"; Value = "Mahdi Bagherzadeh"; VariantName = "[No Variations]"
Add component (AddParameter): Name = "Tolerance"; Value = "5%"; VariantName = "[No Variations]"
Add component (AddParameter): Name = "Type"; Value = "SMD"; VariantName = "[No Variations]"
Add component (AddParameter): Name = "Value"; Value = "10K"; VariantName = "[No Variations]"
Added Component: Designator=R34_19(R-0805)
Add component (AddParameter): Name = "ComponentLink1Description"; Value = "Linkedin"; VariantName = "[No Variations]"
Add component (AddParameter): Name = "ComponentLink1URL"; Value = "https://ir.linkedin.com/in/mahdi-bagherzade"; VariantName = "[No Variations]"
Add component (AddParameter): Name = "Phone Number"; Value = "0915 8700 314"; VariantName = "[No Variations]"
Add component (AddParameter): Name = "Power"; Value = "1/8W"; VariantName = "[No Variations]"
Add component (AddParameter): Name = "Published Date"; Value = "9-15-2024"; VariantName = "[No Variations]"
Add component (AddParameter): Name = "Publisher"; Value = "Mahdi Bagherzadeh"; VariantName = "[No Variations]"
Add component (AddParameter): Name = "Tolerance"; Value = "5%"; VariantName = "[No Variations]"
Add component (AddParameter): Name = "Type"; Value = "SMD"; VariantName = "[No Variations]"
Add component (AddParameter): Name = "Value"; Value = "10K"; VariantName = "[No Variations]"
Added Component: Designator=R34_20(R-0805)
Add component (AddParameter): Name = "ComponentLink1Description"; Value = "Linkedin"; VariantName = "[No Variations]"
Add component (AddParameter): Name = "ComponentLink1URL"; Value = "https://ir.linkedin.com/in/mahdi-bagherzade"; VariantName = "[No Variations]"
Add component (AddParameter): Name = "Phone Number"; Value = "0915 8700 314"; VariantName = "[No Variations]"
Add component (AddParameter): Name = "Power"; Value = "1/8W"; VariantName = "[No Variations]"
Add component (AddParameter): Name = "Published Date"; Value = "9-15-2024"; VariantName = "[No Variations]"
Add component (AddParameter): Name = "Publisher"; Value = "Mahdi Bagherzadeh"; VariantName = "[No Variations]"
Add component (AddParameter): Name = "Tolerance"; Value = "5%"; VariantName = "[No Variations]"
Add component (AddParameter): Name = "Type"; Value = "SMD"; VariantName = "[No Variations]"
Add component (AddParameter): Name = "Value"; Value = "10K"; VariantName = "[No Variations]"
Added Component: Designator=R34_21(R-0805)
Add component (AddParameter): Name = "ComponentLink1Description"; Value = "Linkedin"; VariantName = "[No Variations]"
Add component (AddParameter): Name = "ComponentLink1URL"; Value = "https://ir.linkedin.com/in/mahdi-bagherzade"; VariantName = "[No Variations]"
Add component (AddParameter): Name = "Phone Number"; Value = "0915 8700 314"; VariantName = "[No Variations]"
Add component (AddParameter): Name = "Power"; Value = "1/8W"; VariantName = "[No Variations]"
Add component (AddParameter): Name = "Published Date"; Value = "9-15-2024"; VariantName = "[No Variations]"
Add component (AddParameter): Name = "Publisher"; Value = "Mahdi Bagherzadeh"; VariantName = "[No Variations]"
Add component (AddParameter): Name = "Tolerance"; Value = "5%"; VariantName = "[No Variations]"
Add component (AddParameter): Name = "Type"; Value = "SMD"; VariantName = "[No Variations]"
Add component (AddParameter): Name = "Value"; Value = "10K"; VariantName = "[No Variations]"
Added Component: Designator=R34_22(R-0805)
Add component (AddParameter): Name = "ComponentLink1Description"; Value = "Linkedin"; VariantName = "[No Variations]"
Add component (AddParameter): Name = "ComponentLink1URL"; Value = "https://ir.linkedin.com/in/mahdi-bagherzade"; VariantName = "[No Variations]"
Add component (AddParameter): Name = "Phone Number"; Value = "0915 8700 314"; VariantName = "[No Variations]"
Add component (AddParameter): Name = "Power"; Value = "1/8W"; VariantName = "[No Variations]"
Add component (AddParameter): Name = "Published Date"; Value = "9-15-2024"; VariantName = "[No Variations]"
Add component (AddParameter): Name = "Publisher"; Value = "Mahdi Bagherzadeh"; VariantName = "[No Variations]"
Add component (AddParameter): Name = "Tolerance"; Value = "5%"; VariantName = "[No Variations]"
Add component (AddParameter): Name = "Type"; Value = "SMD"; VariantName = "[No Variations]"
Add component (AddParameter): Name = "Value"; Value = "10K"; VariantName = "[No Variations]"
Added Component: Designator=R34_23(R-0805)
Add component (AddParameter): Name = "ComponentLink1Description"; Value = "Linkedin"; VariantName = "[No Variations]"
Add component (AddParameter): Name = "ComponentLink1URL"; Value = "https://ir.linkedin.com/in/mahdi-bagherzade"; VariantName = "[No Variations]"
Add component (AddParameter): Name = "Phone Number"; Value = "0915 8700 314"; VariantName = "[No Variations]"
Add component (AddParameter): Name = "Power"; Value = "1/8W"; VariantName = "[No Variations]"
Add component (AddParameter): Name = "Published Date"; Value = "9-15-2024"; VariantName = "[No Variations]"
Add component (AddParameter): Name = "Publisher"; Value = "Mahdi Bagherzadeh"; VariantName = "[No Variations]"
Add component (AddParameter): Name = "Tolerance"; Value = "5%"; VariantName = "[No Variations]"
Add component (AddParameter): Name = "Type"; Value = "SMD"; VariantName = "[No Variations]"
Add component (AddParameter): Name = "Value"; Value = "10K"; VariantName = "[No Variations]"
Added Component: Designator=R34_24(R-0805)
Add component (AddParameter): Name = "ComponentLink1Description"; Value = "Linkedin"; VariantName = "[No Variations]"
Add component (AddParameter): Name = "ComponentLink1URL"; Value = "https://ir.linkedin.com/in/mahdi-bagherzade"; VariantName = "[No Variations]"
Add component (AddParameter): Name = "Phone Number"; Value = "0915 8700 314"; VariantName = "[No Variations]"
Add component (AddParameter): Name = "Power"; Value = "1/8W"; VariantName = "[No Variations]"
Add component (AddParameter): Name = "Published Date"; Value = "9-15-2024"; VariantName = "[No Variations]"
Add component (AddParameter): Name = "Publisher"; Value = "Mahdi Bagherzadeh"; VariantName = "[No Variations]"
Add component (AddParameter): Name = "Tolerance"; Value = "5%"; VariantName = "[No Variations]"
Add component (AddParameter): Name = "Type"; Value = "SMD"; VariantName = "[No Variations]"
Add component (AddParameter): Name = "Value"; Value = "10K"; VariantName = "[No Variations]"
Added Component: Designator=R35_1(R-0805)
Add component (AddParameter): Name = "ComponentLink1Description"; Value = "Linkedin"; VariantName = "[No Variations]"
Add component (AddParameter): Name = "ComponentLink1URL"; Value = "https://ir.linkedin.com/in/mahdi-bagherzade"; VariantName = "[No Variations]"
Add component (AddParameter): Name = "Phone Number"; Value = "0915 8700 314"; VariantName = "[No Variations]"
Add component (AddParameter): Name = "Power"; Value = "1/8W"; VariantName = "[No Variations]"
Add component (AddParameter): Name = "Published Date"; Value = "9-15-2024"; VariantName = "[No Variations]"
Add component (AddParameter): Name = "Publisher"; Value = "Mahdi Bagherzadeh"; VariantName = "[No Variations]"
Add component (AddParameter): Name = "Tolerance"; Value = "5%"; VariantName = "[No Variations]"
Add component (AddParameter): Name = "Value"; Value = "47K"; VariantName = "[No Variations]"
Added Component: Designator=R35_2(R-0805)
Add component (AddParameter): Name = "ComponentLink1Description"; Value = "Linkedin"; VariantName = "[No Variations]"
Add component (AddParameter): Name = "ComponentLink1URL"; Value = "https://ir.linkedin.com/in/mahdi-bagherzade"; VariantName = "[No Variations]"
Add component (AddParameter): Name = "Phone Number"; Value = "0915 8700 314"; VariantName = "[No Variations]"
Add component (AddParameter): Name = "Power"; Value = "1/8W"; VariantName = "[No Variations]"
Add component (AddParameter): Name = "Published Date"; Value = "9-15-2024"; VariantName = "[No Variations]"
Add component (AddParameter): Name = "Publisher"; Value = "Mahdi Bagherzadeh"; VariantName = "[No Variations]"
Add component (AddParameter): Name = "Tolerance"; Value = "5%"; VariantName = "[No Variations]"
Add component (AddParameter): Name = "Value"; Value = "47K"; VariantName = "[No Variations]"
Added Component: Designator=R35_3(R-0805)
Add component (AddParameter): Name = "ComponentLink1Description"; Value = "Linkedin"; VariantName = "[No Variations]"
Add component (AddParameter): Name = "ComponentLink1URL"; Value = "https://ir.linkedin.com/in/mahdi-bagherzade"; VariantName = "[No Variations]"
Add component (AddParameter): Name = "Phone Number"; Value = "0915 8700 314"; VariantName = "[No Variations]"
Add component (AddParameter): Name = "Power"; Value = "1/8W"; VariantName = "[No Variations]"
Add component (AddParameter): Name = "Published Date"; Value = "9-15-2024"; VariantName = "[No Variations]"
Add component (AddParameter): Name = "Publisher"; Value = "Mahdi Bagherzadeh"; VariantName = "[No Variations]"
Add component (AddParameter): Name = "Tolerance"; Value = "5%"; VariantName = "[No Variations]"
Add component (AddParameter): Name = "Value"; Value = "47K"; VariantName = "[No Variations]"
Added Component: Designator=R35_4(R-0805)
Add component (AddParameter): Name = "ComponentLink1Description"; Value = "Linkedin"; VariantName = "[No Variations]"
Add component (AddParameter): Name = "ComponentLink1URL"; Value = "https://ir.linkedin.com/in/mahdi-bagherzade"; VariantName = "[No Variations]"
Add component (AddParameter): Name = "Phone Number"; Value = "0915 8700 314"; VariantName = "[No Variations]"
Add component (AddParameter): Name = "Power"; Value = "1/8W"; VariantName = "[No Variations]"
Add component (AddParameter): Name = "Published Date"; Value = "9-15-2024"; VariantName = "[No Variations]"
Add component (AddParameter): Name = "Publisher"; Value = "Mahdi Bagherzadeh"; VariantName = "[No Variations]"
Add component (AddParameter): Name = "Tolerance"; Value = "5%"; VariantName = "[No Variations]"
Add component (AddParameter): Name = "Value"; Value = "47K"; VariantName = "[No Variations]"
Added Component: Designator=R35_5(R-0805)
Add component (AddParameter): Name = "ComponentLink1Description"; Value = "Linkedin"; VariantName = "[No Variations]"
Add component (AddParameter): Name = "ComponentLink1URL"; Value = "https://ir.linkedin.com/in/mahdi-bagherzade"; VariantName = "[No Variations]"
Add component (AddParameter): Name = "Phone Number"; Value = "0915 8700 314"; VariantName = "[No Variations]"
Add component (AddParameter): Name = "Power"; Value = "1/8W"; VariantName = "[No Variations]"
Add component (AddParameter): Name = "Published Date"; Value = "9-15-2024"; VariantName = "[No Variations]"
Add component (AddParameter): Name = "Publisher"; Value = "Mahdi Bagherzadeh"; VariantName = "[No Variations]"
Add component (AddParameter): Name = "Tolerance"; Value = "5%"; VariantName = "[No Variations]"
Add component (AddParameter): Name = "Value"; Value = "47K"; VariantName = "[No Variations]"
Added Component: Designator=R35_6(R-0805)
Add component (AddParameter): Name = "ComponentLink1Description"; Value = "Linkedin"; VariantName = "[No Variations]"
Add component (AddParameter): Name = "ComponentLink1URL"; Value = "https://ir.linkedin.com/in/mahdi-bagherzade"; VariantName = "[No Variations]"
Add component (AddParameter): Name = "Phone Number"; Value = "0915 8700 314"; VariantName = "[No Variations]"
Add component (AddParameter): Name = "Power"; Value = "1/8W"; VariantName = "[No Variations]"
Add component (AddParameter): Name = "Published Date"; Value = "9-15-2024"; VariantName = "[No Variations]"
Add component (AddParameter): Name = "Publisher"; Value = "Mahdi Bagherzadeh"; VariantName = "[No Variations]"
Add component (AddParameter): Name = "Tolerance"; Value = "5%"; VariantName = "[No Variations]"
Add component (AddParameter): Name = "Value"; Value = "47K"; VariantName = "[No Variations]"
Added Component: Designator=R35_7(R-0805)
Add component (AddParameter): Name = "ComponentLink1Description"; Value = "Linkedin"; VariantName = "[No Variations]"
Add component (AddParameter): Name = "ComponentLink1URL"; Value = "https://ir.linkedin.com/in/mahdi-bagherzade"; VariantName = "[No Variations]"
Add component (AddParameter): Name = "Phone Number"; Value = "0915 8700 314"; VariantName = "[No Variations]"
Add component (AddParameter): Name = "Power"; Value = "1/8W"; VariantName = "[No Variations]"
Add component (AddParameter): Name = "Published Date"; Value = "9-15-2024"; VariantName = "[No Variations]"
Add component (AddParameter): Name = "Publisher"; Value = "Mahdi Bagherzadeh"; VariantName = "[No Variations]"
Add component (AddParameter): Name = "Tolerance"; Value = "5%"; VariantName = "[No Variations]"
Add component (AddParameter): Name = "Value"; Value = "47K"; VariantName = "[No Variations]"
Added Component: Designator=R35_8(R-0805)
Add component (AddParameter): Name = "ComponentLink1Description"; Value = "Linkedin"; VariantName = "[No Variations]"
Add component (AddParameter): Name = "ComponentLink1URL"; Value = "https://ir.linkedin.com/in/mahdi-bagherzade"; VariantName = "[No Variations]"
Add component (AddParameter): Name = "Phone Number"; Value = "0915 8700 314"; VariantName = "[No Variations]"
Add component (AddParameter): Name = "Power"; Value = "1/8W"; VariantName = "[No Variations]"
Add component (AddParameter): Name = "Published Date"; Value = "9-15-2024"; VariantName = "[No Variations]"
Add component (AddParameter): Name = "Publisher"; Value = "Mahdi Bagherzadeh"; VariantName = "[No Variations]"
Add component (AddParameter): Name = "Tolerance"; Value = "5%"; VariantName = "[No Variations]"
Add component (AddParameter): Name = "Value"; Value = "47K"; VariantName = "[No Variations]"
Added Component: Designator=R35_9(R-0805)
Add component (AddParameter): Name = "ComponentLink1Description"; Value = "Linkedin"; VariantName = "[No Variations]"
Add component (AddParameter): Name = "ComponentLink1URL"; Value = "https://ir.linkedin.com/in/mahdi-bagherzade"; VariantName = "[No Variations]"
Add component (AddParameter): Name = "Phone Number"; Value = "0915 8700 314"; VariantName = "[No Variations]"
Add component (AddParameter): Name = "Power"; Value = "1/8W"; VariantName = "[No Variations]"
Add component (AddParameter): Name = "Published Date"; Value = "9-15-2024"; VariantName = "[No Variations]"
Add component (AddParameter): Name = "Publisher"; Value = "Mahdi Bagherzadeh"; VariantName = "[No Variations]"
Add component (AddParameter): Name = "Tolerance"; Value = "5%"; VariantName = "[No Variations]"
Add component (AddParameter): Name = "Value"; Value = "47K"; VariantName = "[No Variations]"
Added Component: Designator=R35_10(R-0805)
Add component (AddParameter): Name = "ComponentLink1Description"; Value = "Linkedin"; VariantName = "[No Variations]"
Add component (AddParameter): Name = "ComponentLink1URL"; Value = "https://ir.linkedin.com/in/mahdi-bagherzade"; VariantName = "[No Variations]"
Add component (AddParameter): Name = "Phone Number"; Value = "0915 8700 314"; VariantName = "[No Variations]"
Add component (AddParameter): Name = "Power"; Value = "1/8W"; VariantName = "[No Variations]"
Add component (AddParameter): Name = "Published Date"; Value = "9-15-2024"; VariantName = "[No Variations]"
Add component (AddParameter): Name = "Publisher"; Value = "Mahdi Bagherzadeh"; VariantName = "[No Variations]"
Add component (AddParameter): Name = "Tolerance"; Value = "5%"; VariantName = "[No Variations]"
Add component (AddParameter): Name = "Value"; Value = "47K"; VariantName = "[No Variations]"
Added Component: Designator=R35_11(R-0805)
Add component (AddParameter): Name = "ComponentLink1Description"; Value = "Linkedin"; VariantName = "[No Variations]"
Add component (AddParameter): Name = "ComponentLink1URL"; Value = "https://ir.linkedin.com/in/mahdi-bagherzade"; VariantName = "[No Variations]"
Add component (AddParameter): Name = "Phone Number"; Value = "0915 8700 314"; VariantName = "[No Variations]"
Add component (AddParameter): Name = "Power"; Value = "1/8W"; VariantName = "[No Variations]"
Add component (AddParameter): Name = "Published Date"; Value = "9-15-2024"; VariantName = "[No Variations]"
Add component (AddParameter): Name = "Publisher"; Value = "Mahdi Bagherzadeh"; VariantName = "[No Variations]"
Add component (AddParameter): Name = "Tolerance"; Value = "5%"; VariantName = "[No Variations]"
Add component (AddParameter): Name = "Value"; Value = "47K"; VariantName = "[No Variations]"
Added Component: Designator=R35_12(R-0805)
Add component (AddParameter): Name = "ComponentLink1Description"; Value = "Linkedin"; VariantName = "[No Variations]"
Add component (AddParameter): Name = "ComponentLink1URL"; Value = "https://ir.linkedin.com/in/mahdi-bagherzade"; VariantName = "[No Variations]"
Add component (AddParameter): Name = "Phone Number"; Value = "0915 8700 314"; VariantName = "[No Variations]"
Add component (AddParameter): Name = "Power"; Value = "1/8W"; VariantName = "[No Variations]"
Add component (AddParameter): Name = "Published Date"; Value = "9-15-2024"; VariantName = "[No Variations]"
Add component (AddParameter): Name = "Publisher"; Value = "Mahdi Bagherzadeh"; VariantName = "[No Variations]"
Add component (AddParameter): Name = "Tolerance"; Value = "5%"; VariantName = "[No Variations]"
Add component (AddParameter): Name = "Value"; Value = "47K"; VariantName = "[No Variations]"
Added Component: Designator=R35_13(R-0805)
Add component (AddParameter): Name = "ComponentLink1Description"; Value = "Linkedin"; VariantName = "[No Variations]"
Add component (AddParameter): Name = "ComponentLink1URL"; Value = "https://ir.linkedin.com/in/mahdi-bagherzade"; VariantName = "[No Variations]"
Add component (AddParameter): Name = "Phone Number"; Value = "0915 8700 314"; VariantName = "[No Variations]"
Add component (AddParameter): Name = "Power"; Value = "1/8W"; VariantName = "[No Variations]"
Add component (AddParameter): Name = "Published Date"; Value = "9-15-2024"; VariantName = "[No Variations]"
Add component (AddParameter): Name = "Publisher"; Value = "Mahdi Bagherzadeh"; VariantName = "[No Variations]"
Add component (AddParameter): Name = "Tolerance"; Value = "5%"; VariantName = "[No Variations]"
Add component (AddParameter): Name = "Value"; Value = "47K"; VariantName = "[No Variations]"
Added Component: Designator=R35_14(R-0805)
Add component (AddParameter): Name = "ComponentLink1Description"; Value = "Linkedin"; VariantName = "[No Variations]"
Add component (AddParameter): Name = "ComponentLink1URL"; Value = "https://ir.linkedin.com/in/mahdi-bagherzade"; VariantName = "[No Variations]"
Add component (AddParameter): Name = "Phone Number"; Value = "0915 8700 314"; VariantName = "[No Variations]"
Add component (AddParameter): Name = "Power"; Value = "1/8W"; VariantName = "[No Variations]"
Add component (AddParameter): Name = "Published Date"; Value = "9-15-2024"; VariantName = "[No Variations]"
Add component (AddParameter): Name = "Publisher"; Value = "Mahdi Bagherzadeh"; VariantName = "[No Variations]"
Add component (AddParameter): Name = "Tolerance"; Value = "5%"; VariantName = "[No Variations]"
Add component (AddParameter): Name = "Value"; Value = "47K"; VariantName = "[No Variations]"
Added Component: Designator=R35_15(R-0805)
Add component (AddParameter): Name = "ComponentLink1Description"; Value = "Linkedin"; VariantName = "[No Variations]"
Add component (AddParameter): Name = "ComponentLink1URL"; Value = "https://ir.linkedin.com/in/mahdi-bagherzade"; VariantName = "[No Variations]"
Add component (AddParameter): Name = "Phone Number"; Value = "0915 8700 314"; VariantName = "[No Variations]"
Add component (AddParameter): Name = "Power"; Value = "1/8W"; VariantName = "[No Variations]"
Add component (AddParameter): Name = "Published Date"; Value = "9-15-2024"; VariantName = "[No Variations]"
Add component (AddParameter): Name = "Publisher"; Value = "Mahdi Bagherzadeh"; VariantName = "[No Variations]"
Add component (AddParameter): Name = "Tolerance"; Value = "5%"; VariantName = "[No Variations]"
Add component (AddParameter): Name = "Value"; Value = "47K"; VariantName = "[No Variations]"
Added Component: Designator=R35_16(R-0805)
Add component (AddParameter): Name = "ComponentLink1Description"; Value = "Linkedin"; VariantName = "[No Variations]"
Add component (AddParameter): Name = "ComponentLink1URL"; Value = "https://ir.linkedin.com/in/mahdi-bagherzade"; VariantName = "[No Variations]"
Add component (AddParameter): Name = "Phone Number"; Value = "0915 8700 314"; VariantName = "[No Variations]"
Add component (AddParameter): Name = "Power"; Value = "1/8W"; VariantName = "[No Variations]"
Add component (AddParameter): Name = "Published Date"; Value = "9-15-2024"; VariantName = "[No Variations]"
Add component (AddParameter): Name = "Publisher"; Value = "Mahdi Bagherzadeh"; VariantName = "[No Variations]"
Add component (AddParameter): Name = "Tolerance"; Value = "5%"; VariantName = "[No Variations]"
Add component (AddParameter): Name = "Value"; Value = "47K"; VariantName = "[No Variations]"
Added Component: Designator=R35_17(R-0805)
Add component (AddParameter): Name = "ComponentLink1Description"; Value = "Linkedin"; VariantName = "[No Variations]"
Add component (AddParameter): Name = "ComponentLink1URL"; Value = "https://ir.linkedin.com/in/mahdi-bagherzade"; VariantName = "[No Variations]"
Add component (AddParameter): Name = "Phone Number"; Value = "0915 8700 314"; VariantName = "[No Variations]"
Add component (AddParameter): Name = "Power"; Value = "1/8W"; VariantName = "[No Variations]"
Add component (AddParameter): Name = "Published Date"; Value = "9-15-2024"; VariantName = "[No Variations]"
Add component (AddParameter): Name = "Publisher"; Value = "Mahdi Bagherzadeh"; VariantName = "[No Variations]"
Add component (AddParameter): Name = "Tolerance"; Value = "5%"; VariantName = "[No Variations]"
Add component (AddParameter): Name = "Value"; Value = "47K"; VariantName = "[No Variations]"
Added Component: Designator=R35_18(R-0805)
Add component (AddParameter): Name = "ComponentLink1Description"; Value = "Linkedin"; VariantName = "[No Variations]"
Add component (AddParameter): Name = "ComponentLink1URL"; Value = "https://ir.linkedin.com/in/mahdi-bagherzade"; VariantName = "[No Variations]"
Add component (AddParameter): Name = "Phone Number"; Value = "0915 8700 314"; VariantName = "[No Variations]"
Add component (AddParameter): Name = "Power"; Value = "1/8W"; VariantName = "[No Variations]"
Add component (AddParameter): Name = "Published Date"; Value = "9-15-2024"; VariantName = "[No Variations]"
Add component (AddParameter): Name = "Publisher"; Value = "Mahdi Bagherzadeh"; VariantName = "[No Variations]"
Add component (AddParameter): Name = "Tolerance"; Value = "5%"; VariantName = "[No Variations]"
Add component (AddParameter): Name = "Value"; Value = "47K"; VariantName = "[No Variations]"
Added Component: Designator=R35_19(R-0805)
Add component (AddParameter): Name = "ComponentLink1Description"; Value = "Linkedin"; VariantName = "[No Variations]"
Add component (AddParameter): Name = "ComponentLink1URL"; Value = "https://ir.linkedin.com/in/mahdi-bagherzade"; VariantName = "[No Variations]"
Add component (AddParameter): Name = "Phone Number"; Value = "0915 8700 314"; VariantName = "[No Variations]"
Add component (AddParameter): Name = "Power"; Value = "1/8W"; VariantName = "[No Variations]"
Add component (AddParameter): Name = "Published Date"; Value = "9-15-2024"; VariantName = "[No Variations]"
Add component (AddParameter): Name = "Publisher"; Value = "Mahdi Bagherzadeh"; VariantName = "[No Variations]"
Add component (AddParameter): Name = "Tolerance"; Value = "5%"; VariantName = "[No Variations]"
Add component (AddParameter): Name = "Value"; Value = "47K"; VariantName = "[No Variations]"
Added Component: Designator=R35_20(R-0805)
Add component (AddParameter): Name = "ComponentLink1Description"; Value = "Linkedin"; VariantName = "[No Variations]"
Add component (AddParameter): Name = "ComponentLink1URL"; Value = "https://ir.linkedin.com/in/mahdi-bagherzade"; VariantName = "[No Variations]"
Add component (AddParameter): Name = "Phone Number"; Value = "0915 8700 314"; VariantName = "[No Variations]"
Add component (AddParameter): Name = "Power"; Value = "1/8W"; VariantName = "[No Variations]"
Add component (AddParameter): Name = "Published Date"; Value = "9-15-2024"; VariantName = "[No Variations]"
Add component (AddParameter): Name = "Publisher"; Value = "Mahdi Bagherzadeh"; VariantName = "[No Variations]"
Add component (AddParameter): Name = "Tolerance"; Value = "5%"; VariantName = "[No Variations]"
Add component (AddParameter): Name = "Value"; Value = "47K"; VariantName = "[No Variations]"
Added Component: Designator=R35_21(R-0805)
Add component (AddParameter): Name = "ComponentLink1Description"; Value = "Linkedin"; VariantName = "[No Variations]"
Add component (AddParameter): Name = "ComponentLink1URL"; Value = "https://ir.linkedin.com/in/mahdi-bagherzade"; VariantName = "[No Variations]"
Add component (AddParameter): Name = "Phone Number"; Value = "0915 8700 314"; VariantName = "[No Variations]"
Add component (AddParameter): Name = "Power"; Value = "1/8W"; VariantName = "[No Variations]"
Add component (AddParameter): Name = "Published Date"; Value = "9-15-2024"; VariantName = "[No Variations]"
Add component (AddParameter): Name = "Publisher"; Value = "Mahdi Bagherzadeh"; VariantName = "[No Variations]"
Add component (AddParameter): Name = "Tolerance"; Value = "5%"; VariantName = "[No Variations]"
Add component (AddParameter): Name = "Value"; Value = "47K"; VariantName = "[No Variations]"
Added Component: Designator=R35_22(R-0805)
Add component (AddParameter): Name = "ComponentLink1Description"; Value = "Linkedin"; VariantName = "[No Variations]"
Add component (AddParameter): Name = "ComponentLink1URL"; Value = "https://ir.linkedin.com/in/mahdi-bagherzade"; VariantName = "[No Variations]"
Add component (AddParameter): Name = "Phone Number"; Value = "0915 8700 314"; VariantName = "[No Variations]"
Add component (AddParameter): Name = "Power"; Value = "1/8W"; VariantName = "[No Variations]"
Add component (AddParameter): Name = "Published Date"; Value = "9-15-2024"; VariantName = "[No Variations]"
Add component (AddParameter): Name = "Publisher"; Value = "Mahdi Bagherzadeh"; VariantName = "[No Variations]"
Add component (AddParameter): Name = "Tolerance"; Value = "5%"; VariantName = "[No Variations]"
Add component (AddParameter): Name = "Value"; Value = "47K"; VariantName = "[No Variations]"
Added Component: Designator=R35_23(R-0805)
Add component (AddParameter): Name = "ComponentLink1Description"; Value = "Linkedin"; VariantName = "[No Variations]"
Add component (AddParameter): Name = "ComponentLink1URL"; Value = "https://ir.linkedin.com/in/mahdi-bagherzade"; VariantName = "[No Variations]"
Add component (AddParameter): Name = "Phone Number"; Value = "0915 8700 314"; VariantName = "[No Variations]"
Add component (AddParameter): Name = "Power"; Value = "1/8W"; VariantName = "[No Variations]"
Add component (AddParameter): Name = "Published Date"; Value = "9-15-2024"; VariantName = "[No Variations]"
Add component (AddParameter): Name = "Publisher"; Value = "Mahdi Bagherzadeh"; VariantName = "[No Variations]"
Add component (AddParameter): Name = "Tolerance"; Value = "5%"; VariantName = "[No Variations]"
Add component (AddParameter): Name = "Value"; Value = "47K"; VariantName = "[No Variations]"
Added Component: Designator=R35_24(R-0805)
Add component (AddParameter): Name = "ComponentLink1Description"; Value = "Linkedin"; VariantName = "[No Variations]"
Add component (AddParameter): Name = "ComponentLink1URL"; Value = "https://ir.linkedin.com/in/mahdi-bagherzade"; VariantName = "[No Variations]"
Add component (AddParameter): Name = "Phone Number"; Value = "0915 8700 314"; VariantName = "[No Variations]"
Add component (AddParameter): Name = "Power"; Value = "1/8W"; VariantName = "[No Variations]"
Add component (AddParameter): Name = "Published Date"; Value = "9-15-2024"; VariantName = "[No Variations]"
Add component (AddParameter): Name = "Publisher"; Value = "Mahdi Bagherzadeh"; VariantName = "[No Variations]"
Add component (AddParameter): Name = "Tolerance"; Value = "5%"; VariantName = "[No Variations]"
Add component (AddParameter): Name = "Value"; Value = "47K"; VariantName = "[No Variations]"
Added Component: Designator=R36_1(R-0805)
Add component (AddParameter): Name = "ComponentLink1Description"; Value = "Linkedin"; VariantName = "[No Variations]"
Add component (AddParameter): Name = "ComponentLink1URL"; Value = "https://ir.linkedin.com/in/mahdi-bagherzade"; VariantName = "[No Variations]"
Add component (AddParameter): Name = "Phone Number"; Value = "0915 8700 314"; VariantName = "[No Variations]"
Add component (AddParameter): Name = "Power"; Value = "1/8W"; VariantName = "[No Variations]"
Add component (AddParameter): Name = "Published Date"; Value = "9-15-2024"; VariantName = "[No Variations]"
Add component (AddParameter): Name = "Publisher"; Value = "Mahdi Bagherzadeh"; VariantName = "[No Variations]"
Add component (AddParameter): Name = "Tolerance"; Value = "5%"; VariantName = "[No Variations]"
Add component (AddParameter): Name = "Value"; Value = "470R"; VariantName = "[No Variations]"
Added Component: Designator=R36_2(R-0805)
Add component (AddParameter): Name = "ComponentLink1Description"; Value = "Linkedin"; VariantName = "[No Variations]"
Add component (AddParameter): Name = "ComponentLink1URL"; Value = "https://ir.linkedin.com/in/mahdi-bagherzade"; VariantName = "[No Variations]"
Add component (AddParameter): Name = "Phone Number"; Value = "0915 8700 314"; VariantName = "[No Variations]"
Add component (AddParameter): Name = "Power"; Value = "1/8W"; VariantName = "[No Variations]"
Add component (AddParameter): Name = "Published Date"; Value = "9-15-2024"; VariantName = "[No Variations]"
Add component (AddParameter): Name = "Publisher"; Value = "Mahdi Bagherzadeh"; VariantName = "[No Variations]"
Add component (AddParameter): Name = "Tolerance"; Value = "5%"; VariantName = "[No Variations]"
Add component (AddParameter): Name = "Value"; Value = "470R"; VariantName = "[No Variations]"
Added Component: Designator=R36_3(R-0805)
Add component (AddParameter): Name = "ComponentLink1Description"; Value = "Linkedin"; VariantName = "[No Variations]"
Add component (AddParameter): Name = "ComponentLink1URL"; Value = "https://ir.linkedin.com/in/mahdi-bagherzade"; VariantName = "[No Variations]"
Add component (AddParameter): Name = "Phone Number"; Value = "0915 8700 314"; VariantName = "[No Variations]"
Add component (AddParameter): Name = "Power"; Value = "1/8W"; VariantName = "[No Variations]"
Add component (AddParameter): Name = "Published Date"; Value = "9-15-2024"; VariantName = "[No Variations]"
Add component (AddParameter): Name = "Publisher"; Value = "Mahdi Bagherzadeh"; VariantName = "[No Variations]"
Add component (AddParameter): Name = "Tolerance"; Value = "5%"; VariantName = "[No Variations]"
Add component (AddParameter): Name = "Value"; Value = "470R"; VariantName = "[No Variations]"
Added Component: Designator=R36_4(R-0805)
Add component (AddParameter): Name = "ComponentLink1Description"; Value = "Linkedin"; VariantName = "[No Variations]"
Add component (AddParameter): Name = "ComponentLink1URL"; Value = "https://ir.linkedin.com/in/mahdi-bagherzade"; VariantName = "[No Variations]"
Add component (AddParameter): Name = "Phone Number"; Value = "0915 8700 314"; VariantName = "[No Variations]"
Add component (AddParameter): Name = "Power"; Value = "1/8W"; VariantName = "[No Variations]"
Add component (AddParameter): Name = "Published Date"; Value = "9-15-2024"; VariantName = "[No Variations]"
Add component (AddParameter): Name = "Publisher"; Value = "Mahdi Bagherzadeh"; VariantName = "[No Variations]"
Add component (AddParameter): Name = "Tolerance"; Value = "5%"; VariantName = "[No Variations]"
Add component (AddParameter): Name = "Value"; Value = "470R"; VariantName = "[No Variations]"
Added Component: Designator=R36_5(R-0805)
Add component (AddParameter): Name = "ComponentLink1Description"; Value = "Linkedin"; VariantName = "[No Variations]"
Add component (AddParameter): Name = "ComponentLink1URL"; Value = "https://ir.linkedin.com/in/mahdi-bagherzade"; VariantName = "[No Variations]"
Add component (AddParameter): Name = "Phone Number"; Value = "0915 8700 314"; VariantName = "[No Variations]"
Add component (AddParameter): Name = "Power"; Value = "1/8W"; VariantName = "[No Variations]"
Add component (AddParameter): Name = "Published Date"; Value = "9-15-2024"; VariantName = "[No Variations]"
Add component (AddParameter): Name = "Publisher"; Value = "Mahdi Bagherzadeh"; VariantName = "[No Variations]"
Add component (AddParameter): Name = "Tolerance"; Value = "5%"; VariantName = "[No Variations]"
Add component (AddParameter): Name = "Value"; Value = "470R"; VariantName = "[No Variations]"
Added Component: Designator=R36_6(R-0805)
Add component (AddParameter): Name = "ComponentLink1Description"; Value = "Linkedin"; VariantName = "[No Variations]"
Add component (AddParameter): Name = "ComponentLink1URL"; Value = "https://ir.linkedin.com/in/mahdi-bagherzade"; VariantName = "[No Variations]"
Add component (AddParameter): Name = "Phone Number"; Value = "0915 8700 314"; VariantName = "[No Variations]"
Add component (AddParameter): Name = "Power"; Value = "1/8W"; VariantName = "[No Variations]"
Add component (AddParameter): Name = "Published Date"; Value = "9-15-2024"; VariantName = "[No Variations]"
Add component (AddParameter): Name = "Publisher"; Value = "Mahdi Bagherzadeh"; VariantName = "[No Variations]"
Add component (AddParameter): Name = "Tolerance"; Value = "5%"; VariantName = "[No Variations]"
Add component (AddParameter): Name = "Value"; Value = "470R"; VariantName = "[No Variations]"
Added Component: Designator=R36_7(R-0805)
Add component (AddParameter): Name = "ComponentLink1Description"; Value = "Linkedin"; VariantName = "[No Variations]"
Add component (AddParameter): Name = "ComponentLink1URL"; Value = "https://ir.linkedin.com/in/mahdi-bagherzade"; VariantName = "[No Variations]"
Add component (AddParameter): Name = "Phone Number"; Value = "0915 8700 314"; VariantName = "[No Variations]"
Add component (AddParameter): Name = "Power"; Value = "1/8W"; VariantName = "[No Variations]"
Add component (AddParameter): Name = "Published Date"; Value = "9-15-2024"; VariantName = "[No Variations]"
Add component (AddParameter): Name = "Publisher"; Value = "Mahdi Bagherzadeh"; VariantName = "[No Variations]"
Add component (AddParameter): Name = "Tolerance"; Value = "5%"; VariantName = "[No Variations]"
Add component (AddParameter): Name = "Value"; Value = "470R"; VariantName = "[No Variations]"
Added Component: Designator=R36_8(R-0805)
Add component (AddParameter): Name = "ComponentLink1Description"; Value = "Linkedin"; VariantName = "[No Variations]"
Add component (AddParameter): Name = "ComponentLink1URL"; Value = "https://ir.linkedin.com/in/mahdi-bagherzade"; VariantName = "[No Variations]"
Add component (AddParameter): Name = "Phone Number"; Value = "0915 8700 314"; VariantName = "[No Variations]"
Add component (AddParameter): Name = "Power"; Value = "1/8W"; VariantName = "[No Variations]"
Add component (AddParameter): Name = "Published Date"; Value = "9-15-2024"; VariantName = "[No Variations]"
Add component (AddParameter): Name = "Publisher"; Value = "Mahdi Bagherzadeh"; VariantName = "[No Variations]"
Add component (AddParameter): Name = "Tolerance"; Value = "5%"; VariantName = "[No Variations]"
Add component (AddParameter): Name = "Value"; Value = "470R"; VariantName = "[No Variations]"
Added Component: Designator=R36_9(R-0805)
Add component (AddParameter): Name = "ComponentLink1Description"; Value = "Linkedin"; VariantName = "[No Variations]"
Add component (AddParameter): Name = "ComponentLink1URL"; Value = "https://ir.linkedin.com/in/mahdi-bagherzade"; VariantName = "[No Variations]"
Add component (AddParameter): Name = "Phone Number"; Value = "0915 8700 314"; VariantName = "[No Variations]"
Add component (AddParameter): Name = "Power"; Value = "1/8W"; VariantName = "[No Variations]"
Add component (AddParameter): Name = "Published Date"; Value = "9-15-2024"; VariantName = "[No Variations]"
Add component (AddParameter): Name = "Publisher"; Value = "Mahdi Bagherzadeh"; VariantName = "[No Variations]"
Add component (AddParameter): Name = "Tolerance"; Value = "5%"; VariantName = "[No Variations]"
Add component (AddParameter): Name = "Value"; Value = "470R"; VariantName = "[No Variations]"
Added Component: Designator=R36_10(R-0805)
Add component (AddParameter): Name = "ComponentLink1Description"; Value = "Linkedin"; VariantName = "[No Variations]"
Add component (AddParameter): Name = "ComponentLink1URL"; Value = "https://ir.linkedin.com/in/mahdi-bagherzade"; VariantName = "[No Variations]"
Add component (AddParameter): Name = "Phone Number"; Value = "0915 8700 314"; VariantName = "[No Variations]"
Add component (AddParameter): Name = "Power"; Value = "1/8W"; VariantName = "[No Variations]"
Add component (AddParameter): Name = "Published Date"; Value = "9-15-2024"; VariantName = "[No Variations]"
Add component (AddParameter): Name = "Publisher"; Value = "Mahdi Bagherzadeh"; VariantName = "[No Variations]"
Add component (AddParameter): Name = "Tolerance"; Value = "5%"; VariantName = "[No Variations]"
Add component (AddParameter): Name = "Value"; Value = "470R"; VariantName = "[No Variations]"
Added Component: Designator=R36_11(R-0805)
Add component (AddParameter): Name = "ComponentLink1Description"; Value = "Linkedin"; VariantName = "[No Variations]"
Add component (AddParameter): Name = "ComponentLink1URL"; Value = "https://ir.linkedin.com/in/mahdi-bagherzade"; VariantName = "[No Variations]"
Add component (AddParameter): Name = "Phone Number"; Value = "0915 8700 314"; VariantName = "[No Variations]"
Add component (AddParameter): Name = "Power"; Value = "1/8W"; VariantName = "[No Variations]"
Add component (AddParameter): Name = "Published Date"; Value = "9-15-2024"; VariantName = "[No Variations]"
Add component (AddParameter): Name = "Publisher"; Value = "Mahdi Bagherzadeh"; VariantName = "[No Variations]"
Add component (AddParameter): Name = "Tolerance"; Value = "5%"; VariantName = "[No Variations]"
Add component (AddParameter): Name = "Value"; Value = "470R"; VariantName = "[No Variations]"
Added Component: Designator=R36_12(R-0805)
Add component (AddParameter): Name = "ComponentLink1Description"; Value = "Linkedin"; VariantName = "[No Variations]"
Add component (AddParameter): Name = "ComponentLink1URL"; Value = "https://ir.linkedin.com/in/mahdi-bagherzade"; VariantName = "[No Variations]"
Add component (AddParameter): Name = "Phone Number"; Value = "0915 8700 314"; VariantName = "[No Variations]"
Add component (AddParameter): Name = "Power"; Value = "1/8W"; VariantName = "[No Variations]"
Add component (AddParameter): Name = "Published Date"; Value = "9-15-2024"; VariantName = "[No Variations]"
Add component (AddParameter): Name = "Publisher"; Value = "Mahdi Bagherzadeh"; VariantName = "[No Variations]"
Add component (AddParameter): Name = "Tolerance"; Value = "5%"; VariantName = "[No Variations]"
Add component (AddParameter): Name = "Value"; Value = "470R"; VariantName = "[No Variations]"
Added Component: Designator=R36_13(R-0805)
Add component (AddParameter): Name = "ComponentLink1Description"; Value = "Linkedin"; VariantName = "[No Variations]"
Add component (AddParameter): Name = "ComponentLink1URL"; Value = "https://ir.linkedin.com/in/mahdi-bagherzade"; VariantName = "[No Variations]"
Add component (AddParameter): Name = "Phone Number"; Value = "0915 8700 314"; VariantName = "[No Variations]"
Add component (AddParameter): Name = "Power"; Value = "1/8W"; VariantName = "[No Variations]"
Add component (AddParameter): Name = "Published Date"; Value = "9-15-2024"; VariantName = "[No Variations]"
Add component (AddParameter): Name = "Publisher"; Value = "Mahdi Bagherzadeh"; VariantName = "[No Variations]"
Add component (AddParameter): Name = "Tolerance"; Value = "5%"; VariantName = "[No Variations]"
Add component (AddParameter): Name = "Value"; Value = "470R"; VariantName = "[No Variations]"
Added Component: Designator=R36_14(R-0805)
Add component (AddParameter): Name = "ComponentLink1Description"; Value = "Linkedin"; VariantName = "[No Variations]"
Add component (AddParameter): Name = "ComponentLink1URL"; Value = "https://ir.linkedin.com/in/mahdi-bagherzade"; VariantName = "[No Variations]"
Add component (AddParameter): Name = "Phone Number"; Value = "0915 8700 314"; VariantName = "[No Variations]"
Add component (AddParameter): Name = "Power"; Value = "1/8W"; VariantName = "[No Variations]"
Add component (AddParameter): Name = "Published Date"; Value = "9-15-2024"; VariantName = "[No Variations]"
Add component (AddParameter): Name = "Publisher"; Value = "Mahdi Bagherzadeh"; VariantName = "[No Variations]"
Add component (AddParameter): Name = "Tolerance"; Value = "5%"; VariantName = "[No Variations]"
Add component (AddParameter): Name = "Value"; Value = "470R"; VariantName = "[No Variations]"
Added Component: Designator=R36_15(R-0805)
Add component (AddParameter): Name = "ComponentLink1Description"; Value = "Linkedin"; VariantName = "[No Variations]"
Add component (AddParameter): Name = "ComponentLink1URL"; Value = "https://ir.linkedin.com/in/mahdi-bagherzade"; VariantName = "[No Variations]"
Add component (AddParameter): Name = "Phone Number"; Value = "0915 8700 314"; VariantName = "[No Variations]"
Add component (AddParameter): Name = "Power"; Value = "1/8W"; VariantName = "[No Variations]"
Add component (AddParameter): Name = "Published Date"; Value = "9-15-2024"; VariantName = "[No Variations]"
Add component (AddParameter): Name = "Publisher"; Value = "Mahdi Bagherzadeh"; VariantName = "[No Variations]"
Add component (AddParameter): Name = "Tolerance"; Value = "5%"; VariantName = "[No Variations]"
Add component (AddParameter): Name = "Value"; Value = "470R"; VariantName = "[No Variations]"
Added Component: Designator=R36_16(R-0805)
Add component (AddParameter): Name = "ComponentLink1Description"; Value = "Linkedin"; VariantName = "[No Variations]"
Add component (AddParameter): Name = "ComponentLink1URL"; Value = "https://ir.linkedin.com/in/mahdi-bagherzade"; VariantName = "[No Variations]"
Add component (AddParameter): Name = "Phone Number"; Value = "0915 8700 314"; VariantName = "[No Variations]"
Add component (AddParameter): Name = "Power"; Value = "1/8W"; VariantName = "[No Variations]"
Add component (AddParameter): Name = "Published Date"; Value = "9-15-2024"; VariantName = "[No Variations]"
Add component (AddParameter): Name = "Publisher"; Value = "Mahdi Bagherzadeh"; VariantName = "[No Variations]"
Add component (AddParameter): Name = "Tolerance"; Value = "5%"; VariantName = "[No Variations]"
Add component (AddParameter): Name = "Value"; Value = "470R"; VariantName = "[No Variations]"
Added Component: Designator=R36_17(R-0805)
Add component (AddParameter): Name = "ComponentLink1Description"; Value = "Linkedin"; VariantName = "[No Variations]"
Add component (AddParameter): Name = "ComponentLink1URL"; Value = "https://ir.linkedin.com/in/mahdi-bagherzade"; VariantName = "[No Variations]"
Add component (AddParameter): Name = "Phone Number"; Value = "0915 8700 314"; VariantName = "[No Variations]"
Add component (AddParameter): Name = "Power"; Value = "1/8W"; VariantName = "[No Variations]"
Add component (AddParameter): Name = "Published Date"; Value = "9-15-2024"; VariantName = "[No Variations]"
Add component (AddParameter): Name = "Publisher"; Value = "Mahdi Bagherzadeh"; VariantName = "[No Variations]"
Add component (AddParameter): Name = "Tolerance"; Value = "5%"; VariantName = "[No Variations]"
Add component (AddParameter): Name = "Value"; Value = "470R"; VariantName = "[No Variations]"
Added Component: Designator=R36_18(R-0805)
Add component (AddParameter): Name = "ComponentLink1Description"; Value = "Linkedin"; VariantName = "[No Variations]"
Add component (AddParameter): Name = "ComponentLink1URL"; Value = "https://ir.linkedin.com/in/mahdi-bagherzade"; VariantName = "[No Variations]"
Add component (AddParameter): Name = "Phone Number"; Value = "0915 8700 314"; VariantName = "[No Variations]"
Add component (AddParameter): Name = "Power"; Value = "1/8W"; VariantName = "[No Variations]"
Add component (AddParameter): Name = "Published Date"; Value = "9-15-2024"; VariantName = "[No Variations]"
Add component (AddParameter): Name = "Publisher"; Value = "Mahdi Bagherzadeh"; VariantName = "[No Variations]"
Add component (AddParameter): Name = "Tolerance"; Value = "5%"; VariantName = "[No Variations]"
Add component (AddParameter): Name = "Value"; Value = "470R"; VariantName = "[No Variations]"
Added Component: Designator=R36_19(R-0805)
Add component (AddParameter): Name = "ComponentLink1Description"; Value = "Linkedin"; VariantName = "[No Variations]"
Add component (AddParameter): Name = "ComponentLink1URL"; Value = "https://ir.linkedin.com/in/mahdi-bagherzade"; VariantName = "[No Variations]"
Add component (AddParameter): Name = "Phone Number"; Value = "0915 8700 314"; VariantName = "[No Variations]"
Add component (AddParameter): Name = "Power"; Value = "1/8W"; VariantName = "[No Variations]"
Add component (AddParameter): Name = "Published Date"; Value = "9-15-2024"; VariantName = "[No Variations]"
Add component (AddParameter): Name = "Publisher"; Value = "Mahdi Bagherzadeh"; VariantName = "[No Variations]"
Add component (AddParameter): Name = "Tolerance"; Value = "5%"; VariantName = "[No Variations]"
Add component (AddParameter): Name = "Value"; Value = "470R"; VariantName = "[No Variations]"
Added Component: Designator=R36_20(R-0805)
Add component (AddParameter): Name = "ComponentLink1Description"; Value = "Linkedin"; VariantName = "[No Variations]"
Add component (AddParameter): Name = "ComponentLink1URL"; Value = "https://ir.linkedin.com/in/mahdi-bagherzade"; VariantName = "[No Variations]"
Add component (AddParameter): Name = "Phone Number"; Value = "0915 8700 314"; VariantName = "[No Variations]"
Add component (AddParameter): Name = "Power"; Value = "1/8W"; VariantName = "[No Variations]"
Add component (AddParameter): Name = "Published Date"; Value = "9-15-2024"; VariantName = "[No Variations]"
Add component (AddParameter): Name = "Publisher"; Value = "Mahdi Bagherzadeh"; VariantName = "[No Variations]"
Add component (AddParameter): Name = "Tolerance"; Value = "5%"; VariantName = "[No Variations]"
Add component (AddParameter): Name = "Value"; Value = "470R"; VariantName = "[No Variations]"
Added Component: Designator=R36_21(R-0805)
Add component (AddParameter): Name = "ComponentLink1Description"; Value = "Linkedin"; VariantName = "[No Variations]"
Add component (AddParameter): Name = "ComponentLink1URL"; Value = "https://ir.linkedin.com/in/mahdi-bagherzade"; VariantName = "[No Variations]"
Add component (AddParameter): Name = "Phone Number"; Value = "0915 8700 314"; VariantName = "[No Variations]"
Add component (AddParameter): Name = "Power"; Value = "1/8W"; VariantName = "[No Variations]"
Add component (AddParameter): Name = "Published Date"; Value = "9-15-2024"; VariantName = "[No Variations]"
Add component (AddParameter): Name = "Publisher"; Value = "Mahdi Bagherzadeh"; VariantName = "[No Variations]"
Add component (AddParameter): Name = "Tolerance"; Value = "5%"; VariantName = "[No Variations]"
Add component (AddParameter): Name = "Value"; Value = "470R"; VariantName = "[No Variations]"
Added Component: Designator=R36_22(R-0805)
Add component (AddParameter): Name = "ComponentLink1Description"; Value = "Linkedin"; VariantName = "[No Variations]"
Add component (AddParameter): Name = "ComponentLink1URL"; Value = "https://ir.linkedin.com/in/mahdi-bagherzade"; VariantName = "[No Variations]"
Add component (AddParameter): Name = "Phone Number"; Value = "0915 8700 314"; VariantName = "[No Variations]"
Add component (AddParameter): Name = "Power"; Value = "1/8W"; VariantName = "[No Variations]"
Add component (AddParameter): Name = "Published Date"; Value = "9-15-2024"; VariantName = "[No Variations]"
Add component (AddParameter): Name = "Publisher"; Value = "Mahdi Bagherzadeh"; VariantName = "[No Variations]"
Add component (AddParameter): Name = "Tolerance"; Value = "5%"; VariantName = "[No Variations]"
Add component (AddParameter): Name = "Value"; Value = "470R"; VariantName = "[No Variations]"
Added Component: Designator=R36_23(R-0805)
Add component (AddParameter): Name = "ComponentLink1Description"; Value = "Linkedin"; VariantName = "[No Variations]"
Add component (AddParameter): Name = "ComponentLink1URL"; Value = "https://ir.linkedin.com/in/mahdi-bagherzade"; VariantName = "[No Variations]"
Add component (AddParameter): Name = "Phone Number"; Value = "0915 8700 314"; VariantName = "[No Variations]"
Add component (AddParameter): Name = "Power"; Value = "1/8W"; VariantName = "[No Variations]"
Add component (AddParameter): Name = "Published Date"; Value = "9-15-2024"; VariantName = "[No Variations]"
Add component (AddParameter): Name = "Publisher"; Value = "Mahdi Bagherzadeh"; VariantName = "[No Variations]"
Add component (AddParameter): Name = "Tolerance"; Value = "5%"; VariantName = "[No Variations]"
Add component (AddParameter): Name = "Value"; Value = "470R"; VariantName = "[No Variations]"
Added Component: Designator=R36_24(R-0805)
Add component (AddParameter): Name = "ComponentLink1Description"; Value = "Linkedin"; VariantName = "[No Variations]"
Add component (AddParameter): Name = "ComponentLink1URL"; Value = "https://ir.linkedin.com/in/mahdi-bagherzade"; VariantName = "[No Variations]"
Add component (AddParameter): Name = "Phone Number"; Value = "0915 8700 314"; VariantName = "[No Variations]"
Add component (AddParameter): Name = "Power"; Value = "1/8W"; VariantName = "[No Variations]"
Add component (AddParameter): Name = "Published Date"; Value = "9-15-2024"; VariantName = "[No Variations]"
Add component (AddParameter): Name = "Publisher"; Value = "Mahdi Bagherzadeh"; VariantName = "[No Variations]"
Add component (AddParameter): Name = "Tolerance"; Value = "5%"; VariantName = "[No Variations]"
Add component (AddParameter): Name = "Value"; Value = "470R"; VariantName = "[No Variations]"
Added Component: Designator=RL1_1(MILON)
Add component (AddParameter): Name = "ComponentLink1Description"; Value = "Linkedin"; VariantName = "[No Variations]"
Add component (AddParameter): Name = "ComponentLink1URL"; Value = "https://ir.linkedin.com/in/mahdi-bagherzade"; VariantName = "[No Variations]"
Add component (AddParameter): Name = "Phone Number"; Value = "0915 8700 314"; VariantName = "[No Variations]"
Add component (AddParameter): Name = "Power"; Value = "5A"; VariantName = "[No Variations]"
Add component (AddParameter): Name = "Published Date"; Value = "9-15-2024"; VariantName = "[No Variations]"
Add component (AddParameter): Name = "Publisher"; Value = "Mahdi Bagherzadeh"; VariantName = "[No Variations]"
Add component (AddParameter): Name = "Type"; Value = "MILON-CHILD"; VariantName = "[No Variations]"
Add component (AddParameter): Name = "Voltage"; Value = "12V"; VariantName = "[No Variations]"
Added Component: Designator=RL1_2(MILON)
Add component (AddParameter): Name = "ComponentLink1Description"; Value = "Linkedin"; VariantName = "[No Variations]"
Add component (AddParameter): Name = "ComponentLink1URL"; Value = "https://ir.linkedin.com/in/mahdi-bagherzade"; VariantName = "[No Variations]"
Add component (AddParameter): Name = "Phone Number"; Value = "0915 8700 314"; VariantName = "[No Variations]"
Add component (AddParameter): Name = "Power"; Value = "5A"; VariantName = "[No Variations]"
Add component (AddParameter): Name = "Published Date"; Value = "9-15-2024"; VariantName = "[No Variations]"
Add component (AddParameter): Name = "Publisher"; Value = "Mahdi Bagherzadeh"; VariantName = "[No Variations]"
Add component (AddParameter): Name = "Type"; Value = "MILON-CHILD"; VariantName = "[No Variations]"
Add component (AddParameter): Name = "Voltage"; Value = "12V"; VariantName = "[No Variations]"
Added Component: Designator=RL1_3(MILON)
Add component (AddParameter): Name = "ComponentLink1Description"; Value = "Linkedin"; VariantName = "[No Variations]"
Add component (AddParameter): Name = "ComponentLink1URL"; Value = "https://ir.linkedin.com/in/mahdi-bagherzade"; VariantName = "[No Variations]"
Add component (AddParameter): Name = "Phone Number"; Value = "0915 8700 314"; VariantName = "[No Variations]"
Add component (AddParameter): Name = "Power"; Value = "5A"; VariantName = "[No Variations]"
Add component (AddParameter): Name = "Published Date"; Value = "9-15-2024"; VariantName = "[No Variations]"
Add component (AddParameter): Name = "Publisher"; Value = "Mahdi Bagherzadeh"; VariantName = "[No Variations]"
Add component (AddParameter): Name = "Type"; Value = "MILON-CHILD"; VariantName = "[No Variations]"
Add component (AddParameter): Name = "Voltage"; Value = "12V"; VariantName = "[No Variations]"
Added Component: Designator=RL1_4(MILON)
Add component (AddParameter): Name = "ComponentLink1Description"; Value = "Linkedin"; VariantName = "[No Variations]"
Add component (AddParameter): Name = "ComponentLink1URL"; Value = "https://ir.linkedin.com/in/mahdi-bagherzade"; VariantName = "[No Variations]"
Add component (AddParameter): Name = "Phone Number"; Value = "0915 8700 314"; VariantName = "[No Variations]"
Add component (AddParameter): Name = "Power"; Value = "5A"; VariantName = "[No Variations]"
Add component (AddParameter): Name = "Published Date"; Value = "9-15-2024"; VariantName = "[No Variations]"
Add component (AddParameter): Name = "Publisher"; Value = "Mahdi Bagherzadeh"; VariantName = "[No Variations]"
Add component (AddParameter): Name = "Type"; Value = "MILON-CHILD"; VariantName = "[No Variations]"
Add component (AddParameter): Name = "Voltage"; Value = "12V"; VariantName = "[No Variations]"
Added Component: Designator=S1_1(SW-SMD-4pin-6x6)
Add component (AddParameter): Name = "ComponentLink1Description"; Value = "Linkedin"; VariantName = "[No Variations]"
Add component (AddParameter): Name = "ComponentLink1URL"; Value = "https://ir.linkedin.com/in/mahdi-bagherzade"; VariantName = "[No Variations]"
Add component (AddParameter): Name = "Phone Number"; Value = "0915 8700 314"; VariantName = "[No Variations]"
Add component (AddParameter): Name = "Published Date"; Value = "9-15-2024"; VariantName = "[No Variations]"
Add component (AddParameter): Name = "Publisher"; Value = "Mahdi Bagherzadeh"; VariantName = "[No Variations]"
Add component (AddParameter): Name = "Size"; Value = "6x6"; VariantName = "[No Variations]"
Added Component: Designator=S1_2(SW-SMD-4pin-6x6)
Add component (AddParameter): Name = "ComponentLink1Description"; Value = "Linkedin"; VariantName = "[No Variations]"
Add component (AddParameter): Name = "ComponentLink1URL"; Value = "https://ir.linkedin.com/in/mahdi-bagherzade"; VariantName = "[No Variations]"
Add component (AddParameter): Name = "Phone Number"; Value = "0915 8700 314"; VariantName = "[No Variations]"
Add component (AddParameter): Name = "Published Date"; Value = "9-15-2024"; VariantName = "[No Variations]"
Add component (AddParameter): Name = "Publisher"; Value = "Mahdi Bagherzadeh"; VariantName = "[No Variations]"
Add component (AddParameter): Name = "Size"; Value = "6x6"; VariantName = "[No Variations]"
Added Component: Designator=S1_3(SW-SMD-4pin-6x6)
Add component (AddParameter): Name = "ComponentLink1Description"; Value = "Linkedin"; VariantName = "[No Variations]"
Add component (AddParameter): Name = "ComponentLink1URL"; Value = "https://ir.linkedin.com/in/mahdi-bagherzade"; VariantName = "[No Variations]"
Add component (AddParameter): Name = "Phone Number"; Value = "0915 8700 314"; VariantName = "[No Variations]"
Add component (AddParameter): Name = "Published Date"; Value = "9-15-2024"; VariantName = "[No Variations]"
Add component (AddParameter): Name = "Publisher"; Value = "Mahdi Bagherzadeh"; VariantName = "[No Variations]"
Add component (AddParameter): Name = "Size"; Value = "6x6"; VariantName = "[No Variations]"
Added Component: Designator=S2(SW-SMD-2pin-3x6)
Add component (AddParameter): Name = "ComponentLink1Description"; Value = "Linkedin"; VariantName = "[No Variations]"
Add component (AddParameter): Name = "ComponentLink1URL"; Value = "https://ir.linkedin.com/in/mahdi-bagherzade"; VariantName = "[No Variations]"
Add component (AddParameter): Name = "Phone Number"; Value = "0915 8700 314"; VariantName = "[No Variations]"
Add component (AddParameter): Name = "Published Date"; Value = "9-15-2024"; VariantName = "[No Variations]"
Add component (AddParameter): Name = "Publisher"; Value = "Mahdi Bagherzadeh"; VariantName = "[No Variations]"
Add component (AddParameter): Name = "Size"; Value = "3x6mm-2Pin"; VariantName = "[No Variations]"
Added Component: Designator=U1(SOIC8)
Add component (AddParameter): Name = "ComponentLink1Description"; Value = "Linkedin"; VariantName = "[No Variations]"
Add component (AddParameter): Name = "ComponentLink1URL"; Value = "https://ir.linkedin.com/in/mahdi-bagherzade"; VariantName = "[No Variations]"
Add component (AddParameter): Name = "Phone Number"; Value = "0915 8700 314"; VariantName = "[No Variations]"
Add component (AddParameter): Name = "Published Date"; Value = "9-15-2024"; VariantName = "[No Variations]"
Add component (AddParameter): Name = "Publisher"; Value = "Mahdi Bagherzadeh"; VariantName = "[No Variations]"
Added Component: Designator=U2(SOIC8)
Add component (AddParameter): Name = "ComponentLink1Description"; Value = "Linkedin"; VariantName = "[No Variations]"
Add component (AddParameter): Name = "ComponentLink1URL"; Value = "https://ir.linkedin.com/in/mahdi-bagherzade"; VariantName = "[No Variations]"
Add component (AddParameter): Name = "Phone Number"; Value = "0915 8700 314"; VariantName = "[No Variations]"
Add component (AddParameter): Name = "Published Date"; Value = "9-15-2024"; VariantName = "[No Variations]"
Add component (AddParameter): Name = "Publisher"; Value = "Mahdi Bagherzadeh"; VariantName = "[No Variations]"
Added Component: Designator=U3(DIP28-wide)
Add component (AddParameter): Name = "ComponentLink1Description"; Value = "Linkedin"; VariantName = "[No Variations]"
Add component (AddParameter): Name = "ComponentLink1URL"; Value = "https://ir.linkedin.com/in/mahdi-bagherzade"; VariantName = "[No Variations]"
Add component (AddParameter): Name = "Phone Number"; Value = "0915 8700 314"; VariantName = "[No Variations]"
Add component (AddParameter): Name = "Published Date"; Value = "9-15-2024"; VariantName = "[No Variations]"
Add component (AddParameter): Name = "Publisher"; Value = "Mahdi Bagherzadeh"; VariantName = "[No Variations]"
Added Component: Designator=U4(STM-LQFP144_M)
Add component (AddParameter): Name = "ComponentLink1Description"; Value = "Manufacturer URL"; VariantName = "[No Variations]"
Add component (AddParameter): Name = "ComponentLink1URL"; Value = "http://www.st.com/web/en/home.html"; VariantName = "[No Variations]"
Add component (AddParameter): Name = "ComponentLink2Description"; Value = "Datasheet"; VariantName = "[No Variations]"
Add component (AddParameter): Name = "ComponentLink2URL"; Value = "http://www.st.com/st-web-ui/static/active/en/resource/technical/document/datasheet/DM00037051.pdf"; VariantName = "[No Variations]"
Add component (AddParameter): Name = "ComponentLink3Description"; Value = "Package Specification"; VariantName = "[No Variations]"
Add component (AddParameter): Name = "ComponentLink3URL"; Value = "http://www.st.com/st-web-ui/static/active/en/resource/technical/document/datasheet/DM00037051.pdf"; VariantName = "[No Variations]"
Add component (AddParameter): Name = "Core"; Value = "ARM Cortex-M4"; VariantName = "[No Variations]"
Add component (AddParameter): Name = "D/A Converter"; Value = "2x12-bit"; VariantName = "[No Variations]"
Add component (AddParameter): Name = "DatasheetVersion"; Value = "Rev. 4"; VariantName = "[No Variations]"
Add component (AddParameter): Name = "FLASH Size (Prog) (kB)"; Value = "1024"; VariantName = "[No Variations]"
Add component (AddParameter): Name = "I/Os (High Current)"; Value = "114"; VariantName = "[No Variations]"
Add component (AddParameter): Name = "Internal RAM Size (kB)"; Value = "192"; VariantName = "[No Variations]"
Add component (AddParameter): Name = "Manufacturer"; Value = "STMicroelectronics"; VariantName = "[No Variations]"
Add component (AddParameter): Name = "Mounting Technology"; Value = "Surface Mount"; VariantName = "[No Variations]"
Add component (AddParameter): Name = "Operating Frequency(F) (Processor speed) (MHz)"; Value = "168"; VariantName = "[No Variations]"
Add component (AddParameter): Name = "PackageDescription"; Value = "144-Pin Low Profile Quad Flat Package, 20 x 20 mm Body, 0.5 mm Pitch"; VariantName = "[No Variations]"
Add component (AddParameter): Name = "PackageReference"; Value = "LQFP144"; VariantName = "[No Variations]"
Add component (AddParameter): Name = "PackageVersion"; Value = "Rev. 4, 06/2013"; VariantName = "[No Variations]"
Add component (AddParameter): Name = "Packing"; Value = "Tray"; VariantName = "[No Variations]"
Add component (AddParameter): Name = "PartNumber"; Value = "STM32F407ZGT6"; VariantName = "[No Variations]"
Add component (AddParameter): Name = "Supplier 1"; Value = "Digi-Key"; VariantName = "[No Variations]"
Add component (AddParameter): Name = "Supplier 2"; Value = "Newark"; VariantName = "[No Variations]"
Add component (AddParameter): Name = "Supplier 3"; Value = "Mouser"; VariantName = "[No Variations]"
Add component (AddParameter): Name = "Supplier Part Number 1"; Value = "497-11766-ND"; VariantName = "[No Variations]"
Add component (AddParameter): Name = "Supplier Part Number 2"; Value = "73T2334"; VariantName = "[No Variations]"
Add component (AddParameter): Name = "Supplier Part Number 3"; Value = "511-STM32F407ZGT6"; VariantName = "[No Variations]"
Add component (AddParameter): Name = "Supply Voltage(Vcc) max (V)"; Value = "3.6"; VariantName = "[No Variations]"
Add component (AddParameter): Name = "Supply Voltage(Vcc) min (V)"; Value = "1.8"; VariantName = "[No Variations]"
Added Component: Designator=U5(SOT223)
Add component (AddParameter): Name = "ComponentLink1Description"; Value = "Linkedin"; VariantName = "[No Variations]"
Add component (AddParameter): Name = "ComponentLink1URL"; Value = "https://ir.linkedin.com/in/mahdi-bagherzade"; VariantName = "[No Variations]"
Add component (AddParameter): Name = "Phone Number"; Value = "0915 8700 314"; VariantName = "[No Variations]"
Add component (AddParameter): Name = "Published Date"; Value = "9-15-2024"; VariantName = "[No Variations]"
Add component (AddParameter): Name = "Publisher"; Value = "Mahdi Bagherzadeh"; VariantName = "[No Variations]"
Add component (AddParameter): Name = "Voltage"; Value = "?V"; VariantName = "[No Variations]"
Added Component: Designator=Y1(CRYSTAL-CLK-S)
Add component (AddParameter): Name = "ComponentLink1Description"; Value = "Linkedin"; VariantName = "[No Variations]"
Add component (AddParameter): Name = "ComponentLink1URL"; Value = "https://ir.linkedin.com/in/mahdi-bagherzade"; VariantName = "[No Variations]"
Add component (AddParameter): Name = "Phone Number"; Value = "0915 8700 314"; VariantName = "[No Variations]"
Add component (AddParameter): Name = "Published Date"; Value = "9-15-2024"; VariantName = "[No Variations]"
Add component (AddParameter): Name = "Publisher"; Value = "Mahdi Bagherzadeh"; VariantName = "[No Variations]"
Add component (AddParameter): Name = "Value"; Value = "32.768KHz"; VariantName = "[No Variations]"
Added Component: Designator=Y2(CRYSTAL-SMD)
Add component (AddParameter): Name = "ComponentLink1Description"; Value = "Linkedin"; VariantName = "[No Variations]"
Add component (AddParameter): Name = "ComponentLink1URL"; Value = "https://ir.linkedin.com/in/mahdi-bagherzade"; VariantName = "[No Variations]"
Add component (AddParameter): Name = "Phone Number"; Value = "0915 8700 314"; VariantName = "[No Variations]"
Add component (AddParameter): Name = "Published Date"; Value = "9-15-2024"; VariantName = "[No Variations]"
Add component (AddParameter): Name = "Publisher"; Value = "Mahdi Bagherzadeh"; VariantName = "[No Variations]"
Add component (AddParameter): Name = "Value"; Value = "8MHz"; VariantName = "[No Variations]"
Added Component: Designator=ZD1_1(SOD80)
Add component (AddParameter): Name = "Code"; Value = ""; VariantName = "[No Variations]"
Add component (AddParameter): Name = "ComponentLink1Description"; Value = "Linkedin"; VariantName = "[No Variations]"
Add component (AddParameter): Name = "ComponentLink1URL"; Value = "https://ir.linkedin.com/in/mahdi-bagherzade"; VariantName = "[No Variations]"
Add component (AddParameter): Name = "Phone Number"; Value = "0915 8700 314"; VariantName = "[No Variations]"
Add component (AddParameter): Name = "Power"; Value = "Minimelf"; VariantName = "[No Variations]"
Add component (AddParameter): Name = "Published Date"; Value = "9-15-2024"; VariantName = "[No Variations]"
Add component (AddParameter): Name = "Publisher"; Value = "Mahdi Bagherzadeh"; VariantName = "[No Variations]"
Add component (AddParameter): Name = "Type"; Value = "SMD"; VariantName = "[No Variations]"
Add component (AddParameter): Name = "Voltage"; Value = "3.3V"; VariantName = "[No Variations]"
Added Component: Designator=ZD1_2(SOD80)
Add component (AddParameter): Name = "Code"; Value = ""; VariantName = "[No Variations]"
Add component (AddParameter): Name = "ComponentLink1Description"; Value = "Linkedin"; VariantName = "[No Variations]"
Add component (AddParameter): Name = "ComponentLink1URL"; Value = "https://ir.linkedin.com/in/mahdi-bagherzade"; VariantName = "[No Variations]"
Add component (AddParameter): Name = "Phone Number"; Value = "0915 8700 314"; VariantName = "[No Variations]"
Add component (AddParameter): Name = "Power"; Value = "Minimelf"; VariantName = "[No Variations]"
Add component (AddParameter): Name = "Published Date"; Value = "9-15-2024"; VariantName = "[No Variations]"
Add component (AddParameter): Name = "Publisher"; Value = "Mahdi Bagherzadeh"; VariantName = "[No Variations]"
Add component (AddParameter): Name = "Type"; Value = "SMD"; VariantName = "[No Variations]"
Add component (AddParameter): Name = "Voltage"; Value = "3.3V"; VariantName = "[No Variations]"
Added Component: Designator=ZD1_3(SOD80)
Add component (AddParameter): Name = "Code"; Value = ""; VariantName = "[No Variations]"
Add component (AddParameter): Name = "ComponentLink1Description"; Value = "Linkedin"; VariantName = "[No Variations]"
Add component (AddParameter): Name = "ComponentLink1URL"; Value = "https://ir.linkedin.com/in/mahdi-bagherzade"; VariantName = "[No Variations]"
Add component (AddParameter): Name = "Phone Number"; Value = "0915 8700 314"; VariantName = "[No Variations]"
Add component (AddParameter): Name = "Power"; Value = "Minimelf"; VariantName = "[No Variations]"
Add component (AddParameter): Name = "Published Date"; Value = "9-15-2024"; VariantName = "[No Variations]"
Add component (AddParameter): Name = "Publisher"; Value = "Mahdi Bagherzadeh"; VariantName = "[No Variations]"
Add component (AddParameter): Name = "Type"; Value = "SMD"; VariantName = "[No Variations]"
Add component (AddParameter): Name = "Voltage"; Value = "3.3V"; VariantName = "[No Variations]"
Added Component: Designator=ZD1_4(SOD80)
Add component (AddParameter): Name = "Code"; Value = ""; VariantName = "[No Variations]"
Add component (AddParameter): Name = "ComponentLink1Description"; Value = "Linkedin"; VariantName = "[No Variations]"
Add component (AddParameter): Name = "ComponentLink1URL"; Value = "https://ir.linkedin.com/in/mahdi-bagherzade"; VariantName = "[No Variations]"
Add component (AddParameter): Name = "Phone Number"; Value = "0915 8700 314"; VariantName = "[No Variations]"
Add component (AddParameter): Name = "Power"; Value = "Minimelf"; VariantName = "[No Variations]"
Add component (AddParameter): Name = "Published Date"; Value = "9-15-2024"; VariantName = "[No Variations]"
Add component (AddParameter): Name = "Publisher"; Value = "Mahdi Bagherzadeh"; VariantName = "[No Variations]"
Add component (AddParameter): Name = "Type"; Value = "SMD"; VariantName = "[No Variations]"
Add component (AddParameter): Name = "Voltage"; Value = "3.3V"; VariantName = "[No Variations]"
Added Component: Designator=ZD2_1(SOD80)
Add component (AddParameter): Name = "Code"; Value = ""; VariantName = "[No Variations]"
Add component (AddParameter): Name = "ComponentLink1Description"; Value = "Linkedin"; VariantName = "[No Variations]"
Add component (AddParameter): Name = "ComponentLink1URL"; Value = "https://ir.linkedin.com/in/mahdi-bagherzade"; VariantName = "[No Variations]"
Add component (AddParameter): Name = "Phone Number"; Value = "0915 8700 314"; VariantName = "[No Variations]"
Add component (AddParameter): Name = "Power"; Value = "Minimelf"; VariantName = "[No Variations]"
Add component (AddParameter): Name = "Published Date"; Value = "9-15-2024"; VariantName = "[No Variations]"
Add component (AddParameter): Name = "Publisher"; Value = "Mahdi Bagherzadeh"; VariantName = "[No Variations]"
Add component (AddParameter): Name = "Type"; Value = "SMD"; VariantName = "[No Variations]"
Add component (AddParameter): Name = "Voltage"; Value = "3.3V"; VariantName = "[No Variations]"
Added Component: Designator=ZD2_2(SOD80)
Add component (AddParameter): Name = "Code"; Value = ""; VariantName = "[No Variations]"
Add component (AddParameter): Name = "ComponentLink1Description"; Value = "Linkedin"; VariantName = "[No Variations]"
Add component (AddParameter): Name = "ComponentLink1URL"; Value = "https://ir.linkedin.com/in/mahdi-bagherzade"; VariantName = "[No Variations]"
Add component (AddParameter): Name = "Phone Number"; Value = "0915 8700 314"; VariantName = "[No Variations]"
Add component (AddParameter): Name = "Power"; Value = "Minimelf"; VariantName = "[No Variations]"
Add component (AddParameter): Name = "Published Date"; Value = "9-15-2024"; VariantName = "[No Variations]"
Add component (AddParameter): Name = "Publisher"; Value = "Mahdi Bagherzadeh"; VariantName = "[No Variations]"
Add component (AddParameter): Name = "Type"; Value = "SMD"; VariantName = "[No Variations]"
Add component (AddParameter): Name = "Voltage"; Value = "3.3V"; VariantName = "[No Variations]"
Added Component: Designator=ZD2_3(SOD80)
Add component (AddParameter): Name = "Code"; Value = ""; VariantName = "[No Variations]"
Add component (AddParameter): Name = "ComponentLink1Description"; Value = "Linkedin"; VariantName = "[No Variations]"
Add component (AddParameter): Name = "ComponentLink1URL"; Value = "https://ir.linkedin.com/in/mahdi-bagherzade"; VariantName = "[No Variations]"
Add component (AddParameter): Name = "Phone Number"; Value = "0915 8700 314"; VariantName = "[No Variations]"
Add component (AddParameter): Name = "Power"; Value = "Minimelf"; VariantName = "[No Variations]"
Add component (AddParameter): Name = "Published Date"; Value = "9-15-2024"; VariantName = "[No Variations]"
Add component (AddParameter): Name = "Publisher"; Value = "Mahdi Bagherzadeh"; VariantName = "[No Variations]"
Add component (AddParameter): Name = "Type"; Value = "SMD"; VariantName = "[No Variations]"
Add component (AddParameter): Name = "Voltage"; Value = "3.3V"; VariantName = "[No Variations]"
Added Component: Designator=ZD2_4(SOD80)
Add component (AddParameter): Name = "Code"; Value = ""; VariantName = "[No Variations]"
Add component (AddParameter): Name = "ComponentLink1Description"; Value = "Linkedin"; VariantName = "[No Variations]"
Add component (AddParameter): Name = "ComponentLink1URL"; Value = "https://ir.linkedin.com/in/mahdi-bagherzade"; VariantName = "[No Variations]"
Add component (AddParameter): Name = "Phone Number"; Value = "0915 8700 314"; VariantName = "[No Variations]"
Add component (AddParameter): Name = "Power"; Value = "Minimelf"; VariantName = "[No Variations]"
Add component (AddParameter): Name = "Published Date"; Value = "9-15-2024"; VariantName = "[No Variations]"
Add component (AddParameter): Name = "Publisher"; Value = "Mahdi Bagherzadeh"; VariantName = "[No Variations]"
Add component (AddParameter): Name = "Type"; Value = "SMD"; VariantName = "[No Variations]"
Add component (AddParameter): Name = "Voltage"; Value = "3.3V"; VariantName = "[No Variations]"
Added Component: Designator=ZD2_5(SOD80)
Add component (AddParameter): Name = "Code"; Value = ""; VariantName = "[No Variations]"
Add component (AddParameter): Name = "ComponentLink1Description"; Value = "Linkedin"; VariantName = "[No Variations]"
Add component (AddParameter): Name = "ComponentLink1URL"; Value = "https://ir.linkedin.com/in/mahdi-bagherzade"; VariantName = "[No Variations]"
Add component (AddParameter): Name = "Phone Number"; Value = "0915 8700 314"; VariantName = "[No Variations]"
Add component (AddParameter): Name = "Power"; Value = "Minimelf"; VariantName = "[No Variations]"
Add component (AddParameter): Name = "Published Date"; Value = "9-15-2024"; VariantName = "[No Variations]"
Add component (AddParameter): Name = "Publisher"; Value = "Mahdi Bagherzadeh"; VariantName = "[No Variations]"
Add component (AddParameter): Name = "Type"; Value = "SMD"; VariantName = "[No Variations]"
Add component (AddParameter): Name = "Voltage"; Value = "3.3V"; VariantName = "[No Variations]"
Added Component: Designator=ZD2_6(SOD80)
Add component (AddParameter): Name = "Code"; Value = ""; VariantName = "[No Variations]"
Add component (AddParameter): Name = "ComponentLink1Description"; Value = "Linkedin"; VariantName = "[No Variations]"
Add component (AddParameter): Name = "ComponentLink1URL"; Value = "https://ir.linkedin.com/in/mahdi-bagherzade"; VariantName = "[No Variations]"
Add component (AddParameter): Name = "Phone Number"; Value = "0915 8700 314"; VariantName = "[No Variations]"
Add component (AddParameter): Name = "Power"; Value = "Minimelf"; VariantName = "[No Variations]"
Add component (AddParameter): Name = "Published Date"; Value = "9-15-2024"; VariantName = "[No Variations]"
Add component (AddParameter): Name = "Publisher"; Value = "Mahdi Bagherzadeh"; VariantName = "[No Variations]"
Add component (AddParameter): Name = "Type"; Value = "SMD"; VariantName = "[No Variations]"
Add component (AddParameter): Name = "Voltage"; Value = "3.3V"; VariantName = "[No Variations]"
Added Component: Designator=ZD2_7(SOD80)
Add component (AddParameter): Name = "Code"; Value = ""; VariantName = "[No Variations]"
Add component (AddParameter): Name = "ComponentLink1Description"; Value = "Linkedin"; VariantName = "[No Variations]"
Add component (AddParameter): Name = "ComponentLink1URL"; Value = "https://ir.linkedin.com/in/mahdi-bagherzade"; VariantName = "[No Variations]"
Add component (AddParameter): Name = "Phone Number"; Value = "0915 8700 314"; VariantName = "[No Variations]"
Add component (AddParameter): Name = "Power"; Value = "Minimelf"; VariantName = "[No Variations]"
Add component (AddParameter): Name = "Published Date"; Value = "9-15-2024"; VariantName = "[No Variations]"
Add component (AddParameter): Name = "Publisher"; Value = "Mahdi Bagherzadeh"; VariantName = "[No Variations]"
Add component (AddParameter): Name = "Type"; Value = "SMD"; VariantName = "[No Variations]"
Add component (AddParameter): Name = "Voltage"; Value = "3.3V"; VariantName = "[No Variations]"
Added Component: Designator=ZD2_8(SOD80)
Add component (AddParameter): Name = "Code"; Value = ""; VariantName = "[No Variations]"
Add component (AddParameter): Name = "ComponentLink1Description"; Value = "Linkedin"; VariantName = "[No Variations]"
Add component (AddParameter): Name = "ComponentLink1URL"; Value = "https://ir.linkedin.com/in/mahdi-bagherzade"; VariantName = "[No Variations]"
Add component (AddParameter): Name = "Phone Number"; Value = "0915 8700 314"; VariantName = "[No Variations]"
Add component (AddParameter): Name = "Power"; Value = "Minimelf"; VariantName = "[No Variations]"
Add component (AddParameter): Name = "Published Date"; Value = "9-15-2024"; VariantName = "[No Variations]"
Add component (AddParameter): Name = "Publisher"; Value = "Mahdi Bagherzadeh"; VariantName = "[No Variations]"
Add component (AddParameter): Name = "Type"; Value = "SMD"; VariantName = "[No Variations]"
Add component (AddParameter): Name = "Voltage"; Value = "3.3V"; VariantName = "[No Variations]"
Added Component: Designator=ZD2_9(SOD80)
Add component (AddParameter): Name = "Code"; Value = ""; VariantName = "[No Variations]"
Add component (AddParameter): Name = "ComponentLink1Description"; Value = "Linkedin"; VariantName = "[No Variations]"
Add component (AddParameter): Name = "ComponentLink1URL"; Value = "https://ir.linkedin.com/in/mahdi-bagherzade"; VariantName = "[No Variations]"
Add component (AddParameter): Name = "Phone Number"; Value = "0915 8700 314"; VariantName = "[No Variations]"
Add component (AddParameter): Name = "Power"; Value = "Minimelf"; VariantName = "[No Variations]"
Add component (AddParameter): Name = "Published Date"; Value = "9-15-2024"; VariantName = "[No Variations]"
Add component (AddParameter): Name = "Publisher"; Value = "Mahdi Bagherzadeh"; VariantName = "[No Variations]"
Add component (AddParameter): Name = "Type"; Value = "SMD"; VariantName = "[No Variations]"
Add component (AddParameter): Name = "Voltage"; Value = "3.3V"; VariantName = "[No Variations]"
Added Component: Designator=ZD2_10(SOD80)
Add component (AddParameter): Name = "Code"; Value = ""; VariantName = "[No Variations]"
Add component (AddParameter): Name = "ComponentLink1Description"; Value = "Linkedin"; VariantName = "[No Variations]"
Add component (AddParameter): Name = "ComponentLink1URL"; Value = "https://ir.linkedin.com/in/mahdi-bagherzade"; VariantName = "[No Variations]"
Add component (AddParameter): Name = "Phone Number"; Value = "0915 8700 314"; VariantName = "[No Variations]"
Add component (AddParameter): Name = "Power"; Value = "Minimelf"; VariantName = "[No Variations]"
Add component (AddParameter): Name = "Published Date"; Value = "9-15-2024"; VariantName = "[No Variations]"
Add component (AddParameter): Name = "Publisher"; Value = "Mahdi Bagherzadeh"; VariantName = "[No Variations]"
Add component (AddParameter): Name = "Type"; Value = "SMD"; VariantName = "[No Variations]"
Add component (AddParameter): Name = "Voltage"; Value = "3.3V"; VariantName = "[No Variations]"
Added Component: Designator=ZD2_11(SOD80)
Add component (AddParameter): Name = "Code"; Value = ""; VariantName = "[No Variations]"
Add component (AddParameter): Name = "ComponentLink1Description"; Value = "Linkedin"; VariantName = "[No Variations]"
Add component (AddParameter): Name = "ComponentLink1URL"; Value = "https://ir.linkedin.com/in/mahdi-bagherzade"; VariantName = "[No Variations]"
Add component (AddParameter): Name = "Phone Number"; Value = "0915 8700 314"; VariantName = "[No Variations]"
Add component (AddParameter): Name = "Power"; Value = "Minimelf"; VariantName = "[No Variations]"
Add component (AddParameter): Name = "Published Date"; Value = "9-15-2024"; VariantName = "[No Variations]"
Add component (AddParameter): Name = "Publisher"; Value = "Mahdi Bagherzadeh"; VariantName = "[No Variations]"
Add component (AddParameter): Name = "Type"; Value = "SMD"; VariantName = "[No Variations]"
Add component (AddParameter): Name = "Voltage"; Value = "3.3V"; VariantName = "[No Variations]"
Added Component: Designator=ZD2_12(SOD80)
Add component (AddParameter): Name = "Code"; Value = ""; VariantName = "[No Variations]"
Add component (AddParameter): Name = "ComponentLink1Description"; Value = "Linkedin"; VariantName = "[No Variations]"
Add component (AddParameter): Name = "ComponentLink1URL"; Value = "https://ir.linkedin.com/in/mahdi-bagherzade"; VariantName = "[No Variations]"
Add component (AddParameter): Name = "Phone Number"; Value = "0915 8700 314"; VariantName = "[No Variations]"
Add component (AddParameter): Name = "Power"; Value = "Minimelf"; VariantName = "[No Variations]"
Add component (AddParameter): Name = "Published Date"; Value = "9-15-2024"; VariantName = "[No Variations]"
Add component (AddParameter): Name = "Publisher"; Value = "Mahdi Bagherzadeh"; VariantName = "[No Variations]"
Add component (AddParameter): Name = "Type"; Value = "SMD"; VariantName = "[No Variations]"
Add component (AddParameter): Name = "Voltage"; Value = "3.3V"; VariantName = "[No Variations]"
Added Component: Designator=ZD2_13(SOD80)
Add component (AddParameter): Name = "Code"; Value = ""; VariantName = "[No Variations]"
Add component (AddParameter): Name = "ComponentLink1Description"; Value = "Linkedin"; VariantName = "[No Variations]"
Add component (AddParameter): Name = "ComponentLink1URL"; Value = "https://ir.linkedin.com/in/mahdi-bagherzade"; VariantName = "[No Variations]"
Add component (AddParameter): Name = "Phone Number"; Value = "0915 8700 314"; VariantName = "[No Variations]"
Add component (AddParameter): Name = "Power"; Value = "Minimelf"; VariantName = "[No Variations]"
Add component (AddParameter): Name = "Published Date"; Value = "9-15-2024"; VariantName = "[No Variations]"
Add component (AddParameter): Name = "Publisher"; Value = "Mahdi Bagherzadeh"; VariantName = "[No Variations]"
Add component (AddParameter): Name = "Type"; Value = "SMD"; VariantName = "[No Variations]"
Add component (AddParameter): Name = "Voltage"; Value = "3.3V"; VariantName = "[No Variations]"
Added Component: Designator=ZD2_14(SOD80)
Add component (AddParameter): Name = "Code"; Value = ""; VariantName = "[No Variations]"
Add component (AddParameter): Name = "ComponentLink1Description"; Value = "Linkedin"; VariantName = "[No Variations]"
Add component (AddParameter): Name = "ComponentLink1URL"; Value = "https://ir.linkedin.com/in/mahdi-bagherzade"; VariantName = "[No Variations]"
Add component (AddParameter): Name = "Phone Number"; Value = "0915 8700 314"; VariantName = "[No Variations]"
Add component (AddParameter): Name = "Power"; Value = "Minimelf"; VariantName = "[No Variations]"
Add component (AddParameter): Name = "Published Date"; Value = "9-15-2024"; VariantName = "[No Variations]"
Add component (AddParameter): Name = "Publisher"; Value = "Mahdi Bagherzadeh"; VariantName = "[No Variations]"
Add component (AddParameter): Name = "Type"; Value = "SMD"; VariantName = "[No Variations]"
Add component (AddParameter): Name = "Voltage"; Value = "3.3V"; VariantName = "[No Variations]"
Added Component: Designator=ZD2_15(SOD80)
Add component (AddParameter): Name = "Code"; Value = ""; VariantName = "[No Variations]"
Add component (AddParameter): Name = "ComponentLink1Description"; Value = "Linkedin"; VariantName = "[No Variations]"
Add component (AddParameter): Name = "ComponentLink1URL"; Value = "https://ir.linkedin.com/in/mahdi-bagherzade"; VariantName = "[No Variations]"
Add component (AddParameter): Name = "Phone Number"; Value = "0915 8700 314"; VariantName = "[No Variations]"
Add component (AddParameter): Name = "Power"; Value = "Minimelf"; VariantName = "[No Variations]"
Add component (AddParameter): Name = "Published Date"; Value = "9-15-2024"; VariantName = "[No Variations]"
Add component (AddParameter): Name = "Publisher"; Value = "Mahdi Bagherzadeh"; VariantName = "[No Variations]"
Add component (AddParameter): Name = "Type"; Value = "SMD"; VariantName = "[No Variations]"
Add component (AddParameter): Name = "Voltage"; Value = "3.3V"; VariantName = "[No Variations]"
Added Component: Designator=ZD2_16(SOD80)
Add component (AddParameter): Name = "Code"; Value = ""; VariantName = "[No Variations]"
Add component (AddParameter): Name = "ComponentLink1Description"; Value = "Linkedin"; VariantName = "[No Variations]"
Add component (AddParameter): Name = "ComponentLink1URL"; Value = "https://ir.linkedin.com/in/mahdi-bagherzade"; VariantName = "[No Variations]"
Add component (AddParameter): Name = "Phone Number"; Value = "0915 8700 314"; VariantName = "[No Variations]"
Add component (AddParameter): Name = "Power"; Value = "Minimelf"; VariantName = "[No Variations]"
Add component (AddParameter): Name = "Published Date"; Value = "9-15-2024"; VariantName = "[No Variations]"
Add component (AddParameter): Name = "Publisher"; Value = "Mahdi Bagherzadeh"; VariantName = "[No Variations]"
Add component (AddParameter): Name = "Type"; Value = "SMD"; VariantName = "[No Variations]"
Add component (AddParameter): Name = "Voltage"; Value = "3.3V"; VariantName = "[No Variations]"
Added Component: Designator=ZD2_17(SOD80)
Add component (AddParameter): Name = "Code"; Value = ""; VariantName = "[No Variations]"
Add component (AddParameter): Name = "ComponentLink1Description"; Value = "Linkedin"; VariantName = "[No Variations]"
Add component (AddParameter): Name = "ComponentLink1URL"; Value = "https://ir.linkedin.com/in/mahdi-bagherzade"; VariantName = "[No Variations]"
Add component (AddParameter): Name = "Phone Number"; Value = "0915 8700 314"; VariantName = "[No Variations]"
Add component (AddParameter): Name = "Power"; Value = "Minimelf"; VariantName = "[No Variations]"
Add component (AddParameter): Name = "Published Date"; Value = "9-15-2024"; VariantName = "[No Variations]"
Add component (AddParameter): Name = "Publisher"; Value = "Mahdi Bagherzadeh"; VariantName = "[No Variations]"
Add component (AddParameter): Name = "Type"; Value = "SMD"; VariantName = "[No Variations]"
Add component (AddParameter): Name = "Voltage"; Value = "3.3V"; VariantName = "[No Variations]"
Added Component: Designator=ZD2_18(SOD80)
Add component (AddParameter): Name = "Code"; Value = ""; VariantName = "[No Variations]"
Add component (AddParameter): Name = "ComponentLink1Description"; Value = "Linkedin"; VariantName = "[No Variations]"
Add component (AddParameter): Name = "ComponentLink1URL"; Value = "https://ir.linkedin.com/in/mahdi-bagherzade"; VariantName = "[No Variations]"
Add component (AddParameter): Name = "Phone Number"; Value = "0915 8700 314"; VariantName = "[No Variations]"
Add component (AddParameter): Name = "Power"; Value = "Minimelf"; VariantName = "[No Variations]"
Add component (AddParameter): Name = "Published Date"; Value = "9-15-2024"; VariantName = "[No Variations]"
Add component (AddParameter): Name = "Publisher"; Value = "Mahdi Bagherzadeh"; VariantName = "[No Variations]"
Add component (AddParameter): Name = "Type"; Value = "SMD"; VariantName = "[No Variations]"
Add component (AddParameter): Name = "Voltage"; Value = "3.3V"; VariantName = "[No Variations]"
Added Component: Designator=ZD2_19(SOD80)
Add component (AddParameter): Name = "Code"; Value = ""; VariantName = "[No Variations]"
Add component (AddParameter): Name = "ComponentLink1Description"; Value = "Linkedin"; VariantName = "[No Variations]"
Add component (AddParameter): Name = "ComponentLink1URL"; Value = "https://ir.linkedin.com/in/mahdi-bagherzade"; VariantName = "[No Variations]"
Add component (AddParameter): Name = "Phone Number"; Value = "0915 8700 314"; VariantName = "[No Variations]"
Add component (AddParameter): Name = "Power"; Value = "Minimelf"; VariantName = "[No Variations]"
Add component (AddParameter): Name = "Published Date"; Value = "9-15-2024"; VariantName = "[No Variations]"
Add component (AddParameter): Name = "Publisher"; Value = "Mahdi Bagherzadeh"; VariantName = "[No Variations]"
Add component (AddParameter): Name = "Type"; Value = "SMD"; VariantName = "[No Variations]"
Add component (AddParameter): Name = "Voltage"; Value = "3.3V"; VariantName = "[No Variations]"
Added Component: Designator=ZD2_20(SOD80)
Add component (AddParameter): Name = "Code"; Value = ""; VariantName = "[No Variations]"
Add component (AddParameter): Name = "ComponentLink1Description"; Value = "Linkedin"; VariantName = "[No Variations]"
Add component (AddParameter): Name = "ComponentLink1URL"; Value = "https://ir.linkedin.com/in/mahdi-bagherzade"; VariantName = "[No Variations]"
Add component (AddParameter): Name = "Phone Number"; Value = "0915 8700 314"; VariantName = "[No Variations]"
Add component (AddParameter): Name = "Power"; Value = "Minimelf"; VariantName = "[No Variations]"
Add component (AddParameter): Name = "Published Date"; Value = "9-15-2024"; VariantName = "[No Variations]"
Add component (AddParameter): Name = "Publisher"; Value = "Mahdi Bagherzadeh"; VariantName = "[No Variations]"
Add component (AddParameter): Name = "Type"; Value = "SMD"; VariantName = "[No Variations]"
Add component (AddParameter): Name = "Voltage"; Value = "3.3V"; VariantName = "[No Variations]"
Added Component: Designator=ZD2_21(SOD80)
Add component (AddParameter): Name = "Code"; Value = ""; VariantName = "[No Variations]"
Add component (AddParameter): Name = "ComponentLink1Description"; Value = "Linkedin"; VariantName = "[No Variations]"
Add component (AddParameter): Name = "ComponentLink1URL"; Value = "https://ir.linkedin.com/in/mahdi-bagherzade"; VariantName = "[No Variations]"
Add component (AddParameter): Name = "Phone Number"; Value = "0915 8700 314"; VariantName = "[No Variations]"
Add component (AddParameter): Name = "Power"; Value = "Minimelf"; VariantName = "[No Variations]"
Add component (AddParameter): Name = "Published Date"; Value = "9-15-2024"; VariantName = "[No Variations]"
Add component (AddParameter): Name = "Publisher"; Value = "Mahdi Bagherzadeh"; VariantName = "[No Variations]"
Add component (AddParameter): Name = "Type"; Value = "SMD"; VariantName = "[No Variations]"
Add component (AddParameter): Name = "Voltage"; Value = "3.3V"; VariantName = "[No Variations]"
Added Component: Designator=ZD2_22(SOD80)
Add component (AddParameter): Name = "Code"; Value = ""; VariantName = "[No Variations]"
Add component (AddParameter): Name = "ComponentLink1Description"; Value = "Linkedin"; VariantName = "[No Variations]"
Add component (AddParameter): Name = "ComponentLink1URL"; Value = "https://ir.linkedin.com/in/mahdi-bagherzade"; VariantName = "[No Variations]"
Add component (AddParameter): Name = "Phone Number"; Value = "0915 8700 314"; VariantName = "[No Variations]"
Add component (AddParameter): Name = "Power"; Value = "Minimelf"; VariantName = "[No Variations]"
Add component (AddParameter): Name = "Published Date"; Value = "9-15-2024"; VariantName = "[No Variations]"
Add component (AddParameter): Name = "Publisher"; Value = "Mahdi Bagherzadeh"; VariantName = "[No Variations]"
Add component (AddParameter): Name = "Type"; Value = "SMD"; VariantName = "[No Variations]"
Add component (AddParameter): Name = "Voltage"; Value = "3.3V"; VariantName = "[No Variations]"
Added Component: Designator=ZD2_23(SOD80)
Add component (AddParameter): Name = "Code"; Value = ""; VariantName = "[No Variations]"
Add component (AddParameter): Name = "ComponentLink1Description"; Value = "Linkedin"; VariantName = "[No Variations]"
Add component (AddParameter): Name = "ComponentLink1URL"; Value = "https://ir.linkedin.com/in/mahdi-bagherzade"; VariantName = "[No Variations]"
Add component (AddParameter): Name = "Phone Number"; Value = "0915 8700 314"; VariantName = "[No Variations]"
Add component (AddParameter): Name = "Power"; Value = "Minimelf"; VariantName = "[No Variations]"
Add component (AddParameter): Name = "Published Date"; Value = "9-15-2024"; VariantName = "[No Variations]"
Add component (AddParameter): Name = "Publisher"; Value = "Mahdi Bagherzadeh"; VariantName = "[No Variations]"
Add component (AddParameter): Name = "Type"; Value = "SMD"; VariantName = "[No Variations]"
Add component (AddParameter): Name = "Voltage"; Value = "3.3V"; VariantName = "[No Variations]"
Added Component: Designator=ZD2_24(SOD80)
Add component (AddParameter): Name = "Code"; Value = ""; VariantName = "[No Variations]"
Add component (AddParameter): Name = "ComponentLink1Description"; Value = "Linkedin"; VariantName = "[No Variations]"
Add component (AddParameter): Name = "ComponentLink1URL"; Value = "https://ir.linkedin.com/in/mahdi-bagherzade"; VariantName = "[No Variations]"
Add component (AddParameter): Name = "Phone Number"; Value = "0915 8700 314"; VariantName = "[No Variations]"
Add component (AddParameter): Name = "Power"; Value = "Minimelf"; VariantName = "[No Variations]"
Add component (AddParameter): Name = "Published Date"; Value = "9-15-2024"; VariantName = "[No Variations]"
Add component (AddParameter): Name = "Publisher"; Value = "Mahdi Bagherzadeh"; VariantName = "[No Variations]"
Add component (AddParameter): Name = "Type"; Value = "SMD"; VariantName = "[No Variations]"
Add component (AddParameter): Name = "Voltage"; Value = "3.3V"; VariantName = "[No Variations]"
Added Pin To Net: NetName=NetBAT1_1 Pin=BAT1-1
Added Pin To Net: NetName=GND_MCU Pin=BAT1-2
Added Pin To Net: NetName=MCU_KEY1 Pin=C1_1-1
Added Pin To Net: NetName=GND_MCU Pin=C1_1-2
Added Pin To Net: NetName=MCU_KEY2 Pin=C1_2-1
Added Pin To Net: NetName=GND_MCU Pin=C1_2-2
Added Pin To Net: NetName=MCU_KEY3 Pin=C1_3-1
Added Pin To Net: NetName=GND_MCU Pin=C1_3-2
Added Pin To Net: NetName=MCU_MAGNET1 Pin=C2_1-1
Added Pin To Net: NetName=GND Pin=C2_1-2
Added Pin To Net: NetName=MCU_MAGNET2 Pin=C2_2-1
Added Pin To Net: NetName=GND Pin=C2_2-2
Added Pin To Net: NetName=MCU_MAGNET3 Pin=C2_3-1
Added Pin To Net: NetName=GND Pin=C2_3-2
Added Pin To Net: NetName=MCU_MAGNET4 Pin=C2_4-1
Added Pin To Net: NetName=GND Pin=C2_4-2
Added Pin To Net: NetName=VCC_DS1307 Pin=C3-1
Added Pin To Net: NetName=GND_MCU Pin=C3-2
Added Pin To Net: NetName=VCC_EEPROM Pin=C4-1
Added Pin To Net: NetName=GND_MCU Pin=C4-2
Added Pin To Net: NetName=NetC5_1 Pin=C5-1
Added Pin To Net: NetName=GND_MCU Pin=C5-2
Added Pin To Net: NetName=NetC6_1 Pin=C6-1
Added Pin To Net: NetName=ISD_MIC_P Pin=C6-2
Added Pin To Net: NetName=NetC7_1 Pin=C7-1
Added Pin To Net: NetName=ISD_MIC_N Pin=C7-2
Added Pin To Net: NetName=NetC8_1 Pin=C8-1
Added Pin To Net: NetName=GND_MCU Pin=C8-2
Added Pin To Net: NetName=VCC_ISD Pin=C9-1
Added Pin To Net: NetName=GND_MCU Pin=C9-2
Added Pin To Net: NetName=VCC_ISD Pin=C10-1
Added Pin To Net: NetName=GND_MCU Pin=C10-2
Added Pin To Net: NetName=VCC_ISD Pin=C11-1
Added Pin To Net: NetName=GND_MCU Pin=C11-2
Added Pin To Net: NetName=VCC_TFT Pin=C12-1
Added Pin To Net: NetName=GND_MCU Pin=C12-2
Added Pin To Net: NetName=VCC_TFT Pin=C13-1
Added Pin To Net: NetName=GND_MCU Pin=C13-2
Added Pin To Net: NetName=VCC_TFT Pin=C14-1
Added Pin To Net: NetName=GND_MCU Pin=C14-2
Added Pin To Net: NetName=VCC_TFT Pin=C15-1
Added Pin To Net: NetName=GND_MCU Pin=C15-2
Added Pin To Net: NetName=VCC_TFT Pin=C16-1
Added Pin To Net: NetName=GND_MCU Pin=C16-2
Added Pin To Net: NetName=VCC_TFT Pin=C17-1
Added Pin To Net: NetName=GND_MCU Pin=C17-2
Added Pin To Net: NetName=MCU_NRST Pin=C18-1
Added Pin To Net: NetName=GND_MCU Pin=C18-2
Added Pin To Net: NetName=MCU_OCS_N Pin=C19-1
Added Pin To Net: NetName=GND_MCU Pin=C19-2
Added Pin To Net: NetName=MCU_OCS_P Pin=C20-1
Added Pin To Net: NetName=GND_MCU Pin=C20-2
Added Pin To Net: NetName=VCC_MCU Pin=C21-1
Added Pin To Net: NetName=GND_MCU Pin=C21-2
Added Pin To Net: NetName=VCC_MCU Pin=C22-1
Added Pin To Net: NetName=GND_MCU Pin=C22-2
Added Pin To Net: NetName=VCC_MCU Pin=C23-1
Added Pin To Net: NetName=GND_MCU Pin=C23-2
Added Pin To Net: NetName=VCC_MCU Pin=C24-1
Added Pin To Net: NetName=GND_MCU Pin=C24-2
Added Pin To Net: NetName=VCC_MCU Pin=C25-1
Added Pin To Net: NetName=GND_MCU Pin=C25-2
Added Pin To Net: NetName=VCC_MCU Pin=C26-1
Added Pin To Net: NetName=GND_MCU Pin=C26-2
Added Pin To Net: NetName=VCC_MCU Pin=C27-1
Added Pin To Net: NetName=GND_MCU Pin=C27-2
Added Pin To Net: NetName=VCC_MCU Pin=C28-1
Added Pin To Net: NetName=GND_MCU Pin=C28-2
Added Pin To Net: NetName=VCC_MCU Pin=C29-1
Added Pin To Net: NetName=GND_MCU Pin=C29-2
Added Pin To Net: NetName=VCC_MCU Pin=C30-1
Added Pin To Net: NetName=GND_MCU Pin=C30-2
Added Pin To Net: NetName=VCC_MCU Pin=C31-1
Added Pin To Net: NetName=GND_MCU Pin=C31-2
Added Pin To Net: NetName=VCC_MCU Pin=C32-1
Added Pin To Net: NetName=GND_MCU Pin=C32-2
Added Pin To Net: NetName=VCC_MCU Pin=C33-1
Added Pin To Net: NetName=GND_MCU Pin=C33-2
Added Pin To Net: NetName=VCC_MCU Pin=C34-1
Added Pin To Net: NetName=GND_MCU Pin=C34-2
Added Pin To Net: NetName=V_CAP_1 Pin=C35-1
Added Pin To Net: NetName=GND_MCU Pin=C35-2
Added Pin To Net: NetName=+5 Pin=C36-1
Added Pin To Net: NetName=GND_MCU Pin=C36-2
Added Pin To Net: NetName=+5 Pin=C37-1
Added Pin To Net: NetName=GND_MCU Pin=C37-2
Added Pin To Net: NetName=+3V3 Pin=C38-1
Added Pin To Net: NetName=GND_MCU Pin=C38-2
Added Pin To Net: NetName=+3V3 Pin=C39-1
Added Pin To Net: NetName=GND_MCU Pin=C39-2
Added Pin To Net: NetName=V_CAP_2 Pin=C40-1
Added Pin To Net: NetName=GND_MCU Pin=C40-2
Added Pin To Net: NetName=MCU_MAGNET_EX1 Pin=C41_1-1
Added Pin To Net: NetName=GND Pin=C41_1-2
Added Pin To Net: NetName=MCU_MAGNET_EX2 Pin=C41_2-1
Added Pin To Net: NetName=GND Pin=C41_2-2
Added Pin To Net: NetName=MCU_MAGNET_EX3 Pin=C41_3-1
Added Pin To Net: NetName=GND Pin=C41_3-2
Added Pin To Net: NetName=MCU_MAGNET_EX4 Pin=C41_4-1
Added Pin To Net: NetName=GND Pin=C41_4-2
Added Pin To Net: NetName=MCU_MAGNET_EX5 Pin=C41_5-1
Added Pin To Net: NetName=GND Pin=C41_5-2
Added Pin To Net: NetName=MCU_MAGNET_EX6 Pin=C41_6-1
Added Pin To Net: NetName=GND Pin=C41_6-2
Added Pin To Net: NetName=MCU_MAGNET_EX7 Pin=C41_7-1
Added Pin To Net: NetName=GND Pin=C41_7-2
Added Pin To Net: NetName=MCU_MAGNET_EX8 Pin=C41_8-1
Added Pin To Net: NetName=GND Pin=C41_8-2
Added Pin To Net: NetName=MCU_MAGNET_EX9 Pin=C41_9-1
Added Pin To Net: NetName=GND Pin=C41_9-2
Added Pin To Net: NetName=MCU_MAGNET_EX10 Pin=C41_10-1
Added Pin To Net: NetName=GND Pin=C41_10-2
Added Pin To Net: NetName=MCU_MAGNET_EX11 Pin=C41_11-1
Added Pin To Net: NetName=GND Pin=C41_11-2
Added Pin To Net: NetName=MCU_MAGNET_EX12 Pin=C41_12-1
Added Pin To Net: NetName=GND Pin=C41_12-2
Added Pin To Net: NetName=MCU_MAGNET_EX13 Pin=C41_13-1
Added Pin To Net: NetName=GND Pin=C41_13-2
Added Pin To Net: NetName=MCU_MAGNET_EX14 Pin=C41_14-1
Added Pin To Net: NetName=GND Pin=C41_14-2
Added Pin To Net: NetName=MCU_MAGNET_EX15 Pin=C41_15-1
Added Pin To Net: NetName=GND Pin=C41_15-2
Added Pin To Net: NetName=MCU_MAGNET_EX16 Pin=C41_16-1
Added Pin To Net: NetName=GND Pin=C41_16-2
Added Pin To Net: NetName=MCU_MAGNET_EX17 Pin=C41_17-1
Added Pin To Net: NetName=GND Pin=C41_17-2
Added Pin To Net: NetName=MCU_MAGNET_EX18 Pin=C41_18-1
Added Pin To Net: NetName=GND Pin=C41_18-2
Added Pin To Net: NetName=MCU_MAGNET_EX19 Pin=C41_19-1
Added Pin To Net: NetName=GND Pin=C41_19-2
Added Pin To Net: NetName=MCU_MAGNET_EX20 Pin=C41_20-1
Added Pin To Net: NetName=GND Pin=C41_20-2
Added Pin To Net: NetName=MCU_MAGNET_EX21 Pin=C41_21-1
Added Pin To Net: NetName=GND Pin=C41_21-2
Added Pin To Net: NetName=MCU_MAGNET_EX22 Pin=C41_22-1
Added Pin To Net: NetName=GND Pin=C41_22-2
Added Pin To Net: NetName=MCU_MAGNET_EX23 Pin=C41_23-1
Added Pin To Net: NetName=GND Pin=C41_23-2
Added Pin To Net: NetName=MCU_MAGNET_EX24 Pin=C41_24-1
Added Pin To Net: NetName=GND Pin=C41_24-2
Added Pin To Net: NetName=NetCN1_1_1 Pin=CN1_1-1
Added Pin To Net: NetName=GND Pin=CN1_1-2
Added Pin To Net: NetName=NetCN1_2_1 Pin=CN1_2-1
Added Pin To Net: NetName=GND Pin=CN1_2-2
Added Pin To Net: NetName=NetCN1_3_1 Pin=CN1_3-1
Added Pin To Net: NetName=GND Pin=CN1_3-2
Added Pin To Net: NetName=NetCN1_4_1 Pin=CN1_4-1
Added Pin To Net: NetName=GND Pin=CN1_4-2
Added Pin To Net: NetName=NetCN2_1_1 Pin=CN2_1-1
Added Pin To Net: NetName=+12 Pin=CN2_1-2
Added Pin To Net: NetName=NetCN2_2_1 Pin=CN2_2-1
Added Pin To Net: NetName=+12 Pin=CN2_2-2
Added Pin To Net: NetName=NetCN2_3_1 Pin=CN2_3-1
Added Pin To Net: NetName=+12 Pin=CN2_3-2
Added Pin To Net: NetName=NetCN2_4_1 Pin=CN2_4-1
Added Pin To Net: NetName=+12 Pin=CN2_4-2
Added Pin To Net: NetName=GND Pin=CN3_1-1
Added Pin To Net: NetName=NetCN3_1_2 Pin=CN3_1-2
Added Pin To Net: NetName=GND Pin=CN3_2-1
Added Pin To Net: NetName=NetCN3_2_2 Pin=CN3_2-2
Added Pin To Net: NetName=GND Pin=CN3_3-1
Added Pin To Net: NetName=NetCN3_3_2 Pin=CN3_3-2
Added Pin To Net: NetName=GND Pin=CN3_4-1
Added Pin To Net: NetName=NetCN3_4_2 Pin=CN3_4-2
Added Pin To Net: NetName=SPK_P Pin=CN4-1
Added Pin To Net: NetName=SPK_N Pin=CN4-2
Added Pin To Net: NetName=GND_MCU Pin=CN5-5
Added Pin To Net: NetName=VCC_TFT Pin=CN5-6
Added Pin To Net: NetName=VCC_TFT Pin=CN5-7
Added Pin To Net: NetName=TFT_CS Pin=CN5-9
Added Pin To Net: NetName=TFT_CLK Pin=CN5-10
Added Pin To Net: NetName=TFT_DC Pin=CN5-11
Added Pin To Net: NetName=VCC_TFT Pin=CN5-12
Added Pin To Net: NetName=TFT_MOSI Pin=CN5-13
Added Pin To Net: NetName=TFT_MISO Pin=CN5-14
Added Pin To Net: NetName=TFT_RES Pin=CN5-15
Added Pin To Net: NetName=GND_MCU Pin=CN5-16
Added Pin To Net: NetName=GND_MCU Pin=CN5-17
Added Pin To Net: NetName=GND_MCU Pin=CN5-18
Added Pin To Net: NetName=GND_MCU Pin=CN5-19
Added Pin To Net: NetName=GND_MCU Pin=CN5-20
Added Pin To Net: NetName=GND_MCU Pin=CN5-21
Added Pin To Net: NetName=GND_MCU Pin=CN5-22
Added Pin To Net: NetName=GND_MCU Pin=CN5-23
Added Pin To Net: NetName=GND_MCU Pin=CN5-24
Added Pin To Net: NetName=GND_MCU Pin=CN5-25
Added Pin To Net: NetName=GND_MCU Pin=CN5-26
Added Pin To Net: NetName=GND_MCU Pin=CN5-27
Added Pin To Net: NetName=GND_MCU Pin=CN5-28
Added Pin To Net: NetName=GND_MCU Pin=CN5-29
Added Pin To Net: NetName=GND_MCU Pin=CN5-30
Added Pin To Net: NetName=GND_MCU Pin=CN5-31
Added Pin To Net: NetName=GND_MCU Pin=CN5-32
Added Pin To Net: NetName=VCC_TFT Pin=CN5-33
Added Pin To Net: NetName=TFT_LED_K1 Pin=CN5-34
Added Pin To Net: NetName=TFT_LED_K2 Pin=CN5-35
Added Pin To Net: NetName=TFT_LED_K3 Pin=CN5-36
Added Pin To Net: NetName=GND_MCU Pin=CN5-37
Added Pin To Net: NetName=TFT_IM0 Pin=CN5-38
Added Pin To Net: NetName=TFT_IM1 Pin=CN5-39
Added Pin To Net: NetName=TFT_IM2 Pin=CN5-40
Added Pin To Net: NetName=GND_MCU Pin=CN5-41
Added Pin To Net: NetName=GND_MCU Pin=CN5-42
Added Pin To Net: NetName=MCU_SWDIO Pin=CN6-1
Added Pin To Net: NetName=VCC_MCU Pin=CN6-2
Added Pin To Net: NetName=MCU_SWCLK Pin=CN6-3
Added Pin To Net: NetName=GND_MCU Pin=CN6-4
Added Pin To Net: NetName=+5 Pin=CN7-3
Added Pin To Net: NetName=MCU_RXD Pin=CN7-4
Added Pin To Net: NetName=MCU_TXD Pin=CN7-5
Added Pin To Net: NetName=GND_MCU Pin=CN7-6
Added Pin To Net: NetName=RELAY_EX5 Pin=CN8-1
Added Pin To Net: NetName=RELAY_EX7 Pin=CN8-2
Added Pin To Net: NetName=LED_EX5 Pin=CN8-3
Added Pin To Net: NetName=LED_EX7 Pin=CN8-4
Added Pin To Net: NetName=MAGNET_EX5 Pin=CN8-5
Added Pin To Net: NetName=MAGNET_EX7 Pin=CN8-6
Added Pin To Net: NetName=GND Pin=CN8-7
Added Pin To Net: NetName=GND Pin=CN8-8
Added Pin To Net: NetName=RELAY_EX6 Pin=CN8-9
Added Pin To Net: NetName=RELAY_EX8 Pin=CN8-10
Added Pin To Net: NetName=LED_EX6 Pin=CN8-11
Added Pin To Net: NetName=LED_EX8 Pin=CN8-12
Added Pin To Net: NetName=MAGNET_EX6 Pin=CN8-13
Added Pin To Net: NetName=MAGNET_EX8 Pin=CN8-14
Added Pin To Net: NetName=GND Pin=CN8-15
Added Pin To Net: NetName=+12 Pin=CN8-16
Added Pin To Net: NetName=RELAY_EX9 Pin=CN9-1
Added Pin To Net: NetName=RELAY_EX12 Pin=CN9-2
Added Pin To Net: NetName=LED_EX9 Pin=CN9-3
Added Pin To Net: NetName=LED_EX12 Pin=CN9-4
Added Pin To Net: NetName=MAGNET_EX9 Pin=CN9-5
Added Pin To Net: NetName=MAGNET_EX12 Pin=CN9-6
Added Pin To Net: NetName=GND Pin=CN9-7
Added Pin To Net: NetName=GND Pin=CN9-8
Added Pin To Net: NetName=RELAY_EX10 Pin=CN9-9
Added Pin To Net: NetName=RELAY_EX11 Pin=CN9-10
Added Pin To Net: NetName=LED_EX10 Pin=CN9-11
Added Pin To Net: NetName=LED_EX11 Pin=CN9-12
Added Pin To Net: NetName=MAGNET_EX10 Pin=CN9-13
Added Pin To Net: NetName=MAGNET_EX11 Pin=CN9-14
Added Pin To Net: NetName=GND Pin=CN9-15
Added Pin To Net: NetName=+12 Pin=CN9-16
Added Pin To Net: NetName=RELAY_EX13 Pin=CN10-1
Added Pin To Net: NetName=RELAY_EX16 Pin=CN10-2
Added Pin To Net: NetName=LED_EX13 Pin=CN10-3
Added Pin To Net: NetName=LED_EX16 Pin=CN10-4
Added Pin To Net: NetName=MAGNET_EX13 Pin=CN10-5
Added Pin To Net: NetName=MAGNET_EX16 Pin=CN10-6
Added Pin To Net: NetName=GND Pin=CN10-7
Added Pin To Net: NetName=GND Pin=CN10-8
Added Pin To Net: NetName=RELAY_EX14 Pin=CN10-9
Added Pin To Net: NetName=RELAY_EX15 Pin=CN10-10
Added Pin To Net: NetName=LED_EX14 Pin=CN10-11
Added Pin To Net: NetName=LED_EX15 Pin=CN10-12
Added Pin To Net: NetName=MAGNET_EX14 Pin=CN10-13
Added Pin To Net: NetName=MAGNET_EX15 Pin=CN10-14
Added Pin To Net: NetName=GND Pin=CN10-15
Added Pin To Net: NetName=+12 Pin=CN10-16
Added Pin To Net: NetName=RELAY_EX17 Pin=CN11-1
Added Pin To Net: NetName=RELAY_EX20 Pin=CN11-2
Added Pin To Net: NetName=LED_EX17 Pin=CN11-3
Added Pin To Net: NetName=LED_EX20 Pin=CN11-4
Added Pin To Net: NetName=MAGNET_EX17 Pin=CN11-5
Added Pin To Net: NetName=MAGNET_EX20 Pin=CN11-6
Added Pin To Net: NetName=GND Pin=CN11-7
Added Pin To Net: NetName=GND Pin=CN11-8
Added Pin To Net: NetName=RELAY_EX18 Pin=CN11-9
Added Pin To Net: NetName=RELAY_EX19 Pin=CN11-10
Added Pin To Net: NetName=LED_EX18 Pin=CN11-11
Added Pin To Net: NetName=LED_EX19 Pin=CN11-12
Added Pin To Net: NetName=MAGNET_EX18 Pin=CN11-13
Added Pin To Net: NetName=MAGNET_EX19 Pin=CN11-14
Added Pin To Net: NetName=GND Pin=CN11-15
Added Pin To Net: NetName=+12 Pin=CN11-16
Added Pin To Net: NetName=RELAY_EX21 Pin=CN12-1
Added Pin To Net: NetName=RELAY_EX24 Pin=CN12-2
Added Pin To Net: NetName=LED_EX21 Pin=CN12-3
Added Pin To Net: NetName=LED_EX24 Pin=CN12-4
Added Pin To Net: NetName=MAGNET_EX21 Pin=CN12-5
Added Pin To Net: NetName=MAGNET_EX24 Pin=CN12-6
Added Pin To Net: NetName=GND Pin=CN12-7
Added Pin To Net: NetName=GND Pin=CN12-8
Added Pin To Net: NetName=RELAY_EX22 Pin=CN12-9
Added Pin To Net: NetName=RELAY_EX23 Pin=CN12-10
Added Pin To Net: NetName=LED_EX22 Pin=CN12-11
Added Pin To Net: NetName=LED_EX23 Pin=CN12-12
Added Pin To Net: NetName=MAGNET_EX22 Pin=CN12-13
Added Pin To Net: NetName=MAGNET_EX23 Pin=CN12-14
Added Pin To Net: NetName=GND Pin=CN12-15
Added Pin To Net: NetName=+12 Pin=CN12-16
Added Pin To Net: NetName=RELAY_EX25 Pin=CN13-1
Added Pin To Net: NetName=RELAY_EX28 Pin=CN13-2
Added Pin To Net: NetName=LED_EX25 Pin=CN13-3
Added Pin To Net: NetName=LED_EX28 Pin=CN13-4
Added Pin To Net: NetName=MAGNET_EX25 Pin=CN13-5
Added Pin To Net: NetName=MAGNET_EX28 Pin=CN13-6
Added Pin To Net: NetName=GND Pin=CN13-7
Added Pin To Net: NetName=GND Pin=CN13-8
Added Pin To Net: NetName=RELAY_EX26 Pin=CN13-9
Added Pin To Net: NetName=RELAY_EX27 Pin=CN13-10
Added Pin To Net: NetName=LED_EX26 Pin=CN13-11
Added Pin To Net: NetName=LED_EX27 Pin=CN13-12
Added Pin To Net: NetName=MAGNET_EX26 Pin=CN13-13
Added Pin To Net: NetName=MAGNET_EX27 Pin=CN13-14
Added Pin To Net: NetName=GND Pin=CN13-15
Added Pin To Net: NetName=+12 Pin=CN13-16
Added Pin To Net: NetName=NetD1_1_1 Pin=D1_1-1
Added Pin To Net: NetName=+12 Pin=D1_1-2
Added Pin To Net: NetName=NetD1_2_1 Pin=D1_2-1
Added Pin To Net: NetName=+12 Pin=D1_2-2
Added Pin To Net: NetName=NetD1_3_1 Pin=D1_3-1
Added Pin To Net: NetName=+12 Pin=D1_3-2
Added Pin To Net: NetName=NetD1_4_1 Pin=D1_4-1
Added Pin To Net: NetName=+12 Pin=D1_4-2
Added Pin To Net: NetName=+3V3 Pin=D2-1
Added Pin To Net: NetName=+5 Pin=D2-2
Added Pin To Net: NetName=RELAY_EX1 Pin=D3_1-1
Added Pin To Net: NetName=+12 Pin=D3_1-2
Added Pin To Net: NetName=RELAY_EX2 Pin=D3_2-1
Added Pin To Net: NetName=+12 Pin=D3_2-2
Added Pin To Net: NetName=RELAY_EX3 Pin=D3_3-1
Added Pin To Net: NetName=+12 Pin=D3_3-2
Added Pin To Net: NetName=RELAY_EX4 Pin=D3_4-1
Added Pin To Net: NetName=+12 Pin=D3_4-2
Added Pin To Net: NetName=RELAY_EX5 Pin=D3_5-1
Added Pin To Net: NetName=+12 Pin=D3_5-2
Added Pin To Net: NetName=RELAY_EX6 Pin=D3_6-1
Added Pin To Net: NetName=+12 Pin=D3_6-2
Added Pin To Net: NetName=RELAY_EX7 Pin=D3_7-1
Added Pin To Net: NetName=+12 Pin=D3_7-2
Added Pin To Net: NetName=RELAY_EX8 Pin=D3_8-1
Added Pin To Net: NetName=+12 Pin=D3_8-2
Added Pin To Net: NetName=RELAY_EX9 Pin=D3_9-1
Added Pin To Net: NetName=+12 Pin=D3_9-2
Added Pin To Net: NetName=RELAY_EX10 Pin=D3_10-1
Added Pin To Net: NetName=+12 Pin=D3_10-2
Added Pin To Net: NetName=RELAY_EX11 Pin=D3_11-1
Added Pin To Net: NetName=+12 Pin=D3_11-2
Added Pin To Net: NetName=RELAY_EX12 Pin=D3_12-1
Added Pin To Net: NetName=+12 Pin=D3_12-2
Added Pin To Net: NetName=RELAY_EX13 Pin=D3_13-1
Added Pin To Net: NetName=+12 Pin=D3_13-2
Added Pin To Net: NetName=RELAY_EX14 Pin=D3_14-1
Added Pin To Net: NetName=+12 Pin=D3_14-2
Added Pin To Net: NetName=RELAY_EX15 Pin=D3_15-1
Added Pin To Net: NetName=+12 Pin=D3_15-2
Added Pin To Net: NetName=RELAY_EX16 Pin=D3_16-1
Added Pin To Net: NetName=+12 Pin=D3_16-2
Added Pin To Net: NetName=RELAY_EX17 Pin=D3_17-1
Added Pin To Net: NetName=+12 Pin=D3_17-2
Added Pin To Net: NetName=RELAY_EX18 Pin=D3_18-1
Added Pin To Net: NetName=+12 Pin=D3_18-2
Added Pin To Net: NetName=RELAY_EX19 Pin=D3_19-1
Added Pin To Net: NetName=+12 Pin=D3_19-2
Added Pin To Net: NetName=RELAY_EX20 Pin=D3_20-1
Added Pin To Net: NetName=+12 Pin=D3_20-2
Added Pin To Net: NetName=RELAY_EX21 Pin=D3_21-1
Added Pin To Net: NetName=+12 Pin=D3_21-2
Added Pin To Net: NetName=RELAY_EX22 Pin=D3_22-1
Added Pin To Net: NetName=+12 Pin=D3_22-2
Added Pin To Net: NetName=RELAY_EX23 Pin=D3_23-1
Added Pin To Net: NetName=+12 Pin=D3_23-2
Added Pin To Net: NetName=RELAY_EX24 Pin=D3_24-1
Added Pin To Net: NetName=+12 Pin=D3_24-2
Added Pin To Net: NetName=+5 Pin=FB1-1
Added Pin To Net: NetName=VCC_DS1307 Pin=FB1-2
Added Pin To Net: NetName=VCC_EEPROM Pin=FB2-1
Added Pin To Net: NetName=+3V3 Pin=FB2-2
Added Pin To Net: NetName=+5 Pin=FB3-1
Added Pin To Net: NetName=VCC_ISD Pin=FB3-2
Added Pin To Net: NetName=+3V3 Pin=FB4-1
Added Pin To Net: NetName=VCC_TFT Pin=FB4-2
Added Pin To Net: NetName=+3V3 Pin=FB5-1
Added Pin To Net: NetName=VCC_MCU Pin=FB5-2
Added Pin To Net: NetName=GND_MCU Pin=H1-1
Added Pin To Net: NetName=+3V3 Pin=H1-2
Added Pin To Net: NetName=TFT_CS Pin=H1-3
Added Pin To Net: NetName=TFT_CLK Pin=H1-4
Added Pin To Net: NetName=TFT_DC Pin=H1-5
Added Pin To Net: NetName=TFT_MOSI Pin=H1-6
Added Pin To Net: NetName=TFT_MISO Pin=H1-7
Added Pin To Net: NetName=TFT_RES Pin=H1-8
Added Pin To Net: NetName=TFT_BLK Pin=H1-9
Added Pin To Net: NetName=NetH2_1 Pin=H2-1
Added Pin To Net: NetName=MCU_BOOT0 Pin=H2-2
Added Pin To Net: NetName=GND_MCU Pin=H2-3
Added Pin To Net: NetName=+12 Pin=LED1_1-1
Added Pin To Net: NetName=NetLED1_1_2 Pin=LED1_1-2
Added Pin To Net: NetName=+12 Pin=LED1_2-1
Added Pin To Net: NetName=NetLED1_2_2 Pin=LED1_2-2
Added Pin To Net: NetName=+12 Pin=LED1_3-1
Added Pin To Net: NetName=NetLED1_3_2 Pin=LED1_3-2
Added Pin To Net: NetName=+12 Pin=LED1_4-1
Added Pin To Net: NetName=NetLED1_4_2 Pin=LED1_4-2
Added Pin To Net: NetName=VCC_ISD Pin=LED2-1
Added Pin To Net: NetName=NetLED2_2 Pin=LED2-2
Added Pin To Net: NetName=NetLED3_1 Pin=LED3-1
Added Pin To Net: NetName=GND_MCU Pin=LED3-2
Added Pin To Net: NetName=NetC6_1 Pin=MIC1-1
Added Pin To Net: NetName=NetC7_1 Pin=MIC1-2
Added Pin To Net: NetName=GND_MCU Pin=NT1-1
Added Pin To Net: NetName=GND Pin=NT1-2
Added Pin To Net: NetName=GND Pin=Q1_1-1
Added Pin To Net: NetName=NetD1_1_1 Pin=Q1_1-2
Added Pin To Net: NetName=NetQ1_1_3 Pin=Q1_1-3
Added Pin To Net: NetName=GND Pin=Q1_2-1
Added Pin To Net: NetName=NetD1_2_1 Pin=Q1_2-2
Added Pin To Net: NetName=NetQ1_2_3 Pin=Q1_2-3
Added Pin To Net: NetName=GND Pin=Q1_3-1
Added Pin To Net: NetName=NetD1_3_1 Pin=Q1_3-2
Added Pin To Net: NetName=NetQ1_3_3 Pin=Q1_3-3
Added Pin To Net: NetName=GND Pin=Q1_4-1
Added Pin To Net: NetName=NetD1_4_1 Pin=Q1_4-2
Added Pin To Net: NetName=NetQ1_4_3 Pin=Q1_4-3
Added Pin To Net: NetName=NetQ2_1_1 Pin=Q2_1-1
Added Pin To Net: NetName=NetCN2_1_1 Pin=Q2_1-2
Added Pin To Net: NetName=NetCN2_1_1 Pin=Q2_1-2
Added Pin To Net: NetName=GND Pin=Q2_1-3
Added Pin To Net: NetName=NetQ2_2_1 Pin=Q2_2-1
Added Pin To Net: NetName=NetCN2_2_1 Pin=Q2_2-2
Added Pin To Net: NetName=NetCN2_2_1 Pin=Q2_2-2
Added Pin To Net: NetName=GND Pin=Q2_2-3
Added Pin To Net: NetName=NetQ2_3_1 Pin=Q2_3-1
Added Pin To Net: NetName=NetCN2_3_1 Pin=Q2_3-2
Added Pin To Net: NetName=NetCN2_3_1 Pin=Q2_3-2
Added Pin To Net: NetName=GND Pin=Q2_3-3
Added Pin To Net: NetName=NetQ2_4_1 Pin=Q2_4-1
Added Pin To Net: NetName=NetCN2_4_1 Pin=Q2_4-2
Added Pin To Net: NetName=NetCN2_4_1 Pin=Q2_4-2
Added Pin To Net: NetName=GND Pin=Q2_4-3
Added Pin To Net: NetName=GND_MCU Pin=Q3-1
Added Pin To Net: NetName=NetQ3_2 Pin=Q3-2
Added Pin To Net: NetName=NetQ3_3 Pin=Q3-3
Added Pin To Net: NetName=GND Pin=Q4_1-1
Added Pin To Net: NetName=RELAY_EX1 Pin=Q4_1-2
Added Pin To Net: NetName=NetQ4_1_3 Pin=Q4_1-3
Added Pin To Net: NetName=GND Pin=Q4_2-1
Added Pin To Net: NetName=RELAY_EX2 Pin=Q4_2-2
Added Pin To Net: NetName=NetQ4_2_3 Pin=Q4_2-3
Added Pin To Net: NetName=GND Pin=Q4_3-1
Added Pin To Net: NetName=RELAY_EX3 Pin=Q4_3-2
Added Pin To Net: NetName=NetQ4_3_3 Pin=Q4_3-3
Added Pin To Net: NetName=GND Pin=Q4_4-1
Added Pin To Net: NetName=RELAY_EX4 Pin=Q4_4-2
Added Pin To Net: NetName=NetQ4_4_3 Pin=Q4_4-3
Added Pin To Net: NetName=GND Pin=Q4_5-1
Added Pin To Net: NetName=RELAY_EX5 Pin=Q4_5-2
Added Pin To Net: NetName=NetQ4_5_3 Pin=Q4_5-3
Added Pin To Net: NetName=GND Pin=Q4_6-1
Added Pin To Net: NetName=RELAY_EX6 Pin=Q4_6-2
Added Pin To Net: NetName=NetQ4_6_3 Pin=Q4_6-3
Added Pin To Net: NetName=GND Pin=Q4_7-1
Added Pin To Net: NetName=RELAY_EX7 Pin=Q4_7-2
Added Pin To Net: NetName=NetQ4_7_3 Pin=Q4_7-3
Added Pin To Net: NetName=GND Pin=Q4_8-1
Added Pin To Net: NetName=RELAY_EX8 Pin=Q4_8-2
Added Pin To Net: NetName=NetQ4_8_3 Pin=Q4_8-3
Added Pin To Net: NetName=GND Pin=Q4_9-1
Added Pin To Net: NetName=RELAY_EX9 Pin=Q4_9-2
Added Pin To Net: NetName=NetQ4_9_3 Pin=Q4_9-3
Added Pin To Net: NetName=GND Pin=Q4_10-1
Added Pin To Net: NetName=RELAY_EX10 Pin=Q4_10-2
Added Pin To Net: NetName=NetQ4_10_3 Pin=Q4_10-3
Added Pin To Net: NetName=GND Pin=Q4_11-1
Added Pin To Net: NetName=RELAY_EX11 Pin=Q4_11-2
Added Pin To Net: NetName=NetQ4_11_3 Pin=Q4_11-3
Added Pin To Net: NetName=GND Pin=Q4_12-1
Added Pin To Net: NetName=RELAY_EX12 Pin=Q4_12-2
Added Pin To Net: NetName=NetQ4_12_3 Pin=Q4_12-3
Added Pin To Net: NetName=GND Pin=Q4_13-1
Added Pin To Net: NetName=RELAY_EX13 Pin=Q4_13-2
Added Pin To Net: NetName=NetQ4_13_3 Pin=Q4_13-3
Added Pin To Net: NetName=GND Pin=Q4_14-1
Added Pin To Net: NetName=RELAY_EX14 Pin=Q4_14-2
Added Pin To Net: NetName=NetQ4_14_3 Pin=Q4_14-3
Added Pin To Net: NetName=GND Pin=Q4_15-1
Added Pin To Net: NetName=RELAY_EX15 Pin=Q4_15-2
Added Pin To Net: NetName=NetQ4_15_3 Pin=Q4_15-3
Added Pin To Net: NetName=GND Pin=Q4_16-1
Added Pin To Net: NetName=RELAY_EX16 Pin=Q4_16-2
Added Pin To Net: NetName=NetQ4_16_3 Pin=Q4_16-3
Added Pin To Net: NetName=GND Pin=Q4_17-1
Added Pin To Net: NetName=RELAY_EX17 Pin=Q4_17-2
Added Pin To Net: NetName=NetQ4_17_3 Pin=Q4_17-3
Added Pin To Net: NetName=GND Pin=Q4_18-1
Added Pin To Net: NetName=RELAY_EX18 Pin=Q4_18-2
Added Pin To Net: NetName=NetQ4_18_3 Pin=Q4_18-3
Added Pin To Net: NetName=GND Pin=Q4_19-1
Added Pin To Net: NetName=RELAY_EX19 Pin=Q4_19-2
Added Pin To Net: NetName=NetQ4_19_3 Pin=Q4_19-3
Added Pin To Net: NetName=GND Pin=Q4_20-1
Added Pin To Net: NetName=RELAY_EX20 Pin=Q4_20-2
Added Pin To Net: NetName=NetQ4_20_3 Pin=Q4_20-3
Added Pin To Net: NetName=GND Pin=Q4_21-1
Added Pin To Net: NetName=RELAY_EX21 Pin=Q4_21-2
Added Pin To Net: NetName=NetQ4_21_3 Pin=Q4_21-3
Added Pin To Net: NetName=GND Pin=Q4_22-1
Added Pin To Net: NetName=RELAY_EX22 Pin=Q4_22-2
Added Pin To Net: NetName=NetQ4_22_3 Pin=Q4_22-3
Added Pin To Net: NetName=GND Pin=Q4_23-1
Added Pin To Net: NetName=RELAY_EX23 Pin=Q4_23-2
Added Pin To Net: NetName=NetQ4_23_3 Pin=Q4_23-3
Added Pin To Net: NetName=GND Pin=Q4_24-1
Added Pin To Net: NetName=RELAY_EX24 Pin=Q4_24-2
Added Pin To Net: NetName=NetQ4_24_3 Pin=Q4_24-3
Added Pin To Net: NetName=NetQ5_1_1 Pin=Q5_1-1
Added Pin To Net: NetName=LED_EX1 Pin=Q5_1-2
Added Pin To Net: NetName=LED_EX1 Pin=Q5_1-2
Added Pin To Net: NetName=GND Pin=Q5_1-3
Added Pin To Net: NetName=NetQ5_2_1 Pin=Q5_2-1
Added Pin To Net: NetName=LED_EX2 Pin=Q5_2-2
Added Pin To Net: NetName=LED_EX2 Pin=Q5_2-2
Added Pin To Net: NetName=GND Pin=Q5_2-3
Added Pin To Net: NetName=NetQ5_3_1 Pin=Q5_3-1
Added Pin To Net: NetName=LED_EX3 Pin=Q5_3-2
Added Pin To Net: NetName=LED_EX3 Pin=Q5_3-2
Added Pin To Net: NetName=GND Pin=Q5_3-3
Added Pin To Net: NetName=NetQ5_4_1 Pin=Q5_4-1
Added Pin To Net: NetName=LED_EX4 Pin=Q5_4-2
Added Pin To Net: NetName=LED_EX4 Pin=Q5_4-2
Added Pin To Net: NetName=GND Pin=Q5_4-3
Added Pin To Net: NetName=NetQ5_5_1 Pin=Q5_5-1
Added Pin To Net: NetName=LED_EX5 Pin=Q5_5-2
Added Pin To Net: NetName=LED_EX5 Pin=Q5_5-2
Added Pin To Net: NetName=GND Pin=Q5_5-3
Added Pin To Net: NetName=NetQ5_6_1 Pin=Q5_6-1
Added Pin To Net: NetName=LED_EX6 Pin=Q5_6-2
Added Pin To Net: NetName=LED_EX6 Pin=Q5_6-2
Added Pin To Net: NetName=GND Pin=Q5_6-3
Added Pin To Net: NetName=NetQ5_7_1 Pin=Q5_7-1
Added Pin To Net: NetName=LED_EX7 Pin=Q5_7-2
Added Pin To Net: NetName=LED_EX7 Pin=Q5_7-2
Added Pin To Net: NetName=GND Pin=Q5_7-3
Added Pin To Net: NetName=NetQ5_8_1 Pin=Q5_8-1
Added Pin To Net: NetName=LED_EX8 Pin=Q5_8-2
Added Pin To Net: NetName=LED_EX8 Pin=Q5_8-2
Added Pin To Net: NetName=GND Pin=Q5_8-3
Added Pin To Net: NetName=NetQ5_9_1 Pin=Q5_9-1
Added Pin To Net: NetName=LED_EX9 Pin=Q5_9-2
Added Pin To Net: NetName=LED_EX9 Pin=Q5_9-2
Added Pin To Net: NetName=GND Pin=Q5_9-3
Added Pin To Net: NetName=NetQ5_10_1 Pin=Q5_10-1
Added Pin To Net: NetName=LED_EX10 Pin=Q5_10-2
Added Pin To Net: NetName=LED_EX10 Pin=Q5_10-2
Added Pin To Net: NetName=GND Pin=Q5_10-3
Added Pin To Net: NetName=NetQ5_11_1 Pin=Q5_11-1
Added Pin To Net: NetName=LED_EX11 Pin=Q5_11-2
Added Pin To Net: NetName=LED_EX11 Pin=Q5_11-2
Added Pin To Net: NetName=GND Pin=Q5_11-3
Added Pin To Net: NetName=NetQ5_12_1 Pin=Q5_12-1
Added Pin To Net: NetName=LED_EX12 Pin=Q5_12-2
Added Pin To Net: NetName=LED_EX12 Pin=Q5_12-2
Added Pin To Net: NetName=GND Pin=Q5_12-3
Added Pin To Net: NetName=NetQ5_13_1 Pin=Q5_13-1
Added Pin To Net: NetName=LED_EX13 Pin=Q5_13-2
Added Pin To Net: NetName=LED_EX13 Pin=Q5_13-2
Added Pin To Net: NetName=GND Pin=Q5_13-3
Added Pin To Net: NetName=NetQ5_14_1 Pin=Q5_14-1
Added Pin To Net: NetName=LED_EX14 Pin=Q5_14-2
Added Pin To Net: NetName=LED_EX14 Pin=Q5_14-2
Added Pin To Net: NetName=GND Pin=Q5_14-3
Added Pin To Net: NetName=NetQ5_15_1 Pin=Q5_15-1
Added Pin To Net: NetName=LED_EX15 Pin=Q5_15-2
Added Pin To Net: NetName=LED_EX15 Pin=Q5_15-2
Added Pin To Net: NetName=GND Pin=Q5_15-3
Added Pin To Net: NetName=NetQ5_16_1 Pin=Q5_16-1
Added Pin To Net: NetName=LED_EX16 Pin=Q5_16-2
Added Pin To Net: NetName=LED_EX16 Pin=Q5_16-2
Added Pin To Net: NetName=GND Pin=Q5_16-3
Added Pin To Net: NetName=NetQ5_17_1 Pin=Q5_17-1
Added Pin To Net: NetName=LED_EX17 Pin=Q5_17-2
Added Pin To Net: NetName=LED_EX17 Pin=Q5_17-2
Added Pin To Net: NetName=GND Pin=Q5_17-3
Added Pin To Net: NetName=NetQ5_18_1 Pin=Q5_18-1
Added Pin To Net: NetName=LED_EX18 Pin=Q5_18-2
Added Pin To Net: NetName=LED_EX18 Pin=Q5_18-2
Added Pin To Net: NetName=GND Pin=Q5_18-3
Added Pin To Net: NetName=NetQ5_19_1 Pin=Q5_19-1
Added Pin To Net: NetName=LED_EX19 Pin=Q5_19-2
Added Pin To Net: NetName=LED_EX19 Pin=Q5_19-2
Added Pin To Net: NetName=GND Pin=Q5_19-3
Added Pin To Net: NetName=NetQ5_20_1 Pin=Q5_20-1
Added Pin To Net: NetName=LED_EX20 Pin=Q5_20-2
Added Pin To Net: NetName=LED_EX20 Pin=Q5_20-2
Added Pin To Net: NetName=GND Pin=Q5_20-3
Added Pin To Net: NetName=NetQ5_21_1 Pin=Q5_21-1
Added Pin To Net: NetName=LED_EX21 Pin=Q5_21-2
Added Pin To Net: NetName=LED_EX21 Pin=Q5_21-2
Added Pin To Net: NetName=GND Pin=Q5_21-3
Added Pin To Net: NetName=NetQ5_22_1 Pin=Q5_22-1
Added Pin To Net: NetName=LED_EX22 Pin=Q5_22-2
Added Pin To Net: NetName=LED_EX22 Pin=Q5_22-2
Added Pin To Net: NetName=GND Pin=Q5_22-3
Added Pin To Net: NetName=NetQ5_23_1 Pin=Q5_23-1
Added Pin To Net: NetName=LED_EX23 Pin=Q5_23-2
Added Pin To Net: NetName=LED_EX23 Pin=Q5_23-2
Added Pin To Net: NetName=GND Pin=Q5_23-3
Added Pin To Net: NetName=NetQ5_24_1 Pin=Q5_24-1
Added Pin To Net: NetName=LED_EX24 Pin=Q5_24-2
Added Pin To Net: NetName=LED_EX24 Pin=Q5_24-2
Added Pin To Net: NetName=GND Pin=Q5_24-3
Added Pin To Net: NetName=+3V3 Pin=R1_1-1
Added Pin To Net: NetName=MCU_KEY1 Pin=R1_1-2
Added Pin To Net: NetName=+3V3 Pin=R1_2-1
Added Pin To Net: NetName=MCU_KEY2 Pin=R1_2-2
Added Pin To Net: NetName=+3V3 Pin=R1_3-1
Added Pin To Net: NetName=MCU_KEY3 Pin=R1_3-2
Added Pin To Net: NetName=NetLED1_1_2 Pin=R2_1-1
Added Pin To Net: NetName=NetD1_1_1 Pin=R2_1-2
Added Pin To Net: NetName=NetLED1_2_2 Pin=R2_2-1
Added Pin To Net: NetName=NetD1_2_1 Pin=R2_2-2
Added Pin To Net: NetName=NetLED1_3_2 Pin=R2_3-1
Added Pin To Net: NetName=NetD1_3_1 Pin=R2_3-2
Added Pin To Net: NetName=NetLED1_4_2 Pin=R2_4-1
Added Pin To Net: NetName=NetD1_4_1 Pin=R2_4-2
Added Pin To Net: NetName=MCU_RELAY1 Pin=R3_1-1
Added Pin To Net: NetName=NetQ1_1_3 Pin=R3_1-2
Added Pin To Net: NetName=MCU_RELAY2 Pin=R3_2-1
Added Pin To Net: NetName=NetQ1_2_3 Pin=R3_2-2
Added Pin To Net: NetName=MCU_RELAY3 Pin=R3_3-1
Added Pin To Net: NetName=NetQ1_3_3 Pin=R3_3-2
Added Pin To Net: NetName=MCU_RELAY4 Pin=R3_4-1
Added Pin To Net: NetName=NetQ1_4_3 Pin=R3_4-2
Added Pin To Net: NetName=GND Pin=R4_1-1
Added Pin To Net: NetName=NetQ1_1_3 Pin=R4_1-2
Added Pin To Net: NetName=GND Pin=R4_2-1
Added Pin To Net: NetName=NetQ1_2_3 Pin=R4_2-2
Added Pin To Net: NetName=GND Pin=R4_3-1
Added Pin To Net: NetName=NetQ1_3_3 Pin=R4_3-2
Added Pin To Net: NetName=GND Pin=R4_4-1
Added Pin To Net: NetName=NetQ1_4_3 Pin=R4_4-2
Added Pin To Net: NetName=MCU_LED1 Pin=R5_1-1
Added Pin To Net: NetName=NetQ2_1_1 Pin=R5_1-2
Added Pin To Net: NetName=MCU_LED2 Pin=R5_2-1
Added Pin To Net: NetName=NetQ2_2_1 Pin=R5_2-2
Added Pin To Net: NetName=MCU_LED3 Pin=R5_3-1
Added Pin To Net: NetName=NetQ2_3_1 Pin=R5_3-2
Added Pin To Net: NetName=MCU_LED4 Pin=R5_4-1
Added Pin To Net: NetName=NetQ2_4_1 Pin=R5_4-2
Added Pin To Net: NetName=GND Pin=R6_1-1
Added Pin To Net: NetName=NetQ2_1_1 Pin=R6_1-2
Added Pin To Net: NetName=GND Pin=R6_2-1
Added Pin To Net: NetName=NetQ2_2_1 Pin=R6_2-2
Added Pin To Net: NetName=GND Pin=R6_3-1
Added Pin To Net: NetName=NetQ2_3_1 Pin=R6_3-2
Added Pin To Net: NetName=GND Pin=R6_4-1
Added Pin To Net: NetName=NetQ2_4_1 Pin=R6_4-2
Added Pin To Net: NetName=+12 Pin=R7_1-1
Added Pin To Net: NetName=MCU_MAGNET1 Pin=R7_1-2
Added Pin To Net: NetName=+12 Pin=R7_2-1
Added Pin To Net: NetName=MCU_MAGNET2 Pin=R7_2-2
Added Pin To Net: NetName=+12 Pin=R7_3-1
Added Pin To Net: NetName=MCU_MAGNET3 Pin=R7_3-2
Added Pin To Net: NetName=+12 Pin=R7_4-1
Added Pin To Net: NetName=MCU_MAGNET4 Pin=R7_4-2
Added Pin To Net: NetName=NetCN3_1_2 Pin=R8_1-1
Added Pin To Net: NetName=MCU_MAGNET1 Pin=R8_1-2
Added Pin To Net: NetName=NetCN3_2_2 Pin=R8_2-1
Added Pin To Net: NetName=MCU_MAGNET2 Pin=R8_2-2
Added Pin To Net: NetName=NetCN3_3_2 Pin=R8_3-1
Added Pin To Net: NetName=MCU_MAGNET3 Pin=R8_3-2
Added Pin To Net: NetName=NetCN3_4_2 Pin=R8_4-1
Added Pin To Net: NetName=MCU_MAGNET4 Pin=R8_4-2
Added Pin To Net: NetName=MCU_SDA Pin=R9-1
Added Pin To Net: NetName=VCC_DS1307 Pin=R9-2
Added Pin To Net: NetName=MCU_SCL Pin=R10-1
Added Pin To Net: NetName=VCC_DS1307 Pin=R10-2
Added Pin To Net: NetName=MCU_SCL Pin=R11-1
Added Pin To Net: NetName=VCC_EEPROM Pin=R11-2
Added Pin To Net: NetName=MCU_SDA Pin=R12-1
Added Pin To Net: NetName=VCC_EEPROM Pin=R12-2
Added Pin To Net: NetName=NetLED2_2 Pin=R13-1
Added Pin To Net: NetName=ISD_LED Pin=R13-2
Added Pin To Net: NetName=NetC5_1 Pin=R14-1
Added Pin To Net: NetName=VCC_ISD Pin=R14-2
Added Pin To Net: NetName=NetC6_1 Pin=R15-1
Added Pin To Net: NetName=NetC5_1 Pin=R15-2
Added Pin To Net: NetName=GND_MCU Pin=R16-1
Added Pin To Net: NetName=NetR16_2 Pin=R16-2
Added Pin To Net: NetName=GND_MCU Pin=R17-1
Added Pin To Net: NetName=NetC7_1 Pin=R17-2
Added Pin To Net: NetName=NetQ3_3 Pin=R18-1
Added Pin To Net: NetName=TFT_LED_K1 Pin=R18-2
Added Pin To Net: NetName=NetQ3_3 Pin=R19-1
Added Pin To Net: NetName=TFT_LED_K2 Pin=R19-2
Added Pin To Net: NetName=TFT_IM2 Pin=R20-1
Added Pin To Net: NetName=VCC_TFT Pin=R20-2
Added Pin To Net: NetName=TFT_IM1 Pin=R21-1
Added Pin To Net: NetName=VCC_TFT Pin=R21-2
Added Pin To Net: NetName=TFT_IM0 Pin=R22-1
Added Pin To Net: NetName=VCC_TFT Pin=R22-2
Added Pin To Net: NetName=NetQ3_3 Pin=R23-1
Added Pin To Net: NetName=TFT_LED_K3 Pin=R23-2
Added Pin To Net: NetName=TFT_BLK Pin=R24-1
Added Pin To Net: NetName=NetQ3_2 Pin=R24-2
Added Pin To Net: NetName=GND_MCU Pin=R25-1
Added Pin To Net: NetName=NetQ3_2 Pin=R25-2
Added Pin To Net: NetName=GND_MCU Pin=R26-1
Added Pin To Net: NetName=TFT_IM1 Pin=R26-2
Added Pin To Net: NetName=GND_MCU Pin=R27-1
Added Pin To Net: NetName=TFT_IM0 Pin=R27-2
Added Pin To Net: NetName=MCU_NRST Pin=R28-1
Added Pin To Net: NetName=VCC_MCU Pin=R28-2
Added Pin To Net: NetName=VCC_MCU Pin=R29-1
Added Pin To Net: NetName=NetH2_1 Pin=R29-2
Added Pin To Net: NetName=+3V3 Pin=R30-1
Added Pin To Net: NetName=NetLED3_1 Pin=R30-2
Added Pin To Net: NetName=MCU_RELAY_EX1 Pin=R31_1-1
Added Pin To Net: NetName=NetQ4_1_3 Pin=R31_1-2
Added Pin To Net: NetName=MCU_RELAY_EX2 Pin=R31_2-1
Added Pin To Net: NetName=NetQ4_2_3 Pin=R31_2-2
Added Pin To Net: NetName=MCU_RELAY_EX3 Pin=R31_3-1
Added Pin To Net: NetName=NetQ4_3_3 Pin=R31_3-2
Added Pin To Net: NetName=MCU_RELAY_EX4 Pin=R31_4-1
Added Pin To Net: NetName=NetQ4_4_3 Pin=R31_4-2
Added Pin To Net: NetName=MCU_RELAY_EX5 Pin=R31_5-1
Added Pin To Net: NetName=NetQ4_5_3 Pin=R31_5-2
Added Pin To Net: NetName=MCU_RELAY_EX6 Pin=R31_6-1
Added Pin To Net: NetName=NetQ4_6_3 Pin=R31_6-2
Added Pin To Net: NetName=MCU_RELAY_EX7 Pin=R31_7-1
Added Pin To Net: NetName=NetQ4_7_3 Pin=R31_7-2
Added Pin To Net: NetName=MCU_RELAY_EX8 Pin=R31_8-1
Added Pin To Net: NetName=NetQ4_8_3 Pin=R31_8-2
Added Pin To Net: NetName=MCU_RELAY_EX9 Pin=R31_9-1
Added Pin To Net: NetName=NetQ4_9_3 Pin=R31_9-2
Added Pin To Net: NetName=MCU_RELAY_EX10 Pin=R31_10-1
Added Pin To Net: NetName=NetQ4_10_3 Pin=R31_10-2
Added Pin To Net: NetName=MCU_RELAY_EX11 Pin=R31_11-1
Added Pin To Net: NetName=NetQ4_11_3 Pin=R31_11-2
Added Pin To Net: NetName=MCU_RELAY_EX12 Pin=R31_12-1
Added Pin To Net: NetName=NetQ4_12_3 Pin=R31_12-2
Added Pin To Net: NetName=MCU_RELAY_EX13 Pin=R31_13-1
Added Pin To Net: NetName=NetQ4_13_3 Pin=R31_13-2
Added Pin To Net: NetName=MCU_RELAY_EX14 Pin=R31_14-1
Added Pin To Net: NetName=NetQ4_14_3 Pin=R31_14-2
Added Pin To Net: NetName=MCU_RELAY_EX15 Pin=R31_15-1
Added Pin To Net: NetName=NetQ4_15_3 Pin=R31_15-2
Added Pin To Net: NetName=MCU_RELAY_EX16 Pin=R31_16-1
Added Pin To Net: NetName=NetQ4_16_3 Pin=R31_16-2
Added Pin To Net: NetName=MCU_RELAY_EX17 Pin=R31_17-1
Added Pin To Net: NetName=NetQ4_17_3 Pin=R31_17-2
Added Pin To Net: NetName=MCU_RELAY_EX18 Pin=R31_18-1
Added Pin To Net: NetName=NetQ4_18_3 Pin=R31_18-2
Added Pin To Net: NetName=MCU_RELAY_EX19 Pin=R31_19-1
Added Pin To Net: NetName=NetQ4_19_3 Pin=R31_19-2
Added Pin To Net: NetName=MCU_RELAY_EX20 Pin=R31_20-1
Added Pin To Net: NetName=NetQ4_20_3 Pin=R31_20-2
Added Pin To Net: NetName=MCU_RELAY_EX21 Pin=R31_21-1
Added Pin To Net: NetName=NetQ4_21_3 Pin=R31_21-2
Added Pin To Net: NetName=MCU_RELAY_EX22 Pin=R31_22-1
Added Pin To Net: NetName=NetQ4_22_3 Pin=R31_22-2
Added Pin To Net: NetName=MCU_RELAY_EX23 Pin=R31_23-1
Added Pin To Net: NetName=NetQ4_23_3 Pin=R31_23-2
Added Pin To Net: NetName=MCU_RELAY_EX24 Pin=R31_24-1
Added Pin To Net: NetName=NetQ4_24_3 Pin=R31_24-2
Added Pin To Net: NetName=GND Pin=R32_1-1
Added Pin To Net: NetName=NetQ4_1_3 Pin=R32_1-2
Added Pin To Net: NetName=GND Pin=R32_2-1
Added Pin To Net: NetName=NetQ4_2_3 Pin=R32_2-2
Added Pin To Net: NetName=GND Pin=R32_3-1
Added Pin To Net: NetName=NetQ4_3_3 Pin=R32_3-2
Added Pin To Net: NetName=GND Pin=R32_4-1
Added Pin To Net: NetName=NetQ4_4_3 Pin=R32_4-2
Added Pin To Net: NetName=GND Pin=R32_5-1
Added Pin To Net: NetName=NetQ4_5_3 Pin=R32_5-2
Added Pin To Net: NetName=GND Pin=R32_6-1
Added Pin To Net: NetName=NetQ4_6_3 Pin=R32_6-2
Added Pin To Net: NetName=GND Pin=R32_7-1
Added Pin To Net: NetName=NetQ4_7_3 Pin=R32_7-2
Added Pin To Net: NetName=GND Pin=R32_8-1
Added Pin To Net: NetName=NetQ4_8_3 Pin=R32_8-2
Added Pin To Net: NetName=GND Pin=R32_9-1
Added Pin To Net: NetName=NetQ4_9_3 Pin=R32_9-2
Added Pin To Net: NetName=GND Pin=R32_10-1
Added Pin To Net: NetName=NetQ4_10_3 Pin=R32_10-2
Added Pin To Net: NetName=GND Pin=R32_11-1
Added Pin To Net: NetName=NetQ4_11_3 Pin=R32_11-2
Added Pin To Net: NetName=GND Pin=R32_12-1
Added Pin To Net: NetName=NetQ4_12_3 Pin=R32_12-2
Added Pin To Net: NetName=GND Pin=R32_13-1
Added Pin To Net: NetName=NetQ4_13_3 Pin=R32_13-2
Added Pin To Net: NetName=GND Pin=R32_14-1
Added Pin To Net: NetName=NetQ4_14_3 Pin=R32_14-2
Added Pin To Net: NetName=GND Pin=R32_15-1
Added Pin To Net: NetName=NetQ4_15_3 Pin=R32_15-2
Added Pin To Net: NetName=GND Pin=R32_16-1
Added Pin To Net: NetName=NetQ4_16_3 Pin=R32_16-2
Added Pin To Net: NetName=GND Pin=R32_17-1
Added Pin To Net: NetName=NetQ4_17_3 Pin=R32_17-2
Added Pin To Net: NetName=GND Pin=R32_18-1
Added Pin To Net: NetName=NetQ4_18_3 Pin=R32_18-2
Added Pin To Net: NetName=GND Pin=R32_19-1
Added Pin To Net: NetName=NetQ4_19_3 Pin=R32_19-2
Added Pin To Net: NetName=GND Pin=R32_20-1
Added Pin To Net: NetName=NetQ4_20_3 Pin=R32_20-2
Added Pin To Net: NetName=GND Pin=R32_21-1
Added Pin To Net: NetName=NetQ4_21_3 Pin=R32_21-2
Added Pin To Net: NetName=GND Pin=R32_22-1
Added Pin To Net: NetName=NetQ4_22_3 Pin=R32_22-2
Added Pin To Net: NetName=GND Pin=R32_23-1
Added Pin To Net: NetName=NetQ4_23_3 Pin=R32_23-2
Added Pin To Net: NetName=GND Pin=R32_24-1
Added Pin To Net: NetName=NetQ4_24_3 Pin=R32_24-2
Added Pin To Net: NetName=MCU_LED_EX1 Pin=R33_1-1
Added Pin To Net: NetName=NetQ5_1_1 Pin=R33_1-2
Added Pin To Net: NetName=MCU_LED_EX2 Pin=R33_2-1
Added Pin To Net: NetName=NetQ5_2_1 Pin=R33_2-2
Added Pin To Net: NetName=MCU_LED_EX3 Pin=R33_3-1
Added Pin To Net: NetName=NetQ5_3_1 Pin=R33_3-2
Added Pin To Net: NetName=MCU_LED_EX4 Pin=R33_4-1
Added Pin To Net: NetName=NetQ5_4_1 Pin=R33_4-2
Added Pin To Net: NetName=MCU_LED_EX5 Pin=R33_5-1
Added Pin To Net: NetName=NetQ5_5_1 Pin=R33_5-2
Added Pin To Net: NetName=MCU_LED_EX6 Pin=R33_6-1
Added Pin To Net: NetName=NetQ5_6_1 Pin=R33_6-2
Added Pin To Net: NetName=MCU_LED_EX7 Pin=R33_7-1
Added Pin To Net: NetName=NetQ5_7_1 Pin=R33_7-2
Added Pin To Net: NetName=MCU_LED_EX8 Pin=R33_8-1
Added Pin To Net: NetName=NetQ5_8_1 Pin=R33_8-2
Added Pin To Net: NetName=MCU_LED_EX9 Pin=R33_9-1
Added Pin To Net: NetName=NetQ5_9_1 Pin=R33_9-2
Added Pin To Net: NetName=MCU_LED_EX10 Pin=R33_10-1
Added Pin To Net: NetName=NetQ5_10_1 Pin=R33_10-2
Added Pin To Net: NetName=MCU_LED_EX11 Pin=R33_11-1
Added Pin To Net: NetName=NetQ5_11_1 Pin=R33_11-2
Added Pin To Net: NetName=MCU_LED_EX12 Pin=R33_12-1
Added Pin To Net: NetName=NetQ5_12_1 Pin=R33_12-2
Added Pin To Net: NetName=MCU_LED_EX13 Pin=R33_13-1
Added Pin To Net: NetName=NetQ5_13_1 Pin=R33_13-2
Added Pin To Net: NetName=MCU_LED_EX14 Pin=R33_14-1
Added Pin To Net: NetName=NetQ5_14_1 Pin=R33_14-2
Added Pin To Net: NetName=MCU_LED_EX15 Pin=R33_15-1
Added Pin To Net: NetName=NetQ5_15_1 Pin=R33_15-2
Added Pin To Net: NetName=MCU_LED_EX16 Pin=R33_16-1
Added Pin To Net: NetName=NetQ5_16_1 Pin=R33_16-2
Added Pin To Net: NetName=MCU_LED_EX17 Pin=R33_17-1
Added Pin To Net: NetName=NetQ5_17_1 Pin=R33_17-2
Added Pin To Net: NetName=MCU_LED_EX18 Pin=R33_18-1
Added Pin To Net: NetName=NetQ5_18_1 Pin=R33_18-2
Added Pin To Net: NetName=MCU_LED_EX19 Pin=R33_19-1
Added Pin To Net: NetName=NetQ5_19_1 Pin=R33_19-2
Added Pin To Net: NetName=MCU_LED_EX20 Pin=R33_20-1
Added Pin To Net: NetName=NetQ5_20_1 Pin=R33_20-2
Added Pin To Net: NetName=MCU_LED_EX21 Pin=R33_21-1
Added Pin To Net: NetName=NetQ5_21_1 Pin=R33_21-2
Added Pin To Net: NetName=MCU_LED_EX22 Pin=R33_22-1
Added Pin To Net: NetName=NetQ5_22_1 Pin=R33_22-2
Added Pin To Net: NetName=MCU_LED_EX23 Pin=R33_23-1
Added Pin To Net: NetName=NetQ5_23_1 Pin=R33_23-2
Added Pin To Net: NetName=MCU_LED_EX24 Pin=R33_24-1
Added Pin To Net: NetName=NetQ5_24_1 Pin=R33_24-2
Added Pin To Net: NetName=GND Pin=R34_1-1
Added Pin To Net: NetName=NetQ5_1_1 Pin=R34_1-2
Added Pin To Net: NetName=GND Pin=R34_2-1
Added Pin To Net: NetName=NetQ5_2_1 Pin=R34_2-2
Added Pin To Net: NetName=GND Pin=R34_3-1
Added Pin To Net: NetName=NetQ5_3_1 Pin=R34_3-2
Added Pin To Net: NetName=GND Pin=R34_4-1
Added Pin To Net: NetName=NetQ5_4_1 Pin=R34_4-2
Added Pin To Net: NetName=GND Pin=R34_5-1
Added Pin To Net: NetName=NetQ5_5_1 Pin=R34_5-2
Added Pin To Net: NetName=GND Pin=R34_6-1
Added Pin To Net: NetName=NetQ5_6_1 Pin=R34_6-2
Added Pin To Net: NetName=GND Pin=R34_7-1
Added Pin To Net: NetName=NetQ5_7_1 Pin=R34_7-2
Added Pin To Net: NetName=GND Pin=R34_8-1
Added Pin To Net: NetName=NetQ5_8_1 Pin=R34_8-2
Added Pin To Net: NetName=GND Pin=R34_9-1
Added Pin To Net: NetName=NetQ5_9_1 Pin=R34_9-2
Added Pin To Net: NetName=GND Pin=R34_10-1
Added Pin To Net: NetName=NetQ5_10_1 Pin=R34_10-2
Added Pin To Net: NetName=GND Pin=R34_11-1
Added Pin To Net: NetName=NetQ5_11_1 Pin=R34_11-2
Added Pin To Net: NetName=GND Pin=R34_12-1
Added Pin To Net: NetName=NetQ5_12_1 Pin=R34_12-2
Added Pin To Net: NetName=GND Pin=R34_13-1
Added Pin To Net: NetName=NetQ5_13_1 Pin=R34_13-2
Added Pin To Net: NetName=GND Pin=R34_14-1
Added Pin To Net: NetName=NetQ5_14_1 Pin=R34_14-2
Added Pin To Net: NetName=GND Pin=R34_15-1
Added Pin To Net: NetName=NetQ5_15_1 Pin=R34_15-2
Added Pin To Net: NetName=GND Pin=R34_16-1
Added Pin To Net: NetName=NetQ5_16_1 Pin=R34_16-2
Added Pin To Net: NetName=GND Pin=R34_17-1
Added Pin To Net: NetName=NetQ5_17_1 Pin=R34_17-2
Added Pin To Net: NetName=GND Pin=R34_18-1
Added Pin To Net: NetName=NetQ5_18_1 Pin=R34_18-2
Added Pin To Net: NetName=GND Pin=R34_19-1
Added Pin To Net: NetName=NetQ5_19_1 Pin=R34_19-2
Added Pin To Net: NetName=GND Pin=R34_20-1
Added Pin To Net: NetName=NetQ5_20_1 Pin=R34_20-2
Added Pin To Net: NetName=GND Pin=R34_21-1
Added Pin To Net: NetName=NetQ5_21_1 Pin=R34_21-2
Added Pin To Net: NetName=GND Pin=R34_22-1
Added Pin To Net: NetName=NetQ5_22_1 Pin=R34_22-2
Added Pin To Net: NetName=GND Pin=R34_23-1
Added Pin To Net: NetName=NetQ5_23_1 Pin=R34_23-2
Added Pin To Net: NetName=GND Pin=R34_24-1
Added Pin To Net: NetName=NetQ5_24_1 Pin=R34_24-2
Added Pin To Net: NetName=+12 Pin=R35_1-1
Added Pin To Net: NetName=MCU_MAGNET_EX1 Pin=R35_1-2
Added Pin To Net: NetName=+12 Pin=R35_2-1
Added Pin To Net: NetName=MCU_MAGNET_EX2 Pin=R35_2-2
Added Pin To Net: NetName=+12 Pin=R35_3-1
Added Pin To Net: NetName=MCU_MAGNET_EX3 Pin=R35_3-2
Added Pin To Net: NetName=+12 Pin=R35_4-1
Added Pin To Net: NetName=MCU_MAGNET_EX4 Pin=R35_4-2
Added Pin To Net: NetName=+12 Pin=R35_5-1
Added Pin To Net: NetName=MCU_MAGNET_EX5 Pin=R35_5-2
Added Pin To Net: NetName=+12 Pin=R35_6-1
Added Pin To Net: NetName=MCU_MAGNET_EX6 Pin=R35_6-2
Added Pin To Net: NetName=+12 Pin=R35_7-1
Added Pin To Net: NetName=MCU_MAGNET_EX7 Pin=R35_7-2
Added Pin To Net: NetName=+12 Pin=R35_8-1
Added Pin To Net: NetName=MCU_MAGNET_EX8 Pin=R35_8-2
Added Pin To Net: NetName=+12 Pin=R35_9-1
Added Pin To Net: NetName=MCU_MAGNET_EX9 Pin=R35_9-2
Added Pin To Net: NetName=+12 Pin=R35_10-1
Added Pin To Net: NetName=MCU_MAGNET_EX10 Pin=R35_10-2
Added Pin To Net: NetName=+12 Pin=R35_11-1
Added Pin To Net: NetName=MCU_MAGNET_EX11 Pin=R35_11-2
Added Pin To Net: NetName=+12 Pin=R35_12-1
Added Pin To Net: NetName=MCU_MAGNET_EX12 Pin=R35_12-2
Added Pin To Net: NetName=+12 Pin=R35_13-1
Added Pin To Net: NetName=MCU_MAGNET_EX13 Pin=R35_13-2
Added Pin To Net: NetName=+12 Pin=R35_14-1
Added Pin To Net: NetName=MCU_MAGNET_EX14 Pin=R35_14-2
Added Pin To Net: NetName=+12 Pin=R35_15-1
Added Pin To Net: NetName=MCU_MAGNET_EX15 Pin=R35_15-2
Added Pin To Net: NetName=+12 Pin=R35_16-1
Added Pin To Net: NetName=MCU_MAGNET_EX16 Pin=R35_16-2
Added Pin To Net: NetName=+12 Pin=R35_17-1
Added Pin To Net: NetName=MCU_MAGNET_EX17 Pin=R35_17-2
Added Pin To Net: NetName=+12 Pin=R35_18-1
Added Pin To Net: NetName=MCU_MAGNET_EX18 Pin=R35_18-2
Added Pin To Net: NetName=+12 Pin=R35_19-1
Added Pin To Net: NetName=MCU_MAGNET_EX19 Pin=R35_19-2
Added Pin To Net: NetName=+12 Pin=R35_20-1
Added Pin To Net: NetName=MCU_MAGNET_EX20 Pin=R35_20-2
Added Pin To Net: NetName=+12 Pin=R35_21-1
Added Pin To Net: NetName=MCU_MAGNET_EX21 Pin=R35_21-2
Added Pin To Net: NetName=+12 Pin=R35_22-1
Added Pin To Net: NetName=MCU_MAGNET_EX22 Pin=R35_22-2
Added Pin To Net: NetName=+12 Pin=R35_23-1
Added Pin To Net: NetName=MCU_MAGNET_EX23 Pin=R35_23-2
Added Pin To Net: NetName=+12 Pin=R35_24-1
Added Pin To Net: NetName=MCU_MAGNET_EX24 Pin=R35_24-2
Added Pin To Net: NetName=MAGNET_EX1 Pin=R36_1-1
Added Pin To Net: NetName=MCU_MAGNET_EX1 Pin=R36_1-2
Added Pin To Net: NetName=MAGNET_EX2 Pin=R36_2-1
Added Pin To Net: NetName=MCU_MAGNET_EX2 Pin=R36_2-2
Added Pin To Net: NetName=MAGNET_EX3 Pin=R36_3-1
Added Pin To Net: NetName=MCU_MAGNET_EX3 Pin=R36_3-2
Added Pin To Net: NetName=MAGNET_EX4 Pin=R36_4-1
Added Pin To Net: NetName=MCU_MAGNET_EX4 Pin=R36_4-2
Added Pin To Net: NetName=MAGNET_EX5 Pin=R36_5-1
Added Pin To Net: NetName=MCU_MAGNET_EX5 Pin=R36_5-2
Added Pin To Net: NetName=MAGNET_EX6 Pin=R36_6-1
Added Pin To Net: NetName=MCU_MAGNET_EX6 Pin=R36_6-2
Added Pin To Net: NetName=MAGNET_EX7 Pin=R36_7-1
Added Pin To Net: NetName=MCU_MAGNET_EX7 Pin=R36_7-2
Added Pin To Net: NetName=MAGNET_EX8 Pin=R36_8-1
Added Pin To Net: NetName=MCU_MAGNET_EX8 Pin=R36_8-2
Added Pin To Net: NetName=MAGNET_EX9 Pin=R36_9-1
Added Pin To Net: NetName=MCU_MAGNET_EX9 Pin=R36_9-2
Added Pin To Net: NetName=MAGNET_EX10 Pin=R36_10-1
Added Pin To Net: NetName=MCU_MAGNET_EX10 Pin=R36_10-2
Added Pin To Net: NetName=MAGNET_EX11 Pin=R36_11-1
Added Pin To Net: NetName=MCU_MAGNET_EX11 Pin=R36_11-2
Added Pin To Net: NetName=MAGNET_EX12 Pin=R36_12-1
Added Pin To Net: NetName=MCU_MAGNET_EX12 Pin=R36_12-2
Added Pin To Net: NetName=MAGNET_EX13 Pin=R36_13-1
Added Pin To Net: NetName=MCU_MAGNET_EX13 Pin=R36_13-2
Added Pin To Net: NetName=MAGNET_EX14 Pin=R36_14-1
Added Pin To Net: NetName=MCU_MAGNET_EX14 Pin=R36_14-2
Added Pin To Net: NetName=MAGNET_EX15 Pin=R36_15-1
Added Pin To Net: NetName=MCU_MAGNET_EX15 Pin=R36_15-2
Added Pin To Net: NetName=MAGNET_EX16 Pin=R36_16-1
Added Pin To Net: NetName=MCU_MAGNET_EX16 Pin=R36_16-2
Added Pin To Net: NetName=MAGNET_EX17 Pin=R36_17-1
Added Pin To Net: NetName=MCU_MAGNET_EX17 Pin=R36_17-2
Added Pin To Net: NetName=MAGNET_EX18 Pin=R36_18-1
Added Pin To Net: NetName=MCU_MAGNET_EX18 Pin=R36_18-2
Added Pin To Net: NetName=MAGNET_EX19 Pin=R36_19-1
Added Pin To Net: NetName=MCU_MAGNET_EX19 Pin=R36_19-2
Added Pin To Net: NetName=MAGNET_EX20 Pin=R36_20-1
Added Pin To Net: NetName=MCU_MAGNET_EX20 Pin=R36_20-2
Added Pin To Net: NetName=MAGNET_EX21 Pin=R36_21-1
Added Pin To Net: NetName=MCU_MAGNET_EX21 Pin=R36_21-2
Added Pin To Net: NetName=MAGNET_EX22 Pin=R36_22-1
Added Pin To Net: NetName=MCU_MAGNET_EX22 Pin=R36_22-2
Added Pin To Net: NetName=MAGNET_EX23 Pin=R36_23-1
Added Pin To Net: NetName=MCU_MAGNET_EX23 Pin=R36_23-2
Added Pin To Net: NetName=MAGNET_EX24 Pin=R36_24-1
Added Pin To Net: NetName=MCU_MAGNET_EX24 Pin=R36_24-2
Added Pin To Net: NetName=+12 Pin=RL1_1-1
Added Pin To Net: NetName=NetCN1_1_1 Pin=RL1_1-3
Added Pin To Net: NetName=+12 Pin=RL1_1-4
Added Pin To Net: NetName=NetD1_1_1 Pin=RL1_1-5
Added Pin To Net: NetName=+12 Pin=RL1_2-1
Added Pin To Net: NetName=NetCN1_2_1 Pin=RL1_2-3
Added Pin To Net: NetName=+12 Pin=RL1_2-4
Added Pin To Net: NetName=NetD1_2_1 Pin=RL1_2-5
Added Pin To Net: NetName=+12 Pin=RL1_3-1
Added Pin To Net: NetName=NetCN1_3_1 Pin=RL1_3-3
Added Pin To Net: NetName=+12 Pin=RL1_3-4
Added Pin To Net: NetName=NetD1_3_1 Pin=RL1_3-5
Added Pin To Net: NetName=+12 Pin=RL1_4-1
Added Pin To Net: NetName=NetCN1_4_1 Pin=RL1_4-3
Added Pin To Net: NetName=+12 Pin=RL1_4-4
Added Pin To Net: NetName=NetD1_4_1 Pin=RL1_4-5
Added Pin To Net: NetName=GND_MCU Pin=S1_1-1
Added Pin To Net: NetName=MCU_KEY1 Pin=S1_1-2
Added Pin To Net: NetName=GND_MCU Pin=S1_2-1
Added Pin To Net: NetName=MCU_KEY2 Pin=S1_2-2
Added Pin To Net: NetName=GND_MCU Pin=S1_3-1
Added Pin To Net: NetName=MCU_KEY3 Pin=S1_3-2
Added Pin To Net: NetName=GND_MCU Pin=S2-1
Added Pin To Net: NetName=MCU_NRST Pin=S2-2
Added Pin To Net: NetName=NetU1_1 Pin=U1-1
Added Pin To Net: NetName=NetU1_2 Pin=U1-2
Added Pin To Net: NetName=NetBAT1_1 Pin=U1-3
Added Pin To Net: NetName=GND_MCU Pin=U1-4
Added Pin To Net: NetName=MCU_SDA Pin=U1-5
Added Pin To Net: NetName=MCU_SCL Pin=U1-6
Added Pin To Net: NetName=VCC_DS1307 Pin=U1-8
Added Pin To Net: NetName=GND_MCU Pin=U2-1
Added Pin To Net: NetName=GND_MCU Pin=U2-2
Added Pin To Net: NetName=GND_MCU Pin=U2-3
Added Pin To Net: NetName=GND_MCU Pin=U2-4
Added Pin To Net: NetName=MCU_SDA Pin=U2-5
Added Pin To Net: NetName=MCU_SCL Pin=U2-6
Added Pin To Net: NetName=GND_MCU Pin=U2-7
Added Pin To Net: NetName=VCC_EEPROM Pin=U2-8
Added Pin To Net: NetName=VCC_ISD Pin=U3-1
Added Pin To Net: NetName=ISD_LED Pin=U3-2
Added Pin To Net: NetName=ISD_MISO Pin=U3-4
Added Pin To Net: NetName=ISD_MOSI Pin=U3-5
Added Pin To Net: NetName=ISD_SCK Pin=U3-6
Added Pin To Net: NetName=ISD_SS Pin=U3-7
Added Pin To Net: NetName=GND_MCU Pin=U3-8
Added Pin To Net: NetName=ISD_MIC_P Pin=U3-10
Added Pin To Net: NetName=ISD_MIC_N Pin=U3-11
Added Pin To Net: NetName=GND_MCU Pin=U3-12
Added Pin To Net: NetName=SPK_N Pin=U3-13
Added Pin To Net: NetName=VCC_ISD Pin=U3-14
Added Pin To Net: NetName=SPK_P Pin=U3-15
Added Pin To Net: NetName=GND_MCU Pin=U3-16
Added Pin To Net: NetName=NetC8_1 Pin=U3-18
Added Pin To Net: NetName=NetR16_2 Pin=U3-20
Added Pin To Net: NetName=VCC_ISD Pin=U3-21
Added Pin To Net: NetName=GND_MCU Pin=U3-28
Added Pin To Net: NetName=MCU_RELAY1 Pin=U4-1
Added Pin To Net: NetName=MCU_LED1 Pin=U4-2
Added Pin To Net: NetName=MCU_MAGNET1 Pin=U4-3
Added Pin To Net: NetName=MCU_RELAY2 Pin=U4-4
Added Pin To Net: NetName=MCU_LED2 Pin=U4-5
Added Pin To Net: NetName=VCC_MCU Pin=U4-6
Added Pin To Net: NetName=MCU_MAGNET2 Pin=U4-7
Added Pin To Net: NetName=MCU_RELAY3 Pin=U4-8
Added Pin To Net: NetName=MCU_LED3 Pin=U4-9
Added Pin To Net: NetName=MCU_MAGNET3 Pin=U4-10
Added Pin To Net: NetName=MCU_RELAY4 Pin=U4-11
Added Pin To Net: NetName=MCU_LED4 Pin=U4-12
Added Pin To Net: NetName=MCU_MAGNET4 Pin=U4-13
Added Pin To Net: NetName=MCU_RELAY_EX5 Pin=U4-14
Added Pin To Net: NetName=MCU_LED_EX5 Pin=U4-15
Added Pin To Net: NetName=GND_MCU Pin=U4-16
Added Pin To Net: NetName=VCC_MCU Pin=U4-17
Added Pin To Net: NetName=MCU_MAGNET_EX5 Pin=U4-18
Added Pin To Net: NetName=MCU_RELAY_EX6 Pin=U4-19
Added Pin To Net: NetName=MCU_LED_EX6 Pin=U4-20
Added Pin To Net: NetName=MCU_MAGNET_EX6 Pin=U4-21
Added Pin To Net: NetName=MCU_RELAY_EX7 Pin=U4-22
Added Pin To Net: NetName=MCU_OCS_N Pin=U4-23
Added Pin To Net: NetName=MCU_OCS_P Pin=U4-24
Added Pin To Net: NetName=MCU_NRST Pin=U4-25
Added Pin To Net: NetName=MCU_LED_EX7 Pin=U4-26
Added Pin To Net: NetName=MCU_MAGNET_EX7 Pin=U4-27
Added Pin To Net: NetName=MCU_RELAY_EX8 Pin=U4-28
Added Pin To Net: NetName=MCU_LED_EX8 Pin=U4-29
Added Pin To Net: NetName=VCC_MCU Pin=U4-30
Added Pin To Net: NetName=GND_MCU Pin=U4-31
Added Pin To Net: NetName=VCC_MCU Pin=U4-32
Added Pin To Net: NetName=VCC_MCU Pin=U4-33
Added Pin To Net: NetName=MCU_MAGNET_EX8 Pin=U4-34
Added Pin To Net: NetName=MCU_RELAY_EX9 Pin=U4-35
Added Pin To Net: NetName=MCU_LED_EX9 Pin=U4-36
Added Pin To Net: NetName=MCU_MAGNET_EX9 Pin=U4-37
Added Pin To Net: NetName=GND_MCU Pin=U4-38
Added Pin To Net: NetName=VCC_MCU Pin=U4-39
Added Pin To Net: NetName=MCU_RELAY_EX10 Pin=U4-40
Added Pin To Net: NetName=TFT_CLK Pin=U4-41
Added Pin To Net: NetName=TFT_MISO Pin=U4-42
Added Pin To Net: NetName=TFT_MOSI Pin=U4-43
Added Pin To Net: NetName=TFT_CS Pin=U4-44
Added Pin To Net: NetName=TFT_DC Pin=U4-45
Added Pin To Net: NetName=TFT_RES Pin=U4-46
Added Pin To Net: NetName=TFT_BLK Pin=U4-47
Added Pin To Net: NetName=MCU_LED_EX10 Pin=U4-48
Added Pin To Net: NetName=MCU_MAGNET_EX10 Pin=U4-49
Added Pin To Net: NetName=MCU_RELAY_EX11 Pin=U4-50
Added Pin To Net: NetName=GND_MCU Pin=U4-51
Added Pin To Net: NetName=VCC_MCU Pin=U4-52
Added Pin To Net: NetName=MCU_LED_EX11 Pin=U4-53
Added Pin To Net: NetName=MCU_MAGNET_EX11 Pin=U4-54
Added Pin To Net: NetName=MCU_RELAY_EX12 Pin=U4-55
Added Pin To Net: NetName=MCU_LED_EX12 Pin=U4-56
Added Pin To Net: NetName=MCU_MAGNET_EX12 Pin=U4-57
Added Pin To Net: NetName=MCU_RELAY_EX13 Pin=U4-58
Added Pin To Net: NetName=MCU_LED_EX13 Pin=U4-59
Added Pin To Net: NetName=MCU_MAGNET_EX13 Pin=U4-60
Added Pin To Net: NetName=GND_MCU Pin=U4-61
Added Pin To Net: NetName=VCC_MCU Pin=U4-62
Added Pin To Net: NetName=MCU_RELAY_EX14 Pin=U4-63
Added Pin To Net: NetName=MCU_LED_EX14 Pin=U4-64
Added Pin To Net: NetName=MCU_MAGNET_EX14 Pin=U4-65
Added Pin To Net: NetName=MCU_RELAY_EX15 Pin=U4-66
Added Pin To Net: NetName=MCU_LED_EX15 Pin=U4-67
Added Pin To Net: NetName=MCU_MAGNET_EX15 Pin=U4-68
Added Pin To Net: NetName=MCU_RELAY_EX16 Pin=U4-69
Added Pin To Net: NetName=MCU_LED_EX16 Pin=U4-70
Added Pin To Net: NetName=V_CAP_1 Pin=U4-71
Added Pin To Net: NetName=VCC_MCU Pin=U4-72
Added Pin To Net: NetName=ISD_SS Pin=U4-73
Added Pin To Net: NetName=ISD_SCK Pin=U4-74
Added Pin To Net: NetName=ISD_MISO Pin=U4-75
Added Pin To Net: NetName=ISD_MOSI Pin=U4-76
Added Pin To Net: NetName=MCU_MAGNET_EX16 Pin=U4-77
Added Pin To Net: NetName=MCU_RELAY_EX17 Pin=U4-78
Added Pin To Net: NetName=MCU_LED_EX17 Pin=U4-79
Added Pin To Net: NetName=MCU_MAGNET_EX17 Pin=U4-80
Added Pin To Net: NetName=MCU_RELAY_EX18 Pin=U4-81
Added Pin To Net: NetName=MCU_LED_EX18 Pin=U4-82
Added Pin To Net: NetName=GND_MCU Pin=U4-83
Added Pin To Net: NetName=VCC_MCU Pin=U4-84
Added Pin To Net: NetName=MCU_MAGNET_EX18 Pin=U4-85
Added Pin To Net: NetName=MCU_RELAY_EX19 Pin=U4-86
Added Pin To Net: NetName=MCU_LED_EX19 Pin=U4-87
Added Pin To Net: NetName=MCU_MAGNET_EX19 Pin=U4-88
Added Pin To Net: NetName=MCU_RELAY_EX20 Pin=U4-89
Added Pin To Net: NetName=MCU_LED_EX20 Pin=U4-90
Added Pin To Net: NetName=MCU_MAGNET_EX20 Pin=U4-91
Added Pin To Net: NetName=MCU_RELAY_EX21 Pin=U4-92
Added Pin To Net: NetName=MCU_LED_EX21 Pin=U4-93
Added Pin To Net: NetName=GND_MCU Pin=U4-94
Added Pin To Net: NetName=VCC_MCU Pin=U4-95
Added Pin To Net: NetName=MCU_MAGNET_EX21 Pin=U4-96
Added Pin To Net: NetName=MCU_RELAY_EX22 Pin=U4-97
Added Pin To Net: NetName=MCU_LED_EX22 Pin=U4-98
Added Pin To Net: NetName=MCU_MAGNET_EX22 Pin=U4-99
Added Pin To Net: NetName=MCU_RELAY_EX23 Pin=U4-100
Added Pin To Net: NetName=MCU_TXD Pin=U4-101
Added Pin To Net: NetName=MCU_RXD Pin=U4-102
Added Pin To Net: NetName=MCU_LED_EX23 Pin=U4-103
Added Pin To Net: NetName=MCU_MAGNET_EX23 Pin=U4-104
Added Pin To Net: NetName=MCU_SWDIO Pin=U4-105
Added Pin To Net: NetName=V_CAP_2 Pin=U4-106
Added Pin To Net: NetName=GND_MCU Pin=U4-107
Added Pin To Net: NetName=VCC_MCU Pin=U4-108
Added Pin To Net: NetName=MCU_SWCLK Pin=U4-109
Added Pin To Net: NetName=MCU_RELAY_EX24 Pin=U4-110
Added Pin To Net: NetName=MCU_LED_EX24 Pin=U4-111
Added Pin To Net: NetName=MCU_MAGNET_EX24 Pin=U4-112
Added Pin To Net: NetName=MCU_RELAY_EX25 Pin=U4-113
Added Pin To Net: NetName=MCU_LED_EX25 Pin=U4-114
Added Pin To Net: NetName=MCU_MAGNET_EX25 Pin=U4-115
Added Pin To Net: NetName=MCU_RELAY_EX26 Pin=U4-116
Added Pin To Net: NetName=MCU_LED_EX26 Pin=U4-117
Added Pin To Net: NetName=MCU_MAGNET_EX26 Pin=U4-118
Added Pin To Net: NetName=MCU_RELAY_EX27 Pin=U4-119
Added Pin To Net: NetName=GND_MCU Pin=U4-120
Added Pin To Net: NetName=VCC_MCU Pin=U4-121
Added Pin To Net: NetName=MCU_LED_EX27 Pin=U4-122
Added Pin To Net: NetName=MCU_MAGNET_EX27 Pin=U4-123
Added Pin To Net: NetName=MCU_RELAY_EX28 Pin=U4-124
Added Pin To Net: NetName=MCU_LED_EX28 Pin=U4-125
Added Pin To Net: NetName=MCU_MAGNET_EX28 Pin=U4-126
Added Pin To Net: NetName=MCU_KEY1 Pin=U4-127
Added Pin To Net: NetName=MCU_KEY2 Pin=U4-128
Added Pin To Net: NetName=MCU_KEY3 Pin=U4-129
Added Pin To Net: NetName=GND_MCU Pin=U4-130
Added Pin To Net: NetName=VCC_MCU Pin=U4-131
Added Pin To Net: NetName=MCU_SCL Pin=U4-136
Added Pin To Net: NetName=MCU_SDA Pin=U4-137
Added Pin To Net: NetName=MCU_BOOT0 Pin=U4-138
Added Pin To Net: NetName=VCC_MCU Pin=U4-144
Added Pin To Net: NetName=GND_MCU Pin=U5-1
Added Pin To Net: NetName=+3V3 Pin=U5-2
Added Pin To Net: NetName=+5 Pin=U5-3
Added Pin To Net: NetName=NetU1_2 Pin=Y1-1
Added Pin To Net: NetName=NetU1_1 Pin=Y1-2
Added Pin To Net: NetName=MCU_OCS_N Pin=Y2-1
Added Pin To Net: NetName=MCU_OCS_P Pin=Y2-2
Added Pin To Net: NetName=GND Pin=ZD1_1-1
Added Pin To Net: NetName=MCU_MAGNET1 Pin=ZD1_1-2
Added Pin To Net: NetName=GND Pin=ZD1_2-1
Added Pin To Net: NetName=MCU_MAGNET2 Pin=ZD1_2-2
Added Pin To Net: NetName=GND Pin=ZD1_3-1
Added Pin To Net: NetName=MCU_MAGNET3 Pin=ZD1_3-2
Added Pin To Net: NetName=GND Pin=ZD1_4-1
Added Pin To Net: NetName=MCU_MAGNET4 Pin=ZD1_4-2
Added Pin To Net: NetName=GND Pin=ZD2_1-1
Added Pin To Net: NetName=MCU_MAGNET_EX1 Pin=ZD2_1-2
Added Pin To Net: NetName=GND Pin=ZD2_2-1
Added Pin To Net: NetName=MCU_MAGNET_EX2 Pin=ZD2_2-2
Added Pin To Net: NetName=GND Pin=ZD2_3-1
Added Pin To Net: NetName=MCU_MAGNET_EX3 Pin=ZD2_3-2
Added Pin To Net: NetName=GND Pin=ZD2_4-1
Added Pin To Net: NetName=MCU_MAGNET_EX4 Pin=ZD2_4-2
Added Pin To Net: NetName=GND Pin=ZD2_5-1
Added Pin To Net: NetName=MCU_MAGNET_EX5 Pin=ZD2_5-2
Added Pin To Net: NetName=GND Pin=ZD2_6-1
Added Pin To Net: NetName=MCU_MAGNET_EX6 Pin=ZD2_6-2
Added Pin To Net: NetName=GND Pin=ZD2_7-1
Added Pin To Net: NetName=MCU_MAGNET_EX7 Pin=ZD2_7-2
Added Pin To Net: NetName=GND Pin=ZD2_8-1
Added Pin To Net: NetName=MCU_MAGNET_EX8 Pin=ZD2_8-2
Added Pin To Net: NetName=GND Pin=ZD2_9-1
Added Pin To Net: NetName=MCU_MAGNET_EX9 Pin=ZD2_9-2
Added Pin To Net: NetName=GND Pin=ZD2_10-1
Added Pin To Net: NetName=MCU_MAGNET_EX10 Pin=ZD2_10-2
Added Pin To Net: NetName=GND Pin=ZD2_11-1
Added Pin To Net: NetName=MCU_MAGNET_EX11 Pin=ZD2_11-2
Added Pin To Net: NetName=GND Pin=ZD2_12-1
Added Pin To Net: NetName=MCU_MAGNET_EX12 Pin=ZD2_12-2
Added Pin To Net: NetName=GND Pin=ZD2_13-1
Added Pin To Net: NetName=MCU_MAGNET_EX13 Pin=ZD2_13-2
Added Pin To Net: NetName=GND Pin=ZD2_14-1
Added Pin To Net: NetName=MCU_MAGNET_EX14 Pin=ZD2_14-2
Added Pin To Net: NetName=GND Pin=ZD2_15-1
Added Pin To Net: NetName=MCU_MAGNET_EX15 Pin=ZD2_15-2
Added Pin To Net: NetName=GND Pin=ZD2_16-1
Added Pin To Net: NetName=MCU_MAGNET_EX16 Pin=ZD2_16-2
Added Pin To Net: NetName=GND Pin=ZD2_17-1
Added Pin To Net: NetName=MCU_MAGNET_EX17 Pin=ZD2_17-2
Added Pin To Net: NetName=GND Pin=ZD2_18-1
Added Pin To Net: NetName=MCU_MAGNET_EX18 Pin=ZD2_18-2
Added Pin To Net: NetName=GND Pin=ZD2_19-1
Added Pin To Net: NetName=MCU_MAGNET_EX19 Pin=ZD2_19-2
Added Pin To Net: NetName=GND Pin=ZD2_20-1
Added Pin To Net: NetName=MCU_MAGNET_EX20 Pin=ZD2_20-2
Added Pin To Net: NetName=GND Pin=ZD2_21-1
Added Pin To Net: NetName=MCU_MAGNET_EX21 Pin=ZD2_21-2
Added Pin To Net: NetName=GND Pin=ZD2_22-1
Added Pin To Net: NetName=MCU_MAGNET_EX22 Pin=ZD2_22-2
Added Pin To Net: NetName=GND Pin=ZD2_23-1
Added Pin To Net: NetName=MCU_MAGNET_EX23 Pin=ZD2_23-2
Added Pin To Net: NetName=GND Pin=ZD2_24-1
Added Pin To Net: NetName=MCU_MAGNET_EX24 Pin=ZD2_24-2
Added Member To Class: ClassName=DS1307 Member=Component BAT1 BATTERY HOLDER-3V
Added Member To Class: ClassName=KEYB Member=Component C1_1 (C1) CAP Cer 100nF-50V-X7R-SMD
Added Member To Class: ClassName=KEYC Member=Component C1_2 (C1) CAP Cer 100nF-50V-X7R-SMD
Added Member To Class: ClassName=KEYD Member=Component C1_3 (C1) CAP Cer 100nF-50V-X7R-SMD
Added Member To Class: ClassName=CHANNELB Member=Component C2_1 (C2) CAP Cer 100nF-50V-X7R-SMD
Added Member To Class: ClassName=CHANNELC Member=Component C2_2 (C2) CAP Cer 100nF-50V-X7R-SMD
Added Member To Class: ClassName=CHANNELD Member=Component C2_3 (C2) CAP Cer 100nF-50V-X7R-SMD
Added Member To Class: ClassName=CHANNELE Member=Component C2_4 (C2) CAP Cer 100nF-50V-X7R-SMD
Added Member To Class: ClassName=DS1307 Member=Component C3 CAP Cer 100nF-50V-X7R-SMD
Added Member To Class: ClassName=EEPROM Member=Component C4 CAP Cer 100nF-50V-X7R-SMD
Added Member To Class: ClassName=ISD1730 Member=Component C5 CAP Cer 4.7uF-50V-X7R-SMD
Added Member To Class: ClassName=ISD1730 Member=Component C6 CAP Cer 100nF-50V-X7R-SMD
Added Member To Class: ClassName=ISD1730 Member=Component C7 CAP Cer 100nF-50V-X7R-SMD
Added Member To Class: ClassName=ISD1730 Member=Component C8 CAP Cer 4.7uF-50V-X7R-SMD
Added Member To Class: ClassName=ISD1730 Member=Component C9 CAP Cer 100nF-50V-X7R-SMD
Added Member To Class: ClassName=ISD1730 Member=Component C10 CAP Cer 100nF-50V-X7R-SMD
Added Member To Class: ClassName=ISD1730 Member=Component C11 CAP Cer 100nF-50V-X7R-SMD
Added Member To Class: ClassName=TFT Member=Component C12 CAP Cer 1uF-50V-X7R-SMD
Added Member To Class: ClassName=TFT Member=Component C13 CAP Cer 1uF-50V-X7R-SMD
Added Member To Class: ClassName=TFT Member=Component C14 CAP Cer 1uF-50V-X7R-SMD
Added Member To Class: ClassName=TFT Member=Component C15 CAP Cer 1uF-50V-X7R-SMD
Added Member To Class: ClassName=TFT Member=Component C16 CAP Cer 100nF-50V-X7R-SMD
Added Member To Class: ClassName=TFT Member=Component C17 CAP Cer 100nF-50V-X7R-SMD
Added Member To Class: ClassName=STM_AUX Member=Component C18 CAP Cer 100nF-50V-X7R-SMD
Added Member To Class: ClassName=STM_AUX Member=Component C19 CAP Cer 18pF-50V-X7R-SMD
Added Member To Class: ClassName=STM_AUX Member=Component C20 CAP Cer 18pF-50V-X7R-SMD
Added Member To Class: ClassName=STM_AUX Member=Component C21 CAP Cer 100nF-50V-X7R-SMD
Added Member To Class: ClassName=STM_AUX Member=Component C22 CAP Cer 100nF-50V-X7R-SMD
Added Member To Class: ClassName=STM_AUX Member=Component C23 CAP Cer 100nF-50V-X7R-SMD
Added Member To Class: ClassName=STM_AUX Member=Component C24 CAP Cer 100nF-50V-X7R-SMD
Added Member To Class: ClassName=STM_AUX Member=Component C25 CAP Cer 100nF-50V-X7R-SMD
Added Member To Class: ClassName=STM_AUX Member=Component C26 CAP Cer 100nF-50V-X7R-SMD
Added Member To Class: ClassName=STM_AUX Member=Component C27 CAP Cer 100nF-50V-X7R-SMD
Added Member To Class: ClassName=STM_AUX Member=Component C28 CAP Cer 100nF-50V-X7R-SMD
Added Member To Class: ClassName=STM_AUX Member=Component C29 CAP Cer 100nF-50V-X7R-SMD
Added Member To Class: ClassName=STM_AUX Member=Component C30 CAP Cer 100nF-50V-X7R-SMD
Added Member To Class: ClassName=STM_AUX Member=Component C31 CAP Cer 100nF-50V-X7R-SMD
Added Member To Class: ClassName=STM_AUX Member=Component C32 CAP Cer 100nF-50V-X7R-SMD
Added Member To Class: ClassName=STM_AUX Member=Component C33 CAP Cer 100nF-50V-X7R-SMD
Added Member To Class: ClassName=STM_AUX Member=Component C34 CAP Cer 100nF-50V-X7R-SMD
Added Member To Class: ClassName=STM_AUX Member=Component C35
Added Member To Class: ClassName=STM_AUX Member=Component C36 CAP Cer 22uF-50V-X7R-SMD
Added Member To Class: ClassName=STM_AUX Member=Component C37 CAP Cer 100nF-50V-X7R-SMD
Added Member To Class: ClassName=STM_AUX Member=Component C38 CAP Cer 10uF-50V-X7R-SMD
Added Member To Class: ClassName=STM_AUX Member=Component C39 CAP Cer 100nF-50V-X7R-SMD
Added Member To Class: ClassName=STM_AUX Member=Component C40
Added Member To Class: ClassName=CHANNEL_EXB Member=Component C41_1 (C41) CAP Cer 100nF-50V-X7R-SMD
Added Member To Class: ClassName=CHANNEL_EXC Member=Component C41_2 (C41) CAP Cer 100nF-50V-X7R-SMD
Added Member To Class: ClassName=CHANNEL_EXD Member=Component C41_3 (C41) CAP Cer 100nF-50V-X7R-SMD
Added Member To Class: ClassName=CHANNEL_EXE Member=Component C41_4 (C41) CAP Cer 100nF-50V-X7R-SMD
Added Member To Class: ClassName=CHANNEL_EXF Member=Component C41_5 (C41) CAP Cer 100nF-50V-X7R-SMD
Added Member To Class: ClassName=CHANNEL_EXG Member=Component C41_6 (C41) CAP Cer 100nF-50V-X7R-SMD
Added Member To Class: ClassName=CHANNEL_EXH Member=Component C41_7 (C41) CAP Cer 100nF-50V-X7R-SMD
Added Member To Class: ClassName=CHANNEL_EXI Member=Component C41_8 (C41) CAP Cer 100nF-50V-X7R-SMD
Added Member To Class: ClassName=CHANNEL_EXJ Member=Component C41_9 (C41) CAP Cer 100nF-50V-X7R-SMD
Added Member To Class: ClassName=CHANNEL_EXK Member=Component C41_10 (C41) CAP Cer 100nF-50V-X7R-SMD
Added Member To Class: ClassName=CHANNEL_EXL Member=Component C41_11 (C41) CAP Cer 100nF-50V-X7R-SMD
Added Member To Class: ClassName=CHANNEL_EXM Member=Component C41_12 (C41) CAP Cer 100nF-50V-X7R-SMD
Added Member To Class: ClassName=CHANNEL_EXN Member=Component C41_13 (C41) CAP Cer 100nF-50V-X7R-SMD
Added Member To Class: ClassName=CHANNEL_EXO Member=Component C41_14 (C41) CAP Cer 100nF-50V-X7R-SMD
Added Member To Class: ClassName=CHANNEL_EXP Member=Component C41_15 (C41) CAP Cer 100nF-50V-X7R-SMD
Added Member To Class: ClassName=CHANNEL_EXQ Member=Component C41_16 (C41) CAP Cer 100nF-50V-X7R-SMD
Added Member To Class: ClassName=CHANNEL_EXR Member=Component C41_17 (C41) CAP Cer 100nF-50V-X7R-SMD
Added Member To Class: ClassName=CHANNEL_EXS Member=Component C41_18 (C41) CAP Cer 100nF-50V-X7R-SMD
Added Member To Class: ClassName=CHANNEL_EXT Member=Component C41_19 (C41) CAP Cer 100nF-50V-X7R-SMD
Added Member To Class: ClassName=CHANNEL_EXU Member=Component C41_20 (C41) CAP Cer 100nF-50V-X7R-SMD
Added Member To Class: ClassName=CHANNEL_EXV Member=Component C41_21 (C41) CAP Cer 100nF-50V-X7R-SMD
Added Member To Class: ClassName=CHANNEL_EXW Member=Component C41_22 (C41) CAP Cer 100nF-50V-X7R-SMD
Added Member To Class: ClassName=CHANNEL_EXX Member=Component C41_23 (C41) CAP Cer 100nF-50V-X7R-SMD
Added Member To Class: ClassName=CHANNEL_EXY Member=Component C41_24 (C41) CAP Cer 100nF-50V-X7R-SMD
Added Member To Class: ClassName=CHANNELB Member=Component CN1_1 (CN1) Connector XH/VH/TE-Straight/Right-THD/SMD-?mm
Added Member To Class: ClassName=CHANNELC Member=Component CN1_2 (CN1) Connector XH/VH/TE-Straight/Right-THD/SMD-?mm
Added Member To Class: ClassName=CHANNELD Member=Component CN1_3 (CN1) Connector XH/VH/TE-Straight/Right-THD/SMD-?mm
Added Member To Class: ClassName=CHANNELE Member=Component CN1_4 (CN1) Connector XH/VH/TE-Straight/Right-THD/SMD-?mm
Added Member To Class: ClassName=CHANNELB Member=Component CN2_1 (CN2) Connector XH/VH/TE-Straight/Right-THD/SMD-?mm
Added Member To Class: ClassName=CHANNELC Member=Component CN2_2 (CN2) Connector XH/VH/TE-Straight/Right-THD/SMD-?mm
Added Member To Class: ClassName=CHANNELD Member=Component CN2_3 (CN2) Connector XH/VH/TE-Straight/Right-THD/SMD-?mm
Added Member To Class: ClassName=CHANNELE Member=Component CN2_4 (CN2) Connector XH/VH/TE-Straight/Right-THD/SMD-?mm
Added Member To Class: ClassName=CHANNELB Member=Component CN3_1 (CN3) Connector XH/VH/TE-Straight/Right-THD/SMD-?mm
Added Member To Class: ClassName=CHANNELC Member=Component CN3_2 (CN3) Connector XH/VH/TE-Straight/Right-THD/SMD-?mm
Added Member To Class: ClassName=CHANNELD Member=Component CN3_3 (CN3) Connector XH/VH/TE-Straight/Right-THD/SMD-?mm
Added Member To Class: ClassName=CHANNELE Member=Component CN3_4 (CN3) Connector XH/VH/TE-Straight/Right-THD/SMD-?mm
Added Member To Class: ClassName=ISD1730 Member=Component CN4 XH-2
Added Member To Class: ClassName=TFT Member=Component CN5 0.5mm-Horizontal
Added Member To Class: ClassName=STM_AUX Member=Component CN6 Connector XH/VH/TE-Straight/Right-THD/SMD-?mm
Added Member To Class: ClassName=Interface Member=Component CN7 Connector XH/VH/TE-Straight/Right-THD/SMD-?mm
Added Member To Class: ClassName=Interface Member=Component CN8 Box Header IDC 2x8 Straight/Right
Added Member To Class: ClassName=Interface Member=Component CN9 Box Header IDC 2x8 Straight/Right
Added Member To Class: ClassName=Interface Member=Component CN10 Box Header IDC 2x8 Straight/Right
Added Member To Class: ClassName=Interface Member=Component CN11 Box Header IDC 2x8 Straight/Right
Added Member To Class: ClassName=Interface Member=Component CN12 Box Header IDC 2x8 Straight/Right
Added Member To Class: ClassName=Interface Member=Component CN13 Box Header IDC 2x8 Straight/Right
Added Member To Class: ClassName=CHANNELB Member=Component D1_1 (D1) Diode 1N4148-SMD
Added Member To Class: ClassName=CHANNELC Member=Component D1_2 (D1) Diode 1N4148-SMD
Added Member To Class: ClassName=CHANNELD Member=Component D1_3 (D1) Diode 1N4148-SMD
Added Member To Class: ClassName=CHANNELE Member=Component D1_4 (D1) Diode 1N4148-SMD
Added Member To Class: ClassName=STM_AUX Member=Component D2 1N4007(M7)
Added Member To Class: ClassName=CHANNEL_EXB Member=Component D3_1 (D3) Diode 1N4148-SMD
Added Member To Class: ClassName=CHANNEL_EXC Member=Component D3_2 (D3) Diode 1N4148-SMD
Added Member To Class: ClassName=CHANNEL_EXD Member=Component D3_3 (D3) Diode 1N4148-SMD
Added Member To Class: ClassName=CHANNEL_EXE Member=Component D3_4 (D3) Diode 1N4148-SMD
Added Member To Class: ClassName=CHANNEL_EXF Member=Component D3_5 (D3) Diode 1N4148-SMD
Added Member To Class: ClassName=CHANNEL_EXG Member=Component D3_6 (D3) Diode 1N4148-SMD
Added Member To Class: ClassName=CHANNEL_EXH Member=Component D3_7 (D3) Diode 1N4148-SMD
Added Member To Class: ClassName=CHANNEL_EXI Member=Component D3_8 (D3) Diode 1N4148-SMD
Added Member To Class: ClassName=CHANNEL_EXJ Member=Component D3_9 (D3) Diode 1N4148-SMD
Added Member To Class: ClassName=CHANNEL_EXK Member=Component D3_10 (D3) Diode 1N4148-SMD
Added Member To Class: ClassName=CHANNEL_EXL Member=Component D3_11 (D3) Diode 1N4148-SMD
Added Member To Class: ClassName=CHANNEL_EXM Member=Component D3_12 (D3) Diode 1N4148-SMD
Added Member To Class: ClassName=CHANNEL_EXN Member=Component D3_13 (D3) Diode 1N4148-SMD
Added Member To Class: ClassName=CHANNEL_EXO Member=Component D3_14 (D3) Diode 1N4148-SMD
Added Member To Class: ClassName=CHANNEL_EXP Member=Component D3_15 (D3) Diode 1N4148-SMD
Added Member To Class: ClassName=CHANNEL_EXQ Member=Component D3_16 (D3) Diode 1N4148-SMD
Added Member To Class: ClassName=CHANNEL_EXR Member=Component D3_17 (D3) Diode 1N4148-SMD
Added Member To Class: ClassName=CHANNEL_EXS Member=Component D3_18 (D3) Diode 1N4148-SMD
Added Member To Class: ClassName=CHANNEL_EXT Member=Component D3_19 (D3) Diode 1N4148-SMD
Added Member To Class: ClassName=CHANNEL_EXU Member=Component D3_20 (D3) Diode 1N4148-SMD
Added Member To Class: ClassName=CHANNEL_EXV Member=Component D3_21 (D3) Diode 1N4148-SMD
Added Member To Class: ClassName=CHANNEL_EXW Member=Component D3_22 (D3) Diode 1N4148-SMD
Added Member To Class: ClassName=CHANNEL_EXX Member=Component D3_23 (D3) Diode 1N4148-SMD
Added Member To Class: ClassName=CHANNEL_EXY Member=Component D3_24 (D3) Diode 1N4148-SMD
Added Member To Class: ClassName=DS1307 Member=Component FB1 FERRITE BEAD
Added Member To Class: ClassName=EEPROM Member=Component FB2 FERRITE BEAD
Added Member To Class: ClassName=ISD1730 Member=Component FB3 FERRITE BEAD
Added Member To Class: ClassName=TFT Member=Component FB4 FERRITE BEAD
Added Member To Class: ClassName=STM_AUX Member=Component FB5 FERRITE BEAD
Added Member To Class: ClassName=TFT Member=Component H1 MALE-STRAIGHT
Added Member To Class: ClassName=STM_AUX Member=Component H2 BOOT
Added Member To Class: ClassName=CHANNELB Member=Component LED1_1 (LED1) LED GREEN-1206-SMD
Added Member To Class: ClassName=CHANNELC Member=Component LED1_2 (LED1) LED GREEN-1206-SMD
Added Member To Class: ClassName=CHANNELD Member=Component LED1_3 (LED1) LED GREEN-1206-SMD
Added Member To Class: ClassName=CHANNELE Member=Component LED1_4 (LED1) LED GREEN-1206-SMD
Added Member To Class: ClassName=ISD1730 Member=Component LED2 YELLO-0805
Added Member To Class: ClassName=STM_AUX Member=Component LED3 3V3D
Added Member To Class: ClassName=TFT Member=Component M1 3.2inch-40pin-without touch
Added Member To Class: ClassName=ISD1730 Member=Component MIC1 2.2mm
Added Member To Class: ClassName=STM_AUX Member=Component NT1 NET TIE-3
Added Member To Class: ClassName=CHANNELB Member=Component Q1_1 (Q1) TR C945-SMD
Added Member To Class: ClassName=CHANNELC Member=Component Q1_2 (Q1) TR C945-SMD
Added Member To Class: ClassName=CHANNELD Member=Component Q1_3 (Q1) TR C945-SMD
Added Member To Class: ClassName=CHANNELE Member=Component Q1_4 (Q1) TR C945-SMD
Added Member To Class: ClassName=CHANNELB Member=Component Q2_1 (Q2) TR ZXTN2010ZTA-SMD
Added Member To Class: ClassName=CHANNELC Member=Component Q2_2 (Q2) TR ZXTN2010ZTA-SMD
Added Member To Class: ClassName=CHANNELD Member=Component Q2_3 (Q2) TR ZXTN2010ZTA-SMD
Added Member To Class: ClassName=CHANNELE Member=Component Q2_4 (Q2) TR ZXTN2010ZTA-SMD
Added Member To Class: ClassName=TFT Member=Component Q3 S8050(J3Y)
Added Member To Class: ClassName=CHANNEL_EXB Member=Component Q4_1 (Q4) TR C945-SMD
Added Member To Class: ClassName=CHANNEL_EXC Member=Component Q4_2 (Q4) TR C945-SMD
Added Member To Class: ClassName=CHANNEL_EXD Member=Component Q4_3 (Q4) TR C945-SMD
Added Member To Class: ClassName=CHANNEL_EXE Member=Component Q4_4 (Q4) TR C945-SMD
Added Member To Class: ClassName=CHANNEL_EXF Member=Component Q4_5 (Q4) TR C945-SMD
Added Member To Class: ClassName=CHANNEL_EXG Member=Component Q4_6 (Q4) TR C945-SMD
Added Member To Class: ClassName=CHANNEL_EXH Member=Component Q4_7 (Q4) TR C945-SMD
Added Member To Class: ClassName=CHANNEL_EXI Member=Component Q4_8 (Q4) TR C945-SMD
Added Member To Class: ClassName=CHANNEL_EXJ Member=Component Q4_9 (Q4) TR C945-SMD
Added Member To Class: ClassName=CHANNEL_EXK Member=Component Q4_10 (Q4) TR C945-SMD
Added Member To Class: ClassName=CHANNEL_EXL Member=Component Q4_11 (Q4) TR C945-SMD
Added Member To Class: ClassName=CHANNEL_EXM Member=Component Q4_12 (Q4) TR C945-SMD
Added Member To Class: ClassName=CHANNEL_EXN Member=Component Q4_13 (Q4) TR C945-SMD
Added Member To Class: ClassName=CHANNEL_EXO Member=Component Q4_14 (Q4) TR C945-SMD
Added Member To Class: ClassName=CHANNEL_EXP Member=Component Q4_15 (Q4) TR C945-SMD
Added Member To Class: ClassName=CHANNEL_EXQ Member=Component Q4_16 (Q4) TR C945-SMD
Added Member To Class: ClassName=CHANNEL_EXR Member=Component Q4_17 (Q4) TR C945-SMD
Added Member To Class: ClassName=CHANNEL_EXS Member=Component Q4_18 (Q4) TR C945-SMD
Added Member To Class: ClassName=CHANNEL_EXT Member=Component Q4_19 (Q4) TR C945-SMD
Added Member To Class: ClassName=CHANNEL_EXU Member=Component Q4_20 (Q4) TR C945-SMD
Added Member To Class: ClassName=CHANNEL_EXV Member=Component Q4_21 (Q4) TR C945-SMD
Added Member To Class: ClassName=CHANNEL_EXW Member=Component Q4_22 (Q4) TR C945-SMD
Added Member To Class: ClassName=CHANNEL_EXX Member=Component Q4_23 (Q4) TR C945-SMD
Added Member To Class: ClassName=CHANNEL_EXY Member=Component Q4_24 (Q4) TR C945-SMD
Added Member To Class: ClassName=CHANNEL_EXB Member=Component Q5_1 (Q5) TR ZXTN2010ZTA-SMD
Added Member To Class: ClassName=CHANNEL_EXC Member=Component Q5_2 (Q5) TR ZXTN2010ZTA-SMD
Added Member To Class: ClassName=CHANNEL_EXD Member=Component Q5_3 (Q5) TR ZXTN2010ZTA-SMD
Added Member To Class: ClassName=CHANNEL_EXE Member=Component Q5_4 (Q5) TR ZXTN2010ZTA-SMD
Added Member To Class: ClassName=CHANNEL_EXF Member=Component Q5_5 (Q5) TR ZXTN2010ZTA-SMD
Added Member To Class: ClassName=CHANNEL_EXG Member=Component Q5_6 (Q5) TR ZXTN2010ZTA-SMD
Added Member To Class: ClassName=CHANNEL_EXH Member=Component Q5_7 (Q5) TR ZXTN2010ZTA-SMD
Added Member To Class: ClassName=CHANNEL_EXI Member=Component Q5_8 (Q5) TR ZXTN2010ZTA-SMD
Added Member To Class: ClassName=CHANNEL_EXJ Member=Component Q5_9 (Q5) TR ZXTN2010ZTA-SMD
Added Member To Class: ClassName=CHANNEL_EXK Member=Component Q5_10 (Q5) TR ZXTN2010ZTA-SMD
Added Member To Class: ClassName=CHANNEL_EXL Member=Component Q5_11 (Q5) TR ZXTN2010ZTA-SMD
Added Member To Class: ClassName=CHANNEL_EXM Member=Component Q5_12 (Q5) TR ZXTN2010ZTA-SMD
Added Member To Class: ClassName=CHANNEL_EXN Member=Component Q5_13 (Q5) TR ZXTN2010ZTA-SMD
Added Member To Class: ClassName=CHANNEL_EXO Member=Component Q5_14 (Q5) TR ZXTN2010ZTA-SMD
Added Member To Class: ClassName=CHANNEL_EXP Member=Component Q5_15 (Q5) TR ZXTN2010ZTA-SMD
Added Member To Class: ClassName=CHANNEL_EXQ Member=Component Q5_16 (Q5) TR ZXTN2010ZTA-SMD
Added Member To Class: ClassName=CHANNEL_EXR Member=Component Q5_17 (Q5) TR ZXTN2010ZTA-SMD
Added Member To Class: ClassName=CHANNEL_EXS Member=Component Q5_18 (Q5) TR ZXTN2010ZTA-SMD
Added Member To Class: ClassName=CHANNEL_EXT Member=Component Q5_19 (Q5) TR ZXTN2010ZTA-SMD
Added Member To Class: ClassName=CHANNEL_EXU Member=Component Q5_20 (Q5) TR ZXTN2010ZTA-SMD
Added Member To Class: ClassName=CHANNEL_EXV Member=Component Q5_21 (Q5) TR ZXTN2010ZTA-SMD
Added Member To Class: ClassName=CHANNEL_EXW Member=Component Q5_22 (Q5) TR ZXTN2010ZTA-SMD
Added Member To Class: ClassName=CHANNEL_EXX Member=Component Q5_23 (Q5) TR ZXTN2010ZTA-SMD
Added Member To Class: ClassName=CHANNEL_EXY Member=Component Q5_24 (Q5) TR ZXTN2010ZTA-SMD
Added Member To Class: ClassName=KEYB Member=Component R1_1 (R1)
Added Member To Class: ClassName=KEYC Member=Component R1_2 (R1)
Added Member To Class: ClassName=KEYD Member=Component R1_3 (R1)
Added Member To Class: ClassName=CHANNELB Member=Component R2_1 (R2) RES 2.2K-5%-1/8W-SMD
Added Member To Class: ClassName=CHANNELC Member=Component R2_2 (R2) RES 2.2K-5%-1/8W-SMD
Added Member To Class: ClassName=CHANNELD Member=Component R2_3 (R2) RES 2.2K-5%-1/8W-SMD
Added Member To Class: ClassName=CHANNELE Member=Component R2_4 (R2) RES 2.2K-5%-1/8W-SMD
Added Member To Class: ClassName=CHANNELB Member=Component R3_1 (R3) RES 1K-5%-1/8W-SMD
Added Member To Class: ClassName=CHANNELC Member=Component R3_2 (R3) RES 1K-5%-1/8W-SMD
Added Member To Class: ClassName=CHANNELD Member=Component R3_3 (R3) RES 1K-5%-1/8W-SMD
Added Member To Class: ClassName=CHANNELE Member=Component R3_4 (R3) RES 1K-5%-1/8W-SMD
Added Member To Class: ClassName=CHANNELB Member=Component R4_1 (R4) RES 10K-5%-1/8W-SMD
Added Member To Class: ClassName=CHANNELC Member=Component R4_2 (R4) RES 10K-5%-1/8W-SMD
Added Member To Class: ClassName=CHANNELD Member=Component R4_3 (R4) RES 10K-5%-1/8W-SMD
Added Member To Class: ClassName=CHANNELE Member=Component R4_4 (R4) RES 10K-5%-1/8W-SMD
Added Member To Class: ClassName=CHANNELB Member=Component R5_1 (R5) RES 1K-5%-1/8W-SMD
Added Member To Class: ClassName=CHANNELC Member=Component R5_2 (R5) RES 1K-5%-1/8W-SMD
Added Member To Class: ClassName=CHANNELD Member=Component R5_3 (R5) RES 1K-5%-1/8W-SMD
Added Member To Class: ClassName=CHANNELE Member=Component R5_4 (R5) RES 1K-5%-1/8W-SMD
Added Member To Class: ClassName=CHANNELB Member=Component R6_1 (R6) RES 10K-5%-1/8W-SMD
Added Member To Class: ClassName=CHANNELC Member=Component R6_2 (R6) RES 10K-5%-1/8W-SMD
Added Member To Class: ClassName=CHANNELD Member=Component R6_3 (R6) RES 10K-5%-1/8W-SMD
Added Member To Class: ClassName=CHANNELE Member=Component R6_4 (R6) RES 10K-5%-1/8W-SMD
Added Member To Class: ClassName=CHANNELB Member=Component R7_1 (R7)
Added Member To Class: ClassName=CHANNELC Member=Component R7_2 (R7)
Added Member To Class: ClassName=CHANNELD Member=Component R7_3 (R7)
Added Member To Class: ClassName=CHANNELE Member=Component R7_4 (R7)
Added Member To Class: ClassName=CHANNELB Member=Component R8_1 (R8)
Added Member To Class: ClassName=CHANNELC Member=Component R8_2 (R8)
Added Member To Class: ClassName=CHANNELD Member=Component R8_3 (R8)
Added Member To Class: ClassName=CHANNELE Member=Component R8_4 (R8)
Added Member To Class: ClassName=DS1307 Member=Component R9
Added Member To Class: ClassName=DS1307 Member=Component R10
Added Member To Class: ClassName=EEPROM Member=Component R11 4.7K-1/8W-5%
Added Member To Class: ClassName=EEPROM Member=Component R12 4.7K-1/8W-5%
Added Member To Class: ClassName=ISD1730 Member=Component R13 1K-1/8W-5%
Added Member To Class: ClassName=ISD1730 Member=Component R14 4.7K-1/8W-5%
Added Member To Class: ClassName=ISD1730 Member=Component R15 4.7K-1/8W-5%
Added Member To Class: ClassName=ISD1730 Member=Component R16 82K-1/8W-5%
Added Member To Class: ClassName=ISD1730 Member=Component R17 4.7K-1/8W-5%
Added Member To Class: ClassName=TFT Member=Component R18 10R-1/8W-5%
Added Member To Class: ClassName=TFT Member=Component R19 10R-1/8W-5%
Added Member To Class: ClassName=TFT Member=Component R20 4.7K-1/8W-5%
Added Member To Class: ClassName=TFT Member=Component R21 4.7K-1/8W-5%
Added Member To Class: ClassName=TFT Member=Component R22 4.7K-1/8W-5%
Added Member To Class: ClassName=TFT Member=Component R23 10R-1/8W-5%
Added Member To Class: ClassName=TFT Member=Component R24 1K-1/8W-5%
Added Member To Class: ClassName=TFT Member=Component R25 10K-1/8W-5%
Added Member To Class: ClassName=TFT Member=Component R26 4.7K-1/8W-5%
Added Member To Class: ClassName=TFT Member=Component R27 4.7K-1/8W-5%
Added Member To Class: ClassName=STM_AUX Member=Component R28
Added Member To Class: ClassName=STM_AUX Member=Component R29
Added Member To Class: ClassName=STM_AUX Member=Component R30
Added Member To Class: ClassName=CHANNEL_EXB Member=Component R31_1 (R31) RES 1K-5%-1/8W-SMD
Added Member To Class: ClassName=CHANNEL_EXC Member=Component R31_2 (R31) RES 1K-5%-1/8W-SMD
Added Member To Class: ClassName=CHANNEL_EXD Member=Component R31_3 (R31) RES 1K-5%-1/8W-SMD
Added Member To Class: ClassName=CHANNEL_EXE Member=Component R31_4 (R31) RES 1K-5%-1/8W-SMD
Added Member To Class: ClassName=CHANNEL_EXF Member=Component R31_5 (R31) RES 1K-5%-1/8W-SMD
Added Member To Class: ClassName=CHANNEL_EXG Member=Component R31_6 (R31) RES 1K-5%-1/8W-SMD
Added Member To Class: ClassName=CHANNEL_EXH Member=Component R31_7 (R31) RES 1K-5%-1/8W-SMD
Added Member To Class: ClassName=CHANNEL_EXI Member=Component R31_8 (R31) RES 1K-5%-1/8W-SMD
Added Member To Class: ClassName=CHANNEL_EXJ Member=Component R31_9 (R31) RES 1K-5%-1/8W-SMD
Added Member To Class: ClassName=CHANNEL_EXK Member=Component R31_10 (R31) RES 1K-5%-1/8W-SMD
Added Member To Class: ClassName=CHANNEL_EXL Member=Component R31_11 (R31) RES 1K-5%-1/8W-SMD
Added Member To Class: ClassName=CHANNEL_EXM Member=Component R31_12 (R31) RES 1K-5%-1/8W-SMD
Added Member To Class: ClassName=CHANNEL_EXN Member=Component R31_13 (R31) RES 1K-5%-1/8W-SMD
Added Member To Class: ClassName=CHANNEL_EXO Member=Component R31_14 (R31) RES 1K-5%-1/8W-SMD
Added Member To Class: ClassName=CHANNEL_EXP Member=Component R31_15 (R31) RES 1K-5%-1/8W-SMD
Added Member To Class: ClassName=CHANNEL_EXQ Member=Component R31_16 (R31) RES 1K-5%-1/8W-SMD
Added Member To Class: ClassName=CHANNEL_EXR Member=Component R31_17 (R31) RES 1K-5%-1/8W-SMD
Added Member To Class: ClassName=CHANNEL_EXS Member=Component R31_18 (R31) RES 1K-5%-1/8W-SMD
Added Member To Class: ClassName=CHANNEL_EXT Member=Component R31_19 (R31) RES 1K-5%-1/8W-SMD
Added Member To Class: ClassName=CHANNEL_EXU Member=Component R31_20 (R31) RES 1K-5%-1/8W-SMD
Added Member To Class: ClassName=CHANNEL_EXV Member=Component R31_21 (R31) RES 1K-5%-1/8W-SMD
Added Member To Class: ClassName=CHANNEL_EXW Member=Component R31_22 (R31) RES 1K-5%-1/8W-SMD
Added Member To Class: ClassName=CHANNEL_EXX Member=Component R31_23 (R31) RES 1K-5%-1/8W-SMD
Added Member To Class: ClassName=CHANNEL_EXY Member=Component R31_24 (R31) RES 1K-5%-1/8W-SMD
Added Member To Class: ClassName=CHANNEL_EXB Member=Component R32_1 (R32) RES 10K-5%-1/8W-SMD
Added Member To Class: ClassName=CHANNEL_EXC Member=Component R32_2 (R32) RES 10K-5%-1/8W-SMD
Added Member To Class: ClassName=CHANNEL_EXD Member=Component R32_3 (R32) RES 10K-5%-1/8W-SMD
Added Member To Class: ClassName=CHANNEL_EXE Member=Component R32_4 (R32) RES 10K-5%-1/8W-SMD
Added Member To Class: ClassName=CHANNEL_EXF Member=Component R32_5 (R32) RES 10K-5%-1/8W-SMD
Added Member To Class: ClassName=CHANNEL_EXG Member=Component R32_6 (R32) RES 10K-5%-1/8W-SMD
Added Member To Class: ClassName=CHANNEL_EXH Member=Component R32_7 (R32) RES 10K-5%-1/8W-SMD
Added Member To Class: ClassName=CHANNEL_EXI Member=Component R32_8 (R32) RES 10K-5%-1/8W-SMD
Added Member To Class: ClassName=CHANNEL_EXJ Member=Component R32_9 (R32) RES 10K-5%-1/8W-SMD
Added Member To Class: ClassName=CHANNEL_EXK Member=Component R32_10 (R32) RES 10K-5%-1/8W-SMD
Added Member To Class: ClassName=CHANNEL_EXL Member=Component R32_11 (R32) RES 10K-5%-1/8W-SMD
Added Member To Class: ClassName=CHANNEL_EXM Member=Component R32_12 (R32) RES 10K-5%-1/8W-SMD
Added Member To Class: ClassName=CHANNEL_EXN Member=Component R32_13 (R32) RES 10K-5%-1/8W-SMD
Added Member To Class: ClassName=CHANNEL_EXO Member=Component R32_14 (R32) RES 10K-5%-1/8W-SMD
Added Member To Class: ClassName=CHANNEL_EXP Member=Component R32_15 (R32) RES 10K-5%-1/8W-SMD
Added Member To Class: ClassName=CHANNEL_EXQ Member=Component R32_16 (R32) RES 10K-5%-1/8W-SMD
Added Member To Class: ClassName=CHANNEL_EXR Member=Component R32_17 (R32) RES 10K-5%-1/8W-SMD
Added Member To Class: ClassName=CHANNEL_EXS Member=Component R32_18 (R32) RES 10K-5%-1/8W-SMD
Added Member To Class: ClassName=CHANNEL_EXT Member=Component R32_19 (R32) RES 10K-5%-1/8W-SMD
Added Member To Class: ClassName=CHANNEL_EXU Member=Component R32_20 (R32) RES 10K-5%-1/8W-SMD
Added Member To Class: ClassName=CHANNEL_EXV Member=Component R32_21 (R32) RES 10K-5%-1/8W-SMD
Added Member To Class: ClassName=CHANNEL_EXW Member=Component R32_22 (R32) RES 10K-5%-1/8W-SMD
Added Member To Class: ClassName=CHANNEL_EXX Member=Component R32_23 (R32) RES 10K-5%-1/8W-SMD
Added Member To Class: ClassName=CHANNEL_EXY Member=Component R32_24 (R32) RES 10K-5%-1/8W-SMD
Added Member To Class: ClassName=CHANNEL_EXB Member=Component R33_1 (R33) RES 1K-5%-1/8W-SMD
Added Member To Class: ClassName=CHANNEL_EXC Member=Component R33_2 (R33) RES 1K-5%-1/8W-SMD
Added Member To Class: ClassName=CHANNEL_EXD Member=Component R33_3 (R33) RES 1K-5%-1/8W-SMD
Added Member To Class: ClassName=CHANNEL_EXE Member=Component R33_4 (R33) RES 1K-5%-1/8W-SMD
Added Member To Class: ClassName=CHANNEL_EXF Member=Component R33_5 (R33) RES 1K-5%-1/8W-SMD
Added Member To Class: ClassName=CHANNEL_EXG Member=Component R33_6 (R33) RES 1K-5%-1/8W-SMD
Added Member To Class: ClassName=CHANNEL_EXH Member=Component R33_7 (R33) RES 1K-5%-1/8W-SMD
Added Member To Class: ClassName=CHANNEL_EXI Member=Component R33_8 (R33) RES 1K-5%-1/8W-SMD
Added Member To Class: ClassName=CHANNEL_EXJ Member=Component R33_9 (R33) RES 1K-5%-1/8W-SMD
Added Member To Class: ClassName=CHANNEL_EXK Member=Component R33_10 (R33) RES 1K-5%-1/8W-SMD
Added Member To Class: ClassName=CHANNEL_EXL Member=Component R33_11 (R33) RES 1K-5%-1/8W-SMD
Added Member To Class: ClassName=CHANNEL_EXM Member=Component R33_12 (R33) RES 1K-5%-1/8W-SMD
Added Member To Class: ClassName=CHANNEL_EXN Member=Component R33_13 (R33) RES 1K-5%-1/8W-SMD
Added Member To Class: ClassName=CHANNEL_EXO Member=Component R33_14 (R33) RES 1K-5%-1/8W-SMD
Added Member To Class: ClassName=CHANNEL_EXP Member=Component R33_15 (R33) RES 1K-5%-1/8W-SMD
Added Member To Class: ClassName=CHANNEL_EXQ Member=Component R33_16 (R33) RES 1K-5%-1/8W-SMD
Added Member To Class: ClassName=CHANNEL_EXR Member=Component R33_17 (R33) RES 1K-5%-1/8W-SMD
Added Member To Class: ClassName=CHANNEL_EXS Member=Component R33_18 (R33) RES 1K-5%-1/8W-SMD
Added Member To Class: ClassName=CHANNEL_EXT Member=Component R33_19 (R33) RES 1K-5%-1/8W-SMD
Added Member To Class: ClassName=CHANNEL_EXU Member=Component R33_20 (R33) RES 1K-5%-1/8W-SMD
Added Member To Class: ClassName=CHANNEL_EXV Member=Component R33_21 (R33) RES 1K-5%-1/8W-SMD
Added Member To Class: ClassName=CHANNEL_EXW Member=Component R33_22 (R33) RES 1K-5%-1/8W-SMD
Added Member To Class: ClassName=CHANNEL_EXX Member=Component R33_23 (R33) RES 1K-5%-1/8W-SMD
Added Member To Class: ClassName=CHANNEL_EXY Member=Component R33_24 (R33) RES 1K-5%-1/8W-SMD
Added Member To Class: ClassName=CHANNEL_EXB Member=Component R34_1 (R34) RES 10K-5%-1/8W-SMD
Added Member To Class: ClassName=CHANNEL_EXC Member=Component R34_2 (R34) RES 10K-5%-1/8W-SMD
Added Member To Class: ClassName=CHANNEL_EXD Member=Component R34_3 (R34) RES 10K-5%-1/8W-SMD
Added Member To Class: ClassName=CHANNEL_EXE Member=Component R34_4 (R34) RES 10K-5%-1/8W-SMD
Added Member To Class: ClassName=CHANNEL_EXF Member=Component R34_5 (R34) RES 10K-5%-1/8W-SMD
Added Member To Class: ClassName=CHANNEL_EXG Member=Component R34_6 (R34) RES 10K-5%-1/8W-SMD
Added Member To Class: ClassName=CHANNEL_EXH Member=Component R34_7 (R34) RES 10K-5%-1/8W-SMD
Added Member To Class: ClassName=CHANNEL_EXI Member=Component R34_8 (R34) RES 10K-5%-1/8W-SMD
Added Member To Class: ClassName=CHANNEL_EXJ Member=Component R34_9 (R34) RES 10K-5%-1/8W-SMD
Added Member To Class: ClassName=CHANNEL_EXK Member=Component R34_10 (R34) RES 10K-5%-1/8W-SMD
Added Member To Class: ClassName=CHANNEL_EXL Member=Component R34_11 (R34) RES 10K-5%-1/8W-SMD
Added Member To Class: ClassName=CHANNEL_EXM Member=Component R34_12 (R34) RES 10K-5%-1/8W-SMD
Added Member To Class: ClassName=CHANNEL_EXN Member=Component R34_13 (R34) RES 10K-5%-1/8W-SMD
Added Member To Class: ClassName=CHANNEL_EXO Member=Component R34_14 (R34) RES 10K-5%-1/8W-SMD
Added Member To Class: ClassName=CHANNEL_EXP Member=Component R34_15 (R34) RES 10K-5%-1/8W-SMD
Added Member To Class: ClassName=CHANNEL_EXQ Member=Component R34_16 (R34) RES 10K-5%-1/8W-SMD
Added Member To Class: ClassName=CHANNEL_EXR Member=Component R34_17 (R34) RES 10K-5%-1/8W-SMD
Added Member To Class: ClassName=CHANNEL_EXS Member=Component R34_18 (R34) RES 10K-5%-1/8W-SMD
Added Member To Class: ClassName=CHANNEL_EXT Member=Component R34_19 (R34) RES 10K-5%-1/8W-SMD
Added Member To Class: ClassName=CHANNEL_EXU Member=Component R34_20 (R34) RES 10K-5%-1/8W-SMD
Added Member To Class: ClassName=CHANNEL_EXV Member=Component R34_21 (R34) RES 10K-5%-1/8W-SMD
Added Member To Class: ClassName=CHANNEL_EXW Member=Component R34_22 (R34) RES 10K-5%-1/8W-SMD
Added Member To Class: ClassName=CHANNEL_EXX Member=Component R34_23 (R34) RES 10K-5%-1/8W-SMD
Added Member To Class: ClassName=CHANNEL_EXY Member=Component R34_24 (R34) RES 10K-5%-1/8W-SMD
Added Member To Class: ClassName=CHANNEL_EXB Member=Component R35_1 (R35)
Added Member To Class: ClassName=CHANNEL_EXC Member=Component R35_2 (R35)
Added Member To Class: ClassName=CHANNEL_EXD Member=Component R35_3 (R35)
Added Member To Class: ClassName=CHANNEL_EXE Member=Component R35_4 (R35)
Added Member To Class: ClassName=CHANNEL_EXF Member=Component R35_5 (R35)
Added Member To Class: ClassName=CHANNEL_EXG Member=Component R35_6 (R35)
Added Member To Class: ClassName=CHANNEL_EXH Member=Component R35_7 (R35)
Added Member To Class: ClassName=CHANNEL_EXI Member=Component R35_8 (R35)
Added Member To Class: ClassName=CHANNEL_EXJ Member=Component R35_9 (R35)
Added Member To Class: ClassName=CHANNEL_EXK Member=Component R35_10 (R35)
Added Member To Class: ClassName=CHANNEL_EXL Member=Component R35_11 (R35)
Added Member To Class: ClassName=CHANNEL_EXM Member=Component R35_12 (R35)
Added Member To Class: ClassName=CHANNEL_EXN Member=Component R35_13 (R35)
Added Member To Class: ClassName=CHANNEL_EXO Member=Component R35_14 (R35)
Added Member To Class: ClassName=CHANNEL_EXP Member=Component R35_15 (R35)
Added Member To Class: ClassName=CHANNEL_EXQ Member=Component R35_16 (R35)
Added Member To Class: ClassName=CHANNEL_EXR Member=Component R35_17 (R35)
Added Member To Class: ClassName=CHANNEL_EXS Member=Component R35_18 (R35)
Added Member To Class: ClassName=CHANNEL_EXT Member=Component R35_19 (R35)
Added Member To Class: ClassName=CHANNEL_EXU Member=Component R35_20 (R35)
Added Member To Class: ClassName=CHANNEL_EXV Member=Component R35_21 (R35)
Added Member To Class: ClassName=CHANNEL_EXW Member=Component R35_22 (R35)
Added Member To Class: ClassName=CHANNEL_EXX Member=Component R35_23 (R35)
Added Member To Class: ClassName=CHANNEL_EXY Member=Component R35_24 (R35)
Added Member To Class: ClassName=CHANNEL_EXB Member=Component R36_1 (R36)
Added Member To Class: ClassName=CHANNEL_EXC Member=Component R36_2 (R36)
Added Member To Class: ClassName=CHANNEL_EXD Member=Component R36_3 (R36)
Added Member To Class: ClassName=CHANNEL_EXE Member=Component R36_4 (R36)
Added Member To Class: ClassName=CHANNEL_EXF Member=Component R36_5 (R36)
Added Member To Class: ClassName=CHANNEL_EXG Member=Component R36_6 (R36)
Added Member To Class: ClassName=CHANNEL_EXH Member=Component R36_7 (R36)
Added Member To Class: ClassName=CHANNEL_EXI Member=Component R36_8 (R36)
Added Member To Class: ClassName=CHANNEL_EXJ Member=Component R36_9 (R36)
Added Member To Class: ClassName=CHANNEL_EXK Member=Component R36_10 (R36)
Added Member To Class: ClassName=CHANNEL_EXL Member=Component R36_11 (R36)
Added Member To Class: ClassName=CHANNEL_EXM Member=Component R36_12 (R36)
Added Member To Class: ClassName=CHANNEL_EXN Member=Component R36_13 (R36)
Added Member To Class: ClassName=CHANNEL_EXO Member=Component R36_14 (R36)
Added Member To Class: ClassName=CHANNEL_EXP Member=Component R36_15 (R36)
Added Member To Class: ClassName=CHANNEL_EXQ Member=Component R36_16 (R36)
Added Member To Class: ClassName=CHANNEL_EXR Member=Component R36_17 (R36)
Added Member To Class: ClassName=CHANNEL_EXS Member=Component R36_18 (R36)
Added Member To Class: ClassName=CHANNEL_EXT Member=Component R36_19 (R36)
Added Member To Class: ClassName=CHANNEL_EXU Member=Component R36_20 (R36)
Added Member To Class: ClassName=CHANNEL_EXV Member=Component R36_21 (R36)
Added Member To Class: ClassName=CHANNEL_EXW Member=Component R36_22 (R36)
Added Member To Class: ClassName=CHANNEL_EXX Member=Component R36_23 (R36)
Added Member To Class: ClassName=CHANNEL_EXY Member=Component R36_24 (R36)
Added Member To Class: ClassName=CHANNELB Member=Component RL1_1 (RL1) Relay SPDT 12V-5A-MILON-CHILD-5 Pin
Added Member To Class: ClassName=CHANNELC Member=Component RL1_2 (RL1) Relay SPDT 12V-5A-MILON-CHILD-5 Pin
Added Member To Class: ClassName=CHANNELD Member=Component RL1_3 (RL1) Relay SPDT 12V-5A-MILON-CHILD-5 Pin
Added Member To Class: ClassName=CHANNELE Member=Component RL1_4 (RL1) Relay SPDT 12V-5A-MILON-CHILD-5 Pin
Added Member To Class: ClassName=KEYB Member=Component S1_1 (S1) UP
Added Member To Class: ClassName=KEYC Member=Component S1_2 (S1) UP
Added Member To Class: ClassName=KEYD Member=Component S1_3 (S1) UP
Added Member To Class: ClassName=STM_AUX Member=Component S2 RESET
Added Member To Class: ClassName=DS1307 Member=Component U1 DS1307
Added Member To Class: ClassName=EEPROM Member=Component U2 AT24C04
Added Member To Class: ClassName=ISD1730 Member=Component U3 ISD1730
Added Member To Class: ClassName=MCU Member=Component U4 STM32F407ZGT6
Added Member To Class: ClassName=STM_AUX Member=Component U5 AMS1117-3.3V
Added Member To Class: ClassName=DS1307 Member=Component Y1
Added Member To Class: ClassName=STM_AUX Member=Component Y2
Added Member To Class: ClassName=CHANNELB Member=Component ZD1_1 (ZD1) Zener -3.3V-SMD
Added Member To Class: ClassName=CHANNELC Member=Component ZD1_2 (ZD1) Zener -3.3V-SMD
Added Member To Class: ClassName=CHANNELD Member=Component ZD1_3 (ZD1) Zener -3.3V-SMD
Added Member To Class: ClassName=CHANNELE Member=Component ZD1_4 (ZD1) Zener -3.3V-SMD
Added Member To Class: ClassName=CHANNEL_EXB Member=Component ZD2_1 (ZD2) Zener -3.3V-SMD
Added Member To Class: ClassName=CHANNEL_EXC Member=Component ZD2_2 (ZD2) Zener -3.3V-SMD
Added Member To Class: ClassName=CHANNEL_EXD Member=Component ZD2_3 (ZD2) Zener -3.3V-SMD
Added Member To Class: ClassName=CHANNEL_EXE Member=Component ZD2_4 (ZD2) Zener -3.3V-SMD
Added Member To Class: ClassName=CHANNEL_EXF Member=Component ZD2_5 (ZD2) Zener -3.3V-SMD
Added Member To Class: ClassName=CHANNEL_EXG Member=Component ZD2_6 (ZD2) Zener -3.3V-SMD
Added Member To Class: ClassName=CHANNEL_EXH Member=Component ZD2_7 (ZD2) Zener -3.3V-SMD
Added Member To Class: ClassName=CHANNEL_EXI Member=Component ZD2_8 (ZD2) Zener -3.3V-SMD
Added Member To Class: ClassName=CHANNEL_EXJ Member=Component ZD2_9 (ZD2) Zener -3.3V-SMD
Added Member To Class: ClassName=CHANNEL_EXK Member=Component ZD2_10 (ZD2) Zener -3.3V-SMD
Added Member To Class: ClassName=CHANNEL_EXL Member=Component ZD2_11 (ZD2) Zener -3.3V-SMD
Added Member To Class: ClassName=CHANNEL_EXM Member=Component ZD2_12 (ZD2) Zener -3.3V-SMD
Added Member To Class: ClassName=CHANNEL_EXN Member=Component ZD2_13 (ZD2) Zener -3.3V-SMD
Added Member To Class: ClassName=CHANNEL_EXO Member=Component ZD2_14 (ZD2) Zener -3.3V-SMD
Added Member To Class: ClassName=CHANNEL_EXP Member=Component ZD2_15 (ZD2) Zener -3.3V-SMD
Added Member To Class: ClassName=CHANNEL_EXQ Member=Component ZD2_16 (ZD2) Zener -3.3V-SMD
Added Member To Class: ClassName=CHANNEL_EXR Member=Component ZD2_17 (ZD2) Zener -3.3V-SMD
Added Member To Class: ClassName=CHANNEL_EXS Member=Component ZD2_18 (ZD2) Zener -3.3V-SMD
Added Member To Class: ClassName=CHANNEL_EXT Member=Component ZD2_19 (ZD2) Zener -3.3V-SMD
Added Member To Class: ClassName=CHANNEL_EXU Member=Component ZD2_20 (ZD2) Zener -3.3V-SMD
Added Member To Class: ClassName=CHANNEL_EXV Member=Component ZD2_21 (ZD2) Zener -3.3V-SMD
Added Member To Class: ClassName=CHANNEL_EXW Member=Component ZD2_22 (ZD2) Zener -3.3V-SMD
Added Member To Class: ClassName=CHANNEL_EXX Member=Component ZD2_23 (ZD2) Zener -3.3V-SMD
Added Member To Class: ClassName=CHANNEL_EXY Member=Component ZD2_24 (ZD2) Zener -3.3V-SMD
Added Room: Name=DS1307
Added Room: Name=EEPROM
Added Room: Name=Interface
Added Room: Name=ISD1730
Added Room: Name=KEYB
Added Room: Name=KEYC
Added Room: Name=KEYD
Added Room: Name=MCU
Added Room: Name=STM_AUX
Added Room: Name=TFT
