Removed Pin From Net: NetName=GND_MCU Pin=C3-2
Removed Pin From Net: NetName=GND Pin=C41_1-2
Removed Pin From Net: NetName=GND Pin=C41_2-2
Removed Pin From Net: NetName=GND Pin=C41_3-2
Removed Pin From Net: NetName=GND Pin=C41_4-2
Removed Pin From Net: NetName=MCU_MAGNET_EX5 Pin=C41_5-1
Removed Pin From Net: NetName=GND Pin=C41_5-2
Removed Pin From Net: NetName=MCU_MAGNET_EX6 Pin=C41_6-1
Removed Pin From Net: NetName=GND Pin=C41_6-2
Removed Pin From Net: NetName=MCU_MAGNET_EX7 Pin=C41_7-1
Removed Pin From Net: NetName=GND Pin=C41_7-2
Removed Pin From Net: NetName=MCU_MAGNET_EX8 Pin=C41_8-1
Removed Pin From Net: NetName=GND Pin=C41_8-2
Removed Pin From Net: NetName=MCU_MAGNET_EX9 Pin=C41_9-1
Removed Pin From Net: NetName=GND Pin=C41_9-2
Removed Pin From Net: NetName=MCU_MAGNET_EX10 Pin=C41_10-1
Removed Pin From Net: NetName=GND Pin=C41_10-2
Removed Pin From Net: NetName=MCU_MAGNET_EX11 Pin=C41_11-1
Removed Pin From Net: NetName=GND Pin=C41_11-2
Removed Pin From Net: NetName=MCU_MAGNET_EX12 Pin=C41_12-1
Removed Pin From Net: NetName=GND Pin=C41_12-2
Removed Pin From Net: NetName=MCU_MAGNET_EX13 Pin=C41_13-1
Removed Pin From Net: NetName=GND Pin=C41_13-2
Removed Pin From Net: NetName=MCU_MAGNET_EX14 Pin=C41_14-1
Removed Pin From Net: NetName=GND Pin=C41_14-2
Removed Pin From Net: NetName=MCU_MAGNET_EX15 Pin=C41_15-1
Removed Pin From Net: NetName=GND Pin=C41_15-2
Removed Pin From Net: NetName=MCU_MAGNET_EX16 Pin=C41_16-1
Removed Pin From Net: NetName=GND Pin=C41_16-2
Removed Pin From Net: NetName=MCU_MAGNET_EX17 Pin=C41_17-1
Removed Pin From Net: NetName=GND Pin=C41_17-2
Removed Pin From Net: NetName=MCU_MAGNET_EX18 Pin=C41_18-1
Removed Pin From Net: NetName=GND Pin=C41_18-2
Removed Pin From Net: NetName=MCU_MAGNET_EX19 Pin=C41_19-1
Removed Pin From Net: NetName=GND Pin=C41_19-2
Removed Pin From Net: NetName=MCU_MAGNET_EX20 Pin=C41_20-1
Removed Pin From Net: NetName=GND Pin=C41_20-2
Removed Pin From Net: NetName=MCU_MAGNET_EX21 Pin=C41_21-1
Removed Pin From Net: NetName=GND Pin=C41_21-2
Removed Pin From Net: NetName=MCU_MAGNET_EX22 Pin=C41_22-1
Removed Pin From Net: NetName=GND Pin=C41_22-2
Removed Pin From Net: NetName=MCU_MAGNET_EX23 Pin=C41_23-1
Removed Pin From Net: NetName=GND Pin=C41_23-2
Removed Pin From Net: NetName=MCU_MAGNET_EX24 Pin=C41_24-1
Removed Pin From Net: NetName=GND Pin=C41_24-2
Removed Pin From Net: NetName=GND Pin=CN8-7
Removed Pin From Net: NetName=GND Pin=CN8-8
Removed Pin From Net: NetName=GND Pin=CN8-15
Removed Pin From Net: NetName=+12 Pin=CN8-16
Removed Pin From Net: NetName=GND Pin=CN9-7
Removed Pin From Net: NetName=GND Pin=CN9-8
Removed Pin From Net: NetName=GND Pin=CN9-15
Removed Pin From Net: NetName=+12 Pin=CN9-16
Removed Pin From Net: NetName=GND Pin=CN10-7
Removed Pin From Net: NetName=GND Pin=CN10-8
Removed Pin From Net: NetName=GND Pin=CN10-15
Removed Pin From Net: NetName=+12 Pin=CN10-16
Removed Pin From Net: NetName=GND Pin=CN11-7
Removed Pin From Net: NetName=GND Pin=CN11-8
Removed Pin From Net: NetName=GND Pin=CN11-15
Removed Pin From Net: NetName=+12 Pin=CN11-16
Removed Pin From Net: NetName=GND Pin=CN12-7
Removed Pin From Net: NetName=GND Pin=CN12-8
Removed Pin From Net: NetName=GND Pin=CN12-15
Removed Pin From Net: NetName=+12 Pin=CN12-16
Removed Pin From Net: NetName=GND Pin=CN13-7
Removed Pin From Net: NetName=GND Pin=CN13-8
Removed Pin From Net: NetName=GND Pin=CN13-15
Removed Pin From Net: NetName=+12 Pin=CN13-16
Removed Pin From Net: NetName=+12 Pin=D1_1-2
Removed Pin From Net: NetName=+12 Pin=D1_2-2
Removed Pin From Net: NetName=+12 Pin=D1_3-2
Removed Pin From Net: NetName=+12 Pin=D1_4-2
Removed Pin From Net: NetName=+12 Pin=D3_1-2
Removed Pin From Net: NetName=+12 Pin=D3_2-2
Removed Pin From Net: NetName=+12 Pin=D3_3-2
Removed Pin From Net: NetName=+12 Pin=D3_4-2
Removed Pin From Net: NetName=+12 Pin=D3_5-2
Removed Pin From Net: NetName=+12 Pin=D3_6-2
Removed Pin From Net: NetName=+12 Pin=D3_7-2
Removed Pin From Net: NetName=+12 Pin=D3_8-2
Removed Pin From Net: NetName=+12 Pin=D3_9-2
Removed Pin From Net: NetName=+12 Pin=D3_10-2
Removed Pin From Net: NetName=+12 Pin=D3_11-2
Removed Pin From Net: NetName=+12 Pin=D3_12-2
Removed Pin From Net: NetName=+12 Pin=D3_13-2
Removed Pin From Net: NetName=+12 Pin=D3_14-2
Removed Pin From Net: NetName=+12 Pin=D3_15-2
Removed Pin From Net: NetName=+12 Pin=D3_16-2
Removed Pin From Net: NetName=+12 Pin=D3_17-2
Removed Pin From Net: NetName=+12 Pin=D3_18-2
Removed Pin From Net: NetName=+12 Pin=D3_19-2
Removed Pin From Net: NetName=+12 Pin=D3_20-2
Removed Pin From Net: NetName=+12 Pin=D3_21-2
Removed Pin From Net: NetName=+12 Pin=D3_22-2
Removed Pin From Net: NetName=+12 Pin=D3_23-2
Removed Pin From Net: NetName=+12 Pin=D3_24-2
Removed Pin From Net: NetName=+5 Pin=FB1-1
Removed Pin From Net: NetName=+12 Pin=LED1_1-1
Removed Pin From Net: NetName=+12 Pin=LED1_2-1
Removed Pin From Net: NetName=+12 Pin=LED1_3-1
Removed Pin From Net: NetName=+12 Pin=LED1_4-1
Removed Pin From Net: NetName=GND Pin=Q1_1-1
Removed Pin From Net: NetName=GND Pin=Q1_2-1
Removed Pin From Net: NetName=GND Pin=Q1_3-1
Removed Pin From Net: NetName=GND Pin=Q1_4-1
Removed Pin From Net: NetName=GND Pin=Q2_1-3
Removed Pin From Net: NetName=GND Pin=Q2_2-3
Removed Pin From Net: NetName=GND Pin=Q2_3-3
Removed Pin From Net: NetName=GND Pin=Q2_4-3
Removed Pin From Net: NetName=GND Pin=Q4_1-1
Removed Pin From Net: NetName=GND Pin=Q4_2-1
Removed Pin From Net: NetName=GND Pin=Q4_3-1
Removed Pin From Net: NetName=GND Pin=Q4_4-1
Removed Pin From Net: NetName=GND Pin=Q4_5-1
Removed Pin From Net: NetName=GND Pin=Q4_6-1
Removed Pin From Net: NetName=GND Pin=Q4_7-1
Removed Pin From Net: NetName=GND Pin=Q4_8-1
Removed Pin From Net: NetName=GND Pin=Q4_9-1
Removed Pin From Net: NetName=GND Pin=Q4_10-1
Removed Pin From Net: NetName=GND Pin=Q4_11-1
Removed Pin From Net: NetName=GND Pin=Q4_12-1
Removed Pin From Net: NetName=GND Pin=Q4_13-1
Removed Pin From Net: NetName=GND Pin=Q4_14-1
Removed Pin From Net: NetName=GND Pin=Q4_15-1
Removed Pin From Net: NetName=GND Pin=Q4_16-1
Removed Pin From Net: NetName=GND Pin=Q4_17-1
Removed Pin From Net: NetName=GND Pin=Q4_18-1
Removed Pin From Net: NetName=GND Pin=Q4_19-1
Removed Pin From Net: NetName=GND Pin=Q4_20-1
Removed Pin From Net: NetName=GND Pin=Q4_21-1
Removed Pin From Net: NetName=GND Pin=Q4_22-1
Removed Pin From Net: NetName=GND Pin=Q4_23-1
Removed Pin From Net: NetName=GND Pin=Q4_24-1
Removed Pin From Net: NetName=GND Pin=Q5_1-3
Removed Pin From Net: NetName=GND Pin=Q5_2-3
Removed Pin From Net: NetName=GND Pin=Q5_3-3
Removed Pin From Net: NetName=GND Pin=Q5_4-3
Removed Pin From Net: NetName=GND Pin=Q5_5-3
Removed Pin From Net: NetName=GND Pin=Q5_6-3
Removed Pin From Net: NetName=GND Pin=Q5_7-3
Removed Pin From Net: NetName=GND Pin=Q5_8-3
Removed Pin From Net: NetName=GND Pin=Q5_9-3
Removed Pin From Net: NetName=GND Pin=Q5_10-3
Removed Pin From Net: NetName=GND Pin=Q5_11-3
Removed Pin From Net: NetName=GND Pin=Q5_12-3
Removed Pin From Net: NetName=GND Pin=Q5_13-3
Removed Pin From Net: NetName=GND Pin=Q5_14-3
Removed Pin From Net: NetName=GND Pin=Q5_15-3
Removed Pin From Net: NetName=GND Pin=Q5_16-3
Removed Pin From Net: NetName=GND Pin=Q5_17-3
Removed Pin From Net: NetName=GND Pin=Q5_18-3
Removed Pin From Net: NetName=GND Pin=Q5_19-3
Removed Pin From Net: NetName=GND Pin=Q5_20-3
Removed Pin From Net: NetName=GND Pin=Q5_21-3
Removed Pin From Net: NetName=GND Pin=Q5_22-3
Removed Pin From Net: NetName=GND Pin=Q5_23-3
Removed Pin From Net: NetName=GND Pin=Q5_24-3
Removed Pin From Net: NetName=MCU_RELAY1 Pin=R3_1-1
Removed Pin From Net: NetName=MCU_RELAY2 Pin=R3_2-1
Removed Pin From Net: NetName=MCU_RELAY3 Pin=R3_3-1
Removed Pin From Net: NetName=MCU_RELAY4 Pin=R3_4-1
Removed Pin From Net: NetName=GND Pin=R4_1-1
Removed Pin From Net: NetName=GND Pin=R4_2-1
Removed Pin From Net: NetName=GND Pin=R4_3-1
Removed Pin From Net: NetName=GND Pin=R4_4-1
Removed Pin From Net: NetName=MCU_LED1 Pin=R5_1-1
Removed Pin From Net: NetName=MCU_LED2 Pin=R5_2-1
Removed Pin From Net: NetName=MCU_LED3 Pin=R5_3-1
Removed Pin From Net: NetName=MCU_LED4 Pin=R5_4-1
Removed Pin From Net: NetName=GND Pin=R6_1-1
Removed Pin From Net: NetName=GND Pin=R6_2-1
Removed Pin From Net: NetName=GND Pin=R6_3-1
Removed Pin From Net: NetName=GND Pin=R6_4-1
Removed Pin From Net: NetName=MCU_RELAY_EX5 Pin=R31_5-1
Removed Pin From Net: NetName=MCU_RELAY_EX6 Pin=R31_6-1
Removed Pin From Net: NetName=MCU_RELAY_EX7 Pin=R31_7-1
Removed Pin From Net: NetName=MCU_RELAY_EX8 Pin=R31_8-1
Removed Pin From Net: NetName=MCU_RELAY_EX9 Pin=R31_9-1
Removed Pin From Net: NetName=MCU_RELAY_EX10 Pin=R31_10-1
Removed Pin From Net: NetName=MCU_RELAY_EX11 Pin=R31_11-1
Removed Pin From Net: NetName=MCU_RELAY_EX12 Pin=R31_12-1
Removed Pin From Net: NetName=MCU_RELAY_EX13 Pin=R31_13-1
Removed Pin From Net: NetName=MCU_RELAY_EX14 Pin=R31_14-1
Removed Pin From Net: NetName=MCU_RELAY_EX15 Pin=R31_15-1
Removed Pin From Net: NetName=MCU_RELAY_EX16 Pin=R31_16-1
Removed Pin From Net: NetName=MCU_RELAY_EX17 Pin=R31_17-1
Removed Pin From Net: NetName=MCU_RELAY_EX18 Pin=R31_18-1
Removed Pin From Net: NetName=MCU_RELAY_EX19 Pin=R31_19-1
Removed Pin From Net: NetName=MCU_RELAY_EX20 Pin=R31_20-1
Removed Pin From Net: NetName=MCU_RELAY_EX21 Pin=R31_21-1
Removed Pin From Net: NetName=MCU_RELAY_EX22 Pin=R31_22-1
Removed Pin From Net: NetName=MCU_RELAY_EX23 Pin=R31_23-1
Removed Pin From Net: NetName=MCU_RELAY_EX24 Pin=R31_24-1
Removed Pin From Net: NetName=GND Pin=R32_1-1
Removed Pin From Net: NetName=GND Pin=R32_2-1
Removed Pin From Net: NetName=GND Pin=R32_3-1
Removed Pin From Net: NetName=GND Pin=R32_4-1
Removed Pin From Net: NetName=GND Pin=R32_5-1
Removed Pin From Net: NetName=GND Pin=R32_6-1
Removed Pin From Net: NetName=GND Pin=R32_7-1
Removed Pin From Net: NetName=GND Pin=R32_8-1
Removed Pin From Net: NetName=GND Pin=R32_9-1
Removed Pin From Net: NetName=GND Pin=R32_10-1
Removed Pin From Net: NetName=GND Pin=R32_11-1
Removed Pin From Net: NetName=GND Pin=R32_12-1
Removed Pin From Net: NetName=GND Pin=R32_13-1
Removed Pin From Net: NetName=GND Pin=R32_14-1
Removed Pin From Net: NetName=GND Pin=R32_15-1
Removed Pin From Net: NetName=GND Pin=R32_16-1
Removed Pin From Net: NetName=GND Pin=R32_17-1
Removed Pin From Net: NetName=GND Pin=R32_18-1
Removed Pin From Net: NetName=GND Pin=R32_19-1
Removed Pin From Net: NetName=GND Pin=R32_20-1
Removed Pin From Net: NetName=GND Pin=R32_21-1
Removed Pin From Net: NetName=GND Pin=R32_22-1
Removed Pin From Net: NetName=GND Pin=R32_23-1
Removed Pin From Net: NetName=GND Pin=R32_24-1
Removed Pin From Net: NetName=MCU_LED_EX5 Pin=R33_5-1
Removed Pin From Net: NetName=MCU_LED_EX6 Pin=R33_6-1
Removed Pin From Net: NetName=MCU_LED_EX7 Pin=R33_7-1
Removed Pin From Net: NetName=MCU_LED_EX8 Pin=R33_8-1
Removed Pin From Net: NetName=MCU_LED_EX9 Pin=R33_9-1
Removed Pin From Net: NetName=MCU_LED_EX10 Pin=R33_10-1
Removed Pin From Net: NetName=MCU_LED_EX11 Pin=R33_11-1
Removed Pin From Net: NetName=MCU_LED_EX12 Pin=R33_12-1
Removed Pin From Net: NetName=MCU_LED_EX13 Pin=R33_13-1
Removed Pin From Net: NetName=MCU_LED_EX14 Pin=R33_14-1
Removed Pin From Net: NetName=MCU_LED_EX15 Pin=R33_15-1
Removed Pin From Net: NetName=MCU_LED_EX16 Pin=R33_16-1
Removed Pin From Net: NetName=MCU_LED_EX17 Pin=R33_17-1
Removed Pin From Net: NetName=MCU_LED_EX18 Pin=R33_18-1
Removed Pin From Net: NetName=MCU_LED_EX19 Pin=R33_19-1
Removed Pin From Net: NetName=MCU_LED_EX20 Pin=R33_20-1
Removed Pin From Net: NetName=MCU_LED_EX21 Pin=R33_21-1
Removed Pin From Net: NetName=MCU_LED_EX22 Pin=R33_22-1
Removed Pin From Net: NetName=MCU_LED_EX23 Pin=R33_23-1
Removed Pin From Net: NetName=MCU_LED_EX24 Pin=R33_24-1
Removed Pin From Net: NetName=GND Pin=R34_1-1
Removed Pin From Net: NetName=GND Pin=R34_2-1
Removed Pin From Net: NetName=GND Pin=R34_3-1
Removed Pin From Net: NetName=GND Pin=R34_4-1
Removed Pin From Net: NetName=GND Pin=R34_5-1
Removed Pin From Net: NetName=GND Pin=R34_6-1
Removed Pin From Net: NetName=GND Pin=R34_7-1
Removed Pin From Net: NetName=GND Pin=R34_8-1
Removed Pin From Net: NetName=GND Pin=R34_9-1
Removed Pin From Net: NetName=GND Pin=R34_10-1
Removed Pin From Net: NetName=GND Pin=R34_11-1
Removed Pin From Net: NetName=GND Pin=R34_12-1
Removed Pin From Net: NetName=GND Pin=R34_13-1
Removed Pin From Net: NetName=GND Pin=R34_14-1
Removed Pin From Net: NetName=GND Pin=R34_15-1
Removed Pin From Net: NetName=GND Pin=R34_16-1
Removed Pin From Net: NetName=GND Pin=R34_17-1
Removed Pin From Net: NetName=GND Pin=R34_18-1
Removed Pin From Net: NetName=GND Pin=R34_19-1
Removed Pin From Net: NetName=GND Pin=R34_20-1
Removed Pin From Net: NetName=GND Pin=R34_21-1
Removed Pin From Net: NetName=GND Pin=R34_22-1
Removed Pin From Net: NetName=GND Pin=R34_23-1
Removed Pin From Net: NetName=GND Pin=R34_24-1
Removed Pin From Net: NetName=+12 Pin=R35_1-1
Removed Pin From Net: NetName=+12 Pin=R35_2-1
Removed Pin From Net: NetName=+12 Pin=R35_3-1
Removed Pin From Net: NetName=+12 Pin=R35_4-1
Removed Pin From Net: NetName=+12 Pin=R35_5-1
Removed Pin From Net: NetName=MCU_MAGNET_EX5 Pin=R35_5-2
Removed Pin From Net: NetName=+12 Pin=R35_6-1
Removed Pin From Net: NetName=MCU_MAGNET_EX6 Pin=R35_6-2
Removed Pin From Net: NetName=+12 Pin=R35_7-1
Removed Pin From Net: NetName=MCU_MAGNET_EX7 Pin=R35_7-2
Removed Pin From Net: NetName=+12 Pin=R35_8-1
Removed Pin From Net: NetName=MCU_MAGNET_EX8 Pin=R35_8-2
Removed Pin From Net: NetName=+12 Pin=R35_9-1
Removed Pin From Net: NetName=MCU_MAGNET_EX9 Pin=R35_9-2
Removed Pin From Net: NetName=+12 Pin=R35_10-1
Removed Pin From Net: NetName=MCU_MAGNET_EX10 Pin=R35_10-2
Removed Pin From Net: NetName=+12 Pin=R35_11-1
Removed Pin From Net: NetName=MCU_MAGNET_EX11 Pin=R35_11-2
Removed Pin From Net: NetName=+12 Pin=R35_12-1
Removed Pin From Net: NetName=MCU_MAGNET_EX12 Pin=R35_12-2
Removed Pin From Net: NetName=+12 Pin=R35_13-1
Removed Pin From Net: NetName=MCU_MAGNET_EX13 Pin=R35_13-2
Removed Pin From Net: NetName=+12 Pin=R35_14-1
Removed Pin From Net: NetName=MCU_MAGNET_EX14 Pin=R35_14-2
Removed Pin From Net: NetName=+12 Pin=R35_15-1
Removed Pin From Net: NetName=MCU_MAGNET_EX15 Pin=R35_15-2
Removed Pin From Net: NetName=+12 Pin=R35_16-1
Removed Pin From Net: NetName=MCU_MAGNET_EX16 Pin=R35_16-2
Removed Pin From Net: NetName=+12 Pin=R35_17-1
Removed Pin From Net: NetName=MCU_MAGNET_EX17 Pin=R35_17-2
Removed Pin From Net: NetName=+12 Pin=R35_18-1
Removed Pin From Net: NetName=MCU_MAGNET_EX18 Pin=R35_18-2
Removed Pin From Net: NetName=+12 Pin=R35_19-1
Removed Pin From Net: NetName=MCU_MAGNET_EX19 Pin=R35_19-2
Removed Pin From Net: NetName=+12 Pin=R35_20-1
Removed Pin From Net: NetName=MCU_MAGNET_EX20 Pin=R35_20-2
Removed Pin From Net: NetName=+12 Pin=R35_21-1
Removed Pin From Net: NetName=MCU_MAGNET_EX21 Pin=R35_21-2
Removed Pin From Net: NetName=+12 Pin=R35_22-1
Removed Pin From Net: NetName=MCU_MAGNET_EX22 Pin=R35_22-2
Removed Pin From Net: NetName=+12 Pin=R35_23-1
Removed Pin From Net: NetName=MCU_MAGNET_EX23 Pin=R35_23-2
Removed Pin From Net: NetName=+12 Pin=R35_24-1
Removed Pin From Net: NetName=MCU_MAGNET_EX24 Pin=R35_24-2
Removed Pin From Net: NetName=MCU_MAGNET_EX5 Pin=R36_5-2
Removed Pin From Net: NetName=MCU_MAGNET_EX6 Pin=R36_6-2
Removed Pin From Net: NetName=MCU_MAGNET_EX7 Pin=R36_7-2
Removed Pin From Net: NetName=MCU_MAGNET_EX8 Pin=R36_8-2
Removed Pin From Net: NetName=MCU_MAGNET_EX9 Pin=R36_9-2
Removed Pin From Net: NetName=MCU_MAGNET_EX10 Pin=R36_10-2
Removed Pin From Net: NetName=MCU_MAGNET_EX11 Pin=R36_11-2
Removed Pin From Net: NetName=MCU_MAGNET_EX12 Pin=R36_12-2
Removed Pin From Net: NetName=MCU_MAGNET_EX13 Pin=R36_13-2
Removed Pin From Net: NetName=MCU_MAGNET_EX14 Pin=R36_14-2
Removed Pin From Net: NetName=MCU_MAGNET_EX15 Pin=R36_15-2
Removed Pin From Net: NetName=MCU_MAGNET_EX16 Pin=R36_16-2
Removed Pin From Net: NetName=MCU_MAGNET_EX17 Pin=R36_17-2
Removed Pin From Net: NetName=MCU_MAGNET_EX18 Pin=R36_18-2
Removed Pin From Net: NetName=MCU_MAGNET_EX19 Pin=R36_19-2
Removed Pin From Net: NetName=MCU_MAGNET_EX20 Pin=R36_20-2
Removed Pin From Net: NetName=MCU_MAGNET_EX21 Pin=R36_21-2
Removed Pin From Net: NetName=MCU_MAGNET_EX22 Pin=R36_22-2
Removed Pin From Net: NetName=MCU_MAGNET_EX23 Pin=R36_23-2
Removed Pin From Net: NetName=MCU_MAGNET_EX24 Pin=R36_24-2
Removed Pin From Net: NetName=+12 Pin=RL1_1-1
Removed Pin From Net: NetName=+12 Pin=RL1_1-5
Removed Pin From Net: NetName=+12 Pin=RL1_2-1
Removed Pin From Net: NetName=+12 Pin=RL1_2-5
Removed Pin From Net: NetName=+12 Pin=RL1_3-1
Removed Pin From Net: NetName=+12 Pin=RL1_3-5
Removed Pin From Net: NetName=+12 Pin=RL1_4-1
Removed Pin From Net: NetName=+12 Pin=RL1_4-5
Removed Pin From Net: NetName=GND_MCU Pin=U1-4
Removed Pin From Net: NetName=MCU_SDA Pin=U1-5
Removed Pin From Net: NetName=MCU_SCL Pin=U1-6
Removed Pin From Net: NetName=MCU_RELAY1 Pin=U4-1
Removed Pin From Net: NetName=MCU_LED1 Pin=U4-2
Removed Pin From Net: NetName=MCU_RELAY2 Pin=U4-4
Removed Pin From Net: NetName=MCU_LED2 Pin=U4-5
Removed Pin From Net: NetName=MCU_RELAY3 Pin=U4-8
Removed Pin From Net: NetName=MCU_LED3 Pin=U4-9
Removed Pin From Net: NetName=MCU_RELAY4 Pin=U4-11
Removed Pin From Net: NetName=MCU_LED4 Pin=U4-12
Removed Pin From Net: NetName=GND Pin=ZD2_1-1
Removed Pin From Net: NetName=GND Pin=ZD2_2-1
Removed Pin From Net: NetName=GND Pin=ZD2_3-1
Removed Pin From Net: NetName=GND Pin=ZD2_4-1
Removed Pin From Net: NetName=GND Pin=ZD2_5-1
Removed Pin From Net: NetName=MCU_MAGNET_EX5 Pin=ZD2_5-2
Removed Pin From Net: NetName=GND Pin=ZD2_6-1
Removed Pin From Net: NetName=MCU_MAGNET_EX6 Pin=ZD2_6-2
Removed Pin From Net: NetName=GND Pin=ZD2_7-1
Removed Pin From Net: NetName=MCU_MAGNET_EX7 Pin=ZD2_7-2
Removed Pin From Net: NetName=GND Pin=ZD2_8-1
Removed Pin From Net: NetName=MCU_MAGNET_EX8 Pin=ZD2_8-2
Removed Pin From Net: NetName=GND Pin=ZD2_9-1
Removed Pin From Net: NetName=MCU_MAGNET_EX9 Pin=ZD2_9-2
Removed Pin From Net: NetName=GND Pin=ZD2_10-1
Removed Pin From Net: NetName=MCU_MAGNET_EX10 Pin=ZD2_10-2
Removed Pin From Net: NetName=GND Pin=ZD2_11-1
Removed Pin From Net: NetName=MCU_MAGNET_EX11 Pin=ZD2_11-2
Removed Pin From Net: NetName=GND Pin=ZD2_12-1
Removed Pin From Net: NetName=MCU_MAGNET_EX12 Pin=ZD2_12-2
Removed Pin From Net: NetName=GND Pin=ZD2_13-1
Removed Pin From Net: NetName=MCU_MAGNET_EX13 Pin=ZD2_13-2
Removed Pin From Net: NetName=GND Pin=ZD2_14-1
Removed Pin From Net: NetName=MCU_MAGNET_EX14 Pin=ZD2_14-2
Removed Pin From Net: NetName=GND Pin=ZD2_15-1
Removed Pin From Net: NetName=MCU_MAGNET_EX15 Pin=ZD2_15-2
Removed Pin From Net: NetName=GND Pin=ZD2_16-1
Removed Pin From Net: NetName=MCU_MAGNET_EX16 Pin=ZD2_16-2
Removed Pin From Net: NetName=GND Pin=ZD2_17-1
Removed Pin From Net: NetName=MCU_MAGNET_EX17 Pin=ZD2_17-2
Removed Pin From Net: NetName=GND Pin=ZD2_18-1
Removed Pin From Net: NetName=MCU_MAGNET_EX18 Pin=ZD2_18-2
Removed Pin From Net: NetName=GND Pin=ZD2_19-1
Removed Pin From Net: NetName=MCU_MAGNET_EX19 Pin=ZD2_19-2
Removed Pin From Net: NetName=GND Pin=ZD2_20-1
Removed Pin From Net: NetName=MCU_MAGNET_EX20 Pin=ZD2_20-2
Removed Pin From Net: NetName=GND Pin=ZD2_21-1
Removed Pin From Net: NetName=MCU_MAGNET_EX21 Pin=ZD2_21-2
Removed Pin From Net: NetName=GND Pin=ZD2_22-1
Removed Pin From Net: NetName=MCU_MAGNET_EX22 Pin=ZD2_22-2
Removed Pin From Net: NetName=GND Pin=ZD2_23-1
Removed Pin From Net: NetName=MCU_MAGNET_EX23 Pin=ZD2_23-2
Removed Pin From Net: NetName=GND Pin=ZD2_24-1
Removed Pin From Net: NetName=MCU_MAGNET_EX24 Pin=ZD2_24-2
Removed Member From Class: ClassName=CHANNEL_EXB Member=C41_1
Removed Member From Class: ClassName=CHANNEL_EXC Member=C41_2
Removed Member From Class: ClassName=CHANNEL_EXD Member=C41_3
Removed Member From Class: ClassName=CHANNEL_EXE Member=C41_4
Removed Member From Class: ClassName=CHANNEL_EXF Member=C41_5
Removed Member From Class: ClassName=CHANNEL_EXG Member=C41_6
Removed Member From Class: ClassName=CHANNEL_EXH Member=C41_7
Removed Member From Class: ClassName=CHANNEL_EXI Member=C41_8
Removed Member From Class: ClassName=Interface Member=CN8
Removed Member From Class: ClassName=Interface Member=CN9
Removed Member From Class: ClassName=Interface Member=CN10
Removed Member From Class: ClassName=Interface Member=CN11
Removed Member From Class: ClassName=Interface Member=CN12
Removed Member From Class: ClassName=Interface Member=CN13
Removed Member From Class: ClassName=CHANNELB Member=D1_1
Removed Member From Class: ClassName=CHANNELC Member=D1_2
Removed Member From Class: ClassName=CHANNELD Member=D1_3
Removed Member From Class: ClassName=CHANNELE Member=D1_4
Removed Member From Class: ClassName=CHANNEL_EXB Member=D3_1
Removed Member From Class: ClassName=CHANNEL_EXC Member=D3_2
Removed Member From Class: ClassName=CHANNEL_EXD Member=D3_3
Removed Member From Class: ClassName=CHANNEL_EXE Member=D3_4
Removed Member From Class: ClassName=CHANNEL_EXF Member=D3_5
Removed Member From Class: ClassName=CHANNEL_EXG Member=D3_6
Removed Member From Class: ClassName=CHANNEL_EXH Member=D3_7
Removed Member From Class: ClassName=CHANNEL_EXI Member=D3_8
Removed Member From Class: ClassName=CHANNELB Member=LED1_1
Removed Member From Class: ClassName=CHANNELC Member=LED1_2
Removed Member From Class: ClassName=CHANNELD Member=LED1_3
Removed Member From Class: ClassName=CHANNELE Member=LED1_4
Removed Member From Class: ClassName=CHANNELB Member=Q1_1
Removed Member From Class: ClassName=CHANNELC Member=Q1_2
Removed Member From Class: ClassName=CHANNELD Member=Q1_3
Removed Member From Class: ClassName=CHANNELE Member=Q1_4
Removed Member From Class: ClassName=CHANNELB Member=Q2_1
Removed Member From Class: ClassName=CHANNELC Member=Q2_2
Removed Member From Class: ClassName=CHANNELD Member=Q2_3
Removed Member From Class: ClassName=CHANNELE Member=Q2_4
Removed Member From Class: ClassName=CHANNEL_EXB Member=Q4_1
Removed Member From Class: ClassName=CHANNEL_EXC Member=Q4_2
Removed Member From Class: ClassName=CHANNEL_EXD Member=Q4_3
Removed Member From Class: ClassName=CHANNEL_EXE Member=Q4_4
Removed Member From Class: ClassName=CHANNEL_EXF Member=Q4_5
Removed Member From Class: ClassName=CHANNEL_EXG Member=Q4_6
Removed Member From Class: ClassName=CHANNEL_EXH Member=Q4_7
Removed Member From Class: ClassName=CHANNEL_EXI Member=Q4_8
Removed Member From Class: ClassName=CHANNEL_EXB Member=Q5_1
Removed Member From Class: ClassName=CHANNEL_EXC Member=Q5_2
Removed Member From Class: ClassName=CHANNEL_EXD Member=Q5_3
Removed Member From Class: ClassName=CHANNEL_EXE Member=Q5_4
Removed Member From Class: ClassName=CHANNEL_EXF Member=Q5_5
Removed Member From Class: ClassName=CHANNEL_EXG Member=Q5_6
Removed Member From Class: ClassName=CHANNEL_EXH Member=Q5_7
Removed Member From Class: ClassName=CHANNEL_EXI Member=Q5_8
Removed Member From Class: ClassName=CHANNELB Member=R2_1
Removed Member From Class: ClassName=CHANNELC Member=R2_2
Removed Member From Class: ClassName=CHANNELD Member=R2_3
Removed Member From Class: ClassName=CHANNELE Member=R2_4
Removed Member From Class: ClassName=CHANNELB Member=R3_1
Removed Member From Class: ClassName=CHANNELC Member=R3_2
Removed Member From Class: ClassName=CHANNELD Member=R3_3
Removed Member From Class: ClassName=CHANNELE Member=R3_4
Removed Member From Class: ClassName=CHANNELB Member=R4_1
Removed Member From Class: ClassName=CHANNELC Member=R4_2
Removed Member From Class: ClassName=CHANNELD Member=R4_3
Removed Member From Class: ClassName=CHANNELE Member=R4_4
Removed Member From Class: ClassName=CHANNELB Member=R5_1
Removed Member From Class: ClassName=CHANNELC Member=R5_2
Removed Member From Class: ClassName=CHANNELD Member=R5_3
Removed Member From Class: ClassName=CHANNELE Member=R5_4
Removed Member From Class: ClassName=CHANNELB Member=R6_1
Removed Member From Class: ClassName=CHANNELC Member=R6_2
Removed Member From Class: ClassName=CHANNELD Member=R6_3
Removed Member From Class: ClassName=CHANNELE Member=R6_4
Removed Member From Class: ClassName=CHANNELB Member=RL1_1
Removed Member From Class: ClassName=CHANNELC Member=RL1_2
Removed Member From Class: ClassName=CHANNELD Member=RL1_3
Removed Member From Class: ClassName=CHANNELE Member=RL1_4
Removed Member From Class: ClassName=CHANNEL_EXB Member=ZD2_1
Removed Member From Class: ClassName=CHANNEL_EXC Member=ZD2_2
Removed Member From Class: ClassName=CHANNEL_EXD Member=ZD2_3
Removed Member From Class: ClassName=CHANNEL_EXE Member=ZD2_4
Removed Member From Class: ClassName=CHANNEL_EXF Member=ZD2_5
Removed Member From Class: ClassName=CHANNEL_EXG Member=ZD2_6
Removed Member From Class: ClassName=CHANNEL_EXH Member=ZD2_7
Removed Member From Class: ClassName=CHANNEL_EXI Member=ZD2_8
Change Component Footprint: Designator=BAT1 Old Footprint=BAT-HOLDER-SMD-1220 New Footprint=BAT-HOLDER-SMD-3V
Change Component Comment : Designator=R35_1 Old Comment= New Comment=RES 4.7K-5%-1/8W-SMD
Change Component Comment : Designator=R35_2 Old Comment= New Comment=RES 4.7K-5%-1/8W-SMD
Change Component Comment : Designator=R35_3 Old Comment= New Comment=RES 4.7K-5%-1/8W-SMD
Change Component Comment : Designator=R35_4 Old Comment= New Comment=RES 4.7K-5%-1/8W-SMD
Change Component Comment : Designator=R35_5 Old Comment= New Comment=RES 4.7K-5%-1/8W-SMD
Change Component Comment : Designator=R35_6 Old Comment= New Comment=RES 4.7K-5%-1/8W-SMD
Change Component Comment : Designator=R35_7 Old Comment= New Comment=RES 4.7K-5%-1/8W-SMD
Change Component Comment : Designator=R35_8 Old Comment= New Comment=RES 4.7K-5%-1/8W-SMD
Change Component Comment : Designator=R36_1 Old Comment= New Comment=RES 4.7K-5%-1/8W-SMD
Change Component Comment : Designator=R36_2 Old Comment= New Comment=RES 4.7K-5%-1/8W-SMD
Change Component Comment : Designator=R36_3 Old Comment= New Comment=RES 4.7K-5%-1/8W-SMD
Change Component Comment : Designator=R36_4 Old Comment= New Comment=RES 4.7K-5%-1/8W-SMD
Change Component Comment : Designator=R36_5 Old Comment= New Comment=RES 4.7K-5%-1/8W-SMD
Change Component Comment : Designator=R36_6 Old Comment= New Comment=RES 4.7K-5%-1/8W-SMD
Change Component Comment : Designator=R36_7 Old Comment= New Comment=RES 4.7K-5%-1/8W-SMD
Change Component Comment : Designator=R36_8 Old Comment= New Comment=RES 4.7K-5%-1/8W-SMD
Change Component Comment : Designator=BAT1 Old Comment=BATTERY HOLDER-3V New Comment=Bat Holder 2016-SMD
Change Component Comment : Designator=C3 Old Comment=CAP Cer 100nF-50V-X7R-SMD New Comment=CAP Cer 10uF-50V-X7R-SMD
Change Component Comment : Designator=FB1 Old Comment=FERRITE BEAD New Comment=Ferrite Bead SMD
Change Component Comment : Designator=R33_1 Old Comment=RES 1K-5%-1/8W-SMD New Comment=RES 4.7K-5%-1/8W-SMD
Change Component Comment : Designator=R33_2 Old Comment=RES 1K-5%-1/8W-SMD New Comment=RES 4.7K-5%-1/8W-SMD
Change Component Comment : Designator=R33_3 Old Comment=RES 1K-5%-1/8W-SMD New Comment=RES 4.7K-5%-1/8W-SMD
Change Component Comment : Designator=R33_4 Old Comment=RES 1K-5%-1/8W-SMD New Comment=RES 4.7K-5%-1/8W-SMD
Change Component Comment : Designator=R33_5 Old Comment=RES 1K-5%-1/8W-SMD New Comment=RES 4.7K-5%-1/8W-SMD
Change Component Comment : Designator=R33_6 Old Comment=RES 1K-5%-1/8W-SMD New Comment=RES 4.7K-5%-1/8W-SMD
Change Component Comment : Designator=R33_7 Old Comment=RES 1K-5%-1/8W-SMD New Comment=RES 4.7K-5%-1/8W-SMD
Change Component Comment : Designator=R33_8 Old Comment=RES 1K-5%-1/8W-SMD New Comment=RES 4.7K-5%-1/8W-SMD
Change Component Comment : Designator=R4_1 Old Comment=RES 10K-5%-1/8W-SMD New Comment=RES 1K-5%-1/8W-SMD
Change Component Comment : Designator=R4_2 Old Comment=RES 10K-5%-1/8W-SMD New Comment=RES 1K-5%-1/8W-SMD
Change Component Comment : Designator=R4_3 Old Comment=RES 10K-5%-1/8W-SMD New Comment=RES 1K-5%-1/8W-SMD
Change Component Comment : Designator=R4_4 Old Comment=RES 10K-5%-1/8W-SMD New Comment=RES 1K-5%-1/8W-SMD
Change Component Comment : Designator=R6_1 Old Comment=RES 10K-5%-1/8W-SMD New Comment=RES 1K-5%-1/8W-SMD
Change Component Comment : Designator=R6_2 Old Comment=RES 10K-5%-1/8W-SMD New Comment=RES 1K-5%-1/8W-SMD
Change Component Comment : Designator=R6_3 Old Comment=RES 10K-5%-1/8W-SMD New Comment=RES 1K-5%-1/8W-SMD
Change Component Comment : Designator=R6_4 Old Comment=RES 10K-5%-1/8W-SMD New Comment=RES 1K-5%-1/8W-SMD
Change Component Comment : Designator=R32_1 Old Comment=RES 10K-5%-1/8W-SMD New Comment=RES 4.7K-5%-1/8W-SMD
Change Component Comment : Designator=R32_2 Old Comment=RES 10K-5%-1/8W-SMD New Comment=RES 4.7K-5%-1/8W-SMD
Change Component Comment : Designator=R32_3 Old Comment=RES 10K-5%-1/8W-SMD New Comment=RES 4.7K-5%-1/8W-SMD
Change Component Comment : Designator=R32_4 Old Comment=RES 10K-5%-1/8W-SMD New Comment=RES 4.7K-5%-1/8W-SMD
Change Component Comment : Designator=R32_5 Old Comment=RES 10K-5%-1/8W-SMD New Comment=RES 4.7K-5%-1/8W-SMD
Change Component Comment : Designator=R32_6 Old Comment=RES 10K-5%-1/8W-SMD New Comment=RES 4.7K-5%-1/8W-SMD
Change Component Comment : Designator=R32_7 Old Comment=RES 10K-5%-1/8W-SMD New Comment=RES 4.7K-5%-1/8W-SMD
Change Component Comment : Designator=R32_8 Old Comment=RES 10K-5%-1/8W-SMD New Comment=RES 4.7K-5%-1/8W-SMD
Change Component Comment : Designator=R34_1 Old Comment=RES 10K-5%-1/8W-SMD New Comment=RES 4.7K-5%-1/8W-SMD
Change Component Comment : Designator=R34_2 Old Comment=RES 10K-5%-1/8W-SMD New Comment=RES 4.7K-5%-1/8W-SMD
Change Component Comment : Designator=R34_3 Old Comment=RES 10K-5%-1/8W-SMD New Comment=RES 4.7K-5%-1/8W-SMD
Change Component Comment : Designator=R34_4 Old Comment=RES 10K-5%-1/8W-SMD New Comment=RES 4.7K-5%-1/8W-SMD
Change Component Comment : Designator=R34_5 Old Comment=RES 10K-5%-1/8W-SMD New Comment=RES 4.7K-5%-1/8W-SMD
Change Component Comment : Designator=R34_6 Old Comment=RES 10K-5%-1/8W-SMD New Comment=RES 4.7K-5%-1/8W-SMD
Change Component Comment : Designator=R34_7 Old Comment=RES 10K-5%-1/8W-SMD New Comment=RES 4.7K-5%-1/8W-SMD
Change Component Comment : Designator=R34_8 Old Comment=RES 10K-5%-1/8W-SMD New Comment=RES 4.7K-5%-1/8W-SMD
Change component parameters: Designator = "BAT1" ("BAT1"); Footprint = "BAT-HOLDER-SMD-1220"; UniqueID = "\WHSGVRKY\VGIENYQA" ("\WHSGVRKY\VGIENYQA")
Change component parameters (AddParameter): Name = "ComponentLink1Description"; Value = "Linkedin"; VariantName = "[No Variations]"
Change component parameters (AddParameter): Name = "ComponentLink1URL"; Value = "https://ir.linkedin.com/in/mahdi-bagherzade"; VariantName = "[No Variations]"
Change component parameters (AddParameter): Name = "Phone Number"; Value = "0915 8700 314"; VariantName = "[No Variations]"
Change component parameters (AddParameter): Name = "Published Date"; Value = "9-15-2024"; VariantName = "[No Variations]"
Change component parameters (AddParameter): Name = "Publisher"; Value = "Mahdi Bagherzadeh"; VariantName = "[No Variations]"
Change component parameters (AddParameter): Name = "Size"; Value = "2016"; VariantName = "[No Variations]"
Change component parameters (AddParameter): Name = "Type"; Value = "SMD"; VariantName = "[No Variations]"
Change component parameters (AddParameter): Name = "Voltage"; Value = "3V"; VariantName = "[No Variations]"
Change component parameters: Designator = "C3" ("C3"); Footprint = "C-0805"; UniqueID = "\WHSGVRKY\BVEMXQDK" ("\WHSGVRKY\BVEMXQDK")
Change component parameters (AddParameter): Name = "ComponentLink1Description"; Value = "Linkedin"; VariantName = "[No Variations]"
Change component parameters (AddParameter): Name = "ComponentLink1URL"; Value = "https://ir.linkedin.com/in/mahdi-bagherzade"; VariantName = "[No Variations]"
Change component parameters (AddParameter): Name = "Phone Number"; Value = "0915 8700 314"; VariantName = "[No Variations]"
Change component parameters (AddParameter): Name = "Published Date"; Value = "9-15-2024"; VariantName = "[No Variations]"
Change component parameters (AddParameter): Name = "Publisher"; Value = "Mahdi Bagherzadeh"; VariantName = "[No Variations]"
Change component parameters (AddParameter): Name = "Tolerance"; Value = "X7R"; VariantName = "[No Variations]"
Change component parameters (AddParameter): Name = "Type"; Value = "SMD"; VariantName = "[No Variations]"
Change component parameters (AddParameter): Name = "Value"; Value = "10uF"; VariantName = "[No Variations]"
Change component parameters (AddParameter): Name = "Voltage"; Value = "50V"; VariantName = "[No Variations]"
Change component parameters: Designator = "FB1" ("FB1"); Footprint = "FB-0805"; UniqueID = "\WHSGVRKY\BZFZSBSC" ("\WHSGVRKY\BZFZSBSC")
Change component parameters (AddParameter): Name = "ComponentLink1Description"; Value = "Linkedin"; VariantName = "[No Variations]"
Change component parameters (AddParameter): Name = "ComponentLink1URL"; Value = "https://ir.linkedin.com/in/mahdi-bagherzade"; VariantName = "[No Variations]"
Change component parameters (AddParameter): Name = "Phone Number"; Value = "0915 8700 314"; VariantName = "[No Variations]"
Change component parameters (AddParameter): Name = "Published Date"; Value = "9-15-2024"; VariantName = "[No Variations]"
Change component parameters (AddParameter): Name = "Publisher"; Value = "Mahdi Bagherzadeh"; VariantName = "[No Variations]"
Change component parameters (AddParameter): Name = "Type"; Value = "SMD"; VariantName = "[No Variations]"
Change component parameters: Designator = "R4_1" ("R4"); Footprint = "R-0805"; UniqueID = "\CGHPAPAY\QWJKMTYI" ("\CGHPAPAY\QWJKMTYI")
Change component parameters (AddParameter): Name = "ComponentLink1Description"; Value = "Linkedin"; VariantName = "[No Variations]"
Change component parameters (AddParameter): Name = "ComponentLink1URL"; Value = "https://ir.linkedin.com/in/mahdi-bagherzade"; VariantName = "[No Variations]"
Change component parameters (AddParameter): Name = "Phone Number"; Value = "0915 8700 314"; VariantName = "[No Variations]"
Change component parameters (AddParameter): Name = "Power"; Value = "1/8W"; VariantName = "[No Variations]"
Change component parameters (AddParameter): Name = "Published Date"; Value = "9-15-2024"; VariantName = "[No Variations]"
Change component parameters (AddParameter): Name = "Publisher"; Value = "Mahdi Bagherzadeh"; VariantName = "[No Variations]"
Change component parameters (AddParameter): Name = "Tolerance"; Value = "5%"; VariantName = "[No Variations]"
Change component parameters (AddParameter): Name = "Type"; Value = "SMD"; VariantName = "[No Variations]"
Change component parameters (AddParameter): Name = "VALUE"; Value = "1K"; VariantName = "[No Variations]"
Change component parameters: Designator = "R4_2" ("R4"); Footprint = "R-0805"; UniqueID = "\LGQBKTPH\QWJKMTYI" ("\LGQBKTPH\QWJKMTYI")
Change component parameters (AddParameter): Name = "ComponentLink1Description"; Value = "Linkedin"; VariantName = "[No Variations]"
Change component parameters (AddParameter): Name = "ComponentLink1URL"; Value = "https://ir.linkedin.com/in/mahdi-bagherzade"; VariantName = "[No Variations]"
Change component parameters (AddParameter): Name = "Phone Number"; Value = "0915 8700 314"; VariantName = "[No Variations]"
Change component parameters (AddParameter): Name = "Power"; Value = "1/8W"; VariantName = "[No Variations]"
Change component parameters (AddParameter): Name = "Published Date"; Value = "9-15-2024"; VariantName = "[No Variations]"
Change component parameters (AddParameter): Name = "Publisher"; Value = "Mahdi Bagherzadeh"; VariantName = "[No Variations]"
Change component parameters (AddParameter): Name = "Tolerance"; Value = "5%"; VariantName = "[No Variations]"
Change component parameters (AddParameter): Name = "Type"; Value = "SMD"; VariantName = "[No Variations]"
Change component parameters (AddParameter): Name = "VALUE"; Value = "1K"; VariantName = "[No Variations]"
Change component parameters: Designator = "R4_3" ("R4"); Footprint = "R-0805"; UniqueID = "\AKMOJFGF\QWJKMTYI" ("\AKMOJFGF\QWJKMTYI")
Change component parameters (AddParameter): Name = "ComponentLink1Description"; Value = "Linkedin"; VariantName = "[No Variations]"
Change component parameters (AddParameter): Name = "ComponentLink1URL"; Value = "https://ir.linkedin.com/in/mahdi-bagherzade"; VariantName = "[No Variations]"
Change component parameters (AddParameter): Name = "Phone Number"; Value = "0915 8700 314"; VariantName = "[No Variations]"
Change component parameters (AddParameter): Name = "Power"; Value = "1/8W"; VariantName = "[No Variations]"
Change component parameters (AddParameter): Name = "Published Date"; Value = "9-15-2024"; VariantName = "[No Variations]"
Change component parameters (AddParameter): Name = "Publisher"; Value = "Mahdi Bagherzadeh"; VariantName = "[No Variations]"
Change component parameters (AddParameter): Name = "Tolerance"; Value = "5%"; VariantName = "[No Variations]"
Change component parameters (AddParameter): Name = "Type"; Value = "SMD"; VariantName = "[No Variations]"
Change component parameters (AddParameter): Name = "VALUE"; Value = "1K"; VariantName = "[No Variations]"
Change component parameters: Designator = "R4_4" ("R4"); Footprint = "R-0805"; UniqueID = "\RAPFCUBK\QWJKMTYI" ("\RAPFCUBK\QWJKMTYI")
Change component parameters (AddParameter): Name = "ComponentLink1Description"; Value = "Linkedin"; VariantName = "[No Variations]"
Change component parameters (AddParameter): Name = "ComponentLink1URL"; Value = "https://ir.linkedin.com/in/mahdi-bagherzade"; VariantName = "[No Variations]"
Change component parameters (AddParameter): Name = "Phone Number"; Value = "0915 8700 314"; VariantName = "[No Variations]"
Change component parameters (AddParameter): Name = "Power"; Value = "1/8W"; VariantName = "[No Variations]"
Change component parameters (AddParameter): Name = "Published Date"; Value = "9-15-2024"; VariantName = "[No Variations]"
Change component parameters (AddParameter): Name = "Publisher"; Value = "Mahdi Bagherzadeh"; VariantName = "[No Variations]"
Change component parameters (AddParameter): Name = "Tolerance"; Value = "5%"; VariantName = "[No Variations]"
Change component parameters (AddParameter): Name = "Type"; Value = "SMD"; VariantName = "[No Variations]"
Change component parameters (AddParameter): Name = "VALUE"; Value = "1K"; VariantName = "[No Variations]"
Change component parameters: Designator = "R6_1" ("R6"); Footprint = "R-0805"; UniqueID = "\CGHPAPAY\GLUSVLOR" ("\CGHPAPAY\GLUSVLOR")
Change component parameters (AddParameter): Name = "ComponentLink1Description"; Value = "Linkedin"; VariantName = "[No Variations]"
Change component parameters (AddParameter): Name = "ComponentLink1URL"; Value = "https://ir.linkedin.com/in/mahdi-bagherzade"; VariantName = "[No Variations]"
Change component parameters (AddParameter): Name = "Phone Number"; Value = "0915 8700 314"; VariantName = "[No Variations]"
Change component parameters (AddParameter): Name = "Power"; Value = "1/8W"; VariantName = "[No Variations]"
Change component parameters (AddParameter): Name = "Published Date"; Value = "9-15-2024"; VariantName = "[No Variations]"
Change component parameters (AddParameter): Name = "Publisher"; Value = "Mahdi Bagherzadeh"; VariantName = "[No Variations]"
Change component parameters (AddParameter): Name = "Tolerance"; Value = "5%"; VariantName = "[No Variations]"
Change component parameters (AddParameter): Name = "Type"; Value = "SMD"; VariantName = "[No Variations]"
Change component parameters (AddParameter): Name = "VALUE"; Value = "1K"; VariantName = "[No Variations]"
Change component parameters: Designator = "R6_2" ("R6"); Footprint = "R-0805"; UniqueID = "\LGQBKTPH\GLUSVLOR" ("\LGQBKTPH\GLUSVLOR")
Change component parameters (AddParameter): Name = "ComponentLink1Description"; Value = "Linkedin"; VariantName = "[No Variations]"
Change component parameters (AddParameter): Name = "ComponentLink1URL"; Value = "https://ir.linkedin.com/in/mahdi-bagherzade"; VariantName = "[No Variations]"
Change component parameters (AddParameter): Name = "Phone Number"; Value = "0915 8700 314"; VariantName = "[No Variations]"
Change component parameters (AddParameter): Name = "Power"; Value = "1/8W"; VariantName = "[No Variations]"
Change component parameters (AddParameter): Name = "Published Date"; Value = "9-15-2024"; VariantName = "[No Variations]"
Change component parameters (AddParameter): Name = "Publisher"; Value = "Mahdi Bagherzadeh"; VariantName = "[No Variations]"
Change component parameters (AddParameter): Name = "Tolerance"; Value = "5%"; VariantName = "[No Variations]"
Change component parameters (AddParameter): Name = "Type"; Value = "SMD"; VariantName = "[No Variations]"
Change component parameters (AddParameter): Name = "VALUE"; Value = "1K"; VariantName = "[No Variations]"
Change component parameters: Designator = "R6_3" ("R6"); Footprint = "R-0805"; UniqueID = "\AKMOJFGF\GLUSVLOR" ("\AKMOJFGF\GLUSVLOR")
Change component parameters (AddParameter): Name = "ComponentLink1Description"; Value = "Linkedin"; VariantName = "[No Variations]"
Change component parameters (AddParameter): Name = "ComponentLink1URL"; Value = "https://ir.linkedin.com/in/mahdi-bagherzade"; VariantName = "[No Variations]"
Change component parameters (AddParameter): Name = "Phone Number"; Value = "0915 8700 314"; VariantName = "[No Variations]"
Change component parameters (AddParameter): Name = "Power"; Value = "1/8W"; VariantName = "[No Variations]"
Change component parameters (AddParameter): Name = "Published Date"; Value = "9-15-2024"; VariantName = "[No Variations]"
Change component parameters (AddParameter): Name = "Publisher"; Value = "Mahdi Bagherzadeh"; VariantName = "[No Variations]"
Change component parameters (AddParameter): Name = "Tolerance"; Value = "5%"; VariantName = "[No Variations]"
Change component parameters (AddParameter): Name = "Type"; Value = "SMD"; VariantName = "[No Variations]"
Change component parameters (AddParameter): Name = "VALUE"; Value = "1K"; VariantName = "[No Variations]"
Change component parameters: Designator = "R6_4" ("R6"); Footprint = "R-0805"; UniqueID = "\RAPFCUBK\GLUSVLOR" ("\RAPFCUBK\GLUSVLOR")
Change component parameters (AddParameter): Name = "ComponentLink1Description"; Value = "Linkedin"; VariantName = "[No Variations]"
Change component parameters (AddParameter): Name = "ComponentLink1URL"; Value = "https://ir.linkedin.com/in/mahdi-bagherzade"; VariantName = "[No Variations]"
Change component parameters (AddParameter): Name = "Phone Number"; Value = "0915 8700 314"; VariantName = "[No Variations]"
Change component parameters (AddParameter): Name = "Power"; Value = "1/8W"; VariantName = "[No Variations]"
Change component parameters (AddParameter): Name = "Published Date"; Value = "9-15-2024"; VariantName = "[No Variations]"
Change component parameters (AddParameter): Name = "Publisher"; Value = "Mahdi Bagherzadeh"; VariantName = "[No Variations]"
Change component parameters (AddParameter): Name = "Tolerance"; Value = "5%"; VariantName = "[No Variations]"
Change component parameters (AddParameter): Name = "Type"; Value = "SMD"; VariantName = "[No Variations]"
Change component parameters (AddParameter): Name = "VALUE"; Value = "1K"; VariantName = "[No Variations]"
Change component parameters: Designator = "R32_1" ("R32"); Footprint = "R-0805"; UniqueID = "\CGHPAPAY\TLCEBLZB" ("\CGHPAPAY\TLCEBLZB")
Change component parameters (AddParameter): Name = "ComponentLink1Description"; Value = "Linkedin"; VariantName = "[No Variations]"
Change component parameters (AddParameter): Name = "ComponentLink1URL"; Value = "https://ir.linkedin.com/in/mahdi-bagherzade"; VariantName = "[No Variations]"
Change component parameters (AddParameter): Name = "Phone Number"; Value = "0915 8700 314"; VariantName = "[No Variations]"
Change component parameters (AddParameter): Name = "Power"; Value = "1/8W"; VariantName = "[No Variations]"
Change component parameters (AddParameter): Name = "Published Date"; Value = "9-15-2024"; VariantName = "[No Variations]"
Change component parameters (AddParameter): Name = "Publisher"; Value = "Mahdi Bagherzadeh"; VariantName = "[No Variations]"
Change component parameters (AddParameter): Name = "Tolerance"; Value = "5%"; VariantName = "[No Variations]"
Change component parameters (AddParameter): Name = "Type"; Value = "SMD"; VariantName = "[No Variations]"
Change component parameters (AddParameter): Name = "VALUE"; Value = "4.7K"; VariantName = "[No Variations]"
Change component parameters: Designator = "R32_2" ("R32"); Footprint = "R-0805"; UniqueID = "\LGQBKTPH\TLCEBLZB" ("\LGQBKTPH\TLCEBLZB")
Change component parameters (AddParameter): Name = "ComponentLink1Description"; Value = "Linkedin"; VariantName = "[No Variations]"
Change component parameters (AddParameter): Name = "ComponentLink1URL"; Value = "https://ir.linkedin.com/in/mahdi-bagherzade"; VariantName = "[No Variations]"
Change component parameters (AddParameter): Name = "Phone Number"; Value = "0915 8700 314"; VariantName = "[No Variations]"
Change component parameters (AddParameter): Name = "Power"; Value = "1/8W"; VariantName = "[No Variations]"
Change component parameters (AddParameter): Name = "Published Date"; Value = "9-15-2024"; VariantName = "[No Variations]"
Change component parameters (AddParameter): Name = "Publisher"; Value = "Mahdi Bagherzadeh"; VariantName = "[No Variations]"
Change component parameters (AddParameter): Name = "Tolerance"; Value = "5%"; VariantName = "[No Variations]"
Change component parameters (AddParameter): Name = "Type"; Value = "SMD"; VariantName = "[No Variations]"
Change component parameters (AddParameter): Name = "VALUE"; Value = "4.7K"; VariantName = "[No Variations]"
Change component parameters: Designator = "R32_3" ("R32"); Footprint = "R-0805"; UniqueID = "\AKMOJFGF\TLCEBLZB" ("\AKMOJFGF\TLCEBLZB")
Change component parameters (AddParameter): Name = "ComponentLink1Description"; Value = "Linkedin"; VariantName = "[No Variations]"
Change component parameters (AddParameter): Name = "ComponentLink1URL"; Value = "https://ir.linkedin.com/in/mahdi-bagherzade"; VariantName = "[No Variations]"
Change component parameters (AddParameter): Name = "Phone Number"; Value = "0915 8700 314"; VariantName = "[No Variations]"
Change component parameters (AddParameter): Name = "Power"; Value = "1/8W"; VariantName = "[No Variations]"
Change component parameters (AddParameter): Name = "Published Date"; Value = "9-15-2024"; VariantName = "[No Variations]"
Change component parameters (AddParameter): Name = "Publisher"; Value = "Mahdi Bagherzadeh"; VariantName = "[No Variations]"
Change component parameters (AddParameter): Name = "Tolerance"; Value = "5%"; VariantName = "[No Variations]"
Change component parameters (AddParameter): Name = "Type"; Value = "SMD"; VariantName = "[No Variations]"
Change component parameters (AddParameter): Name = "VALUE"; Value = "4.7K"; VariantName = "[No Variations]"
Change component parameters: Designator = "R32_4" ("R32"); Footprint = "R-0805"; UniqueID = "\RAPFCUBK\TLCEBLZB" ("\RAPFCUBK\TLCEBLZB")
Change component parameters (AddParameter): Name = "ComponentLink1Description"; Value = "Linkedin"; VariantName = "[No Variations]"
Change component parameters (AddParameter): Name = "ComponentLink1URL"; Value = "https://ir.linkedin.com/in/mahdi-bagherzade"; VariantName = "[No Variations]"
Change component parameters (AddParameter): Name = "Phone Number"; Value = "0915 8700 314"; VariantName = "[No Variations]"
Change component parameters (AddParameter): Name = "Power"; Value = "1/8W"; VariantName = "[No Variations]"
Change component parameters (AddParameter): Name = "Published Date"; Value = "9-15-2024"; VariantName = "[No Variations]"
Change component parameters (AddParameter): Name = "Publisher"; Value = "Mahdi Bagherzadeh"; VariantName = "[No Variations]"
Change component parameters (AddParameter): Name = "Tolerance"; Value = "5%"; VariantName = "[No Variations]"
Change component parameters (AddParameter): Name = "Type"; Value = "SMD"; VariantName = "[No Variations]"
Change component parameters (AddParameter): Name = "VALUE"; Value = "4.7K"; VariantName = "[No Variations]"
Change component parameters: Designator = "R32_5" ("R32"); Footprint = "R-0805"; UniqueID = "\JTVTVHZG\TLCEBLZB" ("\JTVTVHZG\TLCEBLZB")
Change component parameters (AddParameter): Name = "ComponentLink1Description"; Value = "Linkedin"; VariantName = "[No Variations]"
Change component parameters (AddParameter): Name = "ComponentLink1URL"; Value = "https://ir.linkedin.com/in/mahdi-bagherzade"; VariantName = "[No Variations]"
Change component parameters (AddParameter): Name = "Phone Number"; Value = "0915 8700 314"; VariantName = "[No Variations]"
Change component parameters (AddParameter): Name = "Power"; Value = "1/8W"; VariantName = "[No Variations]"
Change component parameters (AddParameter): Name = "Published Date"; Value = "9-15-2024"; VariantName = "[No Variations]"
Change component parameters (AddParameter): Name = "Publisher"; Value = "Mahdi Bagherzadeh"; VariantName = "[No Variations]"
Change component parameters (AddParameter): Name = "Tolerance"; Value = "5%"; VariantName = "[No Variations]"
Change component parameters (AddParameter): Name = "Type"; Value = "SMD"; VariantName = "[No Variations]"
Change component parameters (AddParameter): Name = "VALUE"; Value = "4.7K"; VariantName = "[No Variations]"
Change component parameters: Designator = "R32_6" ("R32"); Footprint = "R-0805"; UniqueID = "\MBBJWYVE\TLCEBLZB" ("\MBBJWYVE\TLCEBLZB")
Change component parameters (AddParameter): Name = "ComponentLink1Description"; Value = "Linkedin"; VariantName = "[No Variations]"
Change component parameters (AddParameter): Name = "ComponentLink1URL"; Value = "https://ir.linkedin.com/in/mahdi-bagherzade"; VariantName = "[No Variations]"
Change component parameters (AddParameter): Name = "Phone Number"; Value = "0915 8700 314"; VariantName = "[No Variations]"
Change component parameters (AddParameter): Name = "Power"; Value = "1/8W"; VariantName = "[No Variations]"
Change component parameters (AddParameter): Name = "Published Date"; Value = "9-15-2024"; VariantName = "[No Variations]"
Change component parameters (AddParameter): Name = "Publisher"; Value = "Mahdi Bagherzadeh"; VariantName = "[No Variations]"
Change component parameters (AddParameter): Name = "Tolerance"; Value = "5%"; VariantName = "[No Variations]"
Change component parameters (AddParameter): Name = "Type"; Value = "SMD"; VariantName = "[No Variations]"
Change component parameters (AddParameter): Name = "VALUE"; Value = "4.7K"; VariantName = "[No Variations]"
Change component parameters: Designator = "R32_7" ("R32"); Footprint = "R-0805"; UniqueID = "\LNZSKWUV\TLCEBLZB" ("\LNZSKWUV\TLCEBLZB")
Change component parameters (AddParameter): Name = "ComponentLink1Description"; Value = "Linkedin"; VariantName = "[No Variations]"
Change component parameters (AddParameter): Name = "ComponentLink1URL"; Value = "https://ir.linkedin.com/in/mahdi-bagherzade"; VariantName = "[No Variations]"
Change component parameters (AddParameter): Name = "Phone Number"; Value = "0915 8700 314"; VariantName = "[No Variations]"
Change component parameters (AddParameter): Name = "Power"; Value = "1/8W"; VariantName = "[No Variations]"
Change component parameters (AddParameter): Name = "Published Date"; Value = "9-15-2024"; VariantName = "[No Variations]"
Change component parameters (AddParameter): Name = "Publisher"; Value = "Mahdi Bagherzadeh"; VariantName = "[No Variations]"
Change component parameters (AddParameter): Name = "Tolerance"; Value = "5%"; VariantName = "[No Variations]"
Change component parameters (AddParameter): Name = "Type"; Value = "SMD"; VariantName = "[No Variations]"
Change component parameters (AddParameter): Name = "VALUE"; Value = "4.7K"; VariantName = "[No Variations]"
Change component parameters: Designator = "R32_8" ("R32"); Footprint = "R-0805"; UniqueID = "\DHRFMUCC\TLCEBLZB" ("\DHRFMUCC\TLCEBLZB")
Change component parameters (AddParameter): Name = "ComponentLink1Description"; Value = "Linkedin"; VariantName = "[No Variations]"
Change component parameters (AddParameter): Name = "ComponentLink1URL"; Value = "https://ir.linkedin.com/in/mahdi-bagherzade"; VariantName = "[No Variations]"
Change component parameters (AddParameter): Name = "Phone Number"; Value = "0915 8700 314"; VariantName = "[No Variations]"
Change component parameters (AddParameter): Name = "Power"; Value = "1/8W"; VariantName = "[No Variations]"
Change component parameters (AddParameter): Name = "Published Date"; Value = "9-15-2024"; VariantName = "[No Variations]"
Change component parameters (AddParameter): Name = "Publisher"; Value = "Mahdi Bagherzadeh"; VariantName = "[No Variations]"
Change component parameters (AddParameter): Name = "Tolerance"; Value = "5%"; VariantName = "[No Variations]"
Change component parameters (AddParameter): Name = "Type"; Value = "SMD"; VariantName = "[No Variations]"
Change component parameters (AddParameter): Name = "VALUE"; Value = "4.7K"; VariantName = "[No Variations]"
Change component parameters: Designator = "R33_1" ("R33"); Footprint = "R-0805"; UniqueID = "\CGHPAPAY\LVYZUBCV" ("\CGHPAPAY\LVYZUBCV")
Change component parameters (AddParameter): Name = "ComponentLink1Description"; Value = "Linkedin"; VariantName = "[No Variations]"
Change component parameters (AddParameter): Name = "ComponentLink1URL"; Value = "https://ir.linkedin.com/in/mahdi-bagherzade"; VariantName = "[No Variations]"
Change component parameters (AddParameter): Name = "Phone Number"; Value = "0915 8700 314"; VariantName = "[No Variations]"
Change component parameters (AddParameter): Name = "Power"; Value = "1/8W"; VariantName = "[No Variations]"
Change component parameters (AddParameter): Name = "Published Date"; Value = "9-15-2024"; VariantName = "[No Variations]"
Change component parameters (AddParameter): Name = "Publisher"; Value = "Mahdi Bagherzadeh"; VariantName = "[No Variations]"
Change component parameters (AddParameter): Name = "Tolerance"; Value = "5%"; VariantName = "[No Variations]"
Change component parameters (AddParameter): Name = "Type"; Value = "SMD"; VariantName = "[No Variations]"
Change component parameters (AddParameter): Name = "VALUE"; Value = "4.7K"; VariantName = "[No Variations]"
Change component parameters: Designator = "R33_2" ("R33"); Footprint = "R-0805"; UniqueID = "\LGQBKTPH\LVYZUBCV" ("\LGQBKTPH\LVYZUBCV")
Change component parameters (AddParameter): Name = "ComponentLink1Description"; Value = "Linkedin"; VariantName = "[No Variations]"
Change component parameters (AddParameter): Name = "ComponentLink1URL"; Value = "https://ir.linkedin.com/in/mahdi-bagherzade"; VariantName = "[No Variations]"
Change component parameters (AddParameter): Name = "Phone Number"; Value = "0915 8700 314"; VariantName = "[No Variations]"
Change component parameters (AddParameter): Name = "Power"; Value = "1/8W"; VariantName = "[No Variations]"
Change component parameters (AddParameter): Name = "Published Date"; Value = "9-15-2024"; VariantName = "[No Variations]"
Change component parameters (AddParameter): Name = "Publisher"; Value = "Mahdi Bagherzadeh"; VariantName = "[No Variations]"
Change component parameters (AddParameter): Name = "Tolerance"; Value = "5%"; VariantName = "[No Variations]"
Change component parameters (AddParameter): Name = "Type"; Value = "SMD"; VariantName = "[No Variations]"
Change component parameters (AddParameter): Name = "VALUE"; Value = "4.7K"; VariantName = "[No Variations]"
Change component parameters: Designator = "R33_3" ("R33"); Footprint = "R-0805"; UniqueID = "\AKMOJFGF\LVYZUBCV" ("\AKMOJFGF\LVYZUBCV")
Change component parameters (AddParameter): Name = "ComponentLink1Description"; Value = "Linkedin"; VariantName = "[No Variations]"
Change component parameters (AddParameter): Name = "ComponentLink1URL"; Value = "https://ir.linkedin.com/in/mahdi-bagherzade"; VariantName = "[No Variations]"
Change component parameters (AddParameter): Name = "Phone Number"; Value = "0915 8700 314"; VariantName = "[No Variations]"
Change component parameters (AddParameter): Name = "Power"; Value = "1/8W"; VariantName = "[No Variations]"
Change component parameters (AddParameter): Name = "Published Date"; Value = "9-15-2024"; VariantName = "[No Variations]"
Change component parameters (AddParameter): Name = "Publisher"; Value = "Mahdi Bagherzadeh"; VariantName = "[No Variations]"
Change component parameters (AddParameter): Name = "Tolerance"; Value = "5%"; VariantName = "[No Variations]"
Change component parameters (AddParameter): Name = "Type"; Value = "SMD"; VariantName = "[No Variations]"
Change component parameters (AddParameter): Name = "VALUE"; Value = "4.7K"; VariantName = "[No Variations]"
Change component parameters: Designator = "R33_4" ("R33"); Footprint = "R-0805"; UniqueID = "\RAPFCUBK\LVYZUBCV" ("\RAPFCUBK\LVYZUBCV")
Change component parameters (AddParameter): Name = "ComponentLink1Description"; Value = "Linkedin"; VariantName = "[No Variations]"
Change component parameters (AddParameter): Name = "ComponentLink1URL"; Value = "https://ir.linkedin.com/in/mahdi-bagherzade"; VariantName = "[No Variations]"
Change component parameters (AddParameter): Name = "Phone Number"; Value = "0915 8700 314"; VariantName = "[No Variations]"
Change component parameters (AddParameter): Name = "Power"; Value = "1/8W"; VariantName = "[No Variations]"
Change component parameters (AddParameter): Name = "Published Date"; Value = "9-15-2024"; VariantName = "[No Variations]"
Change component parameters (AddParameter): Name = "Publisher"; Value = "Mahdi Bagherzadeh"; VariantName = "[No Variations]"
Change component parameters (AddParameter): Name = "Tolerance"; Value = "5%"; VariantName = "[No Variations]"
Change component parameters (AddParameter): Name = "Type"; Value = "SMD"; VariantName = "[No Variations]"
Change component parameters (AddParameter): Name = "VALUE"; Value = "4.7K"; VariantName = "[No Variations]"
Change component parameters: Designator = "R33_5" ("R33"); Footprint = "R-0805"; UniqueID = "\JTVTVHZG\LVYZUBCV" ("\JTVTVHZG\LVYZUBCV")
Change component parameters (AddParameter): Name = "ComponentLink1Description"; Value = "Linkedin"; VariantName = "[No Variations]"
Change component parameters (AddParameter): Name = "ComponentLink1URL"; Value = "https://ir.linkedin.com/in/mahdi-bagherzade"; VariantName = "[No Variations]"
Change component parameters (AddParameter): Name = "Phone Number"; Value = "0915 8700 314"; VariantName = "[No Variations]"
Change component parameters (AddParameter): Name = "Power"; Value = "1/8W"; VariantName = "[No Variations]"
Change component parameters (AddParameter): Name = "Published Date"; Value = "9-15-2024"; VariantName = "[No Variations]"
Change component parameters (AddParameter): Name = "Publisher"; Value = "Mahdi Bagherzadeh"; VariantName = "[No Variations]"
Change component parameters (AddParameter): Name = "Tolerance"; Value = "5%"; VariantName = "[No Variations]"
Change component parameters (AddParameter): Name = "Type"; Value = "SMD"; VariantName = "[No Variations]"
Change component parameters (AddParameter): Name = "VALUE"; Value = "4.7K"; VariantName = "[No Variations]"
Change component parameters: Designator = "R33_6" ("R33"); Footprint = "R-0805"; UniqueID = "\MBBJWYVE\LVYZUBCV" ("\MBBJWYVE\LVYZUBCV")
Change component parameters (AddParameter): Name = "ComponentLink1Description"; Value = "Linkedin"; VariantName = "[No Variations]"
Change component parameters (AddParameter): Name = "ComponentLink1URL"; Value = "https://ir.linkedin.com/in/mahdi-bagherzade"; VariantName = "[No Variations]"
Change component parameters (AddParameter): Name = "Phone Number"; Value = "0915 8700 314"; VariantName = "[No Variations]"
Change component parameters (AddParameter): Name = "Power"; Value = "1/8W"; VariantName = "[No Variations]"
Change component parameters (AddParameter): Name = "Published Date"; Value = "9-15-2024"; VariantName = "[No Variations]"
Change component parameters (AddParameter): Name = "Publisher"; Value = "Mahdi Bagherzadeh"; VariantName = "[No Variations]"
Change component parameters (AddParameter): Name = "Tolerance"; Value = "5%"; VariantName = "[No Variations]"
Change component parameters (AddParameter): Name = "Type"; Value = "SMD"; VariantName = "[No Variations]"
Change component parameters (AddParameter): Name = "VALUE"; Value = "4.7K"; VariantName = "[No Variations]"
Change component parameters: Designator = "R33_7" ("R33"); Footprint = "R-0805"; UniqueID = "\LNZSKWUV\LVYZUBCV" ("\LNZSKWUV\LVYZUBCV")
Change component parameters (AddParameter): Name = "ComponentLink1Description"; Value = "Linkedin"; VariantName = "[No Variations]"
Change component parameters (AddParameter): Name = "ComponentLink1URL"; Value = "https://ir.linkedin.com/in/mahdi-bagherzade"; VariantName = "[No Variations]"
Change component parameters (AddParameter): Name = "Phone Number"; Value = "0915 8700 314"; VariantName = "[No Variations]"
Change component parameters (AddParameter): Name = "Power"; Value = "1/8W"; VariantName = "[No Variations]"
Change component parameters (AddParameter): Name = "Published Date"; Value = "9-15-2024"; VariantName = "[No Variations]"
Change component parameters (AddParameter): Name = "Publisher"; Value = "Mahdi Bagherzadeh"; VariantName = "[No Variations]"
Change component parameters (AddParameter): Name = "Tolerance"; Value = "5%"; VariantName = "[No Variations]"
Change component parameters (AddParameter): Name = "Type"; Value = "SMD"; VariantName = "[No Variations]"
Change component parameters (AddParameter): Name = "VALUE"; Value = "4.7K"; VariantName = "[No Variations]"
Change component parameters: Designator = "R33_8" ("R33"); Footprint = "R-0805"; UniqueID = "\DHRFMUCC\LVYZUBCV" ("\DHRFMUCC\LVYZUBCV")
Change component parameters (AddParameter): Name = "ComponentLink1Description"; Value = "Linkedin"; VariantName = "[No Variations]"
Change component parameters (AddParameter): Name = "ComponentLink1URL"; Value = "https://ir.linkedin.com/in/mahdi-bagherzade"; VariantName = "[No Variations]"
Change component parameters (AddParameter): Name = "Phone Number"; Value = "0915 8700 314"; VariantName = "[No Variations]"
Change component parameters (AddParameter): Name = "Power"; Value = "1/8W"; VariantName = "[No Variations]"
Change component parameters (AddParameter): Name = "Published Date"; Value = "9-15-2024"; VariantName = "[No Variations]"
Change component parameters (AddParameter): Name = "Publisher"; Value = "Mahdi Bagherzadeh"; VariantName = "[No Variations]"
Change component parameters (AddParameter): Name = "Tolerance"; Value = "5%"; VariantName = "[No Variations]"
Change component parameters (AddParameter): Name = "Type"; Value = "SMD"; VariantName = "[No Variations]"
Change component parameters (AddParameter): Name = "VALUE"; Value = "4.7K"; VariantName = "[No Variations]"
Change component parameters: Designator = "R34_1" ("R34"); Footprint = "R-0805"; UniqueID = "\CGHPAPAY\DHBZLGTM" ("\CGHPAPAY\DHBZLGTM")
Change component parameters (AddParameter): Name = "ComponentLink1Description"; Value = "Linkedin"; VariantName = "[No Variations]"
Change component parameters (AddParameter): Name = "ComponentLink1URL"; Value = "https://ir.linkedin.com/in/mahdi-bagherzade"; VariantName = "[No Variations]"
Change component parameters (AddParameter): Name = "Phone Number"; Value = "0915 8700 314"; VariantName = "[No Variations]"
Change component parameters (AddParameter): Name = "Power"; Value = "1/8W"; VariantName = "[No Variations]"
Change component parameters (AddParameter): Name = "Published Date"; Value = "9-15-2024"; VariantName = "[No Variations]"
Change component parameters (AddParameter): Name = "Publisher"; Value = "Mahdi Bagherzadeh"; VariantName = "[No Variations]"
Change component parameters (AddParameter): Name = "Tolerance"; Value = "5%"; VariantName = "[No Variations]"
Change component parameters (AddParameter): Name = "Type"; Value = "SMD"; VariantName = "[No Variations]"
Change component parameters (AddParameter): Name = "VALUE"; Value = "4.7K"; VariantName = "[No Variations]"
Change component parameters: Designator = "R34_2" ("R34"); Footprint = "R-0805"; UniqueID = "\LGQBKTPH\DHBZLGTM" ("\LGQBKTPH\DHBZLGTM")
Change component parameters (AddParameter): Name = "ComponentLink1Description"; Value = "Linkedin"; VariantName = "[No Variations]"
Change component parameters (AddParameter): Name = "ComponentLink1URL"; Value = "https://ir.linkedin.com/in/mahdi-bagherzade"; VariantName = "[No Variations]"
Change component parameters (AddParameter): Name = "Phone Number"; Value = "0915 8700 314"; VariantName = "[No Variations]"
Change component parameters (AddParameter): Name = "Power"; Value = "1/8W"; VariantName = "[No Variations]"
Change component parameters (AddParameter): Name = "Published Date"; Value = "9-15-2024"; VariantName = "[No Variations]"
Change component parameters (AddParameter): Name = "Publisher"; Value = "Mahdi Bagherzadeh"; VariantName = "[No Variations]"
Change component parameters (AddParameter): Name = "Tolerance"; Value = "5%"; VariantName = "[No Variations]"
Change component parameters (AddParameter): Name = "Type"; Value = "SMD"; VariantName = "[No Variations]"
Change component parameters (AddParameter): Name = "VALUE"; Value = "4.7K"; VariantName = "[No Variations]"
Change component parameters: Designator = "R34_3" ("R34"); Footprint = "R-0805"; UniqueID = "\AKMOJFGF\DHBZLGTM" ("\AKMOJFGF\DHBZLGTM")
Change component parameters (AddParameter): Name = "ComponentLink1Description"; Value = "Linkedin"; VariantName = "[No Variations]"
Change component parameters (AddParameter): Name = "ComponentLink1URL"; Value = "https://ir.linkedin.com/in/mahdi-bagherzade"; VariantName = "[No Variations]"
Change component parameters (AddParameter): Name = "Phone Number"; Value = "0915 8700 314"; VariantName = "[No Variations]"
Change component parameters (AddParameter): Name = "Power"; Value = "1/8W"; VariantName = "[No Variations]"
Change component parameters (AddParameter): Name = "Published Date"; Value = "9-15-2024"; VariantName = "[No Variations]"
Change component parameters (AddParameter): Name = "Publisher"; Value = "Mahdi Bagherzadeh"; VariantName = "[No Variations]"
Change component parameters (AddParameter): Name = "Tolerance"; Value = "5%"; VariantName = "[No Variations]"
Change component parameters (AddParameter): Name = "Type"; Value = "SMD"; VariantName = "[No Variations]"
Change component parameters (AddParameter): Name = "VALUE"; Value = "4.7K"; VariantName = "[No Variations]"
Change component parameters: Designator = "R34_4" ("R34"); Footprint = "R-0805"; UniqueID = "\RAPFCUBK\DHBZLGTM" ("\RAPFCUBK\DHBZLGTM")
Change component parameters (AddParameter): Name = "ComponentLink1Description"; Value = "Linkedin"; VariantName = "[No Variations]"
Change component parameters (AddParameter): Name = "ComponentLink1URL"; Value = "https://ir.linkedin.com/in/mahdi-bagherzade"; VariantName = "[No Variations]"
Change component parameters (AddParameter): Name = "Phone Number"; Value = "0915 8700 314"; VariantName = "[No Variations]"
Change component parameters (AddParameter): Name = "Power"; Value = "1/8W"; VariantName = "[No Variations]"
Change component parameters (AddParameter): Name = "Published Date"; Value = "9-15-2024"; VariantName = "[No Variations]"
Change component parameters (AddParameter): Name = "Publisher"; Value = "Mahdi Bagherzadeh"; VariantName = "[No Variations]"
Change component parameters (AddParameter): Name = "Tolerance"; Value = "5%"; VariantName = "[No Variations]"
Change component parameters (AddParameter): Name = "Type"; Value = "SMD"; VariantName = "[No Variations]"
Change component parameters (AddParameter): Name = "VALUE"; Value = "4.7K"; VariantName = "[No Variations]"
Change component parameters: Designator = "R34_5" ("R34"); Footprint = "R-0805"; UniqueID = "\JTVTVHZG\DHBZLGTM" ("\JTVTVHZG\DHBZLGTM")
Change component parameters (AddParameter): Name = "ComponentLink1Description"; Value = "Linkedin"; VariantName = "[No Variations]"
Change component parameters (AddParameter): Name = "ComponentLink1URL"; Value = "https://ir.linkedin.com/in/mahdi-bagherzade"; VariantName = "[No Variations]"
Change component parameters (AddParameter): Name = "Phone Number"; Value = "0915 8700 314"; VariantName = "[No Variations]"
Change component parameters (AddParameter): Name = "Power"; Value = "1/8W"; VariantName = "[No Variations]"
Change component parameters (AddParameter): Name = "Published Date"; Value = "9-15-2024"; VariantName = "[No Variations]"
Change component parameters (AddParameter): Name = "Publisher"; Value = "Mahdi Bagherzadeh"; VariantName = "[No Variations]"
Change component parameters (AddParameter): Name = "Tolerance"; Value = "5%"; VariantName = "[No Variations]"
Change component parameters (AddParameter): Name = "Type"; Value = "SMD"; VariantName = "[No Variations]"
Change component parameters (AddParameter): Name = "VALUE"; Value = "4.7K"; VariantName = "[No Variations]"
Change component parameters: Designator = "R34_6" ("R34"); Footprint = "R-0805"; UniqueID = "\MBBJWYVE\DHBZLGTM" ("\MBBJWYVE\DHBZLGTM")
Change component parameters (AddParameter): Name = "ComponentLink1Description"; Value = "Linkedin"; VariantName = "[No Variations]"
Change component parameters (AddParameter): Name = "ComponentLink1URL"; Value = "https://ir.linkedin.com/in/mahdi-bagherzade"; VariantName = "[No Variations]"
Change component parameters (AddParameter): Name = "Phone Number"; Value = "0915 8700 314"; VariantName = "[No Variations]"
Change component parameters (AddParameter): Name = "Power"; Value = "1/8W"; VariantName = "[No Variations]"
Change component parameters (AddParameter): Name = "Published Date"; Value = "9-15-2024"; VariantName = "[No Variations]"
Change component parameters (AddParameter): Name = "Publisher"; Value = "Mahdi Bagherzadeh"; VariantName = "[No Variations]"
Change component parameters (AddParameter): Name = "Tolerance"; Value = "5%"; VariantName = "[No Variations]"
Change component parameters (AddParameter): Name = "Type"; Value = "SMD"; VariantName = "[No Variations]"
Change component parameters (AddParameter): Name = "VALUE"; Value = "4.7K"; VariantName = "[No Variations]"
Change component parameters: Designator = "R34_7" ("R34"); Footprint = "R-0805"; UniqueID = "\LNZSKWUV\DHBZLGTM" ("\LNZSKWUV\DHBZLGTM")
Change component parameters (AddParameter): Name = "ComponentLink1Description"; Value = "Linkedin"; VariantName = "[No Variations]"
Change component parameters (AddParameter): Name = "ComponentLink1URL"; Value = "https://ir.linkedin.com/in/mahdi-bagherzade"; VariantName = "[No Variations]"
Change component parameters (AddParameter): Name = "Phone Number"; Value = "0915 8700 314"; VariantName = "[No Variations]"
Change component parameters (AddParameter): Name = "Power"; Value = "1/8W"; VariantName = "[No Variations]"
Change component parameters (AddParameter): Name = "Published Date"; Value = "9-15-2024"; VariantName = "[No Variations]"
Change component parameters (AddParameter): Name = "Publisher"; Value = "Mahdi Bagherzadeh"; VariantName = "[No Variations]"
Change component parameters (AddParameter): Name = "Tolerance"; Value = "5%"; VariantName = "[No Variations]"
Change component parameters (AddParameter): Name = "Type"; Value = "SMD"; VariantName = "[No Variations]"
Change component parameters (AddParameter): Name = "VALUE"; Value = "4.7K"; VariantName = "[No Variations]"
Change component parameters: Designator = "R34_8" ("R34"); Footprint = "R-0805"; UniqueID = "\DHRFMUCC\DHBZLGTM" ("\DHRFMUCC\DHBZLGTM")
Change component parameters (AddParameter): Name = "ComponentLink1Description"; Value = "Linkedin"; VariantName = "[No Variations]"
Change component parameters (AddParameter): Name = "ComponentLink1URL"; Value = "https://ir.linkedin.com/in/mahdi-bagherzade"; VariantName = "[No Variations]"
Change component parameters (AddParameter): Name = "Phone Number"; Value = "0915 8700 314"; VariantName = "[No Variations]"
Change component parameters (AddParameter): Name = "Power"; Value = "1/8W"; VariantName = "[No Variations]"
Change component parameters (AddParameter): Name = "Published Date"; Value = "9-15-2024"; VariantName = "[No Variations]"
Change component parameters (AddParameter): Name = "Publisher"; Value = "Mahdi Bagherzadeh"; VariantName = "[No Variations]"
Change component parameters (AddParameter): Name = "Tolerance"; Value = "5%"; VariantName = "[No Variations]"
Change component parameters (AddParameter): Name = "Type"; Value = "SMD"; VariantName = "[No Variations]"
Change component parameters (AddParameter): Name = "VALUE"; Value = "4.7K"; VariantName = "[No Variations]"
Change component parameters: Designator = "R35_1" ("R35"); Footprint = "R-0805"; UniqueID = "\CGHPAPAY\FBKEOWXV" ("\CGHPAPAY\FBKEOWXV")
Change component parameters (AddParameter): Name = "ComponentLink1Description"; Value = "Linkedin"; VariantName = "[No Variations]"
Change component parameters (AddParameter): Name = "ComponentLink1URL"; Value = "https://ir.linkedin.com/in/mahdi-bagherzade"; VariantName = "[No Variations]"
Change component parameters (AddParameter): Name = "Phone Number"; Value = "0915 8700 314"; VariantName = "[No Variations]"
Change component parameters (AddParameter): Name = "Power"; Value = "1/8W"; VariantName = "[No Variations]"
Change component parameters (AddParameter): Name = "Published Date"; Value = "9-15-2024"; VariantName = "[No Variations]"
Change component parameters (AddParameter): Name = "Publisher"; Value = "Mahdi Bagherzadeh"; VariantName = "[No Variations]"
Change component parameters (AddParameter): Name = "Tolerance"; Value = "5%"; VariantName = "[No Variations]"
Change component parameters (AddParameter): Name = "Type"; Value = "SMD"; VariantName = "[No Variations]"
Change component parameters (AddParameter): Name = "VALUE"; Value = "4.7K"; VariantName = "[No Variations]"
Change component parameters: Designator = "R35_2" ("R35"); Footprint = "R-0805"; UniqueID = "\LGQBKTPH\FBKEOWXV" ("\LGQBKTPH\FBKEOWXV")
Change component parameters (AddParameter): Name = "ComponentLink1Description"; Value = "Linkedin"; VariantName = "[No Variations]"
Change component parameters (AddParameter): Name = "ComponentLink1URL"; Value = "https://ir.linkedin.com/in/mahdi-bagherzade"; VariantName = "[No Variations]"
Change component parameters (AddParameter): Name = "Phone Number"; Value = "0915 8700 314"; VariantName = "[No Variations]"
Change component parameters (AddParameter): Name = "Power"; Value = "1/8W"; VariantName = "[No Variations]"
Change component parameters (AddParameter): Name = "Published Date"; Value = "9-15-2024"; VariantName = "[No Variations]"
Change component parameters (AddParameter): Name = "Publisher"; Value = "Mahdi Bagherzadeh"; VariantName = "[No Variations]"
Change component parameters (AddParameter): Name = "Tolerance"; Value = "5%"; VariantName = "[No Variations]"
Change component parameters (AddParameter): Name = "Type"; Value = "SMD"; VariantName = "[No Variations]"
Change component parameters (AddParameter): Name = "VALUE"; Value = "4.7K"; VariantName = "[No Variations]"
Change component parameters: Designator = "R35_3" ("R35"); Footprint = "R-0805"; UniqueID = "\AKMOJFGF\FBKEOWXV" ("\AKMOJFGF\FBKEOWXV")
Change component parameters (AddParameter): Name = "ComponentLink1Description"; Value = "Linkedin"; VariantName = "[No Variations]"
Change component parameters (AddParameter): Name = "ComponentLink1URL"; Value = "https://ir.linkedin.com/in/mahdi-bagherzade"; VariantName = "[No Variations]"
Change component parameters (AddParameter): Name = "Phone Number"; Value = "0915 8700 314"; VariantName = "[No Variations]"
Change component parameters (AddParameter): Name = "Power"; Value = "1/8W"; VariantName = "[No Variations]"
Change component parameters (AddParameter): Name = "Published Date"; Value = "9-15-2024"; VariantName = "[No Variations]"
Change component parameters (AddParameter): Name = "Publisher"; Value = "Mahdi Bagherzadeh"; VariantName = "[No Variations]"
Change component parameters (AddParameter): Name = "Tolerance"; Value = "5%"; VariantName = "[No Variations]"
Change component parameters (AddParameter): Name = "Type"; Value = "SMD"; VariantName = "[No Variations]"
Change component parameters (AddParameter): Name = "VALUE"; Value = "4.7K"; VariantName = "[No Variations]"
Change component parameters: Designator = "R35_4" ("R35"); Footprint = "R-0805"; UniqueID = "\RAPFCUBK\FBKEOWXV" ("\RAPFCUBK\FBKEOWXV")
Change component parameters (AddParameter): Name = "ComponentLink1Description"; Value = "Linkedin"; VariantName = "[No Variations]"
Change component parameters (AddParameter): Name = "ComponentLink1URL"; Value = "https://ir.linkedin.com/in/mahdi-bagherzade"; VariantName = "[No Variations]"
Change component parameters (AddParameter): Name = "Phone Number"; Value = "0915 8700 314"; VariantName = "[No Variations]"
Change component parameters (AddParameter): Name = "Power"; Value = "1/8W"; VariantName = "[No Variations]"
Change component parameters (AddParameter): Name = "Published Date"; Value = "9-15-2024"; VariantName = "[No Variations]"
Change component parameters (AddParameter): Name = "Publisher"; Value = "Mahdi Bagherzadeh"; VariantName = "[No Variations]"
Change component parameters (AddParameter): Name = "Tolerance"; Value = "5%"; VariantName = "[No Variations]"
Change component parameters (AddParameter): Name = "Type"; Value = "SMD"; VariantName = "[No Variations]"
Change component parameters (AddParameter): Name = "VALUE"; Value = "4.7K"; VariantName = "[No Variations]"
Change component parameters: Designator = "R35_5" ("R35"); Footprint = "R-0805"; UniqueID = "\JTVTVHZG\FBKEOWXV" ("\JTVTVHZG\FBKEOWXV")
Change component parameters (AddParameter): Name = "ComponentLink1Description"; Value = "Linkedin"; VariantName = "[No Variations]"
Change component parameters (AddParameter): Name = "ComponentLink1URL"; Value = "https://ir.linkedin.com/in/mahdi-bagherzade"; VariantName = "[No Variations]"
Change component parameters (AddParameter): Name = "Phone Number"; Value = "0915 8700 314"; VariantName = "[No Variations]"
Change component parameters (AddParameter): Name = "Power"; Value = "1/8W"; VariantName = "[No Variations]"
Change component parameters (AddParameter): Name = "Published Date"; Value = "9-15-2024"; VariantName = "[No Variations]"
Change component parameters (AddParameter): Name = "Publisher"; Value = "Mahdi Bagherzadeh"; VariantName = "[No Variations]"
Change component parameters (AddParameter): Name = "Tolerance"; Value = "5%"; VariantName = "[No Variations]"
Change component parameters (AddParameter): Name = "Type"; Value = "SMD"; VariantName = "[No Variations]"
Change component parameters (AddParameter): Name = "VALUE"; Value = "4.7K"; VariantName = "[No Variations]"
Change component parameters: Designator = "R35_6" ("R35"); Footprint = "R-0805"; UniqueID = "\MBBJWYVE\FBKEOWXV" ("\MBBJWYVE\FBKEOWXV")
Change component parameters (AddParameter): Name = "ComponentLink1Description"; Value = "Linkedin"; VariantName = "[No Variations]"
Change component parameters (AddParameter): Name = "ComponentLink1URL"; Value = "https://ir.linkedin.com/in/mahdi-bagherzade"; VariantName = "[No Variations]"
Change component parameters (AddParameter): Name = "Phone Number"; Value = "0915 8700 314"; VariantName = "[No Variations]"
Change component parameters (AddParameter): Name = "Power"; Value = "1/8W"; VariantName = "[No Variations]"
Change component parameters (AddParameter): Name = "Published Date"; Value = "9-15-2024"; VariantName = "[No Variations]"
Change component parameters (AddParameter): Name = "Publisher"; Value = "Mahdi Bagherzadeh"; VariantName = "[No Variations]"
Change component parameters (AddParameter): Name = "Tolerance"; Value = "5%"; VariantName = "[No Variations]"
Change component parameters (AddParameter): Name = "Type"; Value = "SMD"; VariantName = "[No Variations]"
Change component parameters (AddParameter): Name = "VALUE"; Value = "4.7K"; VariantName = "[No Variations]"
Change component parameters: Designator = "R35_7" ("R35"); Footprint = "R-0805"; UniqueID = "\LNZSKWUV\FBKEOWXV" ("\LNZSKWUV\FBKEOWXV")
Change component parameters (AddParameter): Name = "ComponentLink1Description"; Value = "Linkedin"; VariantName = "[No Variations]"
Change component parameters (AddParameter): Name = "ComponentLink1URL"; Value = "https://ir.linkedin.com/in/mahdi-bagherzade"; VariantName = "[No Variations]"
Change component parameters (AddParameter): Name = "Phone Number"; Value = "0915 8700 314"; VariantName = "[No Variations]"
Change component parameters (AddParameter): Name = "Power"; Value = "1/8W"; VariantName = "[No Variations]"
Change component parameters (AddParameter): Name = "Published Date"; Value = "9-15-2024"; VariantName = "[No Variations]"
Change component parameters (AddParameter): Name = "Publisher"; Value = "Mahdi Bagherzadeh"; VariantName = "[No Variations]"
Change component parameters (AddParameter): Name = "Tolerance"; Value = "5%"; VariantName = "[No Variations]"
Change component parameters (AddParameter): Name = "Type"; Value = "SMD"; VariantName = "[No Variations]"
Change component parameters (AddParameter): Name = "VALUE"; Value = "4.7K"; VariantName = "[No Variations]"
Change component parameters: Designator = "R35_8" ("R35"); Footprint = "R-0805"; UniqueID = "\DHRFMUCC\FBKEOWXV" ("\DHRFMUCC\FBKEOWXV")
Change component parameters (AddParameter): Name = "ComponentLink1Description"; Value = "Linkedin"; VariantName = "[No Variations]"
Change component parameters (AddParameter): Name = "ComponentLink1URL"; Value = "https://ir.linkedin.com/in/mahdi-bagherzade"; VariantName = "[No Variations]"
Change component parameters (AddParameter): Name = "Phone Number"; Value = "0915 8700 314"; VariantName = "[No Variations]"
Change component parameters (AddParameter): Name = "Power"; Value = "1/8W"; VariantName = "[No Variations]"
Change component parameters (AddParameter): Name = "Published Date"; Value = "9-15-2024"; VariantName = "[No Variations]"
Change component parameters (AddParameter): Name = "Publisher"; Value = "Mahdi Bagherzadeh"; VariantName = "[No Variations]"
Change component parameters (AddParameter): Name = "Tolerance"; Value = "5%"; VariantName = "[No Variations]"
Change component parameters (AddParameter): Name = "Type"; Value = "SMD"; VariantName = "[No Variations]"
Change component parameters (AddParameter): Name = "VALUE"; Value = "4.7K"; VariantName = "[No Variations]"
Change component parameters: Designator = "R36_1" ("R36"); Footprint = "R-0805"; UniqueID = "\CGHPAPAY\NFYDCGNJ" ("\CGHPAPAY\NFYDCGNJ")
Change component parameters (AddParameter): Name = "ComponentLink1Description"; Value = "Linkedin"; VariantName = "[No Variations]"
Change component parameters (AddParameter): Name = "ComponentLink1URL"; Value = "https://ir.linkedin.com/in/mahdi-bagherzade"; VariantName = "[No Variations]"
Change component parameters (AddParameter): Name = "Phone Number"; Value = "0915 8700 314"; VariantName = "[No Variations]"
Change component parameters (AddParameter): Name = "Power"; Value = "1/8W"; VariantName = "[No Variations]"
Change component parameters (AddParameter): Name = "Published Date"; Value = "9-15-2024"; VariantName = "[No Variations]"
Change component parameters (AddParameter): Name = "Publisher"; Value = "Mahdi Bagherzadeh"; VariantName = "[No Variations]"
Change component parameters (AddParameter): Name = "Tolerance"; Value = "5%"; VariantName = "[No Variations]"
Change component parameters (AddParameter): Name = "Type"; Value = "SMD"; VariantName = "[No Variations]"
Change component parameters (AddParameter): Name = "VALUE"; Value = "4.7K"; VariantName = "[No Variations]"
Change component parameters: Designator = "R36_2" ("R36"); Footprint = "R-0805"; UniqueID = "\LGQBKTPH\NFYDCGNJ" ("\LGQBKTPH\NFYDCGNJ")
Change component parameters (AddParameter): Name = "ComponentLink1Description"; Value = "Linkedin"; VariantName = "[No Variations]"
Change component parameters (AddParameter): Name = "ComponentLink1URL"; Value = "https://ir.linkedin.com/in/mahdi-bagherzade"; VariantName = "[No Variations]"
Change component parameters (AddParameter): Name = "Phone Number"; Value = "0915 8700 314"; VariantName = "[No Variations]"
Change component parameters (AddParameter): Name = "Power"; Value = "1/8W"; VariantName = "[No Variations]"
Change component parameters (AddParameter): Name = "Published Date"; Value = "9-15-2024"; VariantName = "[No Variations]"
Change component parameters (AddParameter): Name = "Publisher"; Value = "Mahdi Bagherzadeh"; VariantName = "[No Variations]"
Change component parameters (AddParameter): Name = "Tolerance"; Value = "5%"; VariantName = "[No Variations]"
Change component parameters (AddParameter): Name = "Type"; Value = "SMD"; VariantName = "[No Variations]"
Change component parameters (AddParameter): Name = "VALUE"; Value = "4.7K"; VariantName = "[No Variations]"
Change component parameters: Designator = "R36_3" ("R36"); Footprint = "R-0805"; UniqueID = "\AKMOJFGF\NFYDCGNJ" ("\AKMOJFGF\NFYDCGNJ")
Change component parameters (AddParameter): Name = "ComponentLink1Description"; Value = "Linkedin"; VariantName = "[No Variations]"
Change component parameters (AddParameter): Name = "ComponentLink1URL"; Value = "https://ir.linkedin.com/in/mahdi-bagherzade"; VariantName = "[No Variations]"
Change component parameters (AddParameter): Name = "Phone Number"; Value = "0915 8700 314"; VariantName = "[No Variations]"
Change component parameters (AddParameter): Name = "Power"; Value = "1/8W"; VariantName = "[No Variations]"
Change component parameters (AddParameter): Name = "Published Date"; Value = "9-15-2024"; VariantName = "[No Variations]"
Change component parameters (AddParameter): Name = "Publisher"; Value = "Mahdi Bagherzadeh"; VariantName = "[No Variations]"
Change component parameters (AddParameter): Name = "Tolerance"; Value = "5%"; VariantName = "[No Variations]"
Change component parameters (AddParameter): Name = "Type"; Value = "SMD"; VariantName = "[No Variations]"
Change component parameters (AddParameter): Name = "VALUE"; Value = "4.7K"; VariantName = "[No Variations]"
Change component parameters: Designator = "R36_4" ("R36"); Footprint = "R-0805"; UniqueID = "\RAPFCUBK\NFYDCGNJ" ("\RAPFCUBK\NFYDCGNJ")
Change component parameters (AddParameter): Name = "ComponentLink1Description"; Value = "Linkedin"; VariantName = "[No Variations]"
Change component parameters (AddParameter): Name = "ComponentLink1URL"; Value = "https://ir.linkedin.com/in/mahdi-bagherzade"; VariantName = "[No Variations]"
Change component parameters (AddParameter): Name = "Phone Number"; Value = "0915 8700 314"; VariantName = "[No Variations]"
Change component parameters (AddParameter): Name = "Power"; Value = "1/8W"; VariantName = "[No Variations]"
Change component parameters (AddParameter): Name = "Published Date"; Value = "9-15-2024"; VariantName = "[No Variations]"
Change component parameters (AddParameter): Name = "Publisher"; Value = "Mahdi Bagherzadeh"; VariantName = "[No Variations]"
Change component parameters (AddParameter): Name = "Tolerance"; Value = "5%"; VariantName = "[No Variations]"
Change component parameters (AddParameter): Name = "Type"; Value = "SMD"; VariantName = "[No Variations]"
Change component parameters (AddParameter): Name = "VALUE"; Value = "4.7K"; VariantName = "[No Variations]"
Change component parameters: Designator = "R36_5" ("R36"); Footprint = "R-0805"; UniqueID = "\JTVTVHZG\NFYDCGNJ" ("\JTVTVHZG\NFYDCGNJ")
Change component parameters (AddParameter): Name = "ComponentLink1Description"; Value = "Linkedin"; VariantName = "[No Variations]"
Change component parameters (AddParameter): Name = "ComponentLink1URL"; Value = "https://ir.linkedin.com/in/mahdi-bagherzade"; VariantName = "[No Variations]"
Change component parameters (AddParameter): Name = "Phone Number"; Value = "0915 8700 314"; VariantName = "[No Variations]"
Change component parameters (AddParameter): Name = "Power"; Value = "1/8W"; VariantName = "[No Variations]"
Change component parameters (AddParameter): Name = "Published Date"; Value = "9-15-2024"; VariantName = "[No Variations]"
Change component parameters (AddParameter): Name = "Publisher"; Value = "Mahdi Bagherzadeh"; VariantName = "[No Variations]"
Change component parameters (AddParameter): Name = "Tolerance"; Value = "5%"; VariantName = "[No Variations]"
Change component parameters (AddParameter): Name = "Type"; Value = "SMD"; VariantName = "[No Variations]"
Change component parameters (AddParameter): Name = "VALUE"; Value = "4.7K"; VariantName = "[No Variations]"
Change component parameters: Designator = "R36_6" ("R36"); Footprint = "R-0805"; UniqueID = "\MBBJWYVE\NFYDCGNJ" ("\MBBJWYVE\NFYDCGNJ")
Change component parameters (AddParameter): Name = "ComponentLink1Description"; Value = "Linkedin"; VariantName = "[No Variations]"
Change component parameters (AddParameter): Name = "ComponentLink1URL"; Value = "https://ir.linkedin.com/in/mahdi-bagherzade"; VariantName = "[No Variations]"
Change component parameters (AddParameter): Name = "Phone Number"; Value = "0915 8700 314"; VariantName = "[No Variations]"
Change component parameters (AddParameter): Name = "Power"; Value = "1/8W"; VariantName = "[No Variations]"
Change component parameters (AddParameter): Name = "Published Date"; Value = "9-15-2024"; VariantName = "[No Variations]"
Change component parameters (AddParameter): Name = "Publisher"; Value = "Mahdi Bagherzadeh"; VariantName = "[No Variations]"
Change component parameters (AddParameter): Name = "Tolerance"; Value = "5%"; VariantName = "[No Variations]"
Change component parameters (AddParameter): Name = "Type"; Value = "SMD"; VariantName = "[No Variations]"
Change component parameters (AddParameter): Name = "VALUE"; Value = "4.7K"; VariantName = "[No Variations]"
Change component parameters: Designator = "R36_7" ("R36"); Footprint = "R-0805"; UniqueID = "\LNZSKWUV\NFYDCGNJ" ("\LNZSKWUV\NFYDCGNJ")
Change component parameters (AddParameter): Name = "ComponentLink1Description"; Value = "Linkedin"; VariantName = "[No Variations]"
Change component parameters (AddParameter): Name = "ComponentLink1URL"; Value = "https://ir.linkedin.com/in/mahdi-bagherzade"; VariantName = "[No Variations]"
Change component parameters (AddParameter): Name = "Phone Number"; Value = "0915 8700 314"; VariantName = "[No Variations]"
Change component parameters (AddParameter): Name = "Power"; Value = "1/8W"; VariantName = "[No Variations]"
Change component parameters (AddParameter): Name = "Published Date"; Value = "9-15-2024"; VariantName = "[No Variations]"
Change component parameters (AddParameter): Name = "Publisher"; Value = "Mahdi Bagherzadeh"; VariantName = "[No Variations]"
Change component parameters (AddParameter): Name = "Tolerance"; Value = "5%"; VariantName = "[No Variations]"
Change component parameters (AddParameter): Name = "Type"; Value = "SMD"; VariantName = "[No Variations]"
Change component parameters (AddParameter): Name = "VALUE"; Value = "4.7K"; VariantName = "[No Variations]"
Change component parameters: Designator = "R36_8" ("R36"); Footprint = "R-0805"; UniqueID = "\DHRFMUCC\NFYDCGNJ" ("\DHRFMUCC\NFYDCGNJ")
Change component parameters (AddParameter): Name = "ComponentLink1Description"; Value = "Linkedin"; VariantName = "[No Variations]"
Change component parameters (AddParameter): Name = "ComponentLink1URL"; Value = "https://ir.linkedin.com/in/mahdi-bagherzade"; VariantName = "[No Variations]"
Change component parameters (AddParameter): Name = "Phone Number"; Value = "0915 8700 314"; VariantName = "[No Variations]"
Change component parameters (AddParameter): Name = "Power"; Value = "1/8W"; VariantName = "[No Variations]"
Change component parameters (AddParameter): Name = "Published Date"; Value = "9-15-2024"; VariantName = "[No Variations]"
Change component parameters (AddParameter): Name = "Publisher"; Value = "Mahdi Bagherzadeh"; VariantName = "[No Variations]"
Change component parameters (AddParameter): Name = "Tolerance"; Value = "5%"; VariantName = "[No Variations]"
Change component parameters (AddParameter): Name = "Type"; Value = "SMD"; VariantName = "[No Variations]"
Change component parameters (AddParameter): Name = "VALUE"; Value = "4.7K"; VariantName = "[No Variations]"
Added Component: Designator=C2_5(C-0805)
Add component (AddParameter): Name = "ComponentLink1Description"; Value = "Linkedin"; VariantName = "[No Variations]"
Add component (AddParameter): Name = "ComponentLink1URL"; Value = "https://ir.linkedin.com/in/mahdi-bagherzade"; VariantName = "[No Variations]"
Add component (AddParameter): Name = "Phone Number"; Value = "0915 8700 314"; VariantName = "[No Variations]"
Add component (AddParameter): Name = "Published Date"; Value = "9-15-2024"; VariantName = "[No Variations]"
Add component (AddParameter): Name = "Publisher"; Value = "Mahdi Bagherzadeh"; VariantName = "[No Variations]"
Add component (AddParameter): Name = "Tolerance"; Value = "X7R"; VariantName = "[No Variations]"
Add component (AddParameter): Name = "Type"; Value = "SMD"; VariantName = "[No Variations]"
Add component (AddParameter): Name = "Value"; Value = "100nF"; VariantName = "[No Variations]"
Add component (AddParameter): Name = "Voltage"; Value = "50V"; VariantName = "[No Variations]"
Added Component: Designator=C2_6(C-0805)
Add component (AddParameter): Name = "ComponentLink1Description"; Value = "Linkedin"; VariantName = "[No Variations]"
Add component (AddParameter): Name = "ComponentLink1URL"; Value = "https://ir.linkedin.com/in/mahdi-bagherzade"; VariantName = "[No Variations]"
Add component (AddParameter): Name = "Phone Number"; Value = "0915 8700 314"; VariantName = "[No Variations]"
Add component (AddParameter): Name = "Published Date"; Value = "9-15-2024"; VariantName = "[No Variations]"
Add component (AddParameter): Name = "Publisher"; Value = "Mahdi Bagherzadeh"; VariantName = "[No Variations]"
Add component (AddParameter): Name = "Tolerance"; Value = "X7R"; VariantName = "[No Variations]"
Add component (AddParameter): Name = "Type"; Value = "SMD"; VariantName = "[No Variations]"
Add component (AddParameter): Name = "Value"; Value = "100nF"; VariantName = "[No Variations]"
Add component (AddParameter): Name = "Voltage"; Value = "50V"; VariantName = "[No Variations]"
Added Component: Designator=C2_7(C-0805)
Add component (AddParameter): Name = "ComponentLink1Description"; Value = "Linkedin"; VariantName = "[No Variations]"
Add component (AddParameter): Name = "ComponentLink1URL"; Value = "https://ir.linkedin.com/in/mahdi-bagherzade"; VariantName = "[No Variations]"
Add component (AddParameter): Name = "Phone Number"; Value = "0915 8700 314"; VariantName = "[No Variations]"
Add component (AddParameter): Name = "Published Date"; Value = "9-15-2024"; VariantName = "[No Variations]"
Add component (AddParameter): Name = "Publisher"; Value = "Mahdi Bagherzadeh"; VariantName = "[No Variations]"
Add component (AddParameter): Name = "Tolerance"; Value = "X7R"; VariantName = "[No Variations]"
Add component (AddParameter): Name = "Type"; Value = "SMD"; VariantName = "[No Variations]"
Add component (AddParameter): Name = "Value"; Value = "100nF"; VariantName = "[No Variations]"
Add component (AddParameter): Name = "Voltage"; Value = "50V"; VariantName = "[No Variations]"
Added Component: Designator=C2_8(C-0805)
Add component (AddParameter): Name = "ComponentLink1Description"; Value = "Linkedin"; VariantName = "[No Variations]"
Add component (AddParameter): Name = "ComponentLink1URL"; Value = "https://ir.linkedin.com/in/mahdi-bagherzade"; VariantName = "[No Variations]"
Add component (AddParameter): Name = "Phone Number"; Value = "0915 8700 314"; VariantName = "[No Variations]"
Add component (AddParameter): Name = "Published Date"; Value = "9-15-2024"; VariantName = "[No Variations]"
Add component (AddParameter): Name = "Publisher"; Value = "Mahdi Bagherzadeh"; VariantName = "[No Variations]"
Add component (AddParameter): Name = "Tolerance"; Value = "X7R"; VariantName = "[No Variations]"
Add component (AddParameter): Name = "Type"; Value = "SMD"; VariantName = "[No Variations]"
Add component (AddParameter): Name = "Value"; Value = "100nF"; VariantName = "[No Variations]"
Add component (AddParameter): Name = "Voltage"; Value = "50V"; VariantName = "[No Variations]"
Added Component: Designator=C2_9(C-0805)
Add component (AddParameter): Name = "ComponentLink1Description"; Value = "Linkedin"; VariantName = "[No Variations]"
Add component (AddParameter): Name = "ComponentLink1URL"; Value = "https://ir.linkedin.com/in/mahdi-bagherzade"; VariantName = "[No Variations]"
Add component (AddParameter): Name = "Phone Number"; Value = "0915 8700 314"; VariantName = "[No Variations]"
Add component (AddParameter): Name = "Published Date"; Value = "9-15-2024"; VariantName = "[No Variations]"
Add component (AddParameter): Name = "Publisher"; Value = "Mahdi Bagherzadeh"; VariantName = "[No Variations]"
Add component (AddParameter): Name = "Tolerance"; Value = "X7R"; VariantName = "[No Variations]"
Add component (AddParameter): Name = "Type"; Value = "SMD"; VariantName = "[No Variations]"
Add component (AddParameter): Name = "Value"; Value = "100nF"; VariantName = "[No Variations]"
Add component (AddParameter): Name = "Voltage"; Value = "50V"; VariantName = "[No Variations]"
Added Component: Designator=C2_10(C-0805)
Add component (AddParameter): Name = "ComponentLink1Description"; Value = "Linkedin"; VariantName = "[No Variations]"
Add component (AddParameter): Name = "ComponentLink1URL"; Value = "https://ir.linkedin.com/in/mahdi-bagherzade"; VariantName = "[No Variations]"
Add component (AddParameter): Name = "Phone Number"; Value = "0915 8700 314"; VariantName = "[No Variations]"
Add component (AddParameter): Name = "Published Date"; Value = "9-15-2024"; VariantName = "[No Variations]"
Add component (AddParameter): Name = "Publisher"; Value = "Mahdi Bagherzadeh"; VariantName = "[No Variations]"
Add component (AddParameter): Name = "Tolerance"; Value = "X7R"; VariantName = "[No Variations]"
Add component (AddParameter): Name = "Type"; Value = "SMD"; VariantName = "[No Variations]"
Add component (AddParameter): Name = "Value"; Value = "100nF"; VariantName = "[No Variations]"
Add component (AddParameter): Name = "Voltage"; Value = "50V"; VariantName = "[No Variations]"
Added Component: Designator=C2_11(C-0805)
Add component (AddParameter): Name = "ComponentLink1Description"; Value = "Linkedin"; VariantName = "[No Variations]"
Add component (AddParameter): Name = "ComponentLink1URL"; Value = "https://ir.linkedin.com/in/mahdi-bagherzade"; VariantName = "[No Variations]"
Add component (AddParameter): Name = "Phone Number"; Value = "0915 8700 314"; VariantName = "[No Variations]"
Add component (AddParameter): Name = "Published Date"; Value = "9-15-2024"; VariantName = "[No Variations]"
Add component (AddParameter): Name = "Publisher"; Value = "Mahdi Bagherzadeh"; VariantName = "[No Variations]"
Add component (AddParameter): Name = "Tolerance"; Value = "X7R"; VariantName = "[No Variations]"
Add component (AddParameter): Name = "Type"; Value = "SMD"; VariantName = "[No Variations]"
Add component (AddParameter): Name = "Value"; Value = "100nF"; VariantName = "[No Variations]"
Add component (AddParameter): Name = "Voltage"; Value = "50V"; VariantName = "[No Variations]"
Added Component: Designator=C2_12(C-0805)
Add component (AddParameter): Name = "ComponentLink1Description"; Value = "Linkedin"; VariantName = "[No Variations]"
Add component (AddParameter): Name = "ComponentLink1URL"; Value = "https://ir.linkedin.com/in/mahdi-bagherzade"; VariantName = "[No Variations]"
Add component (AddParameter): Name = "Phone Number"; Value = "0915 8700 314"; VariantName = "[No Variations]"
Add component (AddParameter): Name = "Published Date"; Value = "9-15-2024"; VariantName = "[No Variations]"
Add component (AddParameter): Name = "Publisher"; Value = "Mahdi Bagherzadeh"; VariantName = "[No Variations]"
Add component (AddParameter): Name = "Tolerance"; Value = "X7R"; VariantName = "[No Variations]"
Add component (AddParameter): Name = "Type"; Value = "SMD"; VariantName = "[No Variations]"
Add component (AddParameter): Name = "Value"; Value = "100nF"; VariantName = "[No Variations]"
Add component (AddParameter): Name = "Voltage"; Value = "50V"; VariantName = "[No Variations]"
Added Component: Designator=C2_13(C-0805)
Add component (AddParameter): Name = "ComponentLink1Description"; Value = "Linkedin"; VariantName = "[No Variations]"
Add component (AddParameter): Name = "ComponentLink1URL"; Value = "https://ir.linkedin.com/in/mahdi-bagherzade"; VariantName = "[No Variations]"
Add component (AddParameter): Name = "Phone Number"; Value = "0915 8700 314"; VariantName = "[No Variations]"
Add component (AddParameter): Name = "Published Date"; Value = "9-15-2024"; VariantName = "[No Variations]"
Add component (AddParameter): Name = "Publisher"; Value = "Mahdi Bagherzadeh"; VariantName = "[No Variations]"
Add component (AddParameter): Name = "Tolerance"; Value = "X7R"; VariantName = "[No Variations]"
Add component (AddParameter): Name = "Type"; Value = "SMD"; VariantName = "[No Variations]"
Add component (AddParameter): Name = "Value"; Value = "100nF"; VariantName = "[No Variations]"
Add component (AddParameter): Name = "Voltage"; Value = "50V"; VariantName = "[No Variations]"
Added Component: Designator=C2_14(C-0805)
Add component (AddParameter): Name = "ComponentLink1Description"; Value = "Linkedin"; VariantName = "[No Variations]"
Add component (AddParameter): Name = "ComponentLink1URL"; Value = "https://ir.linkedin.com/in/mahdi-bagherzade"; VariantName = "[No Variations]"
Add component (AddParameter): Name = "Phone Number"; Value = "0915 8700 314"; VariantName = "[No Variations]"
Add component (AddParameter): Name = "Published Date"; Value = "9-15-2024"; VariantName = "[No Variations]"
Add component (AddParameter): Name = "Publisher"; Value = "Mahdi Bagherzadeh"; VariantName = "[No Variations]"
Add component (AddParameter): Name = "Tolerance"; Value = "X7R"; VariantName = "[No Variations]"
Add component (AddParameter): Name = "Type"; Value = "SMD"; VariantName = "[No Variations]"
Add component (AddParameter): Name = "Value"; Value = "100nF"; VariantName = "[No Variations]"
Add component (AddParameter): Name = "Voltage"; Value = "50V"; VariantName = "[No Variations]"
Added Component: Designator=C2_15(C-0805)
Add component (AddParameter): Name = "ComponentLink1Description"; Value = "Linkedin"; VariantName = "[No Variations]"
Add component (AddParameter): Name = "ComponentLink1URL"; Value = "https://ir.linkedin.com/in/mahdi-bagherzade"; VariantName = "[No Variations]"
Add component (AddParameter): Name = "Phone Number"; Value = "0915 8700 314"; VariantName = "[No Variations]"
Add component (AddParameter): Name = "Published Date"; Value = "9-15-2024"; VariantName = "[No Variations]"
Add component (AddParameter): Name = "Publisher"; Value = "Mahdi Bagherzadeh"; VariantName = "[No Variations]"
Add component (AddParameter): Name = "Tolerance"; Value = "X7R"; VariantName = "[No Variations]"
Add component (AddParameter): Name = "Type"; Value = "SMD"; VariantName = "[No Variations]"
Add component (AddParameter): Name = "Value"; Value = "100nF"; VariantName = "[No Variations]"
Add component (AddParameter): Name = "Voltage"; Value = "50V"; VariantName = "[No Variations]"
Added Component: Designator=C2_16(C-0805)
Add component (AddParameter): Name = "ComponentLink1Description"; Value = "Linkedin"; VariantName = "[No Variations]"
Add component (AddParameter): Name = "ComponentLink1URL"; Value = "https://ir.linkedin.com/in/mahdi-bagherzade"; VariantName = "[No Variations]"
Add component (AddParameter): Name = "Phone Number"; Value = "0915 8700 314"; VariantName = "[No Variations]"
Add component (AddParameter): Name = "Published Date"; Value = "9-15-2024"; VariantName = "[No Variations]"
Add component (AddParameter): Name = "Publisher"; Value = "Mahdi Bagherzadeh"; VariantName = "[No Variations]"
Add component (AddParameter): Name = "Tolerance"; Value = "X7R"; VariantName = "[No Variations]"
Add component (AddParameter): Name = "Type"; Value = "SMD"; VariantName = "[No Variations]"
Add component (AddParameter): Name = "Value"; Value = "100nF"; VariantName = "[No Variations]"
Add component (AddParameter): Name = "Voltage"; Value = "50V"; VariantName = "[No Variations]"
Added Component: Designator=C2_17(C-0805)
Add component (AddParameter): Name = "ComponentLink1Description"; Value = "Linkedin"; VariantName = "[No Variations]"
Add component (AddParameter): Name = "ComponentLink1URL"; Value = "https://ir.linkedin.com/in/mahdi-bagherzade"; VariantName = "[No Variations]"
Add component (AddParameter): Name = "Phone Number"; Value = "0915 8700 314"; VariantName = "[No Variations]"
Add component (AddParameter): Name = "Published Date"; Value = "9-15-2024"; VariantName = "[No Variations]"
Add component (AddParameter): Name = "Publisher"; Value = "Mahdi Bagherzadeh"; VariantName = "[No Variations]"
Add component (AddParameter): Name = "Tolerance"; Value = "X7R"; VariantName = "[No Variations]"
Add component (AddParameter): Name = "Type"; Value = "SMD"; VariantName = "[No Variations]"
Add component (AddParameter): Name = "Value"; Value = "100nF"; VariantName = "[No Variations]"
Add component (AddParameter): Name = "Voltage"; Value = "50V"; VariantName = "[No Variations]"
Added Component: Designator=C2_18(C-0805)
Add component (AddParameter): Name = "ComponentLink1Description"; Value = "Linkedin"; VariantName = "[No Variations]"
Add component (AddParameter): Name = "ComponentLink1URL"; Value = "https://ir.linkedin.com/in/mahdi-bagherzade"; VariantName = "[No Variations]"
Add component (AddParameter): Name = "Phone Number"; Value = "0915 8700 314"; VariantName = "[No Variations]"
Add component (AddParameter): Name = "Published Date"; Value = "9-15-2024"; VariantName = "[No Variations]"
Add component (AddParameter): Name = "Publisher"; Value = "Mahdi Bagherzadeh"; VariantName = "[No Variations]"
Add component (AddParameter): Name = "Tolerance"; Value = "X7R"; VariantName = "[No Variations]"
Add component (AddParameter): Name = "Type"; Value = "SMD"; VariantName = "[No Variations]"
Add component (AddParameter): Name = "Value"; Value = "100nF"; VariantName = "[No Variations]"
Add component (AddParameter): Name = "Voltage"; Value = "50V"; VariantName = "[No Variations]"
Added Component: Designator=C2_19(C-0805)
Add component (AddParameter): Name = "ComponentLink1Description"; Value = "Linkedin"; VariantName = "[No Variations]"
Add component (AddParameter): Name = "ComponentLink1URL"; Value = "https://ir.linkedin.com/in/mahdi-bagherzade"; VariantName = "[No Variations]"
Add component (AddParameter): Name = "Phone Number"; Value = "0915 8700 314"; VariantName = "[No Variations]"
Add component (AddParameter): Name = "Published Date"; Value = "9-15-2024"; VariantName = "[No Variations]"
Add component (AddParameter): Name = "Publisher"; Value = "Mahdi Bagherzadeh"; VariantName = "[No Variations]"
Add component (AddParameter): Name = "Tolerance"; Value = "X7R"; VariantName = "[No Variations]"
Add component (AddParameter): Name = "Type"; Value = "SMD"; VariantName = "[No Variations]"
Add component (AddParameter): Name = "Value"; Value = "100nF"; VariantName = "[No Variations]"
Add component (AddParameter): Name = "Voltage"; Value = "50V"; VariantName = "[No Variations]"
Added Component: Designator=C2_20(C-0805)
Add component (AddParameter): Name = "ComponentLink1Description"; Value = "Linkedin"; VariantName = "[No Variations]"
Add component (AddParameter): Name = "ComponentLink1URL"; Value = "https://ir.linkedin.com/in/mahdi-bagherzade"; VariantName = "[No Variations]"
Add component (AddParameter): Name = "Phone Number"; Value = "0915 8700 314"; VariantName = "[No Variations]"
Add component (AddParameter): Name = "Published Date"; Value = "9-15-2024"; VariantName = "[No Variations]"
Add component (AddParameter): Name = "Publisher"; Value = "Mahdi Bagherzadeh"; VariantName = "[No Variations]"
Add component (AddParameter): Name = "Tolerance"; Value = "X7R"; VariantName = "[No Variations]"
Add component (AddParameter): Name = "Type"; Value = "SMD"; VariantName = "[No Variations]"
Add component (AddParameter): Name = "Value"; Value = "100nF"; VariantName = "[No Variations]"
Add component (AddParameter): Name = "Voltage"; Value = "50V"; VariantName = "[No Variations]"
Added Component: Designator=C2_21(C-0805)
Add component (AddParameter): Name = "ComponentLink1Description"; Value = "Linkedin"; VariantName = "[No Variations]"
Add component (AddParameter): Name = "ComponentLink1URL"; Value = "https://ir.linkedin.com/in/mahdi-bagherzade"; VariantName = "[No Variations]"
Add component (AddParameter): Name = "Phone Number"; Value = "0915 8700 314"; VariantName = "[No Variations]"
Add component (AddParameter): Name = "Published Date"; Value = "9-15-2024"; VariantName = "[No Variations]"
Add component (AddParameter): Name = "Publisher"; Value = "Mahdi Bagherzadeh"; VariantName = "[No Variations]"
Add component (AddParameter): Name = "Tolerance"; Value = "X7R"; VariantName = "[No Variations]"
Add component (AddParameter): Name = "Type"; Value = "SMD"; VariantName = "[No Variations]"
Add component (AddParameter): Name = "Value"; Value = "100nF"; VariantName = "[No Variations]"
Add component (AddParameter): Name = "Voltage"; Value = "50V"; VariantName = "[No Variations]"
Added Component: Designator=C2_22(C-0805)
Add component (AddParameter): Name = "ComponentLink1Description"; Value = "Linkedin"; VariantName = "[No Variations]"
Add component (AddParameter): Name = "ComponentLink1URL"; Value = "https://ir.linkedin.com/in/mahdi-bagherzade"; VariantName = "[No Variations]"
Add component (AddParameter): Name = "Phone Number"; Value = "0915 8700 314"; VariantName = "[No Variations]"
Add component (AddParameter): Name = "Published Date"; Value = "9-15-2024"; VariantName = "[No Variations]"
Add component (AddParameter): Name = "Publisher"; Value = "Mahdi Bagherzadeh"; VariantName = "[No Variations]"
Add component (AddParameter): Name = "Tolerance"; Value = "X7R"; VariantName = "[No Variations]"
Add component (AddParameter): Name = "Type"; Value = "SMD"; VariantName = "[No Variations]"
Add component (AddParameter): Name = "Value"; Value = "100nF"; VariantName = "[No Variations]"
Add component (AddParameter): Name = "Voltage"; Value = "50V"; VariantName = "[No Variations]"
Added Component: Designator=C2_23(C-0805)
Add component (AddParameter): Name = "ComponentLink1Description"; Value = "Linkedin"; VariantName = "[No Variations]"
Add component (AddParameter): Name = "ComponentLink1URL"; Value = "https://ir.linkedin.com/in/mahdi-bagherzade"; VariantName = "[No Variations]"
Add component (AddParameter): Name = "Phone Number"; Value = "0915 8700 314"; VariantName = "[No Variations]"
Add component (AddParameter): Name = "Published Date"; Value = "9-15-2024"; VariantName = "[No Variations]"
Add component (AddParameter): Name = "Publisher"; Value = "Mahdi Bagherzadeh"; VariantName = "[No Variations]"
Add component (AddParameter): Name = "Tolerance"; Value = "X7R"; VariantName = "[No Variations]"
Add component (AddParameter): Name = "Type"; Value = "SMD"; VariantName = "[No Variations]"
Add component (AddParameter): Name = "Value"; Value = "100nF"; VariantName = "[No Variations]"
Add component (AddParameter): Name = "Voltage"; Value = "50V"; VariantName = "[No Variations]"
Added Component: Designator=C2_24(C-0805)
Add component (AddParameter): Name = "ComponentLink1Description"; Value = "Linkedin"; VariantName = "[No Variations]"
Add component (AddParameter): Name = "ComponentLink1URL"; Value = "https://ir.linkedin.com/in/mahdi-bagherzade"; VariantName = "[No Variations]"
Add component (AddParameter): Name = "Phone Number"; Value = "0915 8700 314"; VariantName = "[No Variations]"
Add component (AddParameter): Name = "Published Date"; Value = "9-15-2024"; VariantName = "[No Variations]"
Add component (AddParameter): Name = "Publisher"; Value = "Mahdi Bagherzadeh"; VariantName = "[No Variations]"
Add component (AddParameter): Name = "Tolerance"; Value = "X7R"; VariantName = "[No Variations]"
Add component (AddParameter): Name = "Type"; Value = "SMD"; VariantName = "[No Variations]"
Add component (AddParameter): Name = "Value"; Value = "100nF"; VariantName = "[No Variations]"
Add component (AddParameter): Name = "Voltage"; Value = "50V"; VariantName = "[No Variations]"
Added Component: Designator=C2_25(C-0805)
Add component (AddParameter): Name = "ComponentLink1Description"; Value = "Linkedin"; VariantName = "[No Variations]"
Add component (AddParameter): Name = "ComponentLink1URL"; Value = "https://ir.linkedin.com/in/mahdi-bagherzade"; VariantName = "[No Variations]"
Add component (AddParameter): Name = "Phone Number"; Value = "0915 8700 314"; VariantName = "[No Variations]"
Add component (AddParameter): Name = "Published Date"; Value = "9-15-2024"; VariantName = "[No Variations]"
Add component (AddParameter): Name = "Publisher"; Value = "Mahdi Bagherzadeh"; VariantName = "[No Variations]"
Add component (AddParameter): Name = "Tolerance"; Value = "X7R"; VariantName = "[No Variations]"
Add component (AddParameter): Name = "Type"; Value = "SMD"; VariantName = "[No Variations]"
Add component (AddParameter): Name = "Value"; Value = "100nF"; VariantName = "[No Variations]"
Add component (AddParameter): Name = "Voltage"; Value = "50V"; VariantName = "[No Variations]"
Added Component: Designator=C2_26(C-0805)
Add component (AddParameter): Name = "ComponentLink1Description"; Value = "Linkedin"; VariantName = "[No Variations]"
Add component (AddParameter): Name = "ComponentLink1URL"; Value = "https://ir.linkedin.com/in/mahdi-bagherzade"; VariantName = "[No Variations]"
Add component (AddParameter): Name = "Phone Number"; Value = "0915 8700 314"; VariantName = "[No Variations]"
Add component (AddParameter): Name = "Published Date"; Value = "9-15-2024"; VariantName = "[No Variations]"
Add component (AddParameter): Name = "Publisher"; Value = "Mahdi Bagherzadeh"; VariantName = "[No Variations]"
Add component (AddParameter): Name = "Tolerance"; Value = "X7R"; VariantName = "[No Variations]"
Add component (AddParameter): Name = "Type"; Value = "SMD"; VariantName = "[No Variations]"
Add component (AddParameter): Name = "Value"; Value = "100nF"; VariantName = "[No Variations]"
Add component (AddParameter): Name = "Voltage"; Value = "50V"; VariantName = "[No Variations]"
Added Component: Designator=C2_27(C-0805)
Add component (AddParameter): Name = "ComponentLink1Description"; Value = "Linkedin"; VariantName = "[No Variations]"
Add component (AddParameter): Name = "ComponentLink1URL"; Value = "https://ir.linkedin.com/in/mahdi-bagherzade"; VariantName = "[No Variations]"
Add component (AddParameter): Name = "Phone Number"; Value = "0915 8700 314"; VariantName = "[No Variations]"
Add component (AddParameter): Name = "Published Date"; Value = "9-15-2024"; VariantName = "[No Variations]"
Add component (AddParameter): Name = "Publisher"; Value = "Mahdi Bagherzadeh"; VariantName = "[No Variations]"
Add component (AddParameter): Name = "Tolerance"; Value = "X7R"; VariantName = "[No Variations]"
Add component (AddParameter): Name = "Type"; Value = "SMD"; VariantName = "[No Variations]"
Add component (AddParameter): Name = "Value"; Value = "100nF"; VariantName = "[No Variations]"
Add component (AddParameter): Name = "Voltage"; Value = "50V"; VariantName = "[No Variations]"
Added Component: Designator=C2_28(C-0805)
Add component (AddParameter): Name = "ComponentLink1Description"; Value = "Linkedin"; VariantName = "[No Variations]"
Add component (AddParameter): Name = "ComponentLink1URL"; Value = "https://ir.linkedin.com/in/mahdi-bagherzade"; VariantName = "[No Variations]"
Add component (AddParameter): Name = "Phone Number"; Value = "0915 8700 314"; VariantName = "[No Variations]"
Add component (AddParameter): Name = "Published Date"; Value = "9-15-2024"; VariantName = "[No Variations]"
Add component (AddParameter): Name = "Publisher"; Value = "Mahdi Bagherzadeh"; VariantName = "[No Variations]"
Add component (AddParameter): Name = "Tolerance"; Value = "X7R"; VariantName = "[No Variations]"
Add component (AddParameter): Name = "Type"; Value = "SMD"; VariantName = "[No Variations]"
Add component (AddParameter): Name = "Value"; Value = "100nF"; VariantName = "[No Variations]"
Add component (AddParameter): Name = "Voltage"; Value = "50V"; VariantName = "[No Variations]"
Added Component: Designator=C41(C-0805)
Add component (AddParameter): Name = "ComponentLink1Description"; Value = "Linkedin"; VariantName = "[No Variations]"
Add component (AddParameter): Name = "ComponentLink1URL"; Value = "https://ir.linkedin.com/in/mahdi-bagherzade"; VariantName = "[No Variations]"
Add component (AddParameter): Name = "Phone Number"; Value = "0915 8700 314"; VariantName = "[No Variations]"
Add component (AddParameter): Name = "Published Date"; Value = "9-15-2024"; VariantName = "[No Variations]"
Add component (AddParameter): Name = "Publisher"; Value = "Mahdi Bagherzadeh"; VariantName = "[No Variations]"
Add component (AddParameter): Name = "Tolerance"; Value = "X7R"; VariantName = "[No Variations]"
Add component (AddParameter): Name = "Type"; Value = "SMD"; VariantName = "[No Variations]"
Add component (AddParameter): Name = "Value"; Value = "100nF"; VariantName = "[No Variations]"
Add component (AddParameter): Name = "Voltage"; Value = "50V"; VariantName = "[No Variations]"
Added Component: Designator=C47_1(C-0805)
Add component (AddParameter): Name = "ComponentLink1Description"; Value = "Linkedin"; VariantName = "[No Variations]"
Add component (AddParameter): Name = "ComponentLink1URL"; Value = "https://ir.linkedin.com/in/mahdi-bagherzade"; VariantName = "[No Variations]"
Add component (AddParameter): Name = "Phone Number"; Value = "0915 8700 314"; VariantName = "[No Variations]"
Add component (AddParameter): Name = "Published Date"; Value = "9-15-2024"; VariantName = "[No Variations]"
Add component (AddParameter): Name = "Publisher"; Value = "Mahdi Bagherzadeh"; VariantName = "[No Variations]"
Add component (AddParameter): Name = "Tolerance"; Value = "X7R"; VariantName = "[No Variations]"
Add component (AddParameter): Name = "Type"; Value = "SMD"; VariantName = "[No Variations]"
Add component (AddParameter): Name = "Value"; Value = "100nF"; VariantName = "[No Variations]"
Add component (AddParameter): Name = "Voltage"; Value = "50V"; VariantName = "[No Variations]"
Added Component: Designator=C47_2(C-0805)
Add component (AddParameter): Name = "ComponentLink1Description"; Value = "Linkedin"; VariantName = "[No Variations]"
Add component (AddParameter): Name = "ComponentLink1URL"; Value = "https://ir.linkedin.com/in/mahdi-bagherzade"; VariantName = "[No Variations]"
Add component (AddParameter): Name = "Phone Number"; Value = "0915 8700 314"; VariantName = "[No Variations]"
Add component (AddParameter): Name = "Published Date"; Value = "9-15-2024"; VariantName = "[No Variations]"
Add component (AddParameter): Name = "Publisher"; Value = "Mahdi Bagherzadeh"; VariantName = "[No Variations]"
Add component (AddParameter): Name = "Tolerance"; Value = "X7R"; VariantName = "[No Variations]"
Add component (AddParameter): Name = "Type"; Value = "SMD"; VariantName = "[No Variations]"
Add component (AddParameter): Name = "Value"; Value = "100nF"; VariantName = "[No Variations]"
Add component (AddParameter): Name = "Voltage"; Value = "50V"; VariantName = "[No Variations]"
Added Component: Designator=C47_3(C-0805)
Add component (AddParameter): Name = "ComponentLink1Description"; Value = "Linkedin"; VariantName = "[No Variations]"
Add component (AddParameter): Name = "ComponentLink1URL"; Value = "https://ir.linkedin.com/in/mahdi-bagherzade"; VariantName = "[No Variations]"
Add component (AddParameter): Name = "Phone Number"; Value = "0915 8700 314"; VariantName = "[No Variations]"
Add component (AddParameter): Name = "Published Date"; Value = "9-15-2024"; VariantName = "[No Variations]"
Add component (AddParameter): Name = "Publisher"; Value = "Mahdi Bagherzadeh"; VariantName = "[No Variations]"
Add component (AddParameter): Name = "Tolerance"; Value = "X7R"; VariantName = "[No Variations]"
Add component (AddParameter): Name = "Type"; Value = "SMD"; VariantName = "[No Variations]"
Add component (AddParameter): Name = "Value"; Value = "100nF"; VariantName = "[No Variations]"
Add component (AddParameter): Name = "Voltage"; Value = "50V"; VariantName = "[No Variations]"
Added Component: Designator=C47_4(C-0805)
Add component (AddParameter): Name = "ComponentLink1Description"; Value = "Linkedin"; VariantName = "[No Variations]"
Add component (AddParameter): Name = "ComponentLink1URL"; Value = "https://ir.linkedin.com/in/mahdi-bagherzade"; VariantName = "[No Variations]"
Add component (AddParameter): Name = "Phone Number"; Value = "0915 8700 314"; VariantName = "[No Variations]"
Add component (AddParameter): Name = "Published Date"; Value = "9-15-2024"; VariantName = "[No Variations]"
Add component (AddParameter): Name = "Publisher"; Value = "Mahdi Bagherzadeh"; VariantName = "[No Variations]"
Add component (AddParameter): Name = "Tolerance"; Value = "X7R"; VariantName = "[No Variations]"
Add component (AddParameter): Name = "Type"; Value = "SMD"; VariantName = "[No Variations]"
Add component (AddParameter): Name = "Value"; Value = "100nF"; VariantName = "[No Variations]"
Add component (AddParameter): Name = "Voltage"; Value = "50V"; VariantName = "[No Variations]"
Added Component: Designator=C47_5(C-0805)
Add component (AddParameter): Name = "ComponentLink1Description"; Value = "Linkedin"; VariantName = "[No Variations]"
Add component (AddParameter): Name = "ComponentLink1URL"; Value = "https://ir.linkedin.com/in/mahdi-bagherzade"; VariantName = "[No Variations]"
Add component (AddParameter): Name = "Phone Number"; Value = "0915 8700 314"; VariantName = "[No Variations]"
Add component (AddParameter): Name = "Published Date"; Value = "9-15-2024"; VariantName = "[No Variations]"
Add component (AddParameter): Name = "Publisher"; Value = "Mahdi Bagherzadeh"; VariantName = "[No Variations]"
Add component (AddParameter): Name = "Tolerance"; Value = "X7R"; VariantName = "[No Variations]"
Add component (AddParameter): Name = "Type"; Value = "SMD"; VariantName = "[No Variations]"
Add component (AddParameter): Name = "Value"; Value = "100nF"; VariantName = "[No Variations]"
Add component (AddParameter): Name = "Voltage"; Value = "50V"; VariantName = "[No Variations]"
Added Component: Designator=C47_6(C-0805)
Add component (AddParameter): Name = "ComponentLink1Description"; Value = "Linkedin"; VariantName = "[No Variations]"
Add component (AddParameter): Name = "ComponentLink1URL"; Value = "https://ir.linkedin.com/in/mahdi-bagherzade"; VariantName = "[No Variations]"
Add component (AddParameter): Name = "Phone Number"; Value = "0915 8700 314"; VariantName = "[No Variations]"
Add component (AddParameter): Name = "Published Date"; Value = "9-15-2024"; VariantName = "[No Variations]"
Add component (AddParameter): Name = "Publisher"; Value = "Mahdi Bagherzadeh"; VariantName = "[No Variations]"
Add component (AddParameter): Name = "Tolerance"; Value = "X7R"; VariantName = "[No Variations]"
Add component (AddParameter): Name = "Type"; Value = "SMD"; VariantName = "[No Variations]"
Add component (AddParameter): Name = "Value"; Value = "100nF"; VariantName = "[No Variations]"
Add component (AddParameter): Name = "Voltage"; Value = "50V"; VariantName = "[No Variations]"
Added Component: Designator=C47_7(C-0805)
Add component (AddParameter): Name = "ComponentLink1Description"; Value = "Linkedin"; VariantName = "[No Variations]"
Add component (AddParameter): Name = "ComponentLink1URL"; Value = "https://ir.linkedin.com/in/mahdi-bagherzade"; VariantName = "[No Variations]"
Add component (AddParameter): Name = "Phone Number"; Value = "0915 8700 314"; VariantName = "[No Variations]"
Add component (AddParameter): Name = "Published Date"; Value = "9-15-2024"; VariantName = "[No Variations]"
Add component (AddParameter): Name = "Publisher"; Value = "Mahdi Bagherzadeh"; VariantName = "[No Variations]"
Add component (AddParameter): Name = "Tolerance"; Value = "X7R"; VariantName = "[No Variations]"
Add component (AddParameter): Name = "Type"; Value = "SMD"; VariantName = "[No Variations]"
Add component (AddParameter): Name = "Value"; Value = "100nF"; VariantName = "[No Variations]"
Add component (AddParameter): Name = "Voltage"; Value = "50V"; VariantName = "[No Variations]"
Added Component: Designator=C47_8(C-0805)
Add component (AddParameter): Name = "ComponentLink1Description"; Value = "Linkedin"; VariantName = "[No Variations]"
Add component (AddParameter): Name = "ComponentLink1URL"; Value = "https://ir.linkedin.com/in/mahdi-bagherzade"; VariantName = "[No Variations]"
Add component (AddParameter): Name = "Phone Number"; Value = "0915 8700 314"; VariantName = "[No Variations]"
Add component (AddParameter): Name = "Published Date"; Value = "9-15-2024"; VariantName = "[No Variations]"
Add component (AddParameter): Name = "Publisher"; Value = "Mahdi Bagherzadeh"; VariantName = "[No Variations]"
Add component (AddParameter): Name = "Tolerance"; Value = "X7R"; VariantName = "[No Variations]"
Add component (AddParameter): Name = "Type"; Value = "SMD"; VariantName = "[No Variations]"
Add component (AddParameter): Name = "Value"; Value = "100nF"; VariantName = "[No Variations]"
Add component (AddParameter): Name = "Voltage"; Value = "50V"; VariantName = "[No Variations]"
Added Component: Designator=CN1_5(XH-2)
Add component (AddParameter): Name = "ComponentLink1Description"; Value = "Linkedin"; VariantName = "[No Variations]"
Add component (AddParameter): Name = "ComponentLink1URL"; Value = "https://ir.linkedin.com/in/mahdi-bagherzade"; VariantName = "[No Variations]"
Add component (AddParameter): Name = "Phone Number"; Value = "0915 8700 314"; VariantName = "[No Variations]"
Add component (AddParameter): Name = "Published Date"; Value = "9-15-2024"; VariantName = "[No Variations]"
Add component (AddParameter): Name = "Publisher"; Value = "Mahdi Bagherzadeh"; VariantName = "[No Variations]"
Add component (AddParameter): Name = "Size"; Value = "?mm"; VariantName = "[No Variations]"
Add component (AddParameter): Name = "Type"; Value = "Straight/Right-THD/SMD"; VariantName = "[No Variations]"
Add component (AddParameter): Name = "Value"; Value = "XH/VH/TE"; VariantName = "[No Variations]"
Added Component: Designator=CN1_6(XH-2)
Add component (AddParameter): Name = "ComponentLink1Description"; Value = "Linkedin"; VariantName = "[No Variations]"
Add component (AddParameter): Name = "ComponentLink1URL"; Value = "https://ir.linkedin.com/in/mahdi-bagherzade"; VariantName = "[No Variations]"
Add component (AddParameter): Name = "Phone Number"; Value = "0915 8700 314"; VariantName = "[No Variations]"
Add component (AddParameter): Name = "Published Date"; Value = "9-15-2024"; VariantName = "[No Variations]"
Add component (AddParameter): Name = "Publisher"; Value = "Mahdi Bagherzadeh"; VariantName = "[No Variations]"
Add component (AddParameter): Name = "Size"; Value = "?mm"; VariantName = "[No Variations]"
Add component (AddParameter): Name = "Type"; Value = "Straight/Right-THD/SMD"; VariantName = "[No Variations]"
Add component (AddParameter): Name = "Value"; Value = "XH/VH/TE"; VariantName = "[No Variations]"
Added Component: Designator=CN1_7(XH-2)
Add component (AddParameter): Name = "ComponentLink1Description"; Value = "Linkedin"; VariantName = "[No Variations]"
Add component (AddParameter): Name = "ComponentLink1URL"; Value = "https://ir.linkedin.com/in/mahdi-bagherzade"; VariantName = "[No Variations]"
Add component (AddParameter): Name = "Phone Number"; Value = "0915 8700 314"; VariantName = "[No Variations]"
Add component (AddParameter): Name = "Published Date"; Value = "9-15-2024"; VariantName = "[No Variations]"
Add component (AddParameter): Name = "Publisher"; Value = "Mahdi Bagherzadeh"; VariantName = "[No Variations]"
Add component (AddParameter): Name = "Size"; Value = "?mm"; VariantName = "[No Variations]"
Add component (AddParameter): Name = "Type"; Value = "Straight/Right-THD/SMD"; VariantName = "[No Variations]"
Add component (AddParameter): Name = "Value"; Value = "XH/VH/TE"; VariantName = "[No Variations]"
Added Component: Designator=CN1_8(XH-2)
Add component (AddParameter): Name = "ComponentLink1Description"; Value = "Linkedin"; VariantName = "[No Variations]"
Add component (AddParameter): Name = "ComponentLink1URL"; Value = "https://ir.linkedin.com/in/mahdi-bagherzade"; VariantName = "[No Variations]"
Add component (AddParameter): Name = "Phone Number"; Value = "0915 8700 314"; VariantName = "[No Variations]"
Add component (AddParameter): Name = "Published Date"; Value = "9-15-2024"; VariantName = "[No Variations]"
Add component (AddParameter): Name = "Publisher"; Value = "Mahdi Bagherzadeh"; VariantName = "[No Variations]"
Add component (AddParameter): Name = "Size"; Value = "?mm"; VariantName = "[No Variations]"
Add component (AddParameter): Name = "Type"; Value = "Straight/Right-THD/SMD"; VariantName = "[No Variations]"
Add component (AddParameter): Name = "Value"; Value = "XH/VH/TE"; VariantName = "[No Variations]"
Added Component: Designator=CN1_9(XH-2)
Add component (AddParameter): Name = "ComponentLink1Description"; Value = "Linkedin"; VariantName = "[No Variations]"
Add component (AddParameter): Name = "ComponentLink1URL"; Value = "https://ir.linkedin.com/in/mahdi-bagherzade"; VariantName = "[No Variations]"
Add component (AddParameter): Name = "Phone Number"; Value = "0915 8700 314"; VariantName = "[No Variations]"
Add component (AddParameter): Name = "Published Date"; Value = "9-15-2024"; VariantName = "[No Variations]"
Add component (AddParameter): Name = "Publisher"; Value = "Mahdi Bagherzadeh"; VariantName = "[No Variations]"
Add component (AddParameter): Name = "Size"; Value = "?mm"; VariantName = "[No Variations]"
Add component (AddParameter): Name = "Type"; Value = "Straight/Right-THD/SMD"; VariantName = "[No Variations]"
Add component (AddParameter): Name = "Value"; Value = "XH/VH/TE"; VariantName = "[No Variations]"
Added Component: Designator=CN1_10(XH-2)
Add component (AddParameter): Name = "ComponentLink1Description"; Value = "Linkedin"; VariantName = "[No Variations]"
Add component (AddParameter): Name = "ComponentLink1URL"; Value = "https://ir.linkedin.com/in/mahdi-bagherzade"; VariantName = "[No Variations]"
Add component (AddParameter): Name = "Phone Number"; Value = "0915 8700 314"; VariantName = "[No Variations]"
Add component (AddParameter): Name = "Published Date"; Value = "9-15-2024"; VariantName = "[No Variations]"
Add component (AddParameter): Name = "Publisher"; Value = "Mahdi Bagherzadeh"; VariantName = "[No Variations]"
Add component (AddParameter): Name = "Size"; Value = "?mm"; VariantName = "[No Variations]"
Add component (AddParameter): Name = "Type"; Value = "Straight/Right-THD/SMD"; VariantName = "[No Variations]"
Add component (AddParameter): Name = "Value"; Value = "XH/VH/TE"; VariantName = "[No Variations]"
Added Component: Designator=CN1_11(XH-2)
Add component (AddParameter): Name = "ComponentLink1Description"; Value = "Linkedin"; VariantName = "[No Variations]"
Add component (AddParameter): Name = "ComponentLink1URL"; Value = "https://ir.linkedin.com/in/mahdi-bagherzade"; VariantName = "[No Variations]"
Add component (AddParameter): Name = "Phone Number"; Value = "0915 8700 314"; VariantName = "[No Variations]"
Add component (AddParameter): Name = "Published Date"; Value = "9-15-2024"; VariantName = "[No Variations]"
Add component (AddParameter): Name = "Publisher"; Value = "Mahdi Bagherzadeh"; VariantName = "[No Variations]"
Add component (AddParameter): Name = "Size"; Value = "?mm"; VariantName = "[No Variations]"
Add component (AddParameter): Name = "Type"; Value = "Straight/Right-THD/SMD"; VariantName = "[No Variations]"
Add component (AddParameter): Name = "Value"; Value = "XH/VH/TE"; VariantName = "[No Variations]"
Added Component: Designator=CN1_12(XH-2)
Add component (AddParameter): Name = "ComponentLink1Description"; Value = "Linkedin"; VariantName = "[No Variations]"
Add component (AddParameter): Name = "ComponentLink1URL"; Value = "https://ir.linkedin.com/in/mahdi-bagherzade"; VariantName = "[No Variations]"
Add component (AddParameter): Name = "Phone Number"; Value = "0915 8700 314"; VariantName = "[No Variations]"
Add component (AddParameter): Name = "Published Date"; Value = "9-15-2024"; VariantName = "[No Variations]"
Add component (AddParameter): Name = "Publisher"; Value = "Mahdi Bagherzadeh"; VariantName = "[No Variations]"
Add component (AddParameter): Name = "Size"; Value = "?mm"; VariantName = "[No Variations]"
Add component (AddParameter): Name = "Type"; Value = "Straight/Right-THD/SMD"; VariantName = "[No Variations]"
Add component (AddParameter): Name = "Value"; Value = "XH/VH/TE"; VariantName = "[No Variations]"
Added Component: Designator=CN1_13(XH-2)
Add component (AddParameter): Name = "ComponentLink1Description"; Value = "Linkedin"; VariantName = "[No Variations]"
Add component (AddParameter): Name = "ComponentLink1URL"; Value = "https://ir.linkedin.com/in/mahdi-bagherzade"; VariantName = "[No Variations]"
Add component (AddParameter): Name = "Phone Number"; Value = "0915 8700 314"; VariantName = "[No Variations]"
Add component (AddParameter): Name = "Published Date"; Value = "9-15-2024"; VariantName = "[No Variations]"
Add component (AddParameter): Name = "Publisher"; Value = "Mahdi Bagherzadeh"; VariantName = "[No Variations]"
Add component (AddParameter): Name = "Size"; Value = "?mm"; VariantName = "[No Variations]"
Add component (AddParameter): Name = "Type"; Value = "Straight/Right-THD/SMD"; VariantName = "[No Variations]"
Add component (AddParameter): Name = "Value"; Value = "XH/VH/TE"; VariantName = "[No Variations]"
Added Component: Designator=CN1_14(XH-2)
Add component (AddParameter): Name = "ComponentLink1Description"; Value = "Linkedin"; VariantName = "[No Variations]"
Add component (AddParameter): Name = "ComponentLink1URL"; Value = "https://ir.linkedin.com/in/mahdi-bagherzade"; VariantName = "[No Variations]"
Add component (AddParameter): Name = "Phone Number"; Value = "0915 8700 314"; VariantName = "[No Variations]"
Add component (AddParameter): Name = "Published Date"; Value = "9-15-2024"; VariantName = "[No Variations]"
Add component (AddParameter): Name = "Publisher"; Value = "Mahdi Bagherzadeh"; VariantName = "[No Variations]"
Add component (AddParameter): Name = "Size"; Value = "?mm"; VariantName = "[No Variations]"
Add component (AddParameter): Name = "Type"; Value = "Straight/Right-THD/SMD"; VariantName = "[No Variations]"
Add component (AddParameter): Name = "Value"; Value = "XH/VH/TE"; VariantName = "[No Variations]"
Added Component: Designator=CN1_15(XH-2)
Add component (AddParameter): Name = "ComponentLink1Description"; Value = "Linkedin"; VariantName = "[No Variations]"
Add component (AddParameter): Name = "ComponentLink1URL"; Value = "https://ir.linkedin.com/in/mahdi-bagherzade"; VariantName = "[No Variations]"
Add component (AddParameter): Name = "Phone Number"; Value = "0915 8700 314"; VariantName = "[No Variations]"
Add component (AddParameter): Name = "Published Date"; Value = "9-15-2024"; VariantName = "[No Variations]"
Add component (AddParameter): Name = "Publisher"; Value = "Mahdi Bagherzadeh"; VariantName = "[No Variations]"
Add component (AddParameter): Name = "Size"; Value = "?mm"; VariantName = "[No Variations]"
Add component (AddParameter): Name = "Type"; Value = "Straight/Right-THD/SMD"; VariantName = "[No Variations]"
Add component (AddParameter): Name = "Value"; Value = "XH/VH/TE"; VariantName = "[No Variations]"
Added Component: Designator=CN1_16(XH-2)
Add component (AddParameter): Name = "ComponentLink1Description"; Value = "Linkedin"; VariantName = "[No Variations]"
Add component (AddParameter): Name = "ComponentLink1URL"; Value = "https://ir.linkedin.com/in/mahdi-bagherzade"; VariantName = "[No Variations]"
Add component (AddParameter): Name = "Phone Number"; Value = "0915 8700 314"; VariantName = "[No Variations]"
Add component (AddParameter): Name = "Published Date"; Value = "9-15-2024"; VariantName = "[No Variations]"
Add component (AddParameter): Name = "Publisher"; Value = "Mahdi Bagherzadeh"; VariantName = "[No Variations]"
Add component (AddParameter): Name = "Size"; Value = "?mm"; VariantName = "[No Variations]"
Add component (AddParameter): Name = "Type"; Value = "Straight/Right-THD/SMD"; VariantName = "[No Variations]"
Add component (AddParameter): Name = "Value"; Value = "XH/VH/TE"; VariantName = "[No Variations]"
Added Component: Designator=CN1_17(XH-2)
Add component (AddParameter): Name = "ComponentLink1Description"; Value = "Linkedin"; VariantName = "[No Variations]"
Add component (AddParameter): Name = "ComponentLink1URL"; Value = "https://ir.linkedin.com/in/mahdi-bagherzade"; VariantName = "[No Variations]"
Add component (AddParameter): Name = "Phone Number"; Value = "0915 8700 314"; VariantName = "[No Variations]"
Add component (AddParameter): Name = "Published Date"; Value = "9-15-2024"; VariantName = "[No Variations]"
Add component (AddParameter): Name = "Publisher"; Value = "Mahdi Bagherzadeh"; VariantName = "[No Variations]"
Add component (AddParameter): Name = "Size"; Value = "?mm"; VariantName = "[No Variations]"
Add component (AddParameter): Name = "Type"; Value = "Straight/Right-THD/SMD"; VariantName = "[No Variations]"
Add component (AddParameter): Name = "Value"; Value = "XH/VH/TE"; VariantName = "[No Variations]"
Added Component: Designator=CN1_18(XH-2)
Add component (AddParameter): Name = "ComponentLink1Description"; Value = "Linkedin"; VariantName = "[No Variations]"
Add component (AddParameter): Name = "ComponentLink1URL"; Value = "https://ir.linkedin.com/in/mahdi-bagherzade"; VariantName = "[No Variations]"
Add component (AddParameter): Name = "Phone Number"; Value = "0915 8700 314"; VariantName = "[No Variations]"
Add component (AddParameter): Name = "Published Date"; Value = "9-15-2024"; VariantName = "[No Variations]"
Add component (AddParameter): Name = "Publisher"; Value = "Mahdi Bagherzadeh"; VariantName = "[No Variations]"
Add component (AddParameter): Name = "Size"; Value = "?mm"; VariantName = "[No Variations]"
Add component (AddParameter): Name = "Type"; Value = "Straight/Right-THD/SMD"; VariantName = "[No Variations]"
Add component (AddParameter): Name = "Value"; Value = "XH/VH/TE"; VariantName = "[No Variations]"
Added Component: Designator=CN1_19(XH-2)
Add component (AddParameter): Name = "ComponentLink1Description"; Value = "Linkedin"; VariantName = "[No Variations]"
Add component (AddParameter): Name = "ComponentLink1URL"; Value = "https://ir.linkedin.com/in/mahdi-bagherzade"; VariantName = "[No Variations]"
Add component (AddParameter): Name = "Phone Number"; Value = "0915 8700 314"; VariantName = "[No Variations]"
Add component (AddParameter): Name = "Published Date"; Value = "9-15-2024"; VariantName = "[No Variations]"
Add component (AddParameter): Name = "Publisher"; Value = "Mahdi Bagherzadeh"; VariantName = "[No Variations]"
Add component (AddParameter): Name = "Size"; Value = "?mm"; VariantName = "[No Variations]"
Add component (AddParameter): Name = "Type"; Value = "Straight/Right-THD/SMD"; VariantName = "[No Variations]"
Add component (AddParameter): Name = "Value"; Value = "XH/VH/TE"; VariantName = "[No Variations]"
Added Component: Designator=CN1_20(XH-2)
Add component (AddParameter): Name = "ComponentLink1Description"; Value = "Linkedin"; VariantName = "[No Variations]"
Add component (AddParameter): Name = "ComponentLink1URL"; Value = "https://ir.linkedin.com/in/mahdi-bagherzade"; VariantName = "[No Variations]"
Add component (AddParameter): Name = "Phone Number"; Value = "0915 8700 314"; VariantName = "[No Variations]"
Add component (AddParameter): Name = "Published Date"; Value = "9-15-2024"; VariantName = "[No Variations]"
Add component (AddParameter): Name = "Publisher"; Value = "Mahdi Bagherzadeh"; VariantName = "[No Variations]"
Add component (AddParameter): Name = "Size"; Value = "?mm"; VariantName = "[No Variations]"
Add component (AddParameter): Name = "Type"; Value = "Straight/Right-THD/SMD"; VariantName = "[No Variations]"
Add component (AddParameter): Name = "Value"; Value = "XH/VH/TE"; VariantName = "[No Variations]"
Added Component: Designator=CN1_21(XH-2)
Add component (AddParameter): Name = "ComponentLink1Description"; Value = "Linkedin"; VariantName = "[No Variations]"
Add component (AddParameter): Name = "ComponentLink1URL"; Value = "https://ir.linkedin.com/in/mahdi-bagherzade"; VariantName = "[No Variations]"
Add component (AddParameter): Name = "Phone Number"; Value = "0915 8700 314"; VariantName = "[No Variations]"
Add component (AddParameter): Name = "Published Date"; Value = "9-15-2024"; VariantName = "[No Variations]"
Add component (AddParameter): Name = "Publisher"; Value = "Mahdi Bagherzadeh"; VariantName = "[No Variations]"
Add component (AddParameter): Name = "Size"; Value = "?mm"; VariantName = "[No Variations]"
Add component (AddParameter): Name = "Type"; Value = "Straight/Right-THD/SMD"; VariantName = "[No Variations]"
Add component (AddParameter): Name = "Value"; Value = "XH/VH/TE"; VariantName = "[No Variations]"
Added Component: Designator=CN1_22(XH-2)
Add component (AddParameter): Name = "ComponentLink1Description"; Value = "Linkedin"; VariantName = "[No Variations]"
Add component (AddParameter): Name = "ComponentLink1URL"; Value = "https://ir.linkedin.com/in/mahdi-bagherzade"; VariantName = "[No Variations]"
Add component (AddParameter): Name = "Phone Number"; Value = "0915 8700 314"; VariantName = "[No Variations]"
Add component (AddParameter): Name = "Published Date"; Value = "9-15-2024"; VariantName = "[No Variations]"
Add component (AddParameter): Name = "Publisher"; Value = "Mahdi Bagherzadeh"; VariantName = "[No Variations]"
Add component (AddParameter): Name = "Size"; Value = "?mm"; VariantName = "[No Variations]"
Add component (AddParameter): Name = "Type"; Value = "Straight/Right-THD/SMD"; VariantName = "[No Variations]"
Add component (AddParameter): Name = "Value"; Value = "XH/VH/TE"; VariantName = "[No Variations]"
Added Component: Designator=CN1_23(XH-2)
Add component (AddParameter): Name = "ComponentLink1Description"; Value = "Linkedin"; VariantName = "[No Variations]"
Add component (AddParameter): Name = "ComponentLink1URL"; Value = "https://ir.linkedin.com/in/mahdi-bagherzade"; VariantName = "[No Variations]"
Add component (AddParameter): Name = "Phone Number"; Value = "0915 8700 314"; VariantName = "[No Variations]"
Add component (AddParameter): Name = "Published Date"; Value = "9-15-2024"; VariantName = "[No Variations]"
Add component (AddParameter): Name = "Publisher"; Value = "Mahdi Bagherzadeh"; VariantName = "[No Variations]"
Add component (AddParameter): Name = "Size"; Value = "?mm"; VariantName = "[No Variations]"
Add component (AddParameter): Name = "Type"; Value = "Straight/Right-THD/SMD"; VariantName = "[No Variations]"
Add component (AddParameter): Name = "Value"; Value = "XH/VH/TE"; VariantName = "[No Variations]"
Added Component: Designator=CN1_24(XH-2)
Add component (AddParameter): Name = "ComponentLink1Description"; Value = "Linkedin"; VariantName = "[No Variations]"
Add component (AddParameter): Name = "ComponentLink1URL"; Value = "https://ir.linkedin.com/in/mahdi-bagherzade"; VariantName = "[No Variations]"
Add component (AddParameter): Name = "Phone Number"; Value = "0915 8700 314"; VariantName = "[No Variations]"
Add component (AddParameter): Name = "Published Date"; Value = "9-15-2024"; VariantName = "[No Variations]"
Add component (AddParameter): Name = "Publisher"; Value = "Mahdi Bagherzadeh"; VariantName = "[No Variations]"
Add component (AddParameter): Name = "Size"; Value = "?mm"; VariantName = "[No Variations]"
Add component (AddParameter): Name = "Type"; Value = "Straight/Right-THD/SMD"; VariantName = "[No Variations]"
Add component (AddParameter): Name = "Value"; Value = "XH/VH/TE"; VariantName = "[No Variations]"
Added Component: Designator=CN1_25(XH-2)
Add component (AddParameter): Name = "ComponentLink1Description"; Value = "Linkedin"; VariantName = "[No Variations]"
Add component (AddParameter): Name = "ComponentLink1URL"; Value = "https://ir.linkedin.com/in/mahdi-bagherzade"; VariantName = "[No Variations]"
Add component (AddParameter): Name = "Phone Number"; Value = "0915 8700 314"; VariantName = "[No Variations]"
Add component (AddParameter): Name = "Published Date"; Value = "9-15-2024"; VariantName = "[No Variations]"
Add component (AddParameter): Name = "Publisher"; Value = "Mahdi Bagherzadeh"; VariantName = "[No Variations]"
Add component (AddParameter): Name = "Size"; Value = "?mm"; VariantName = "[No Variations]"
Add component (AddParameter): Name = "Type"; Value = "Straight/Right-THD/SMD"; VariantName = "[No Variations]"
Add component (AddParameter): Name = "Value"; Value = "XH/VH/TE"; VariantName = "[No Variations]"
Added Component: Designator=CN1_26(XH-2)
Add component (AddParameter): Name = "ComponentLink1Description"; Value = "Linkedin"; VariantName = "[No Variations]"
Add component (AddParameter): Name = "ComponentLink1URL"; Value = "https://ir.linkedin.com/in/mahdi-bagherzade"; VariantName = "[No Variations]"
Add component (AddParameter): Name = "Phone Number"; Value = "0915 8700 314"; VariantName = "[No Variations]"
Add component (AddParameter): Name = "Published Date"; Value = "9-15-2024"; VariantName = "[No Variations]"
Add component (AddParameter): Name = "Publisher"; Value = "Mahdi Bagherzadeh"; VariantName = "[No Variations]"
Add component (AddParameter): Name = "Size"; Value = "?mm"; VariantName = "[No Variations]"
Add component (AddParameter): Name = "Type"; Value = "Straight/Right-THD/SMD"; VariantName = "[No Variations]"
Add component (AddParameter): Name = "Value"; Value = "XH/VH/TE"; VariantName = "[No Variations]"
Added Component: Designator=CN1_27(XH-2)
Add component (AddParameter): Name = "ComponentLink1Description"; Value = "Linkedin"; VariantName = "[No Variations]"
Add component (AddParameter): Name = "ComponentLink1URL"; Value = "https://ir.linkedin.com/in/mahdi-bagherzade"; VariantName = "[No Variations]"
Add component (AddParameter): Name = "Phone Number"; Value = "0915 8700 314"; VariantName = "[No Variations]"
Add component (AddParameter): Name = "Published Date"; Value = "9-15-2024"; VariantName = "[No Variations]"
Add component (AddParameter): Name = "Publisher"; Value = "Mahdi Bagherzadeh"; VariantName = "[No Variations]"
Add component (AddParameter): Name = "Size"; Value = "?mm"; VariantName = "[No Variations]"
Add component (AddParameter): Name = "Type"; Value = "Straight/Right-THD/SMD"; VariantName = "[No Variations]"
Add component (AddParameter): Name = "Value"; Value = "XH/VH/TE"; VariantName = "[No Variations]"
Added Component: Designator=CN1_28(XH-2)
Add component (AddParameter): Name = "ComponentLink1Description"; Value = "Linkedin"; VariantName = "[No Variations]"
Add component (AddParameter): Name = "ComponentLink1URL"; Value = "https://ir.linkedin.com/in/mahdi-bagherzade"; VariantName = "[No Variations]"
Add component (AddParameter): Name = "Phone Number"; Value = "0915 8700 314"; VariantName = "[No Variations]"
Add component (AddParameter): Name = "Published Date"; Value = "9-15-2024"; VariantName = "[No Variations]"
Add component (AddParameter): Name = "Publisher"; Value = "Mahdi Bagherzadeh"; VariantName = "[No Variations]"
Add component (AddParameter): Name = "Size"; Value = "?mm"; VariantName = "[No Variations]"
Add component (AddParameter): Name = "Type"; Value = "Straight/Right-THD/SMD"; VariantName = "[No Variations]"
Add component (AddParameter): Name = "Value"; Value = "XH/VH/TE"; VariantName = "[No Variations]"
Added Component: Designator=CN2_5(XH-2)
Add component (AddParameter): Name = "ComponentLink1Description"; Value = "Linkedin"; VariantName = "[No Variations]"
Add component (AddParameter): Name = "ComponentLink1URL"; Value = "https://ir.linkedin.com/in/mahdi-bagherzade"; VariantName = "[No Variations]"
Add component (AddParameter): Name = "Phone Number"; Value = "0915 8700 314"; VariantName = "[No Variations]"
Add component (AddParameter): Name = "Published Date"; Value = "9-15-2024"; VariantName = "[No Variations]"
Add component (AddParameter): Name = "Publisher"; Value = "Mahdi Bagherzadeh"; VariantName = "[No Variations]"
Add component (AddParameter): Name = "Size"; Value = "?mm"; VariantName = "[No Variations]"
Add component (AddParameter): Name = "Type"; Value = "Straight/Right-THD/SMD"; VariantName = "[No Variations]"
Add component (AddParameter): Name = "Value"; Value = "XH/VH/TE"; VariantName = "[No Variations]"
Added Component: Designator=CN2_6(XH-2)
Add component (AddParameter): Name = "ComponentLink1Description"; Value = "Linkedin"; VariantName = "[No Variations]"
Add component (AddParameter): Name = "ComponentLink1URL"; Value = "https://ir.linkedin.com/in/mahdi-bagherzade"; VariantName = "[No Variations]"
Add component (AddParameter): Name = "Phone Number"; Value = "0915 8700 314"; VariantName = "[No Variations]"
Add component (AddParameter): Name = "Published Date"; Value = "9-15-2024"; VariantName = "[No Variations]"
Add component (AddParameter): Name = "Publisher"; Value = "Mahdi Bagherzadeh"; VariantName = "[No Variations]"
Add component (AddParameter): Name = "Size"; Value = "?mm"; VariantName = "[No Variations]"
Add component (AddParameter): Name = "Type"; Value = "Straight/Right-THD/SMD"; VariantName = "[No Variations]"
Add component (AddParameter): Name = "Value"; Value = "XH/VH/TE"; VariantName = "[No Variations]"
Added Component: Designator=CN2_7(XH-2)
Add component (AddParameter): Name = "ComponentLink1Description"; Value = "Linkedin"; VariantName = "[No Variations]"
Add component (AddParameter): Name = "ComponentLink1URL"; Value = "https://ir.linkedin.com/in/mahdi-bagherzade"; VariantName = "[No Variations]"
Add component (AddParameter): Name = "Phone Number"; Value = "0915 8700 314"; VariantName = "[No Variations]"
Add component (AddParameter): Name = "Published Date"; Value = "9-15-2024"; VariantName = "[No Variations]"
Add component (AddParameter): Name = "Publisher"; Value = "Mahdi Bagherzadeh"; VariantName = "[No Variations]"
Add component (AddParameter): Name = "Size"; Value = "?mm"; VariantName = "[No Variations]"
Add component (AddParameter): Name = "Type"; Value = "Straight/Right-THD/SMD"; VariantName = "[No Variations]"
Add component (AddParameter): Name = "Value"; Value = "XH/VH/TE"; VariantName = "[No Variations]"
Added Component: Designator=CN2_8(XH-2)
Add component (AddParameter): Name = "ComponentLink1Description"; Value = "Linkedin"; VariantName = "[No Variations]"
Add component (AddParameter): Name = "ComponentLink1URL"; Value = "https://ir.linkedin.com/in/mahdi-bagherzade"; VariantName = "[No Variations]"
Add component (AddParameter): Name = "Phone Number"; Value = "0915 8700 314"; VariantName = "[No Variations]"
Add component (AddParameter): Name = "Published Date"; Value = "9-15-2024"; VariantName = "[No Variations]"
Add component (AddParameter): Name = "Publisher"; Value = "Mahdi Bagherzadeh"; VariantName = "[No Variations]"
Add component (AddParameter): Name = "Size"; Value = "?mm"; VariantName = "[No Variations]"
Add component (AddParameter): Name = "Type"; Value = "Straight/Right-THD/SMD"; VariantName = "[No Variations]"
Add component (AddParameter): Name = "Value"; Value = "XH/VH/TE"; VariantName = "[No Variations]"
Added Component: Designator=CN2_9(XH-2)
Add component (AddParameter): Name = "ComponentLink1Description"; Value = "Linkedin"; VariantName = "[No Variations]"
Add component (AddParameter): Name = "ComponentLink1URL"; Value = "https://ir.linkedin.com/in/mahdi-bagherzade"; VariantName = "[No Variations]"
Add component (AddParameter): Name = "Phone Number"; Value = "0915 8700 314"; VariantName = "[No Variations]"
Add component (AddParameter): Name = "Published Date"; Value = "9-15-2024"; VariantName = "[No Variations]"
Add component (AddParameter): Name = "Publisher"; Value = "Mahdi Bagherzadeh"; VariantName = "[No Variations]"
Add component (AddParameter): Name = "Size"; Value = "?mm"; VariantName = "[No Variations]"
Add component (AddParameter): Name = "Type"; Value = "Straight/Right-THD/SMD"; VariantName = "[No Variations]"
Add component (AddParameter): Name = "Value"; Value = "XH/VH/TE"; VariantName = "[No Variations]"
Added Component: Designator=CN2_10(XH-2)
Add component (AddParameter): Name = "ComponentLink1Description"; Value = "Linkedin"; VariantName = "[No Variations]"
Add component (AddParameter): Name = "ComponentLink1URL"; Value = "https://ir.linkedin.com/in/mahdi-bagherzade"; VariantName = "[No Variations]"
Add component (AddParameter): Name = "Phone Number"; Value = "0915 8700 314"; VariantName = "[No Variations]"
Add component (AddParameter): Name = "Published Date"; Value = "9-15-2024"; VariantName = "[No Variations]"
Add component (AddParameter): Name = "Publisher"; Value = "Mahdi Bagherzadeh"; VariantName = "[No Variations]"
Add component (AddParameter): Name = "Size"; Value = "?mm"; VariantName = "[No Variations]"
Add component (AddParameter): Name = "Type"; Value = "Straight/Right-THD/SMD"; VariantName = "[No Variations]"
Add component (AddParameter): Name = "Value"; Value = "XH/VH/TE"; VariantName = "[No Variations]"
Added Component: Designator=CN2_11(XH-2)
Add component (AddParameter): Name = "ComponentLink1Description"; Value = "Linkedin"; VariantName = "[No Variations]"
Add component (AddParameter): Name = "ComponentLink1URL"; Value = "https://ir.linkedin.com/in/mahdi-bagherzade"; VariantName = "[No Variations]"
Add component (AddParameter): Name = "Phone Number"; Value = "0915 8700 314"; VariantName = "[No Variations]"
Add component (AddParameter): Name = "Published Date"; Value = "9-15-2024"; VariantName = "[No Variations]"
Add component (AddParameter): Name = "Publisher"; Value = "Mahdi Bagherzadeh"; VariantName = "[No Variations]"
Add component (AddParameter): Name = "Size"; Value = "?mm"; VariantName = "[No Variations]"
Add component (AddParameter): Name = "Type"; Value = "Straight/Right-THD/SMD"; VariantName = "[No Variations]"
Add component (AddParameter): Name = "Value"; Value = "XH/VH/TE"; VariantName = "[No Variations]"
Added Component: Designator=CN2_12(XH-2)
Add component (AddParameter): Name = "ComponentLink1Description"; Value = "Linkedin"; VariantName = "[No Variations]"
Add component (AddParameter): Name = "ComponentLink1URL"; Value = "https://ir.linkedin.com/in/mahdi-bagherzade"; VariantName = "[No Variations]"
Add component (AddParameter): Name = "Phone Number"; Value = "0915 8700 314"; VariantName = "[No Variations]"
Add component (AddParameter): Name = "Published Date"; Value = "9-15-2024"; VariantName = "[No Variations]"
Add component (AddParameter): Name = "Publisher"; Value = "Mahdi Bagherzadeh"; VariantName = "[No Variations]"
Add component (AddParameter): Name = "Size"; Value = "?mm"; VariantName = "[No Variations]"
Add component (AddParameter): Name = "Type"; Value = "Straight/Right-THD/SMD"; VariantName = "[No Variations]"
Add component (AddParameter): Name = "Value"; Value = "XH/VH/TE"; VariantName = "[No Variations]"
Added Component: Designator=CN2_13(XH-2)
Add component (AddParameter): Name = "ComponentLink1Description"; Value = "Linkedin"; VariantName = "[No Variations]"
Add component (AddParameter): Name = "ComponentLink1URL"; Value = "https://ir.linkedin.com/in/mahdi-bagherzade"; VariantName = "[No Variations]"
Add component (AddParameter): Name = "Phone Number"; Value = "0915 8700 314"; VariantName = "[No Variations]"
Add component (AddParameter): Name = "Published Date"; Value = "9-15-2024"; VariantName = "[No Variations]"
Add component (AddParameter): Name = "Publisher"; Value = "Mahdi Bagherzadeh"; VariantName = "[No Variations]"
Add component (AddParameter): Name = "Size"; Value = "?mm"; VariantName = "[No Variations]"
Add component (AddParameter): Name = "Type"; Value = "Straight/Right-THD/SMD"; VariantName = "[No Variations]"
Add component (AddParameter): Name = "Value"; Value = "XH/VH/TE"; VariantName = "[No Variations]"
Added Component: Designator=CN2_14(XH-2)
Add component (AddParameter): Name = "ComponentLink1Description"; Value = "Linkedin"; VariantName = "[No Variations]"
Add component (AddParameter): Name = "ComponentLink1URL"; Value = "https://ir.linkedin.com/in/mahdi-bagherzade"; VariantName = "[No Variations]"
Add component (AddParameter): Name = "Phone Number"; Value = "0915 8700 314"; VariantName = "[No Variations]"
Add component (AddParameter): Name = "Published Date"; Value = "9-15-2024"; VariantName = "[No Variations]"
Add component (AddParameter): Name = "Publisher"; Value = "Mahdi Bagherzadeh"; VariantName = "[No Variations]"
Add component (AddParameter): Name = "Size"; Value = "?mm"; VariantName = "[No Variations]"
Add component (AddParameter): Name = "Type"; Value = "Straight/Right-THD/SMD"; VariantName = "[No Variations]"
Add component (AddParameter): Name = "Value"; Value = "XH/VH/TE"; VariantName = "[No Variations]"
Added Component: Designator=CN2_15(XH-2)
Add component (AddParameter): Name = "ComponentLink1Description"; Value = "Linkedin"; VariantName = "[No Variations]"
Add component (AddParameter): Name = "ComponentLink1URL"; Value = "https://ir.linkedin.com/in/mahdi-bagherzade"; VariantName = "[No Variations]"
Add component (AddParameter): Name = "Phone Number"; Value = "0915 8700 314"; VariantName = "[No Variations]"
Add component (AddParameter): Name = "Published Date"; Value = "9-15-2024"; VariantName = "[No Variations]"
Add component (AddParameter): Name = "Publisher"; Value = "Mahdi Bagherzadeh"; VariantName = "[No Variations]"
Add component (AddParameter): Name = "Size"; Value = "?mm"; VariantName = "[No Variations]"
Add component (AddParameter): Name = "Type"; Value = "Straight/Right-THD/SMD"; VariantName = "[No Variations]"
Add component (AddParameter): Name = "Value"; Value = "XH/VH/TE"; VariantName = "[No Variations]"
Added Component: Designator=CN2_16(XH-2)
Add component (AddParameter): Name = "ComponentLink1Description"; Value = "Linkedin"; VariantName = "[No Variations]"
Add component (AddParameter): Name = "ComponentLink1URL"; Value = "https://ir.linkedin.com/in/mahdi-bagherzade"; VariantName = "[No Variations]"
Add component (AddParameter): Name = "Phone Number"; Value = "0915 8700 314"; VariantName = "[No Variations]"
Add component (AddParameter): Name = "Published Date"; Value = "9-15-2024"; VariantName = "[No Variations]"
Add component (AddParameter): Name = "Publisher"; Value = "Mahdi Bagherzadeh"; VariantName = "[No Variations]"
Add component (AddParameter): Name = "Size"; Value = "?mm"; VariantName = "[No Variations]"
Add component (AddParameter): Name = "Type"; Value = "Straight/Right-THD/SMD"; VariantName = "[No Variations]"
Add component (AddParameter): Name = "Value"; Value = "XH/VH/TE"; VariantName = "[No Variations]"
Added Component: Designator=CN2_17(XH-2)
Add component (AddParameter): Name = "ComponentLink1Description"; Value = "Linkedin"; VariantName = "[No Variations]"
Add component (AddParameter): Name = "ComponentLink1URL"; Value = "https://ir.linkedin.com/in/mahdi-bagherzade"; VariantName = "[No Variations]"
Add component (AddParameter): Name = "Phone Number"; Value = "0915 8700 314"; VariantName = "[No Variations]"
Add component (AddParameter): Name = "Published Date"; Value = "9-15-2024"; VariantName = "[No Variations]"
Add component (AddParameter): Name = "Publisher"; Value = "Mahdi Bagherzadeh"; VariantName = "[No Variations]"
Add component (AddParameter): Name = "Size"; Value = "?mm"; VariantName = "[No Variations]"
Add component (AddParameter): Name = "Type"; Value = "Straight/Right-THD/SMD"; VariantName = "[No Variations]"
Add component (AddParameter): Name = "Value"; Value = "XH/VH/TE"; VariantName = "[No Variations]"
Added Component: Designator=CN2_18(XH-2)
Add component (AddParameter): Name = "ComponentLink1Description"; Value = "Linkedin"; VariantName = "[No Variations]"
Add component (AddParameter): Name = "ComponentLink1URL"; Value = "https://ir.linkedin.com/in/mahdi-bagherzade"; VariantName = "[No Variations]"
Add component (AddParameter): Name = "Phone Number"; Value = "0915 8700 314"; VariantName = "[No Variations]"
Add component (AddParameter): Name = "Published Date"; Value = "9-15-2024"; VariantName = "[No Variations]"
Add component (AddParameter): Name = "Publisher"; Value = "Mahdi Bagherzadeh"; VariantName = "[No Variations]"
Add component (AddParameter): Name = "Size"; Value = "?mm"; VariantName = "[No Variations]"
Add component (AddParameter): Name = "Type"; Value = "Straight/Right-THD/SMD"; VariantName = "[No Variations]"
Add component (AddParameter): Name = "Value"; Value = "XH/VH/TE"; VariantName = "[No Variations]"
Added Component: Designator=CN2_19(XH-2)
Add component (AddParameter): Name = "ComponentLink1Description"; Value = "Linkedin"; VariantName = "[No Variations]"
Add component (AddParameter): Name = "ComponentLink1URL"; Value = "https://ir.linkedin.com/in/mahdi-bagherzade"; VariantName = "[No Variations]"
Add component (AddParameter): Name = "Phone Number"; Value = "0915 8700 314"; VariantName = "[No Variations]"
Add component (AddParameter): Name = "Published Date"; Value = "9-15-2024"; VariantName = "[No Variations]"
Add component (AddParameter): Name = "Publisher"; Value = "Mahdi Bagherzadeh"; VariantName = "[No Variations]"
Add component (AddParameter): Name = "Size"; Value = "?mm"; VariantName = "[No Variations]"
Add component (AddParameter): Name = "Type"; Value = "Straight/Right-THD/SMD"; VariantName = "[No Variations]"
Add component (AddParameter): Name = "Value"; Value = "XH/VH/TE"; VariantName = "[No Variations]"
Added Component: Designator=CN2_20(XH-2)
Add component (AddParameter): Name = "ComponentLink1Description"; Value = "Linkedin"; VariantName = "[No Variations]"
Add component (AddParameter): Name = "ComponentLink1URL"; Value = "https://ir.linkedin.com/in/mahdi-bagherzade"; VariantName = "[No Variations]"
Add component (AddParameter): Name = "Phone Number"; Value = "0915 8700 314"; VariantName = "[No Variations]"
Add component (AddParameter): Name = "Published Date"; Value = "9-15-2024"; VariantName = "[No Variations]"
Add component (AddParameter): Name = "Publisher"; Value = "Mahdi Bagherzadeh"; VariantName = "[No Variations]"
Add component (AddParameter): Name = "Size"; Value = "?mm"; VariantName = "[No Variations]"
Add component (AddParameter): Name = "Type"; Value = "Straight/Right-THD/SMD"; VariantName = "[No Variations]"
Add component (AddParameter): Name = "Value"; Value = "XH/VH/TE"; VariantName = "[No Variations]"
Added Component: Designator=CN2_21(XH-2)
Add component (AddParameter): Name = "ComponentLink1Description"; Value = "Linkedin"; VariantName = "[No Variations]"
Add component (AddParameter): Name = "ComponentLink1URL"; Value = "https://ir.linkedin.com/in/mahdi-bagherzade"; VariantName = "[No Variations]"
Add component (AddParameter): Name = "Phone Number"; Value = "0915 8700 314"; VariantName = "[No Variations]"
Add component (AddParameter): Name = "Published Date"; Value = "9-15-2024"; VariantName = "[No Variations]"
Add component (AddParameter): Name = "Publisher"; Value = "Mahdi Bagherzadeh"; VariantName = "[No Variations]"
Add component (AddParameter): Name = "Size"; Value = "?mm"; VariantName = "[No Variations]"
Add component (AddParameter): Name = "Type"; Value = "Straight/Right-THD/SMD"; VariantName = "[No Variations]"
Add component (AddParameter): Name = "Value"; Value = "XH/VH/TE"; VariantName = "[No Variations]"
Added Component: Designator=CN2_22(XH-2)
Add component (AddParameter): Name = "ComponentLink1Description"; Value = "Linkedin"; VariantName = "[No Variations]"
Add component (AddParameter): Name = "ComponentLink1URL"; Value = "https://ir.linkedin.com/in/mahdi-bagherzade"; VariantName = "[No Variations]"
Add component (AddParameter): Name = "Phone Number"; Value = "0915 8700 314"; VariantName = "[No Variations]"
Add component (AddParameter): Name = "Published Date"; Value = "9-15-2024"; VariantName = "[No Variations]"
Add component (AddParameter): Name = "Publisher"; Value = "Mahdi Bagherzadeh"; VariantName = "[No Variations]"
Add component (AddParameter): Name = "Size"; Value = "?mm"; VariantName = "[No Variations]"
Add component (AddParameter): Name = "Type"; Value = "Straight/Right-THD/SMD"; VariantName = "[No Variations]"
Add component (AddParameter): Name = "Value"; Value = "XH/VH/TE"; VariantName = "[No Variations]"
Added Component: Designator=CN2_23(XH-2)
Add component (AddParameter): Name = "ComponentLink1Description"; Value = "Linkedin"; VariantName = "[No Variations]"
Add component (AddParameter): Name = "ComponentLink1URL"; Value = "https://ir.linkedin.com/in/mahdi-bagherzade"; VariantName = "[No Variations]"
Add component (AddParameter): Name = "Phone Number"; Value = "0915 8700 314"; VariantName = "[No Variations]"
Add component (AddParameter): Name = "Published Date"; Value = "9-15-2024"; VariantName = "[No Variations]"
Add component (AddParameter): Name = "Publisher"; Value = "Mahdi Bagherzadeh"; VariantName = "[No Variations]"
Add component (AddParameter): Name = "Size"; Value = "?mm"; VariantName = "[No Variations]"
Add component (AddParameter): Name = "Type"; Value = "Straight/Right-THD/SMD"; VariantName = "[No Variations]"
Add component (AddParameter): Name = "Value"; Value = "XH/VH/TE"; VariantName = "[No Variations]"
Added Component: Designator=CN2_24(XH-2)
Add component (AddParameter): Name = "ComponentLink1Description"; Value = "Linkedin"; VariantName = "[No Variations]"
Add component (AddParameter): Name = "ComponentLink1URL"; Value = "https://ir.linkedin.com/in/mahdi-bagherzade"; VariantName = "[No Variations]"
Add component (AddParameter): Name = "Phone Number"; Value = "0915 8700 314"; VariantName = "[No Variations]"
Add component (AddParameter): Name = "Published Date"; Value = "9-15-2024"; VariantName = "[No Variations]"
Add component (AddParameter): Name = "Publisher"; Value = "Mahdi Bagherzadeh"; VariantName = "[No Variations]"
Add component (AddParameter): Name = "Size"; Value = "?mm"; VariantName = "[No Variations]"
Add component (AddParameter): Name = "Type"; Value = "Straight/Right-THD/SMD"; VariantName = "[No Variations]"
Add component (AddParameter): Name = "Value"; Value = "XH/VH/TE"; VariantName = "[No Variations]"
Added Component: Designator=CN2_25(XH-2)
Add component (AddParameter): Name = "ComponentLink1Description"; Value = "Linkedin"; VariantName = "[No Variations]"
Add component (AddParameter): Name = "ComponentLink1URL"; Value = "https://ir.linkedin.com/in/mahdi-bagherzade"; VariantName = "[No Variations]"
Add component (AddParameter): Name = "Phone Number"; Value = "0915 8700 314"; VariantName = "[No Variations]"
Add component (AddParameter): Name = "Published Date"; Value = "9-15-2024"; VariantName = "[No Variations]"
Add component (AddParameter): Name = "Publisher"; Value = "Mahdi Bagherzadeh"; VariantName = "[No Variations]"
Add component (AddParameter): Name = "Size"; Value = "?mm"; VariantName = "[No Variations]"
Add component (AddParameter): Name = "Type"; Value = "Straight/Right-THD/SMD"; VariantName = "[No Variations]"
Add component (AddParameter): Name = "Value"; Value = "XH/VH/TE"; VariantName = "[No Variations]"
Added Component: Designator=CN2_26(XH-2)
Add component (AddParameter): Name = "ComponentLink1Description"; Value = "Linkedin"; VariantName = "[No Variations]"
Add component (AddParameter): Name = "ComponentLink1URL"; Value = "https://ir.linkedin.com/in/mahdi-bagherzade"; VariantName = "[No Variations]"
Add component (AddParameter): Name = "Phone Number"; Value = "0915 8700 314"; VariantName = "[No Variations]"
Add component (AddParameter): Name = "Published Date"; Value = "9-15-2024"; VariantName = "[No Variations]"
Add component (AddParameter): Name = "Publisher"; Value = "Mahdi Bagherzadeh"; VariantName = "[No Variations]"
Add component (AddParameter): Name = "Size"; Value = "?mm"; VariantName = "[No Variations]"
Add component (AddParameter): Name = "Type"; Value = "Straight/Right-THD/SMD"; VariantName = "[No Variations]"
Add component (AddParameter): Name = "Value"; Value = "XH/VH/TE"; VariantName = "[No Variations]"
Added Component: Designator=CN2_27(XH-2)
Add component (AddParameter): Name = "ComponentLink1Description"; Value = "Linkedin"; VariantName = "[No Variations]"
Add component (AddParameter): Name = "ComponentLink1URL"; Value = "https://ir.linkedin.com/in/mahdi-bagherzade"; VariantName = "[No Variations]"
Add component (AddParameter): Name = "Phone Number"; Value = "0915 8700 314"; VariantName = "[No Variations]"
Add component (AddParameter): Name = "Published Date"; Value = "9-15-2024"; VariantName = "[No Variations]"
Add component (AddParameter): Name = "Publisher"; Value = "Mahdi Bagherzadeh"; VariantName = "[No Variations]"
Add component (AddParameter): Name = "Size"; Value = "?mm"; VariantName = "[No Variations]"
Add component (AddParameter): Name = "Type"; Value = "Straight/Right-THD/SMD"; VariantName = "[No Variations]"
Add component (AddParameter): Name = "Value"; Value = "XH/VH/TE"; VariantName = "[No Variations]"
Added Component: Designator=CN2_28(XH-2)
Add component (AddParameter): Name = "ComponentLink1Description"; Value = "Linkedin"; VariantName = "[No Variations]"
Add component (AddParameter): Name = "ComponentLink1URL"; Value = "https://ir.linkedin.com/in/mahdi-bagherzade"; VariantName = "[No Variations]"
Add component (AddParameter): Name = "Phone Number"; Value = "0915 8700 314"; VariantName = "[No Variations]"
Add component (AddParameter): Name = "Published Date"; Value = "9-15-2024"; VariantName = "[No Variations]"
Add component (AddParameter): Name = "Publisher"; Value = "Mahdi Bagherzadeh"; VariantName = "[No Variations]"
Add component (AddParameter): Name = "Size"; Value = "?mm"; VariantName = "[No Variations]"
Add component (AddParameter): Name = "Type"; Value = "Straight/Right-THD/SMD"; VariantName = "[No Variations]"
Add component (AddParameter): Name = "Value"; Value = "XH/VH/TE"; VariantName = "[No Variations]"
Added Component: Designator=CN3_5(XH-2)
Add component (AddParameter): Name = "ComponentLink1Description"; Value = "Linkedin"; VariantName = "[No Variations]"
Add component (AddParameter): Name = "ComponentLink1URL"; Value = "https://ir.linkedin.com/in/mahdi-bagherzade"; VariantName = "[No Variations]"
Add component (AddParameter): Name = "Phone Number"; Value = "0915 8700 314"; VariantName = "[No Variations]"
Add component (AddParameter): Name = "Published Date"; Value = "9-15-2024"; VariantName = "[No Variations]"
Add component (AddParameter): Name = "Publisher"; Value = "Mahdi Bagherzadeh"; VariantName = "[No Variations]"
Add component (AddParameter): Name = "Size"; Value = "?mm"; VariantName = "[No Variations]"
Add component (AddParameter): Name = "Type"; Value = "Straight/Right-THD/SMD"; VariantName = "[No Variations]"
Add component (AddParameter): Name = "Value"; Value = "XH/VH/TE"; VariantName = "[No Variations]"
Added Component: Designator=CN3_6(XH-2)
Add component (AddParameter): Name = "ComponentLink1Description"; Value = "Linkedin"; VariantName = "[No Variations]"
Add component (AddParameter): Name = "ComponentLink1URL"; Value = "https://ir.linkedin.com/in/mahdi-bagherzade"; VariantName = "[No Variations]"
Add component (AddParameter): Name = "Phone Number"; Value = "0915 8700 314"; VariantName = "[No Variations]"
Add component (AddParameter): Name = "Published Date"; Value = "9-15-2024"; VariantName = "[No Variations]"
Add component (AddParameter): Name = "Publisher"; Value = "Mahdi Bagherzadeh"; VariantName = "[No Variations]"
Add component (AddParameter): Name = "Size"; Value = "?mm"; VariantName = "[No Variations]"
Add component (AddParameter): Name = "Type"; Value = "Straight/Right-THD/SMD"; VariantName = "[No Variations]"
Add component (AddParameter): Name = "Value"; Value = "XH/VH/TE"; VariantName = "[No Variations]"
Added Component: Designator=CN3_7(XH-2)
Add component (AddParameter): Name = "ComponentLink1Description"; Value = "Linkedin"; VariantName = "[No Variations]"
Add component (AddParameter): Name = "ComponentLink1URL"; Value = "https://ir.linkedin.com/in/mahdi-bagherzade"; VariantName = "[No Variations]"
Add component (AddParameter): Name = "Phone Number"; Value = "0915 8700 314"; VariantName = "[No Variations]"
Add component (AddParameter): Name = "Published Date"; Value = "9-15-2024"; VariantName = "[No Variations]"
Add component (AddParameter): Name = "Publisher"; Value = "Mahdi Bagherzadeh"; VariantName = "[No Variations]"
Add component (AddParameter): Name = "Size"; Value = "?mm"; VariantName = "[No Variations]"
Add component (AddParameter): Name = "Type"; Value = "Straight/Right-THD/SMD"; VariantName = "[No Variations]"
Add component (AddParameter): Name = "Value"; Value = "XH/VH/TE"; VariantName = "[No Variations]"
Added Component: Designator=CN3_8(XH-2)
Add component (AddParameter): Name = "ComponentLink1Description"; Value = "Linkedin"; VariantName = "[No Variations]"
Add component (AddParameter): Name = "ComponentLink1URL"; Value = "https://ir.linkedin.com/in/mahdi-bagherzade"; VariantName = "[No Variations]"
Add component (AddParameter): Name = "Phone Number"; Value = "0915 8700 314"; VariantName = "[No Variations]"
Add component (AddParameter): Name = "Published Date"; Value = "9-15-2024"; VariantName = "[No Variations]"
Add component (AddParameter): Name = "Publisher"; Value = "Mahdi Bagherzadeh"; VariantName = "[No Variations]"
Add component (AddParameter): Name = "Size"; Value = "?mm"; VariantName = "[No Variations]"
Add component (AddParameter): Name = "Type"; Value = "Straight/Right-THD/SMD"; VariantName = "[No Variations]"
Add component (AddParameter): Name = "Value"; Value = "XH/VH/TE"; VariantName = "[No Variations]"
Added Component: Designator=CN3_9(XH-2)
Add component (AddParameter): Name = "ComponentLink1Description"; Value = "Linkedin"; VariantName = "[No Variations]"
Add component (AddParameter): Name = "ComponentLink1URL"; Value = "https://ir.linkedin.com/in/mahdi-bagherzade"; VariantName = "[No Variations]"
Add component (AddParameter): Name = "Phone Number"; Value = "0915 8700 314"; VariantName = "[No Variations]"
Add component (AddParameter): Name = "Published Date"; Value = "9-15-2024"; VariantName = "[No Variations]"
Add component (AddParameter): Name = "Publisher"; Value = "Mahdi Bagherzadeh"; VariantName = "[No Variations]"
Add component (AddParameter): Name = "Size"; Value = "?mm"; VariantName = "[No Variations]"
Add component (AddParameter): Name = "Type"; Value = "Straight/Right-THD/SMD"; VariantName = "[No Variations]"
Add component (AddParameter): Name = "Value"; Value = "XH/VH/TE"; VariantName = "[No Variations]"
Added Component: Designator=CN3_10(XH-2)
Add component (AddParameter): Name = "ComponentLink1Description"; Value = "Linkedin"; VariantName = "[No Variations]"
Add component (AddParameter): Name = "ComponentLink1URL"; Value = "https://ir.linkedin.com/in/mahdi-bagherzade"; VariantName = "[No Variations]"
Add component (AddParameter): Name = "Phone Number"; Value = "0915 8700 314"; VariantName = "[No Variations]"
Add component (AddParameter): Name = "Published Date"; Value = "9-15-2024"; VariantName = "[No Variations]"
Add component (AddParameter): Name = "Publisher"; Value = "Mahdi Bagherzadeh"; VariantName = "[No Variations]"
Add component (AddParameter): Name = "Size"; Value = "?mm"; VariantName = "[No Variations]"
Add component (AddParameter): Name = "Type"; Value = "Straight/Right-THD/SMD"; VariantName = "[No Variations]"
Add component (AddParameter): Name = "Value"; Value = "XH/VH/TE"; VariantName = "[No Variations]"
Added Component: Designator=CN3_11(XH-2)
Add component (AddParameter): Name = "ComponentLink1Description"; Value = "Linkedin"; VariantName = "[No Variations]"
Add component (AddParameter): Name = "ComponentLink1URL"; Value = "https://ir.linkedin.com/in/mahdi-bagherzade"; VariantName = "[No Variations]"
Add component (AddParameter): Name = "Phone Number"; Value = "0915 8700 314"; VariantName = "[No Variations]"
Add component (AddParameter): Name = "Published Date"; Value = "9-15-2024"; VariantName = "[No Variations]"
Add component (AddParameter): Name = "Publisher"; Value = "Mahdi Bagherzadeh"; VariantName = "[No Variations]"
Add component (AddParameter): Name = "Size"; Value = "?mm"; VariantName = "[No Variations]"
Add component (AddParameter): Name = "Type"; Value = "Straight/Right-THD/SMD"; VariantName = "[No Variations]"
Add component (AddParameter): Name = "Value"; Value = "XH/VH/TE"; VariantName = "[No Variations]"
Added Component: Designator=CN3_12(XH-2)
Add component (AddParameter): Name = "ComponentLink1Description"; Value = "Linkedin"; VariantName = "[No Variations]"
Add component (AddParameter): Name = "ComponentLink1URL"; Value = "https://ir.linkedin.com/in/mahdi-bagherzade"; VariantName = "[No Variations]"
Add component (AddParameter): Name = "Phone Number"; Value = "0915 8700 314"; VariantName = "[No Variations]"
Add component (AddParameter): Name = "Published Date"; Value = "9-15-2024"; VariantName = "[No Variations]"
Add component (AddParameter): Name = "Publisher"; Value = "Mahdi Bagherzadeh"; VariantName = "[No Variations]"
Add component (AddParameter): Name = "Size"; Value = "?mm"; VariantName = "[No Variations]"
Add component (AddParameter): Name = "Type"; Value = "Straight/Right-THD/SMD"; VariantName = "[No Variations]"
Add component (AddParameter): Name = "Value"; Value = "XH/VH/TE"; VariantName = "[No Variations]"
Added Component: Designator=CN3_13(XH-2)
Add component (AddParameter): Name = "ComponentLink1Description"; Value = "Linkedin"; VariantName = "[No Variations]"
Add component (AddParameter): Name = "ComponentLink1URL"; Value = "https://ir.linkedin.com/in/mahdi-bagherzade"; VariantName = "[No Variations]"
Add component (AddParameter): Name = "Phone Number"; Value = "0915 8700 314"; VariantName = "[No Variations]"
Add component (AddParameter): Name = "Published Date"; Value = "9-15-2024"; VariantName = "[No Variations]"
Add component (AddParameter): Name = "Publisher"; Value = "Mahdi Bagherzadeh"; VariantName = "[No Variations]"
Add component (AddParameter): Name = "Size"; Value = "?mm"; VariantName = "[No Variations]"
Add component (AddParameter): Name = "Type"; Value = "Straight/Right-THD/SMD"; VariantName = "[No Variations]"
Add component (AddParameter): Name = "Value"; Value = "XH/VH/TE"; VariantName = "[No Variations]"
Added Component: Designator=CN3_14(XH-2)
Add component (AddParameter): Name = "ComponentLink1Description"; Value = "Linkedin"; VariantName = "[No Variations]"
Add component (AddParameter): Name = "ComponentLink1URL"; Value = "https://ir.linkedin.com/in/mahdi-bagherzade"; VariantName = "[No Variations]"
Add component (AddParameter): Name = "Phone Number"; Value = "0915 8700 314"; VariantName = "[No Variations]"
Add component (AddParameter): Name = "Published Date"; Value = "9-15-2024"; VariantName = "[No Variations]"
Add component (AddParameter): Name = "Publisher"; Value = "Mahdi Bagherzadeh"; VariantName = "[No Variations]"
Add component (AddParameter): Name = "Size"; Value = "?mm"; VariantName = "[No Variations]"
Add component (AddParameter): Name = "Type"; Value = "Straight/Right-THD/SMD"; VariantName = "[No Variations]"
Add component (AddParameter): Name = "Value"; Value = "XH/VH/TE"; VariantName = "[No Variations]"
Added Component: Designator=CN3_15(XH-2)
Add component (AddParameter): Name = "ComponentLink1Description"; Value = "Linkedin"; VariantName = "[No Variations]"
Add component (AddParameter): Name = "ComponentLink1URL"; Value = "https://ir.linkedin.com/in/mahdi-bagherzade"; VariantName = "[No Variations]"
Add component (AddParameter): Name = "Phone Number"; Value = "0915 8700 314"; VariantName = "[No Variations]"
Add component (AddParameter): Name = "Published Date"; Value = "9-15-2024"; VariantName = "[No Variations]"
Add component (AddParameter): Name = "Publisher"; Value = "Mahdi Bagherzadeh"; VariantName = "[No Variations]"
Add component (AddParameter): Name = "Size"; Value = "?mm"; VariantName = "[No Variations]"
Add component (AddParameter): Name = "Type"; Value = "Straight/Right-THD/SMD"; VariantName = "[No Variations]"
Add component (AddParameter): Name = "Value"; Value = "XH/VH/TE"; VariantName = "[No Variations]"
Added Component: Designator=CN3_16(XH-2)
Add component (AddParameter): Name = "ComponentLink1Description"; Value = "Linkedin"; VariantName = "[No Variations]"
Add component (AddParameter): Name = "ComponentLink1URL"; Value = "https://ir.linkedin.com/in/mahdi-bagherzade"; VariantName = "[No Variations]"
Add component (AddParameter): Name = "Phone Number"; Value = "0915 8700 314"; VariantName = "[No Variations]"
Add component (AddParameter): Name = "Published Date"; Value = "9-15-2024"; VariantName = "[No Variations]"
Add component (AddParameter): Name = "Publisher"; Value = "Mahdi Bagherzadeh"; VariantName = "[No Variations]"
Add component (AddParameter): Name = "Size"; Value = "?mm"; VariantName = "[No Variations]"
Add component (AddParameter): Name = "Type"; Value = "Straight/Right-THD/SMD"; VariantName = "[No Variations]"
Add component (AddParameter): Name = "Value"; Value = "XH/VH/TE"; VariantName = "[No Variations]"
Added Component: Designator=CN3_17(XH-2)
Add component (AddParameter): Name = "ComponentLink1Description"; Value = "Linkedin"; VariantName = "[No Variations]"
Add component (AddParameter): Name = "ComponentLink1URL"; Value = "https://ir.linkedin.com/in/mahdi-bagherzade"; VariantName = "[No Variations]"
Add component (AddParameter): Name = "Phone Number"; Value = "0915 8700 314"; VariantName = "[No Variations]"
Add component (AddParameter): Name = "Published Date"; Value = "9-15-2024"; VariantName = "[No Variations]"
Add component (AddParameter): Name = "Publisher"; Value = "Mahdi Bagherzadeh"; VariantName = "[No Variations]"
Add component (AddParameter): Name = "Size"; Value = "?mm"; VariantName = "[No Variations]"
Add component (AddParameter): Name = "Type"; Value = "Straight/Right-THD/SMD"; VariantName = "[No Variations]"
Add component (AddParameter): Name = "Value"; Value = "XH/VH/TE"; VariantName = "[No Variations]"
Added Component: Designator=CN3_18(XH-2)
Add component (AddParameter): Name = "ComponentLink1Description"; Value = "Linkedin"; VariantName = "[No Variations]"
Add component (AddParameter): Name = "ComponentLink1URL"; Value = "https://ir.linkedin.com/in/mahdi-bagherzade"; VariantName = "[No Variations]"
Add component (AddParameter): Name = "Phone Number"; Value = "0915 8700 314"; VariantName = "[No Variations]"
Add component (AddParameter): Name = "Published Date"; Value = "9-15-2024"; VariantName = "[No Variations]"
Add component (AddParameter): Name = "Publisher"; Value = "Mahdi Bagherzadeh"; VariantName = "[No Variations]"
Add component (AddParameter): Name = "Size"; Value = "?mm"; VariantName = "[No Variations]"
Add component (AddParameter): Name = "Type"; Value = "Straight/Right-THD/SMD"; VariantName = "[No Variations]"
Add component (AddParameter): Name = "Value"; Value = "XH/VH/TE"; VariantName = "[No Variations]"
Added Component: Designator=CN3_19(XH-2)
Add component (AddParameter): Name = "ComponentLink1Description"; Value = "Linkedin"; VariantName = "[No Variations]"
Add component (AddParameter): Name = "ComponentLink1URL"; Value = "https://ir.linkedin.com/in/mahdi-bagherzade"; VariantName = "[No Variations]"
Add component (AddParameter): Name = "Phone Number"; Value = "0915 8700 314"; VariantName = "[No Variations]"
Add component (AddParameter): Name = "Published Date"; Value = "9-15-2024"; VariantName = "[No Variations]"
Add component (AddParameter): Name = "Publisher"; Value = "Mahdi Bagherzadeh"; VariantName = "[No Variations]"
Add component (AddParameter): Name = "Size"; Value = "?mm"; VariantName = "[No Variations]"
Add component (AddParameter): Name = "Type"; Value = "Straight/Right-THD/SMD"; VariantName = "[No Variations]"
Add component (AddParameter): Name = "Value"; Value = "XH/VH/TE"; VariantName = "[No Variations]"
Added Component: Designator=CN3_20(XH-2)
Add component (AddParameter): Name = "ComponentLink1Description"; Value = "Linkedin"; VariantName = "[No Variations]"
Add component (AddParameter): Name = "ComponentLink1URL"; Value = "https://ir.linkedin.com/in/mahdi-bagherzade"; VariantName = "[No Variations]"
Add component (AddParameter): Name = "Phone Number"; Value = "0915 8700 314"; VariantName = "[No Variations]"
Add component (AddParameter): Name = "Published Date"; Value = "9-15-2024"; VariantName = "[No Variations]"
Add component (AddParameter): Name = "Publisher"; Value = "Mahdi Bagherzadeh"; VariantName = "[No Variations]"
Add component (AddParameter): Name = "Size"; Value = "?mm"; VariantName = "[No Variations]"
Add component (AddParameter): Name = "Type"; Value = "Straight/Right-THD/SMD"; VariantName = "[No Variations]"
Add component (AddParameter): Name = "Value"; Value = "XH/VH/TE"; VariantName = "[No Variations]"
Added Component: Designator=CN3_21(XH-2)
Add component (AddParameter): Name = "ComponentLink1Description"; Value = "Linkedin"; VariantName = "[No Variations]"
Add component (AddParameter): Name = "ComponentLink1URL"; Value = "https://ir.linkedin.com/in/mahdi-bagherzade"; VariantName = "[No Variations]"
Add component (AddParameter): Name = "Phone Number"; Value = "0915 8700 314"; VariantName = "[No Variations]"
Add component (AddParameter): Name = "Published Date"; Value = "9-15-2024"; VariantName = "[No Variations]"
Add component (AddParameter): Name = "Publisher"; Value = "Mahdi Bagherzadeh"; VariantName = "[No Variations]"
Add component (AddParameter): Name = "Size"; Value = "?mm"; VariantName = "[No Variations]"
Add component (AddParameter): Name = "Type"; Value = "Straight/Right-THD/SMD"; VariantName = "[No Variations]"
Add component (AddParameter): Name = "Value"; Value = "XH/VH/TE"; VariantName = "[No Variations]"
Added Component: Designator=CN3_22(XH-2)
Add component (AddParameter): Name = "ComponentLink1Description"; Value = "Linkedin"; VariantName = "[No Variations]"
Add component (AddParameter): Name = "ComponentLink1URL"; Value = "https://ir.linkedin.com/in/mahdi-bagherzade"; VariantName = "[No Variations]"
Add component (AddParameter): Name = "Phone Number"; Value = "0915 8700 314"; VariantName = "[No Variations]"
Add component (AddParameter): Name = "Published Date"; Value = "9-15-2024"; VariantName = "[No Variations]"
Add component (AddParameter): Name = "Publisher"; Value = "Mahdi Bagherzadeh"; VariantName = "[No Variations]"
Add component (AddParameter): Name = "Size"; Value = "?mm"; VariantName = "[No Variations]"
Add component (AddParameter): Name = "Type"; Value = "Straight/Right-THD/SMD"; VariantName = "[No Variations]"
Add component (AddParameter): Name = "Value"; Value = "XH/VH/TE"; VariantName = "[No Variations]"
Added Component: Designator=CN3_23(XH-2)
Add component (AddParameter): Name = "ComponentLink1Description"; Value = "Linkedin"; VariantName = "[No Variations]"
Add component (AddParameter): Name = "ComponentLink1URL"; Value = "https://ir.linkedin.com/in/mahdi-bagherzade"; VariantName = "[No Variations]"
Add component (AddParameter): Name = "Phone Number"; Value = "0915 8700 314"; VariantName = "[No Variations]"
Add component (AddParameter): Name = "Published Date"; Value = "9-15-2024"; VariantName = "[No Variations]"
Add component (AddParameter): Name = "Publisher"; Value = "Mahdi Bagherzadeh"; VariantName = "[No Variations]"
Add component (AddParameter): Name = "Size"; Value = "?mm"; VariantName = "[No Variations]"
Add component (AddParameter): Name = "Type"; Value = "Straight/Right-THD/SMD"; VariantName = "[No Variations]"
Add component (AddParameter): Name = "Value"; Value = "XH/VH/TE"; VariantName = "[No Variations]"
Added Component: Designator=CN3_24(XH-2)
Add component (AddParameter): Name = "ComponentLink1Description"; Value = "Linkedin"; VariantName = "[No Variations]"
Add component (AddParameter): Name = "ComponentLink1URL"; Value = "https://ir.linkedin.com/in/mahdi-bagherzade"; VariantName = "[No Variations]"
Add component (AddParameter): Name = "Phone Number"; Value = "0915 8700 314"; VariantName = "[No Variations]"
Add component (AddParameter): Name = "Published Date"; Value = "9-15-2024"; VariantName = "[No Variations]"
Add component (AddParameter): Name = "Publisher"; Value = "Mahdi Bagherzadeh"; VariantName = "[No Variations]"
Add component (AddParameter): Name = "Size"; Value = "?mm"; VariantName = "[No Variations]"
Add component (AddParameter): Name = "Type"; Value = "Straight/Right-THD/SMD"; VariantName = "[No Variations]"
Add component (AddParameter): Name = "Value"; Value = "XH/VH/TE"; VariantName = "[No Variations]"
Added Component: Designator=CN3_25(XH-2)
Add component (AddParameter): Name = "ComponentLink1Description"; Value = "Linkedin"; VariantName = "[No Variations]"
Add component (AddParameter): Name = "ComponentLink1URL"; Value = "https://ir.linkedin.com/in/mahdi-bagherzade"; VariantName = "[No Variations]"
Add component (AddParameter): Name = "Phone Number"; Value = "0915 8700 314"; VariantName = "[No Variations]"
Add component (AddParameter): Name = "Published Date"; Value = "9-15-2024"; VariantName = "[No Variations]"
Add component (AddParameter): Name = "Publisher"; Value = "Mahdi Bagherzadeh"; VariantName = "[No Variations]"
Add component (AddParameter): Name = "Size"; Value = "?mm"; VariantName = "[No Variations]"
Add component (AddParameter): Name = "Type"; Value = "Straight/Right-THD/SMD"; VariantName = "[No Variations]"
Add component (AddParameter): Name = "Value"; Value = "XH/VH/TE"; VariantName = "[No Variations]"
Added Component: Designator=CN3_26(XH-2)
Add component (AddParameter): Name = "ComponentLink1Description"; Value = "Linkedin"; VariantName = "[No Variations]"
Add component (AddParameter): Name = "ComponentLink1URL"; Value = "https://ir.linkedin.com/in/mahdi-bagherzade"; VariantName = "[No Variations]"
Add component (AddParameter): Name = "Phone Number"; Value = "0915 8700 314"; VariantName = "[No Variations]"
Add component (AddParameter): Name = "Published Date"; Value = "9-15-2024"; VariantName = "[No Variations]"
Add component (AddParameter): Name = "Publisher"; Value = "Mahdi Bagherzadeh"; VariantName = "[No Variations]"
Add component (AddParameter): Name = "Size"; Value = "?mm"; VariantName = "[No Variations]"
Add component (AddParameter): Name = "Type"; Value = "Straight/Right-THD/SMD"; VariantName = "[No Variations]"
Add component (AddParameter): Name = "Value"; Value = "XH/VH/TE"; VariantName = "[No Variations]"
Added Component: Designator=CN3_27(XH-2)
Add component (AddParameter): Name = "ComponentLink1Description"; Value = "Linkedin"; VariantName = "[No Variations]"
Add component (AddParameter): Name = "ComponentLink1URL"; Value = "https://ir.linkedin.com/in/mahdi-bagherzade"; VariantName = "[No Variations]"
Add component (AddParameter): Name = "Phone Number"; Value = "0915 8700 314"; VariantName = "[No Variations]"
Add component (AddParameter): Name = "Published Date"; Value = "9-15-2024"; VariantName = "[No Variations]"
Add component (AddParameter): Name = "Publisher"; Value = "Mahdi Bagherzadeh"; VariantName = "[No Variations]"
Add component (AddParameter): Name = "Size"; Value = "?mm"; VariantName = "[No Variations]"
Add component (AddParameter): Name = "Type"; Value = "Straight/Right-THD/SMD"; VariantName = "[No Variations]"
Add component (AddParameter): Name = "Value"; Value = "XH/VH/TE"; VariantName = "[No Variations]"
Added Component: Designator=CN3_28(XH-2)
Add component (AddParameter): Name = "ComponentLink1Description"; Value = "Linkedin"; VariantName = "[No Variations]"
Add component (AddParameter): Name = "ComponentLink1URL"; Value = "https://ir.linkedin.com/in/mahdi-bagherzade"; VariantName = "[No Variations]"
Add component (AddParameter): Name = "Phone Number"; Value = "0915 8700 314"; VariantName = "[No Variations]"
Add component (AddParameter): Name = "Published Date"; Value = "9-15-2024"; VariantName = "[No Variations]"
Add component (AddParameter): Name = "Publisher"; Value = "Mahdi Bagherzadeh"; VariantName = "[No Variations]"
Add component (AddParameter): Name = "Size"; Value = "?mm"; VariantName = "[No Variations]"
Add component (AddParameter): Name = "Type"; Value = "Straight/Right-THD/SMD"; VariantName = "[No Variations]"
Add component (AddParameter): Name = "Value"; Value = "XH/VH/TE"; VariantName = "[No Variations]"
Added Component: Designator=D1(SOD80)
Add component (AddParameter): Name = "Code"; Value = "1N4148"; VariantName = "[No Variations]"
Add component (AddParameter): Name = "ComponentLink1Description"; Value = "Linkedin"; VariantName = "[No Variations]"
Add component (AddParameter): Name = "ComponentLink1URL"; Value = "https://ir.linkedin.com/in/mahdi-bagherzade"; VariantName = "[No Variations]"
Add component (AddParameter): Name = "Phone Number"; Value = "0915 8700 314"; VariantName = "[No Variations]"
Add component (AddParameter): Name = "Published Date"; Value = "9-15-2024"; VariantName = "[No Variations]"
Add component (AddParameter): Name = "Publisher"; Value = "Mahdi Bagherzadeh"; VariantName = "[No Variations]"
Add component (AddParameter): Name = "Type"; Value = "SMD"; VariantName = "[No Variations]"
Added Component: Designator=FB6_1(FB-0805)
Add component (AddParameter): Name = "ComponentLink1Description"; Value = "Linkedin"; VariantName = "[No Variations]"
Add component (AddParameter): Name = "ComponentLink1URL"; Value = "https://ir.linkedin.com/in/mahdi-bagherzade"; VariantName = "[No Variations]"
Add component (AddParameter): Name = "Phone Number"; Value = "0915 8700 314"; VariantName = "[No Variations]"
Add component (AddParameter): Name = "Published Date"; Value = "9-15-2024"; VariantName = "[No Variations]"
Add component (AddParameter): Name = "Publisher"; Value = "Mahdi Bagherzadeh"; VariantName = "[No Variations]"
Add component (AddParameter): Name = "Type"; Value = "SMD"; VariantName = "[No Variations]"
Added Component: Designator=FB6_2(FB-0805)
Add component (AddParameter): Name = "ComponentLink1Description"; Value = "Linkedin"; VariantName = "[No Variations]"
Add component (AddParameter): Name = "ComponentLink1URL"; Value = "https://ir.linkedin.com/in/mahdi-bagherzade"; VariantName = "[No Variations]"
Add component (AddParameter): Name = "Phone Number"; Value = "0915 8700 314"; VariantName = "[No Variations]"
Add component (AddParameter): Name = "Published Date"; Value = "9-15-2024"; VariantName = "[No Variations]"
Add component (AddParameter): Name = "Publisher"; Value = "Mahdi Bagherzadeh"; VariantName = "[No Variations]"
Add component (AddParameter): Name = "Type"; Value = "SMD"; VariantName = "[No Variations]"
Added Component: Designator=FB6_3(FB-0805)
Add component (AddParameter): Name = "ComponentLink1Description"; Value = "Linkedin"; VariantName = "[No Variations]"
Add component (AddParameter): Name = "ComponentLink1URL"; Value = "https://ir.linkedin.com/in/mahdi-bagherzade"; VariantName = "[No Variations]"
Add component (AddParameter): Name = "Phone Number"; Value = "0915 8700 314"; VariantName = "[No Variations]"
Add component (AddParameter): Name = "Published Date"; Value = "9-15-2024"; VariantName = "[No Variations]"
Add component (AddParameter): Name = "Publisher"; Value = "Mahdi Bagherzadeh"; VariantName = "[No Variations]"
Add component (AddParameter): Name = "Type"; Value = "SMD"; VariantName = "[No Variations]"
Added Component: Designator=FB6_4(FB-0805)
Add component (AddParameter): Name = "ComponentLink1Description"; Value = "Linkedin"; VariantName = "[No Variations]"
Add component (AddParameter): Name = "ComponentLink1URL"; Value = "https://ir.linkedin.com/in/mahdi-bagherzade"; VariantName = "[No Variations]"
Add component (AddParameter): Name = "Phone Number"; Value = "0915 8700 314"; VariantName = "[No Variations]"
Add component (AddParameter): Name = "Published Date"; Value = "9-15-2024"; VariantName = "[No Variations]"
Add component (AddParameter): Name = "Publisher"; Value = "Mahdi Bagherzadeh"; VariantName = "[No Variations]"
Add component (AddParameter): Name = "Type"; Value = "SMD"; VariantName = "[No Variations]"
Added Component: Designator=FB6_5(FB-0805)
Add component (AddParameter): Name = "ComponentLink1Description"; Value = "Linkedin"; VariantName = "[No Variations]"
Add component (AddParameter): Name = "ComponentLink1URL"; Value = "https://ir.linkedin.com/in/mahdi-bagherzade"; VariantName = "[No Variations]"
Add component (AddParameter): Name = "Phone Number"; Value = "0915 8700 314"; VariantName = "[No Variations]"
Add component (AddParameter): Name = "Published Date"; Value = "9-15-2024"; VariantName = "[No Variations]"
Add component (AddParameter): Name = "Publisher"; Value = "Mahdi Bagherzadeh"; VariantName = "[No Variations]"
Add component (AddParameter): Name = "Type"; Value = "SMD"; VariantName = "[No Variations]"
Added Component: Designator=FB6_6(FB-0805)
Add component (AddParameter): Name = "ComponentLink1Description"; Value = "Linkedin"; VariantName = "[No Variations]"
Add component (AddParameter): Name = "ComponentLink1URL"; Value = "https://ir.linkedin.com/in/mahdi-bagherzade"; VariantName = "[No Variations]"
Add component (AddParameter): Name = "Phone Number"; Value = "0915 8700 314"; VariantName = "[No Variations]"
Add component (AddParameter): Name = "Published Date"; Value = "9-15-2024"; VariantName = "[No Variations]"
Add component (AddParameter): Name = "Publisher"; Value = "Mahdi Bagherzadeh"; VariantName = "[No Variations]"
Add component (AddParameter): Name = "Type"; Value = "SMD"; VariantName = "[No Variations]"
Added Component: Designator=FB6_7(FB-0805)
Add component (AddParameter): Name = "ComponentLink1Description"; Value = "Linkedin"; VariantName = "[No Variations]"
Add component (AddParameter): Name = "ComponentLink1URL"; Value = "https://ir.linkedin.com/in/mahdi-bagherzade"; VariantName = "[No Variations]"
Add component (AddParameter): Name = "Phone Number"; Value = "0915 8700 314"; VariantName = "[No Variations]"
Add component (AddParameter): Name = "Published Date"; Value = "9-15-2024"; VariantName = "[No Variations]"
Add component (AddParameter): Name = "Publisher"; Value = "Mahdi Bagherzadeh"; VariantName = "[No Variations]"
Add component (AddParameter): Name = "Type"; Value = "SMD"; VariantName = "[No Variations]"
Added Component: Designator=FB6_8(FB-0805)
Add component (AddParameter): Name = "ComponentLink1Description"; Value = "Linkedin"; VariantName = "[No Variations]"
Add component (AddParameter): Name = "ComponentLink1URL"; Value = "https://ir.linkedin.com/in/mahdi-bagherzade"; VariantName = "[No Variations]"
Add component (AddParameter): Name = "Phone Number"; Value = "0915 8700 314"; VariantName = "[No Variations]"
Add component (AddParameter): Name = "Published Date"; Value = "9-15-2024"; VariantName = "[No Variations]"
Add component (AddParameter): Name = "Publisher"; Value = "Mahdi Bagherzadeh"; VariantName = "[No Variations]"
Add component (AddParameter): Name = "Type"; Value = "SMD"; VariantName = "[No Variations]"
Added Component: Designator=R2(R-0805)
Add component (AddParameter): Name = "ComponentLink1Description"; Value = "Linkedin"; VariantName = "[No Variations]"
Add component (AddParameter): Name = "ComponentLink1URL"; Value = "https://ir.linkedin.com/in/mahdi-bagherzade"; VariantName = "[No Variations]"
Add component (AddParameter): Name = "Phone Number"; Value = "0915 8700 314"; VariantName = "[No Variations]"
Add component (AddParameter): Name = "Power"; Value = "1/8W"; VariantName = "[No Variations]"
Add component (AddParameter): Name = "Published Date"; Value = "9-15-2024"; VariantName = "[No Variations]"
Add component (AddParameter): Name = "Publisher"; Value = "Mahdi Bagherzadeh"; VariantName = "[No Variations]"
Add component (AddParameter): Name = "Tolerance"; Value = "5%"; VariantName = "[No Variations]"
Add component (AddParameter): Name = "Type"; Value = "SMD"; VariantName = "[No Variations]"
Add component (AddParameter): Name = "Value"; Value = "1K"; VariantName = "[No Variations]"
Added Component: Designator=R3_5(R-0805)
Add component (AddParameter): Name = "ComponentLink1Description"; Value = "Linkedin"; VariantName = "[No Variations]"
Add component (AddParameter): Name = "ComponentLink1URL"; Value = "https://ir.linkedin.com/in/mahdi-bagherzade"; VariantName = "[No Variations]"
Add component (AddParameter): Name = "Phone Number"; Value = "0915 8700 314"; VariantName = "[No Variations]"
Add component (AddParameter): Name = "Power"; Value = "1/8W"; VariantName = "[No Variations]"
Add component (AddParameter): Name = "Published Date"; Value = "9-15-2024"; VariantName = "[No Variations]"
Add component (AddParameter): Name = "Publisher"; Value = "Mahdi Bagherzadeh"; VariantName = "[No Variations]"
Add component (AddParameter): Name = "Tolerance"; Value = "5%"; VariantName = "[No Variations]"
Add component (AddParameter): Name = "Type"; Value = "SMD"; VariantName = "[No Variations]"
Add component (AddParameter): Name = "VALUE"; Value = "1K"; VariantName = "[No Variations]"
Added Component: Designator=R3_6(R-0805)
Add component (AddParameter): Name = "ComponentLink1Description"; Value = "Linkedin"; VariantName = "[No Variations]"
Add component (AddParameter): Name = "ComponentLink1URL"; Value = "https://ir.linkedin.com/in/mahdi-bagherzade"; VariantName = "[No Variations]"
Add component (AddParameter): Name = "Phone Number"; Value = "0915 8700 314"; VariantName = "[No Variations]"
Add component (AddParameter): Name = "Power"; Value = "1/8W"; VariantName = "[No Variations]"
Add component (AddParameter): Name = "Published Date"; Value = "9-15-2024"; VariantName = "[No Variations]"
Add component (AddParameter): Name = "Publisher"; Value = "Mahdi Bagherzadeh"; VariantName = "[No Variations]"
Add component (AddParameter): Name = "Tolerance"; Value = "5%"; VariantName = "[No Variations]"
Add component (AddParameter): Name = "Type"; Value = "SMD"; VariantName = "[No Variations]"
Add component (AddParameter): Name = "VALUE"; Value = "1K"; VariantName = "[No Variations]"
Added Component: Designator=R3_7(R-0805)
Add component (AddParameter): Name = "ComponentLink1Description"; Value = "Linkedin"; VariantName = "[No Variations]"
Add component (AddParameter): Name = "ComponentLink1URL"; Value = "https://ir.linkedin.com/in/mahdi-bagherzade"; VariantName = "[No Variations]"
Add component (AddParameter): Name = "Phone Number"; Value = "0915 8700 314"; VariantName = "[No Variations]"
Add component (AddParameter): Name = "Power"; Value = "1/8W"; VariantName = "[No Variations]"
Add component (AddParameter): Name = "Published Date"; Value = "9-15-2024"; VariantName = "[No Variations]"
Add component (AddParameter): Name = "Publisher"; Value = "Mahdi Bagherzadeh"; VariantName = "[No Variations]"
Add component (AddParameter): Name = "Tolerance"; Value = "5%"; VariantName = "[No Variations]"
Add component (AddParameter): Name = "Type"; Value = "SMD"; VariantName = "[No Variations]"
Add component (AddParameter): Name = "VALUE"; Value = "1K"; VariantName = "[No Variations]"
Added Component: Designator=R3_8(R-0805)
Add component (AddParameter): Name = "ComponentLink1Description"; Value = "Linkedin"; VariantName = "[No Variations]"
Add component (AddParameter): Name = "ComponentLink1URL"; Value = "https://ir.linkedin.com/in/mahdi-bagherzade"; VariantName = "[No Variations]"
Add component (AddParameter): Name = "Phone Number"; Value = "0915 8700 314"; VariantName = "[No Variations]"
Add component (AddParameter): Name = "Power"; Value = "1/8W"; VariantName = "[No Variations]"
Add component (AddParameter): Name = "Published Date"; Value = "9-15-2024"; VariantName = "[No Variations]"
Add component (AddParameter): Name = "Publisher"; Value = "Mahdi Bagherzadeh"; VariantName = "[No Variations]"
Add component (AddParameter): Name = "Tolerance"; Value = "5%"; VariantName = "[No Variations]"
Add component (AddParameter): Name = "Type"; Value = "SMD"; VariantName = "[No Variations]"
Add component (AddParameter): Name = "VALUE"; Value = "1K"; VariantName = "[No Variations]"
Added Component: Designator=R4_5(R-0805)
Add component (AddParameter): Name = "ComponentLink1Description"; Value = "Linkedin"; VariantName = "[No Variations]"
Add component (AddParameter): Name = "ComponentLink1URL"; Value = "https://ir.linkedin.com/in/mahdi-bagherzade"; VariantName = "[No Variations]"
Add component (AddParameter): Name = "Phone Number"; Value = "0915 8700 314"; VariantName = "[No Variations]"
Add component (AddParameter): Name = "Power"; Value = "1/8W"; VariantName = "[No Variations]"
Add component (AddParameter): Name = "Published Date"; Value = "9-15-2024"; VariantName = "[No Variations]"
Add component (AddParameter): Name = "Publisher"; Value = "Mahdi Bagherzadeh"; VariantName = "[No Variations]"
Add component (AddParameter): Name = "Tolerance"; Value = "5%"; VariantName = "[No Variations]"
Add component (AddParameter): Name = "Type"; Value = "SMD"; VariantName = "[No Variations]"
Add component (AddParameter): Name = "VALUE"; Value = "1K"; VariantName = "[No Variations]"
Added Component: Designator=R4_6(R-0805)
Add component (AddParameter): Name = "ComponentLink1Description"; Value = "Linkedin"; VariantName = "[No Variations]"
Add component (AddParameter): Name = "ComponentLink1URL"; Value = "https://ir.linkedin.com/in/mahdi-bagherzade"; VariantName = "[No Variations]"
Add component (AddParameter): Name = "Phone Number"; Value = "0915 8700 314"; VariantName = "[No Variations]"
Add component (AddParameter): Name = "Power"; Value = "1/8W"; VariantName = "[No Variations]"
Add component (AddParameter): Name = "Published Date"; Value = "9-15-2024"; VariantName = "[No Variations]"
Add component (AddParameter): Name = "Publisher"; Value = "Mahdi Bagherzadeh"; VariantName = "[No Variations]"
Add component (AddParameter): Name = "Tolerance"; Value = "5%"; VariantName = "[No Variations]"
Add component (AddParameter): Name = "Type"; Value = "SMD"; VariantName = "[No Variations]"
Add component (AddParameter): Name = "VALUE"; Value = "1K"; VariantName = "[No Variations]"
Added Component: Designator=R4_7(R-0805)
Add component (AddParameter): Name = "ComponentLink1Description"; Value = "Linkedin"; VariantName = "[No Variations]"
Add component (AddParameter): Name = "ComponentLink1URL"; Value = "https://ir.linkedin.com/in/mahdi-bagherzade"; VariantName = "[No Variations]"
Add component (AddParameter): Name = "Phone Number"; Value = "0915 8700 314"; VariantName = "[No Variations]"
Add component (AddParameter): Name = "Power"; Value = "1/8W"; VariantName = "[No Variations]"
Add component (AddParameter): Name = "Published Date"; Value = "9-15-2024"; VariantName = "[No Variations]"
Add component (AddParameter): Name = "Publisher"; Value = "Mahdi Bagherzadeh"; VariantName = "[No Variations]"
Add component (AddParameter): Name = "Tolerance"; Value = "5%"; VariantName = "[No Variations]"
Add component (AddParameter): Name = "Type"; Value = "SMD"; VariantName = "[No Variations]"
Add component (AddParameter): Name = "VALUE"; Value = "1K"; VariantName = "[No Variations]"
Added Component: Designator=R4_8(R-0805)
Add component (AddParameter): Name = "ComponentLink1Description"; Value = "Linkedin"; VariantName = "[No Variations]"
Add component (AddParameter): Name = "ComponentLink1URL"; Value = "https://ir.linkedin.com/in/mahdi-bagherzade"; VariantName = "[No Variations]"
Add component (AddParameter): Name = "Phone Number"; Value = "0915 8700 314"; VariantName = "[No Variations]"
Add component (AddParameter): Name = "Power"; Value = "1/8W"; VariantName = "[No Variations]"
Add component (AddParameter): Name = "Published Date"; Value = "9-15-2024"; VariantName = "[No Variations]"
Add component (AddParameter): Name = "Publisher"; Value = "Mahdi Bagherzadeh"; VariantName = "[No Variations]"
Add component (AddParameter): Name = "Tolerance"; Value = "5%"; VariantName = "[No Variations]"
Add component (AddParameter): Name = "Type"; Value = "SMD"; VariantName = "[No Variations]"
Add component (AddParameter): Name = "VALUE"; Value = "1K"; VariantName = "[No Variations]"
Added Component: Designator=R5_5(R-0805)
Add component (AddParameter): Name = "ComponentLink1Description"; Value = "Linkedin"; VariantName = "[No Variations]"
Add component (AddParameter): Name = "ComponentLink1URL"; Value = "https://ir.linkedin.com/in/mahdi-bagherzade"; VariantName = "[No Variations]"
Add component (AddParameter): Name = "Phone Number"; Value = "0915 8700 314"; VariantName = "[No Variations]"
Add component (AddParameter): Name = "Power"; Value = "1/8W"; VariantName = "[No Variations]"
Add component (AddParameter): Name = "Published Date"; Value = "9-15-2024"; VariantName = "[No Variations]"
Add component (AddParameter): Name = "Publisher"; Value = "Mahdi Bagherzadeh"; VariantName = "[No Variations]"
Add component (AddParameter): Name = "Tolerance"; Value = "5%"; VariantName = "[No Variations]"
Add component (AddParameter): Name = "Type"; Value = "SMD"; VariantName = "[No Variations]"
Add component (AddParameter): Name = "VALUE"; Value = "1K"; VariantName = "[No Variations]"
Added Component: Designator=R5_6(R-0805)
Add component (AddParameter): Name = "ComponentLink1Description"; Value = "Linkedin"; VariantName = "[No Variations]"
Add component (AddParameter): Name = "ComponentLink1URL"; Value = "https://ir.linkedin.com/in/mahdi-bagherzade"; VariantName = "[No Variations]"
Add component (AddParameter): Name = "Phone Number"; Value = "0915 8700 314"; VariantName = "[No Variations]"
Add component (AddParameter): Name = "Power"; Value = "1/8W"; VariantName = "[No Variations]"
Add component (AddParameter): Name = "Published Date"; Value = "9-15-2024"; VariantName = "[No Variations]"
Add component (AddParameter): Name = "Publisher"; Value = "Mahdi Bagherzadeh"; VariantName = "[No Variations]"
Add component (AddParameter): Name = "Tolerance"; Value = "5%"; VariantName = "[No Variations]"
Add component (AddParameter): Name = "Type"; Value = "SMD"; VariantName = "[No Variations]"
Add component (AddParameter): Name = "VALUE"; Value = "1K"; VariantName = "[No Variations]"
Added Component: Designator=R5_7(R-0805)
Add component (AddParameter): Name = "ComponentLink1Description"; Value = "Linkedin"; VariantName = "[No Variations]"
Add component (AddParameter): Name = "ComponentLink1URL"; Value = "https://ir.linkedin.com/in/mahdi-bagherzade"; VariantName = "[No Variations]"
Add component (AddParameter): Name = "Phone Number"; Value = "0915 8700 314"; VariantName = "[No Variations]"
Add component (AddParameter): Name = "Power"; Value = "1/8W"; VariantName = "[No Variations]"
Add component (AddParameter): Name = "Published Date"; Value = "9-15-2024"; VariantName = "[No Variations]"
Add component (AddParameter): Name = "Publisher"; Value = "Mahdi Bagherzadeh"; VariantName = "[No Variations]"
Add component (AddParameter): Name = "Tolerance"; Value = "5%"; VariantName = "[No Variations]"
Add component (AddParameter): Name = "Type"; Value = "SMD"; VariantName = "[No Variations]"
Add component (AddParameter): Name = "VALUE"; Value = "1K"; VariantName = "[No Variations]"
Added Component: Designator=R5_8(R-0805)
Add component (AddParameter): Name = "ComponentLink1Description"; Value = "Linkedin"; VariantName = "[No Variations]"
Add component (AddParameter): Name = "ComponentLink1URL"; Value = "https://ir.linkedin.com/in/mahdi-bagherzade"; VariantName = "[No Variations]"
Add component (AddParameter): Name = "Phone Number"; Value = "0915 8700 314"; VariantName = "[No Variations]"
Add component (AddParameter): Name = "Power"; Value = "1/8W"; VariantName = "[No Variations]"
Add component (AddParameter): Name = "Published Date"; Value = "9-15-2024"; VariantName = "[No Variations]"
Add component (AddParameter): Name = "Publisher"; Value = "Mahdi Bagherzadeh"; VariantName = "[No Variations]"
Add component (AddParameter): Name = "Tolerance"; Value = "5%"; VariantName = "[No Variations]"
Add component (AddParameter): Name = "Type"; Value = "SMD"; VariantName = "[No Variations]"
Add component (AddParameter): Name = "VALUE"; Value = "1K"; VariantName = "[No Variations]"
Added Component: Designator=R6_5(R-0805)
Add component (AddParameter): Name = "ComponentLink1Description"; Value = "Linkedin"; VariantName = "[No Variations]"
Add component (AddParameter): Name = "ComponentLink1URL"; Value = "https://ir.linkedin.com/in/mahdi-bagherzade"; VariantName = "[No Variations]"
Add component (AddParameter): Name = "Phone Number"; Value = "0915 8700 314"; VariantName = "[No Variations]"
Add component (AddParameter): Name = "Power"; Value = "1/8W"; VariantName = "[No Variations]"
Add component (AddParameter): Name = "Published Date"; Value = "9-15-2024"; VariantName = "[No Variations]"
Add component (AddParameter): Name = "Publisher"; Value = "Mahdi Bagherzadeh"; VariantName = "[No Variations]"
Add component (AddParameter): Name = "Tolerance"; Value = "5%"; VariantName = "[No Variations]"
Add component (AddParameter): Name = "Type"; Value = "SMD"; VariantName = "[No Variations]"
Add component (AddParameter): Name = "VALUE"; Value = "1K"; VariantName = "[No Variations]"
Added Component: Designator=R6_6(R-0805)
Add component (AddParameter): Name = "ComponentLink1Description"; Value = "Linkedin"; VariantName = "[No Variations]"
Add component (AddParameter): Name = "ComponentLink1URL"; Value = "https://ir.linkedin.com/in/mahdi-bagherzade"; VariantName = "[No Variations]"
Add component (AddParameter): Name = "Phone Number"; Value = "0915 8700 314"; VariantName = "[No Variations]"
Add component (AddParameter): Name = "Power"; Value = "1/8W"; VariantName = "[No Variations]"
Add component (AddParameter): Name = "Published Date"; Value = "9-15-2024"; VariantName = "[No Variations]"
Add component (AddParameter): Name = "Publisher"; Value = "Mahdi Bagherzadeh"; VariantName = "[No Variations]"
Add component (AddParameter): Name = "Tolerance"; Value = "5%"; VariantName = "[No Variations]"
Add component (AddParameter): Name = "Type"; Value = "SMD"; VariantName = "[No Variations]"
Add component (AddParameter): Name = "VALUE"; Value = "1K"; VariantName = "[No Variations]"
Added Component: Designator=R6_7(R-0805)
Add component (AddParameter): Name = "ComponentLink1Description"; Value = "Linkedin"; VariantName = "[No Variations]"
Add component (AddParameter): Name = "ComponentLink1URL"; Value = "https://ir.linkedin.com/in/mahdi-bagherzade"; VariantName = "[No Variations]"
Add component (AddParameter): Name = "Phone Number"; Value = "0915 8700 314"; VariantName = "[No Variations]"
Add component (AddParameter): Name = "Power"; Value = "1/8W"; VariantName = "[No Variations]"
Add component (AddParameter): Name = "Published Date"; Value = "9-15-2024"; VariantName = "[No Variations]"
Add component (AddParameter): Name = "Publisher"; Value = "Mahdi Bagherzadeh"; VariantName = "[No Variations]"
Add component (AddParameter): Name = "Tolerance"; Value = "5%"; VariantName = "[No Variations]"
Add component (AddParameter): Name = "Type"; Value = "SMD"; VariantName = "[No Variations]"
Add component (AddParameter): Name = "VALUE"; Value = "1K"; VariantName = "[No Variations]"
Added Component: Designator=R6_8(R-0805)
Add component (AddParameter): Name = "ComponentLink1Description"; Value = "Linkedin"; VariantName = "[No Variations]"
Add component (AddParameter): Name = "ComponentLink1URL"; Value = "https://ir.linkedin.com/in/mahdi-bagherzade"; VariantName = "[No Variations]"
Add component (AddParameter): Name = "Phone Number"; Value = "0915 8700 314"; VariantName = "[No Variations]"
Add component (AddParameter): Name = "Power"; Value = "1/8W"; VariantName = "[No Variations]"
Add component (AddParameter): Name = "Published Date"; Value = "9-15-2024"; VariantName = "[No Variations]"
Add component (AddParameter): Name = "Publisher"; Value = "Mahdi Bagherzadeh"; VariantName = "[No Variations]"
Add component (AddParameter): Name = "Tolerance"; Value = "5%"; VariantName = "[No Variations]"
Add component (AddParameter): Name = "Type"; Value = "SMD"; VariantName = "[No Variations]"
Add component (AddParameter): Name = "VALUE"; Value = "1K"; VariantName = "[No Variations]"
Added Component: Designator=R7_5(R-0805)
Add component (AddParameter): Name = "ComponentLink1Description"; Value = "Linkedin"; VariantName = "[No Variations]"
Add component (AddParameter): Name = "ComponentLink1URL"; Value = "https://ir.linkedin.com/in/mahdi-bagherzade"; VariantName = "[No Variations]"
Add component (AddParameter): Name = "Phone Number"; Value = "0915 8700 314"; VariantName = "[No Variations]"
Add component (AddParameter): Name = "Power"; Value = "1/8W"; VariantName = "[No Variations]"
Add component (AddParameter): Name = "Published Date"; Value = "9-15-2024"; VariantName = "[No Variations]"
Add component (AddParameter): Name = "Publisher"; Value = "Mahdi Bagherzadeh"; VariantName = "[No Variations]"
Add component (AddParameter): Name = "Tolerance"; Value = "5%"; VariantName = "[No Variations]"
Add component (AddParameter): Name = "Value"; Value = "47K"; VariantName = "[No Variations]"
Added Component: Designator=R7_6(R-0805)
Add component (AddParameter): Name = "ComponentLink1Description"; Value = "Linkedin"; VariantName = "[No Variations]"
Add component (AddParameter): Name = "ComponentLink1URL"; Value = "https://ir.linkedin.com/in/mahdi-bagherzade"; VariantName = "[No Variations]"
Add component (AddParameter): Name = "Phone Number"; Value = "0915 8700 314"; VariantName = "[No Variations]"
Add component (AddParameter): Name = "Power"; Value = "1/8W"; VariantName = "[No Variations]"
Add component (AddParameter): Name = "Published Date"; Value = "9-15-2024"; VariantName = "[No Variations]"
Add component (AddParameter): Name = "Publisher"; Value = "Mahdi Bagherzadeh"; VariantName = "[No Variations]"
Add component (AddParameter): Name = "Tolerance"; Value = "5%"; VariantName = "[No Variations]"
Add component (AddParameter): Name = "Value"; Value = "47K"; VariantName = "[No Variations]"
Added Component: Designator=R7_7(R-0805)
Add component (AddParameter): Name = "ComponentLink1Description"; Value = "Linkedin"; VariantName = "[No Variations]"
Add component (AddParameter): Name = "ComponentLink1URL"; Value = "https://ir.linkedin.com/in/mahdi-bagherzade"; VariantName = "[No Variations]"
Add component (AddParameter): Name = "Phone Number"; Value = "0915 8700 314"; VariantName = "[No Variations]"
Add component (AddParameter): Name = "Power"; Value = "1/8W"; VariantName = "[No Variations]"
Add component (AddParameter): Name = "Published Date"; Value = "9-15-2024"; VariantName = "[No Variations]"
Add component (AddParameter): Name = "Publisher"; Value = "Mahdi Bagherzadeh"; VariantName = "[No Variations]"
Add component (AddParameter): Name = "Tolerance"; Value = "5%"; VariantName = "[No Variations]"
Add component (AddParameter): Name = "Value"; Value = "47K"; VariantName = "[No Variations]"
Added Component: Designator=R7_8(R-0805)
Add component (AddParameter): Name = "ComponentLink1Description"; Value = "Linkedin"; VariantName = "[No Variations]"
Add component (AddParameter): Name = "ComponentLink1URL"; Value = "https://ir.linkedin.com/in/mahdi-bagherzade"; VariantName = "[No Variations]"
Add component (AddParameter): Name = "Phone Number"; Value = "0915 8700 314"; VariantName = "[No Variations]"
Add component (AddParameter): Name = "Power"; Value = "1/8W"; VariantName = "[No Variations]"
Add component (AddParameter): Name = "Published Date"; Value = "9-15-2024"; VariantName = "[No Variations]"
Add component (AddParameter): Name = "Publisher"; Value = "Mahdi Bagherzadeh"; VariantName = "[No Variations]"
Add component (AddParameter): Name = "Tolerance"; Value = "5%"; VariantName = "[No Variations]"
Add component (AddParameter): Name = "Value"; Value = "47K"; VariantName = "[No Variations]"
Added Component: Designator=R7_9(R-0805)
Add component (AddParameter): Name = "ComponentLink1Description"; Value = "Linkedin"; VariantName = "[No Variations]"
Add component (AddParameter): Name = "ComponentLink1URL"; Value = "https://ir.linkedin.com/in/mahdi-bagherzade"; VariantName = "[No Variations]"
Add component (AddParameter): Name = "Phone Number"; Value = "0915 8700 314"; VariantName = "[No Variations]"
Add component (AddParameter): Name = "Power"; Value = "1/8W"; VariantName = "[No Variations]"
Add component (AddParameter): Name = "Published Date"; Value = "9-15-2024"; VariantName = "[No Variations]"
Add component (AddParameter): Name = "Publisher"; Value = "Mahdi Bagherzadeh"; VariantName = "[No Variations]"
Add component (AddParameter): Name = "Tolerance"; Value = "5%"; VariantName = "[No Variations]"
Add component (AddParameter): Name = "Value"; Value = "47K"; VariantName = "[No Variations]"
Added Component: Designator=R7_10(R-0805)
Add component (AddParameter): Name = "ComponentLink1Description"; Value = "Linkedin"; VariantName = "[No Variations]"
Add component (AddParameter): Name = "ComponentLink1URL"; Value = "https://ir.linkedin.com/in/mahdi-bagherzade"; VariantName = "[No Variations]"
Add component (AddParameter): Name = "Phone Number"; Value = "0915 8700 314"; VariantName = "[No Variations]"
Add component (AddParameter): Name = "Power"; Value = "1/8W"; VariantName = "[No Variations]"
Add component (AddParameter): Name = "Published Date"; Value = "9-15-2024"; VariantName = "[No Variations]"
Add component (AddParameter): Name = "Publisher"; Value = "Mahdi Bagherzadeh"; VariantName = "[No Variations]"
Add component (AddParameter): Name = "Tolerance"; Value = "5%"; VariantName = "[No Variations]"
Add component (AddParameter): Name = "Value"; Value = "47K"; VariantName = "[No Variations]"
Added Component: Designator=R7_11(R-0805)
Add component (AddParameter): Name = "ComponentLink1Description"; Value = "Linkedin"; VariantName = "[No Variations]"
Add component (AddParameter): Name = "ComponentLink1URL"; Value = "https://ir.linkedin.com/in/mahdi-bagherzade"; VariantName = "[No Variations]"
Add component (AddParameter): Name = "Phone Number"; Value = "0915 8700 314"; VariantName = "[No Variations]"
Add component (AddParameter): Name = "Power"; Value = "1/8W"; VariantName = "[No Variations]"
Add component (AddParameter): Name = "Published Date"; Value = "9-15-2024"; VariantName = "[No Variations]"
Add component (AddParameter): Name = "Publisher"; Value = "Mahdi Bagherzadeh"; VariantName = "[No Variations]"
Add component (AddParameter): Name = "Tolerance"; Value = "5%"; VariantName = "[No Variations]"
Add component (AddParameter): Name = "Value"; Value = "47K"; VariantName = "[No Variations]"
Added Component: Designator=R7_12(R-0805)
Add component (AddParameter): Name = "ComponentLink1Description"; Value = "Linkedin"; VariantName = "[No Variations]"
Add component (AddParameter): Name = "ComponentLink1URL"; Value = "https://ir.linkedin.com/in/mahdi-bagherzade"; VariantName = "[No Variations]"
Add component (AddParameter): Name = "Phone Number"; Value = "0915 8700 314"; VariantName = "[No Variations]"
Add component (AddParameter): Name = "Power"; Value = "1/8W"; VariantName = "[No Variations]"
Add component (AddParameter): Name = "Published Date"; Value = "9-15-2024"; VariantName = "[No Variations]"
Add component (AddParameter): Name = "Publisher"; Value = "Mahdi Bagherzadeh"; VariantName = "[No Variations]"
Add component (AddParameter): Name = "Tolerance"; Value = "5%"; VariantName = "[No Variations]"
Add component (AddParameter): Name = "Value"; Value = "47K"; VariantName = "[No Variations]"
Added Component: Designator=R7_13(R-0805)
Add component (AddParameter): Name = "ComponentLink1Description"; Value = "Linkedin"; VariantName = "[No Variations]"
Add component (AddParameter): Name = "ComponentLink1URL"; Value = "https://ir.linkedin.com/in/mahdi-bagherzade"; VariantName = "[No Variations]"
Add component (AddParameter): Name = "Phone Number"; Value = "0915 8700 314"; VariantName = "[No Variations]"
Add component (AddParameter): Name = "Power"; Value = "1/8W"; VariantName = "[No Variations]"
Add component (AddParameter): Name = "Published Date"; Value = "9-15-2024"; VariantName = "[No Variations]"
Add component (AddParameter): Name = "Publisher"; Value = "Mahdi Bagherzadeh"; VariantName = "[No Variations]"
Add component (AddParameter): Name = "Tolerance"; Value = "5%"; VariantName = "[No Variations]"
Add component (AddParameter): Name = "Value"; Value = "47K"; VariantName = "[No Variations]"
Added Component: Designator=R7_14(R-0805)
Add component (AddParameter): Name = "ComponentLink1Description"; Value = "Linkedin"; VariantName = "[No Variations]"
Add component (AddParameter): Name = "ComponentLink1URL"; Value = "https://ir.linkedin.com/in/mahdi-bagherzade"; VariantName = "[No Variations]"
Add component (AddParameter): Name = "Phone Number"; Value = "0915 8700 314"; VariantName = "[No Variations]"
Add component (AddParameter): Name = "Power"; Value = "1/8W"; VariantName = "[No Variations]"
Add component (AddParameter): Name = "Published Date"; Value = "9-15-2024"; VariantName = "[No Variations]"
Add component (AddParameter): Name = "Publisher"; Value = "Mahdi Bagherzadeh"; VariantName = "[No Variations]"
Add component (AddParameter): Name = "Tolerance"; Value = "5%"; VariantName = "[No Variations]"
Add component (AddParameter): Name = "Value"; Value = "47K"; VariantName = "[No Variations]"
Added Component: Designator=R7_15(R-0805)
Add component (AddParameter): Name = "ComponentLink1Description"; Value = "Linkedin"; VariantName = "[No Variations]"
Add component (AddParameter): Name = "ComponentLink1URL"; Value = "https://ir.linkedin.com/in/mahdi-bagherzade"; VariantName = "[No Variations]"
Add component (AddParameter): Name = "Phone Number"; Value = "0915 8700 314"; VariantName = "[No Variations]"
Add component (AddParameter): Name = "Power"; Value = "1/8W"; VariantName = "[No Variations]"
Add component (AddParameter): Name = "Published Date"; Value = "9-15-2024"; VariantName = "[No Variations]"
Add component (AddParameter): Name = "Publisher"; Value = "Mahdi Bagherzadeh"; VariantName = "[No Variations]"
Add component (AddParameter): Name = "Tolerance"; Value = "5%"; VariantName = "[No Variations]"
Add component (AddParameter): Name = "Value"; Value = "47K"; VariantName = "[No Variations]"
Added Component: Designator=R7_16(R-0805)
Add component (AddParameter): Name = "ComponentLink1Description"; Value = "Linkedin"; VariantName = "[No Variations]"
Add component (AddParameter): Name = "ComponentLink1URL"; Value = "https://ir.linkedin.com/in/mahdi-bagherzade"; VariantName = "[No Variations]"
Add component (AddParameter): Name = "Phone Number"; Value = "0915 8700 314"; VariantName = "[No Variations]"
Add component (AddParameter): Name = "Power"; Value = "1/8W"; VariantName = "[No Variations]"
Add component (AddParameter): Name = "Published Date"; Value = "9-15-2024"; VariantName = "[No Variations]"
Add component (AddParameter): Name = "Publisher"; Value = "Mahdi Bagherzadeh"; VariantName = "[No Variations]"
Add component (AddParameter): Name = "Tolerance"; Value = "5%"; VariantName = "[No Variations]"
Add component (AddParameter): Name = "Value"; Value = "47K"; VariantName = "[No Variations]"
Added Component: Designator=R7_17(R-0805)
Add component (AddParameter): Name = "ComponentLink1Description"; Value = "Linkedin"; VariantName = "[No Variations]"
Add component (AddParameter): Name = "ComponentLink1URL"; Value = "https://ir.linkedin.com/in/mahdi-bagherzade"; VariantName = "[No Variations]"
Add component (AddParameter): Name = "Phone Number"; Value = "0915 8700 314"; VariantName = "[No Variations]"
Add component (AddParameter): Name = "Power"; Value = "1/8W"; VariantName = "[No Variations]"
Add component (AddParameter): Name = "Published Date"; Value = "9-15-2024"; VariantName = "[No Variations]"
Add component (AddParameter): Name = "Publisher"; Value = "Mahdi Bagherzadeh"; VariantName = "[No Variations]"
Add component (AddParameter): Name = "Tolerance"; Value = "5%"; VariantName = "[No Variations]"
Add component (AddParameter): Name = "Value"; Value = "47K"; VariantName = "[No Variations]"
Added Component: Designator=R7_18(R-0805)
Add component (AddParameter): Name = "ComponentLink1Description"; Value = "Linkedin"; VariantName = "[No Variations]"
Add component (AddParameter): Name = "ComponentLink1URL"; Value = "https://ir.linkedin.com/in/mahdi-bagherzade"; VariantName = "[No Variations]"
Add component (AddParameter): Name = "Phone Number"; Value = "0915 8700 314"; VariantName = "[No Variations]"
Add component (AddParameter): Name = "Power"; Value = "1/8W"; VariantName = "[No Variations]"
Add component (AddParameter): Name = "Published Date"; Value = "9-15-2024"; VariantName = "[No Variations]"
Add component (AddParameter): Name = "Publisher"; Value = "Mahdi Bagherzadeh"; VariantName = "[No Variations]"
Add component (AddParameter): Name = "Tolerance"; Value = "5%"; VariantName = "[No Variations]"
Add component (AddParameter): Name = "Value"; Value = "47K"; VariantName = "[No Variations]"
Added Component: Designator=R7_19(R-0805)
Add component (AddParameter): Name = "ComponentLink1Description"; Value = "Linkedin"; VariantName = "[No Variations]"
Add component (AddParameter): Name = "ComponentLink1URL"; Value = "https://ir.linkedin.com/in/mahdi-bagherzade"; VariantName = "[No Variations]"
Add component (AddParameter): Name = "Phone Number"; Value = "0915 8700 314"; VariantName = "[No Variations]"
Add component (AddParameter): Name = "Power"; Value = "1/8W"; VariantName = "[No Variations]"
Add component (AddParameter): Name = "Published Date"; Value = "9-15-2024"; VariantName = "[No Variations]"
Add component (AddParameter): Name = "Publisher"; Value = "Mahdi Bagherzadeh"; VariantName = "[No Variations]"
Add component (AddParameter): Name = "Tolerance"; Value = "5%"; VariantName = "[No Variations]"
Add component (AddParameter): Name = "Value"; Value = "47K"; VariantName = "[No Variations]"
Added Component: Designator=R7_20(R-0805)
Add component (AddParameter): Name = "ComponentLink1Description"; Value = "Linkedin"; VariantName = "[No Variations]"
Add component (AddParameter): Name = "ComponentLink1URL"; Value = "https://ir.linkedin.com/in/mahdi-bagherzade"; VariantName = "[No Variations]"
Add component (AddParameter): Name = "Phone Number"; Value = "0915 8700 314"; VariantName = "[No Variations]"
Add component (AddParameter): Name = "Power"; Value = "1/8W"; VariantName = "[No Variations]"
Add component (AddParameter): Name = "Published Date"; Value = "9-15-2024"; VariantName = "[No Variations]"
Add component (AddParameter): Name = "Publisher"; Value = "Mahdi Bagherzadeh"; VariantName = "[No Variations]"
Add component (AddParameter): Name = "Tolerance"; Value = "5%"; VariantName = "[No Variations]"
Add component (AddParameter): Name = "Value"; Value = "47K"; VariantName = "[No Variations]"
Added Component: Designator=R7_21(R-0805)
Add component (AddParameter): Name = "ComponentLink1Description"; Value = "Linkedin"; VariantName = "[No Variations]"
Add component (AddParameter): Name = "ComponentLink1URL"; Value = "https://ir.linkedin.com/in/mahdi-bagherzade"; VariantName = "[No Variations]"
Add component (AddParameter): Name = "Phone Number"; Value = "0915 8700 314"; VariantName = "[No Variations]"
Add component (AddParameter): Name = "Power"; Value = "1/8W"; VariantName = "[No Variations]"
Add component (AddParameter): Name = "Published Date"; Value = "9-15-2024"; VariantName = "[No Variations]"
Add component (AddParameter): Name = "Publisher"; Value = "Mahdi Bagherzadeh"; VariantName = "[No Variations]"
Add component (AddParameter): Name = "Tolerance"; Value = "5%"; VariantName = "[No Variations]"
Add component (AddParameter): Name = "Value"; Value = "47K"; VariantName = "[No Variations]"
Added Component: Designator=R7_22(R-0805)
Add component (AddParameter): Name = "ComponentLink1Description"; Value = "Linkedin"; VariantName = "[No Variations]"
Add component (AddParameter): Name = "ComponentLink1URL"; Value = "https://ir.linkedin.com/in/mahdi-bagherzade"; VariantName = "[No Variations]"
Add component (AddParameter): Name = "Phone Number"; Value = "0915 8700 314"; VariantName = "[No Variations]"
Add component (AddParameter): Name = "Power"; Value = "1/8W"; VariantName = "[No Variations]"
Add component (AddParameter): Name = "Published Date"; Value = "9-15-2024"; VariantName = "[No Variations]"
Add component (AddParameter): Name = "Publisher"; Value = "Mahdi Bagherzadeh"; VariantName = "[No Variations]"
Add component (AddParameter): Name = "Tolerance"; Value = "5%"; VariantName = "[No Variations]"
Add component (AddParameter): Name = "Value"; Value = "47K"; VariantName = "[No Variations]"
Added Component: Designator=R7_23(R-0805)
Add component (AddParameter): Name = "ComponentLink1Description"; Value = "Linkedin"; VariantName = "[No Variations]"
Add component (AddParameter): Name = "ComponentLink1URL"; Value = "https://ir.linkedin.com/in/mahdi-bagherzade"; VariantName = "[No Variations]"
Add component (AddParameter): Name = "Phone Number"; Value = "0915 8700 314"; VariantName = "[No Variations]"
Add component (AddParameter): Name = "Power"; Value = "1/8W"; VariantName = "[No Variations]"
Add component (AddParameter): Name = "Published Date"; Value = "9-15-2024"; VariantName = "[No Variations]"
Add component (AddParameter): Name = "Publisher"; Value = "Mahdi Bagherzadeh"; VariantName = "[No Variations]"
Add component (AddParameter): Name = "Tolerance"; Value = "5%"; VariantName = "[No Variations]"
Add component (AddParameter): Name = "Value"; Value = "47K"; VariantName = "[No Variations]"
Added Component: Designator=R7_24(R-0805)
Add component (AddParameter): Name = "ComponentLink1Description"; Value = "Linkedin"; VariantName = "[No Variations]"
Add component (AddParameter): Name = "ComponentLink1URL"; Value = "https://ir.linkedin.com/in/mahdi-bagherzade"; VariantName = "[No Variations]"
Add component (AddParameter): Name = "Phone Number"; Value = "0915 8700 314"; VariantName = "[No Variations]"
Add component (AddParameter): Name = "Power"; Value = "1/8W"; VariantName = "[No Variations]"
Add component (AddParameter): Name = "Published Date"; Value = "9-15-2024"; VariantName = "[No Variations]"
Add component (AddParameter): Name = "Publisher"; Value = "Mahdi Bagherzadeh"; VariantName = "[No Variations]"
Add component (AddParameter): Name = "Tolerance"; Value = "5%"; VariantName = "[No Variations]"
Add component (AddParameter): Name = "Value"; Value = "47K"; VariantName = "[No Variations]"
Added Component: Designator=R7_25(R-0805)
Add component (AddParameter): Name = "ComponentLink1Description"; Value = "Linkedin"; VariantName = "[No Variations]"
Add component (AddParameter): Name = "ComponentLink1URL"; Value = "https://ir.linkedin.com/in/mahdi-bagherzade"; VariantName = "[No Variations]"
Add component (AddParameter): Name = "Phone Number"; Value = "0915 8700 314"; VariantName = "[No Variations]"
Add component (AddParameter): Name = "Power"; Value = "1/8W"; VariantName = "[No Variations]"
Add component (AddParameter): Name = "Published Date"; Value = "9-15-2024"; VariantName = "[No Variations]"
Add component (AddParameter): Name = "Publisher"; Value = "Mahdi Bagherzadeh"; VariantName = "[No Variations]"
Add component (AddParameter): Name = "Tolerance"; Value = "5%"; VariantName = "[No Variations]"
Add component (AddParameter): Name = "Value"; Value = "47K"; VariantName = "[No Variations]"
Added Component: Designator=R7_26(R-0805)
Add component (AddParameter): Name = "ComponentLink1Description"; Value = "Linkedin"; VariantName = "[No Variations]"
Add component (AddParameter): Name = "ComponentLink1URL"; Value = "https://ir.linkedin.com/in/mahdi-bagherzade"; VariantName = "[No Variations]"
Add component (AddParameter): Name = "Phone Number"; Value = "0915 8700 314"; VariantName = "[No Variations]"
Add component (AddParameter): Name = "Power"; Value = "1/8W"; VariantName = "[No Variations]"
Add component (AddParameter): Name = "Published Date"; Value = "9-15-2024"; VariantName = "[No Variations]"
Add component (AddParameter): Name = "Publisher"; Value = "Mahdi Bagherzadeh"; VariantName = "[No Variations]"
Add component (AddParameter): Name = "Tolerance"; Value = "5%"; VariantName = "[No Variations]"
Add component (AddParameter): Name = "Value"; Value = "47K"; VariantName = "[No Variations]"
Added Component: Designator=R7_27(R-0805)
Add component (AddParameter): Name = "ComponentLink1Description"; Value = "Linkedin"; VariantName = "[No Variations]"
Add component (AddParameter): Name = "ComponentLink1URL"; Value = "https://ir.linkedin.com/in/mahdi-bagherzade"; VariantName = "[No Variations]"
Add component (AddParameter): Name = "Phone Number"; Value = "0915 8700 314"; VariantName = "[No Variations]"
Add component (AddParameter): Name = "Power"; Value = "1/8W"; VariantName = "[No Variations]"
Add component (AddParameter): Name = "Published Date"; Value = "9-15-2024"; VariantName = "[No Variations]"
Add component (AddParameter): Name = "Publisher"; Value = "Mahdi Bagherzadeh"; VariantName = "[No Variations]"
Add component (AddParameter): Name = "Tolerance"; Value = "5%"; VariantName = "[No Variations]"
Add component (AddParameter): Name = "Value"; Value = "47K"; VariantName = "[No Variations]"
Added Component: Designator=R7_28(R-0805)
Add component (AddParameter): Name = "ComponentLink1Description"; Value = "Linkedin"; VariantName = "[No Variations]"
Add component (AddParameter): Name = "ComponentLink1URL"; Value = "https://ir.linkedin.com/in/mahdi-bagherzade"; VariantName = "[No Variations]"
Add component (AddParameter): Name = "Phone Number"; Value = "0915 8700 314"; VariantName = "[No Variations]"
Add component (AddParameter): Name = "Power"; Value = "1/8W"; VariantName = "[No Variations]"
Add component (AddParameter): Name = "Published Date"; Value = "9-15-2024"; VariantName = "[No Variations]"
Add component (AddParameter): Name = "Publisher"; Value = "Mahdi Bagherzadeh"; VariantName = "[No Variations]"
Add component (AddParameter): Name = "Tolerance"; Value = "5%"; VariantName = "[No Variations]"
Add component (AddParameter): Name = "Value"; Value = "47K"; VariantName = "[No Variations]"
Added Component: Designator=R8_5(R-0805)
Add component (AddParameter): Name = "ComponentLink1Description"; Value = "Linkedin"; VariantName = "[No Variations]"
Add component (AddParameter): Name = "ComponentLink1URL"; Value = "https://ir.linkedin.com/in/mahdi-bagherzade"; VariantName = "[No Variations]"
Add component (AddParameter): Name = "Phone Number"; Value = "0915 8700 314"; VariantName = "[No Variations]"
Add component (AddParameter): Name = "Power"; Value = "1/8W"; VariantName = "[No Variations]"
Add component (AddParameter): Name = "Published Date"; Value = "9-15-2024"; VariantName = "[No Variations]"
Add component (AddParameter): Name = "Publisher"; Value = "Mahdi Bagherzadeh"; VariantName = "[No Variations]"
Add component (AddParameter): Name = "Tolerance"; Value = "5%"; VariantName = "[No Variations]"
Add component (AddParameter): Name = "Value"; Value = "470R"; VariantName = "[No Variations]"
Added Component: Designator=R8_6(R-0805)
Add component (AddParameter): Name = "ComponentLink1Description"; Value = "Linkedin"; VariantName = "[No Variations]"
Add component (AddParameter): Name = "ComponentLink1URL"; Value = "https://ir.linkedin.com/in/mahdi-bagherzade"; VariantName = "[No Variations]"
Add component (AddParameter): Name = "Phone Number"; Value = "0915 8700 314"; VariantName = "[No Variations]"
Add component (AddParameter): Name = "Power"; Value = "1/8W"; VariantName = "[No Variations]"
Add component (AddParameter): Name = "Published Date"; Value = "9-15-2024"; VariantName = "[No Variations]"
Add component (AddParameter): Name = "Publisher"; Value = "Mahdi Bagherzadeh"; VariantName = "[No Variations]"
Add component (AddParameter): Name = "Tolerance"; Value = "5%"; VariantName = "[No Variations]"
Add component (AddParameter): Name = "Value"; Value = "470R"; VariantName = "[No Variations]"
Added Component: Designator=R8_7(R-0805)
Add component (AddParameter): Name = "ComponentLink1Description"; Value = "Linkedin"; VariantName = "[No Variations]"
Add component (AddParameter): Name = "ComponentLink1URL"; Value = "https://ir.linkedin.com/in/mahdi-bagherzade"; VariantName = "[No Variations]"
Add component (AddParameter): Name = "Phone Number"; Value = "0915 8700 314"; VariantName = "[No Variations]"
Add component (AddParameter): Name = "Power"; Value = "1/8W"; VariantName = "[No Variations]"
Add component (AddParameter): Name = "Published Date"; Value = "9-15-2024"; VariantName = "[No Variations]"
Add component (AddParameter): Name = "Publisher"; Value = "Mahdi Bagherzadeh"; VariantName = "[No Variations]"
Add component (AddParameter): Name = "Tolerance"; Value = "5%"; VariantName = "[No Variations]"
Add component (AddParameter): Name = "Value"; Value = "470R"; VariantName = "[No Variations]"
Added Component: Designator=R8_8(R-0805)
Add component (AddParameter): Name = "ComponentLink1Description"; Value = "Linkedin"; VariantName = "[No Variations]"
Add component (AddParameter): Name = "ComponentLink1URL"; Value = "https://ir.linkedin.com/in/mahdi-bagherzade"; VariantName = "[No Variations]"
Add component (AddParameter): Name = "Phone Number"; Value = "0915 8700 314"; VariantName = "[No Variations]"
Add component (AddParameter): Name = "Power"; Value = "1/8W"; VariantName = "[No Variations]"
Add component (AddParameter): Name = "Published Date"; Value = "9-15-2024"; VariantName = "[No Variations]"
Add component (AddParameter): Name = "Publisher"; Value = "Mahdi Bagherzadeh"; VariantName = "[No Variations]"
Add component (AddParameter): Name = "Tolerance"; Value = "5%"; VariantName = "[No Variations]"
Add component (AddParameter): Name = "Value"; Value = "470R"; VariantName = "[No Variations]"
Added Component: Designator=R8_9(R-0805)
Add component (AddParameter): Name = "ComponentLink1Description"; Value = "Linkedin"; VariantName = "[No Variations]"
Add component (AddParameter): Name = "ComponentLink1URL"; Value = "https://ir.linkedin.com/in/mahdi-bagherzade"; VariantName = "[No Variations]"
Add component (AddParameter): Name = "Phone Number"; Value = "0915 8700 314"; VariantName = "[No Variations]"
Add component (AddParameter): Name = "Power"; Value = "1/8W"; VariantName = "[No Variations]"
Add component (AddParameter): Name = "Published Date"; Value = "9-15-2024"; VariantName = "[No Variations]"
Add component (AddParameter): Name = "Publisher"; Value = "Mahdi Bagherzadeh"; VariantName = "[No Variations]"
Add component (AddParameter): Name = "Tolerance"; Value = "5%"; VariantName = "[No Variations]"
Add component (AddParameter): Name = "Value"; Value = "470R"; VariantName = "[No Variations]"
Added Component: Designator=R8_10(R-0805)
Add component (AddParameter): Name = "ComponentLink1Description"; Value = "Linkedin"; VariantName = "[No Variations]"
Add component (AddParameter): Name = "ComponentLink1URL"; Value = "https://ir.linkedin.com/in/mahdi-bagherzade"; VariantName = "[No Variations]"
Add component (AddParameter): Name = "Phone Number"; Value = "0915 8700 314"; VariantName = "[No Variations]"
Add component (AddParameter): Name = "Power"; Value = "1/8W"; VariantName = "[No Variations]"
Add component (AddParameter): Name = "Published Date"; Value = "9-15-2024"; VariantName = "[No Variations]"
Add component (AddParameter): Name = "Publisher"; Value = "Mahdi Bagherzadeh"; VariantName = "[No Variations]"
Add component (AddParameter): Name = "Tolerance"; Value = "5%"; VariantName = "[No Variations]"
Add component (AddParameter): Name = "Value"; Value = "470R"; VariantName = "[No Variations]"
Added Component: Designator=R8_11(R-0805)
Add component (AddParameter): Name = "ComponentLink1Description"; Value = "Linkedin"; VariantName = "[No Variations]"
Add component (AddParameter): Name = "ComponentLink1URL"; Value = "https://ir.linkedin.com/in/mahdi-bagherzade"; VariantName = "[No Variations]"
Add component (AddParameter): Name = "Phone Number"; Value = "0915 8700 314"; VariantName = "[No Variations]"
Add component (AddParameter): Name = "Power"; Value = "1/8W"; VariantName = "[No Variations]"
Add component (AddParameter): Name = "Published Date"; Value = "9-15-2024"; VariantName = "[No Variations]"
Add component (AddParameter): Name = "Publisher"; Value = "Mahdi Bagherzadeh"; VariantName = "[No Variations]"
Add component (AddParameter): Name = "Tolerance"; Value = "5%"; VariantName = "[No Variations]"
Add component (AddParameter): Name = "Value"; Value = "470R"; VariantName = "[No Variations]"
Added Component: Designator=R8_12(R-0805)
Add component (AddParameter): Name = "ComponentLink1Description"; Value = "Linkedin"; VariantName = "[No Variations]"
Add component (AddParameter): Name = "ComponentLink1URL"; Value = "https://ir.linkedin.com/in/mahdi-bagherzade"; VariantName = "[No Variations]"
Add component (AddParameter): Name = "Phone Number"; Value = "0915 8700 314"; VariantName = "[No Variations]"
Add component (AddParameter): Name = "Power"; Value = "1/8W"; VariantName = "[No Variations]"
Add component (AddParameter): Name = "Published Date"; Value = "9-15-2024"; VariantName = "[No Variations]"
Add component (AddParameter): Name = "Publisher"; Value = "Mahdi Bagherzadeh"; VariantName = "[No Variations]"
Add component (AddParameter): Name = "Tolerance"; Value = "5%"; VariantName = "[No Variations]"
Add component (AddParameter): Name = "Value"; Value = "470R"; VariantName = "[No Variations]"
Added Component: Designator=R8_13(R-0805)
Add component (AddParameter): Name = "ComponentLink1Description"; Value = "Linkedin"; VariantName = "[No Variations]"
Add component (AddParameter): Name = "ComponentLink1URL"; Value = "https://ir.linkedin.com/in/mahdi-bagherzade"; VariantName = "[No Variations]"
Add component (AddParameter): Name = "Phone Number"; Value = "0915 8700 314"; VariantName = "[No Variations]"
Add component (AddParameter): Name = "Power"; Value = "1/8W"; VariantName = "[No Variations]"
Add component (AddParameter): Name = "Published Date"; Value = "9-15-2024"; VariantName = "[No Variations]"
Add component (AddParameter): Name = "Publisher"; Value = "Mahdi Bagherzadeh"; VariantName = "[No Variations]"
Add component (AddParameter): Name = "Tolerance"; Value = "5%"; VariantName = "[No Variations]"
Add component (AddParameter): Name = "Value"; Value = "470R"; VariantName = "[No Variations]"
Added Component: Designator=R8_14(R-0805)
Add component (AddParameter): Name = "ComponentLink1Description"; Value = "Linkedin"; VariantName = "[No Variations]"
Add component (AddParameter): Name = "ComponentLink1URL"; Value = "https://ir.linkedin.com/in/mahdi-bagherzade"; VariantName = "[No Variations]"
Add component (AddParameter): Name = "Phone Number"; Value = "0915 8700 314"; VariantName = "[No Variations]"
Add component (AddParameter): Name = "Power"; Value = "1/8W"; VariantName = "[No Variations]"
Add component (AddParameter): Name = "Published Date"; Value = "9-15-2024"; VariantName = "[No Variations]"
Add component (AddParameter): Name = "Publisher"; Value = "Mahdi Bagherzadeh"; VariantName = "[No Variations]"
Add component (AddParameter): Name = "Tolerance"; Value = "5%"; VariantName = "[No Variations]"
Add component (AddParameter): Name = "Value"; Value = "470R"; VariantName = "[No Variations]"
Added Component: Designator=R8_15(R-0805)
Add component (AddParameter): Name = "ComponentLink1Description"; Value = "Linkedin"; VariantName = "[No Variations]"
Add component (AddParameter): Name = "ComponentLink1URL"; Value = "https://ir.linkedin.com/in/mahdi-bagherzade"; VariantName = "[No Variations]"
Add component (AddParameter): Name = "Phone Number"; Value = "0915 8700 314"; VariantName = "[No Variations]"
Add component (AddParameter): Name = "Power"; Value = "1/8W"; VariantName = "[No Variations]"
Add component (AddParameter): Name = "Published Date"; Value = "9-15-2024"; VariantName = "[No Variations]"
Add component (AddParameter): Name = "Publisher"; Value = "Mahdi Bagherzadeh"; VariantName = "[No Variations]"
Add component (AddParameter): Name = "Tolerance"; Value = "5%"; VariantName = "[No Variations]"
Add component (AddParameter): Name = "Value"; Value = "470R"; VariantName = "[No Variations]"
Added Component: Designator=R8_16(R-0805)
Add component (AddParameter): Name = "ComponentLink1Description"; Value = "Linkedin"; VariantName = "[No Variations]"
Add component (AddParameter): Name = "ComponentLink1URL"; Value = "https://ir.linkedin.com/in/mahdi-bagherzade"; VariantName = "[No Variations]"
Add component (AddParameter): Name = "Phone Number"; Value = "0915 8700 314"; VariantName = "[No Variations]"
Add component (AddParameter): Name = "Power"; Value = "1/8W"; VariantName = "[No Variations]"
Add component (AddParameter): Name = "Published Date"; Value = "9-15-2024"; VariantName = "[No Variations]"
Add component (AddParameter): Name = "Publisher"; Value = "Mahdi Bagherzadeh"; VariantName = "[No Variations]"
Add component (AddParameter): Name = "Tolerance"; Value = "5%"; VariantName = "[No Variations]"
Add component (AddParameter): Name = "Value"; Value = "470R"; VariantName = "[No Variations]"
Added Component: Designator=R8_17(R-0805)
Add component (AddParameter): Name = "ComponentLink1Description"; Value = "Linkedin"; VariantName = "[No Variations]"
Add component (AddParameter): Name = "ComponentLink1URL"; Value = "https://ir.linkedin.com/in/mahdi-bagherzade"; VariantName = "[No Variations]"
Add component (AddParameter): Name = "Phone Number"; Value = "0915 8700 314"; VariantName = "[No Variations]"
Add component (AddParameter): Name = "Power"; Value = "1/8W"; VariantName = "[No Variations]"
Add component (AddParameter): Name = "Published Date"; Value = "9-15-2024"; VariantName = "[No Variations]"
Add component (AddParameter): Name = "Publisher"; Value = "Mahdi Bagherzadeh"; VariantName = "[No Variations]"
Add component (AddParameter): Name = "Tolerance"; Value = "5%"; VariantName = "[No Variations]"
Add component (AddParameter): Name = "Value"; Value = "470R"; VariantName = "[No Variations]"
Added Component: Designator=R8_18(R-0805)
Add component (AddParameter): Name = "ComponentLink1Description"; Value = "Linkedin"; VariantName = "[No Variations]"
Add component (AddParameter): Name = "ComponentLink1URL"; Value = "https://ir.linkedin.com/in/mahdi-bagherzade"; VariantName = "[No Variations]"
Add component (AddParameter): Name = "Phone Number"; Value = "0915 8700 314"; VariantName = "[No Variations]"
Add component (AddParameter): Name = "Power"; Value = "1/8W"; VariantName = "[No Variations]"
Add component (AddParameter): Name = "Published Date"; Value = "9-15-2024"; VariantName = "[No Variations]"
Add component (AddParameter): Name = "Publisher"; Value = "Mahdi Bagherzadeh"; VariantName = "[No Variations]"
Add component (AddParameter): Name = "Tolerance"; Value = "5%"; VariantName = "[No Variations]"
Add component (AddParameter): Name = "Value"; Value = "470R"; VariantName = "[No Variations]"
Added Component: Designator=R8_19(R-0805)
Add component (AddParameter): Name = "ComponentLink1Description"; Value = "Linkedin"; VariantName = "[No Variations]"
Add component (AddParameter): Name = "ComponentLink1URL"; Value = "https://ir.linkedin.com/in/mahdi-bagherzade"; VariantName = "[No Variations]"
Add component (AddParameter): Name = "Phone Number"; Value = "0915 8700 314"; VariantName = "[No Variations]"
Add component (AddParameter): Name = "Power"; Value = "1/8W"; VariantName = "[No Variations]"
Add component (AddParameter): Name = "Published Date"; Value = "9-15-2024"; VariantName = "[No Variations]"
Add component (AddParameter): Name = "Publisher"; Value = "Mahdi Bagherzadeh"; VariantName = "[No Variations]"
Add component (AddParameter): Name = "Tolerance"; Value = "5%"; VariantName = "[No Variations]"
Add component (AddParameter): Name = "Value"; Value = "470R"; VariantName = "[No Variations]"
Added Component: Designator=R8_20(R-0805)
Add component (AddParameter): Name = "ComponentLink1Description"; Value = "Linkedin"; VariantName = "[No Variations]"
Add component (AddParameter): Name = "ComponentLink1URL"; Value = "https://ir.linkedin.com/in/mahdi-bagherzade"; VariantName = "[No Variations]"
Add component (AddParameter): Name = "Phone Number"; Value = "0915 8700 314"; VariantName = "[No Variations]"
Add component (AddParameter): Name = "Power"; Value = "1/8W"; VariantName = "[No Variations]"
Add component (AddParameter): Name = "Published Date"; Value = "9-15-2024"; VariantName = "[No Variations]"
Add component (AddParameter): Name = "Publisher"; Value = "Mahdi Bagherzadeh"; VariantName = "[No Variations]"
Add component (AddParameter): Name = "Tolerance"; Value = "5%"; VariantName = "[No Variations]"
Add component (AddParameter): Name = "Value"; Value = "470R"; VariantName = "[No Variations]"
Added Component: Designator=R8_21(R-0805)
Add component (AddParameter): Name = "ComponentLink1Description"; Value = "Linkedin"; VariantName = "[No Variations]"
Add component (AddParameter): Name = "ComponentLink1URL"; Value = "https://ir.linkedin.com/in/mahdi-bagherzade"; VariantName = "[No Variations]"
Add component (AddParameter): Name = "Phone Number"; Value = "0915 8700 314"; VariantName = "[No Variations]"
Add component (AddParameter): Name = "Power"; Value = "1/8W"; VariantName = "[No Variations]"
Add component (AddParameter): Name = "Published Date"; Value = "9-15-2024"; VariantName = "[No Variations]"
Add component (AddParameter): Name = "Publisher"; Value = "Mahdi Bagherzadeh"; VariantName = "[No Variations]"
Add component (AddParameter): Name = "Tolerance"; Value = "5%"; VariantName = "[No Variations]"
Add component (AddParameter): Name = "Value"; Value = "470R"; VariantName = "[No Variations]"
Added Component: Designator=R8_22(R-0805)
Add component (AddParameter): Name = "ComponentLink1Description"; Value = "Linkedin"; VariantName = "[No Variations]"
Add component (AddParameter): Name = "ComponentLink1URL"; Value = "https://ir.linkedin.com/in/mahdi-bagherzade"; VariantName = "[No Variations]"
Add component (AddParameter): Name = "Phone Number"; Value = "0915 8700 314"; VariantName = "[No Variations]"
Add component (AddParameter): Name = "Power"; Value = "1/8W"; VariantName = "[No Variations]"
Add component (AddParameter): Name = "Published Date"; Value = "9-15-2024"; VariantName = "[No Variations]"
Add component (AddParameter): Name = "Publisher"; Value = "Mahdi Bagherzadeh"; VariantName = "[No Variations]"
Add component (AddParameter): Name = "Tolerance"; Value = "5%"; VariantName = "[No Variations]"
Add component (AddParameter): Name = "Value"; Value = "470R"; VariantName = "[No Variations]"
Added Component: Designator=R8_23(R-0805)
Add component (AddParameter): Name = "ComponentLink1Description"; Value = "Linkedin"; VariantName = "[No Variations]"
Add component (AddParameter): Name = "ComponentLink1URL"; Value = "https://ir.linkedin.com/in/mahdi-bagherzade"; VariantName = "[No Variations]"
Add component (AddParameter): Name = "Phone Number"; Value = "0915 8700 314"; VariantName = "[No Variations]"
Add component (AddParameter): Name = "Power"; Value = "1/8W"; VariantName = "[No Variations]"
Add component (AddParameter): Name = "Published Date"; Value = "9-15-2024"; VariantName = "[No Variations]"
Add component (AddParameter): Name = "Publisher"; Value = "Mahdi Bagherzadeh"; VariantName = "[No Variations]"
Add component (AddParameter): Name = "Tolerance"; Value = "5%"; VariantName = "[No Variations]"
Add component (AddParameter): Name = "Value"; Value = "470R"; VariantName = "[No Variations]"
Added Component: Designator=R8_24(R-0805)
Add component (AddParameter): Name = "ComponentLink1Description"; Value = "Linkedin"; VariantName = "[No Variations]"
Add component (AddParameter): Name = "ComponentLink1URL"; Value = "https://ir.linkedin.com/in/mahdi-bagherzade"; VariantName = "[No Variations]"
Add component (AddParameter): Name = "Phone Number"; Value = "0915 8700 314"; VariantName = "[No Variations]"
Add component (AddParameter): Name = "Power"; Value = "1/8W"; VariantName = "[No Variations]"
Add component (AddParameter): Name = "Published Date"; Value = "9-15-2024"; VariantName = "[No Variations]"
Add component (AddParameter): Name = "Publisher"; Value = "Mahdi Bagherzadeh"; VariantName = "[No Variations]"
Add component (AddParameter): Name = "Tolerance"; Value = "5%"; VariantName = "[No Variations]"
Add component (AddParameter): Name = "Value"; Value = "470R"; VariantName = "[No Variations]"
Added Component: Designator=R8_25(R-0805)
Add component (AddParameter): Name = "ComponentLink1Description"; Value = "Linkedin"; VariantName = "[No Variations]"
Add component (AddParameter): Name = "ComponentLink1URL"; Value = "https://ir.linkedin.com/in/mahdi-bagherzade"; VariantName = "[No Variations]"
Add component (AddParameter): Name = "Phone Number"; Value = "0915 8700 314"; VariantName = "[No Variations]"
Add component (AddParameter): Name = "Power"; Value = "1/8W"; VariantName = "[No Variations]"
Add component (AddParameter): Name = "Published Date"; Value = "9-15-2024"; VariantName = "[No Variations]"
Add component (AddParameter): Name = "Publisher"; Value = "Mahdi Bagherzadeh"; VariantName = "[No Variations]"
Add component (AddParameter): Name = "Tolerance"; Value = "5%"; VariantName = "[No Variations]"
Add component (AddParameter): Name = "Value"; Value = "470R"; VariantName = "[No Variations]"
Added Component: Designator=R8_26(R-0805)
Add component (AddParameter): Name = "ComponentLink1Description"; Value = "Linkedin"; VariantName = "[No Variations]"
Add component (AddParameter): Name = "ComponentLink1URL"; Value = "https://ir.linkedin.com/in/mahdi-bagherzade"; VariantName = "[No Variations]"
Add component (AddParameter): Name = "Phone Number"; Value = "0915 8700 314"; VariantName = "[No Variations]"
Add component (AddParameter): Name = "Power"; Value = "1/8W"; VariantName = "[No Variations]"
Add component (AddParameter): Name = "Published Date"; Value = "9-15-2024"; VariantName = "[No Variations]"
Add component (AddParameter): Name = "Publisher"; Value = "Mahdi Bagherzadeh"; VariantName = "[No Variations]"
Add component (AddParameter): Name = "Tolerance"; Value = "5%"; VariantName = "[No Variations]"
Add component (AddParameter): Name = "Value"; Value = "470R"; VariantName = "[No Variations]"
Added Component: Designator=R8_27(R-0805)
Add component (AddParameter): Name = "ComponentLink1Description"; Value = "Linkedin"; VariantName = "[No Variations]"
Add component (AddParameter): Name = "ComponentLink1URL"; Value = "https://ir.linkedin.com/in/mahdi-bagherzade"; VariantName = "[No Variations]"
Add component (AddParameter): Name = "Phone Number"; Value = "0915 8700 314"; VariantName = "[No Variations]"
Add component (AddParameter): Name = "Power"; Value = "1/8W"; VariantName = "[No Variations]"
Add component (AddParameter): Name = "Published Date"; Value = "9-15-2024"; VariantName = "[No Variations]"
Add component (AddParameter): Name = "Publisher"; Value = "Mahdi Bagherzadeh"; VariantName = "[No Variations]"
Add component (AddParameter): Name = "Tolerance"; Value = "5%"; VariantName = "[No Variations]"
Add component (AddParameter): Name = "Value"; Value = "470R"; VariantName = "[No Variations]"
Added Component: Designator=R8_28(R-0805)
Add component (AddParameter): Name = "ComponentLink1Description"; Value = "Linkedin"; VariantName = "[No Variations]"
Add component (AddParameter): Name = "ComponentLink1URL"; Value = "https://ir.linkedin.com/in/mahdi-bagherzade"; VariantName = "[No Variations]"
Add component (AddParameter): Name = "Phone Number"; Value = "0915 8700 314"; VariantName = "[No Variations]"
Add component (AddParameter): Name = "Power"; Value = "1/8W"; VariantName = "[No Variations]"
Add component (AddParameter): Name = "Published Date"; Value = "9-15-2024"; VariantName = "[No Variations]"
Add component (AddParameter): Name = "Publisher"; Value = "Mahdi Bagherzadeh"; VariantName = "[No Variations]"
Add component (AddParameter): Name = "Tolerance"; Value = "5%"; VariantName = "[No Variations]"
Add component (AddParameter): Name = "Value"; Value = "470R"; VariantName = "[No Variations]"
Added Component: Designator=R9_1(R-0805)
Add component (AddParameter): Name = "ComponentLink1Description"; Value = "Linkedin"; VariantName = "[No Variations]"
Add component (AddParameter): Name = "ComponentLink1URL"; Value = "https://ir.linkedin.com/in/mahdi-bagherzade"; VariantName = "[No Variations]"
Add component (AddParameter): Name = "Phone Number"; Value = "0915 8700 314"; VariantName = "[No Variations]"
Add component (AddParameter): Name = "Power"; Value = "1/8W"; VariantName = "[No Variations]"
Add component (AddParameter): Name = "Published Date"; Value = "9-15-2024"; VariantName = "[No Variations]"
Add component (AddParameter): Name = "Publisher"; Value = "Mahdi Bagherzadeh"; VariantName = "[No Variations]"
Add component (AddParameter): Name = "Tolerance"; Value = "5%"; VariantName = "[No Variations]"
Add component (AddParameter): Name = "Type"; Value = "SMD"; VariantName = "[No Variations]"
Add component (AddParameter): Name = "VALUE"; Value = "1K"; VariantName = "[No Variations]"
Added Component: Designator=R9_2(R-0805)
Add component (AddParameter): Name = "ComponentLink1Description"; Value = "Linkedin"; VariantName = "[No Variations]"
Add component (AddParameter): Name = "ComponentLink1URL"; Value = "https://ir.linkedin.com/in/mahdi-bagherzade"; VariantName = "[No Variations]"
Add component (AddParameter): Name = "Phone Number"; Value = "0915 8700 314"; VariantName = "[No Variations]"
Add component (AddParameter): Name = "Power"; Value = "1/8W"; VariantName = "[No Variations]"
Add component (AddParameter): Name = "Published Date"; Value = "9-15-2024"; VariantName = "[No Variations]"
Add component (AddParameter): Name = "Publisher"; Value = "Mahdi Bagherzadeh"; VariantName = "[No Variations]"
Add component (AddParameter): Name = "Tolerance"; Value = "5%"; VariantName = "[No Variations]"
Add component (AddParameter): Name = "Type"; Value = "SMD"; VariantName = "[No Variations]"
Add component (AddParameter): Name = "VALUE"; Value = "1K"; VariantName = "[No Variations]"
Added Component: Designator=R9_3(R-0805)
Add component (AddParameter): Name = "ComponentLink1Description"; Value = "Linkedin"; VariantName = "[No Variations]"
Add component (AddParameter): Name = "ComponentLink1URL"; Value = "https://ir.linkedin.com/in/mahdi-bagherzade"; VariantName = "[No Variations]"
Add component (AddParameter): Name = "Phone Number"; Value = "0915 8700 314"; VariantName = "[No Variations]"
Add component (AddParameter): Name = "Power"; Value = "1/8W"; VariantName = "[No Variations]"
Add component (AddParameter): Name = "Published Date"; Value = "9-15-2024"; VariantName = "[No Variations]"
Add component (AddParameter): Name = "Publisher"; Value = "Mahdi Bagherzadeh"; VariantName = "[No Variations]"
Add component (AddParameter): Name = "Tolerance"; Value = "5%"; VariantName = "[No Variations]"
Add component (AddParameter): Name = "Type"; Value = "SMD"; VariantName = "[No Variations]"
Add component (AddParameter): Name = "VALUE"; Value = "1K"; VariantName = "[No Variations]"
Added Component: Designator=R9_4(R-0805)
Add component (AddParameter): Name = "ComponentLink1Description"; Value = "Linkedin"; VariantName = "[No Variations]"
Add component (AddParameter): Name = "ComponentLink1URL"; Value = "https://ir.linkedin.com/in/mahdi-bagherzade"; VariantName = "[No Variations]"
Add component (AddParameter): Name = "Phone Number"; Value = "0915 8700 314"; VariantName = "[No Variations]"
Add component (AddParameter): Name = "Power"; Value = "1/8W"; VariantName = "[No Variations]"
Add component (AddParameter): Name = "Published Date"; Value = "9-15-2024"; VariantName = "[No Variations]"
Add component (AddParameter): Name = "Publisher"; Value = "Mahdi Bagherzadeh"; VariantName = "[No Variations]"
Add component (AddParameter): Name = "Tolerance"; Value = "5%"; VariantName = "[No Variations]"
Add component (AddParameter): Name = "Type"; Value = "SMD"; VariantName = "[No Variations]"
Add component (AddParameter): Name = "VALUE"; Value = "1K"; VariantName = "[No Variations]"
Added Component: Designator=R9_5(R-0805)
Add component (AddParameter): Name = "ComponentLink1Description"; Value = "Linkedin"; VariantName = "[No Variations]"
Add component (AddParameter): Name = "ComponentLink1URL"; Value = "https://ir.linkedin.com/in/mahdi-bagherzade"; VariantName = "[No Variations]"
Add component (AddParameter): Name = "Phone Number"; Value = "0915 8700 314"; VariantName = "[No Variations]"
Add component (AddParameter): Name = "Power"; Value = "1/8W"; VariantName = "[No Variations]"
Add component (AddParameter): Name = "Published Date"; Value = "9-15-2024"; VariantName = "[No Variations]"
Add component (AddParameter): Name = "Publisher"; Value = "Mahdi Bagherzadeh"; VariantName = "[No Variations]"
Add component (AddParameter): Name = "Tolerance"; Value = "5%"; VariantName = "[No Variations]"
Add component (AddParameter): Name = "Type"; Value = "SMD"; VariantName = "[No Variations]"
Add component (AddParameter): Name = "VALUE"; Value = "1K"; VariantName = "[No Variations]"
Added Component: Designator=R9_6(R-0805)
Add component (AddParameter): Name = "ComponentLink1Description"; Value = "Linkedin"; VariantName = "[No Variations]"
Add component (AddParameter): Name = "ComponentLink1URL"; Value = "https://ir.linkedin.com/in/mahdi-bagherzade"; VariantName = "[No Variations]"
Add component (AddParameter): Name = "Phone Number"; Value = "0915 8700 314"; VariantName = "[No Variations]"
Add component (AddParameter): Name = "Power"; Value = "1/8W"; VariantName = "[No Variations]"
Add component (AddParameter): Name = "Published Date"; Value = "9-15-2024"; VariantName = "[No Variations]"
Add component (AddParameter): Name = "Publisher"; Value = "Mahdi Bagherzadeh"; VariantName = "[No Variations]"
Add component (AddParameter): Name = "Tolerance"; Value = "5%"; VariantName = "[No Variations]"
Add component (AddParameter): Name = "Type"; Value = "SMD"; VariantName = "[No Variations]"
Add component (AddParameter): Name = "VALUE"; Value = "1K"; VariantName = "[No Variations]"
Added Component: Designator=R9_7(R-0805)
Add component (AddParameter): Name = "ComponentLink1Description"; Value = "Linkedin"; VariantName = "[No Variations]"
Add component (AddParameter): Name = "ComponentLink1URL"; Value = "https://ir.linkedin.com/in/mahdi-bagherzade"; VariantName = "[No Variations]"
Add component (AddParameter): Name = "Phone Number"; Value = "0915 8700 314"; VariantName = "[No Variations]"
Add component (AddParameter): Name = "Power"; Value = "1/8W"; VariantName = "[No Variations]"
Add component (AddParameter): Name = "Published Date"; Value = "9-15-2024"; VariantName = "[No Variations]"
Add component (AddParameter): Name = "Publisher"; Value = "Mahdi Bagherzadeh"; VariantName = "[No Variations]"
Add component (AddParameter): Name = "Tolerance"; Value = "5%"; VariantName = "[No Variations]"
Add component (AddParameter): Name = "Type"; Value = "SMD"; VariantName = "[No Variations]"
Add component (AddParameter): Name = "VALUE"; Value = "1K"; VariantName = "[No Variations]"
Added Component: Designator=R9_8(R-0805)
Add component (AddParameter): Name = "ComponentLink1Description"; Value = "Linkedin"; VariantName = "[No Variations]"
Add component (AddParameter): Name = "ComponentLink1URL"; Value = "https://ir.linkedin.com/in/mahdi-bagherzade"; VariantName = "[No Variations]"
Add component (AddParameter): Name = "Phone Number"; Value = "0915 8700 314"; VariantName = "[No Variations]"
Add component (AddParameter): Name = "Power"; Value = "1/8W"; VariantName = "[No Variations]"
Add component (AddParameter): Name = "Published Date"; Value = "9-15-2024"; VariantName = "[No Variations]"
Add component (AddParameter): Name = "Publisher"; Value = "Mahdi Bagherzadeh"; VariantName = "[No Variations]"
Add component (AddParameter): Name = "Tolerance"; Value = "5%"; VariantName = "[No Variations]"
Add component (AddParameter): Name = "Type"; Value = "SMD"; VariantName = "[No Variations]"
Add component (AddParameter): Name = "VALUE"; Value = "1K"; VariantName = "[No Variations]"
Added Component: Designator=R10_1(R-0805)
Add component (AddParameter): Name = "ComponentLink1Description"; Value = "Linkedin"; VariantName = "[No Variations]"
Add component (AddParameter): Name = "ComponentLink1URL"; Value = "https://ir.linkedin.com/in/mahdi-bagherzade"; VariantName = "[No Variations]"
Add component (AddParameter): Name = "Phone Number"; Value = "0915 8700 314"; VariantName = "[No Variations]"
Add component (AddParameter): Name = "Power"; Value = "1/8W"; VariantName = "[No Variations]"
Add component (AddParameter): Name = "Published Date"; Value = "9-15-2024"; VariantName = "[No Variations]"
Add component (AddParameter): Name = "Publisher"; Value = "Mahdi Bagherzadeh"; VariantName = "[No Variations]"
Add component (AddParameter): Name = "Tolerance"; Value = "5%"; VariantName = "[No Variations]"
Add component (AddParameter): Name = "Type"; Value = "SMD"; VariantName = "[No Variations]"
Add component (AddParameter): Name = "VALUE"; Value = "1K"; VariantName = "[No Variations]"
Added Component: Designator=R10_2(R-0805)
Add component (AddParameter): Name = "ComponentLink1Description"; Value = "Linkedin"; VariantName = "[No Variations]"
Add component (AddParameter): Name = "ComponentLink1URL"; Value = "https://ir.linkedin.com/in/mahdi-bagherzade"; VariantName = "[No Variations]"
Add component (AddParameter): Name = "Phone Number"; Value = "0915 8700 314"; VariantName = "[No Variations]"
Add component (AddParameter): Name = "Power"; Value = "1/8W"; VariantName = "[No Variations]"
Add component (AddParameter): Name = "Published Date"; Value = "9-15-2024"; VariantName = "[No Variations]"
Add component (AddParameter): Name = "Publisher"; Value = "Mahdi Bagherzadeh"; VariantName = "[No Variations]"
Add component (AddParameter): Name = "Tolerance"; Value = "5%"; VariantName = "[No Variations]"
Add component (AddParameter): Name = "Type"; Value = "SMD"; VariantName = "[No Variations]"
Add component (AddParameter): Name = "VALUE"; Value = "1K"; VariantName = "[No Variations]"
Added Component: Designator=R10_3(R-0805)
Add component (AddParameter): Name = "ComponentLink1Description"; Value = "Linkedin"; VariantName = "[No Variations]"
Add component (AddParameter): Name = "ComponentLink1URL"; Value = "https://ir.linkedin.com/in/mahdi-bagherzade"; VariantName = "[No Variations]"
Add component (AddParameter): Name = "Phone Number"; Value = "0915 8700 314"; VariantName = "[No Variations]"
Add component (AddParameter): Name = "Power"; Value = "1/8W"; VariantName = "[No Variations]"
Add component (AddParameter): Name = "Published Date"; Value = "9-15-2024"; VariantName = "[No Variations]"
Add component (AddParameter): Name = "Publisher"; Value = "Mahdi Bagherzadeh"; VariantName = "[No Variations]"
Add component (AddParameter): Name = "Tolerance"; Value = "5%"; VariantName = "[No Variations]"
Add component (AddParameter): Name = "Type"; Value = "SMD"; VariantName = "[No Variations]"
Add component (AddParameter): Name = "VALUE"; Value = "1K"; VariantName = "[No Variations]"
Added Component: Designator=R10_4(R-0805)
Add component (AddParameter): Name = "ComponentLink1Description"; Value = "Linkedin"; VariantName = "[No Variations]"
Add component (AddParameter): Name = "ComponentLink1URL"; Value = "https://ir.linkedin.com/in/mahdi-bagherzade"; VariantName = "[No Variations]"
Add component (AddParameter): Name = "Phone Number"; Value = "0915 8700 314"; VariantName = "[No Variations]"
Add component (AddParameter): Name = "Power"; Value = "1/8W"; VariantName = "[No Variations]"
Add component (AddParameter): Name = "Published Date"; Value = "9-15-2024"; VariantName = "[No Variations]"
Add component (AddParameter): Name = "Publisher"; Value = "Mahdi Bagherzadeh"; VariantName = "[No Variations]"
Add component (AddParameter): Name = "Tolerance"; Value = "5%"; VariantName = "[No Variations]"
Add component (AddParameter): Name = "Type"; Value = "SMD"; VariantName = "[No Variations]"
Add component (AddParameter): Name = "VALUE"; Value = "1K"; VariantName = "[No Variations]"
Added Component: Designator=R10_5(R-0805)
Add component (AddParameter): Name = "ComponentLink1Description"; Value = "Linkedin"; VariantName = "[No Variations]"
Add component (AddParameter): Name = "ComponentLink1URL"; Value = "https://ir.linkedin.com/in/mahdi-bagherzade"; VariantName = "[No Variations]"
Add component (AddParameter): Name = "Phone Number"; Value = "0915 8700 314"; VariantName = "[No Variations]"
Add component (AddParameter): Name = "Power"; Value = "1/8W"; VariantName = "[No Variations]"
Add component (AddParameter): Name = "Published Date"; Value = "9-15-2024"; VariantName = "[No Variations]"
Add component (AddParameter): Name = "Publisher"; Value = "Mahdi Bagherzadeh"; VariantName = "[No Variations]"
Add component (AddParameter): Name = "Tolerance"; Value = "5%"; VariantName = "[No Variations]"
Add component (AddParameter): Name = "Type"; Value = "SMD"; VariantName = "[No Variations]"
Add component (AddParameter): Name = "VALUE"; Value = "1K"; VariantName = "[No Variations]"
Added Component: Designator=R10_6(R-0805)
Add component (AddParameter): Name = "ComponentLink1Description"; Value = "Linkedin"; VariantName = "[No Variations]"
Add component (AddParameter): Name = "ComponentLink1URL"; Value = "https://ir.linkedin.com/in/mahdi-bagherzade"; VariantName = "[No Variations]"
Add component (AddParameter): Name = "Phone Number"; Value = "0915 8700 314"; VariantName = "[No Variations]"
Add component (AddParameter): Name = "Power"; Value = "1/8W"; VariantName = "[No Variations]"
Add component (AddParameter): Name = "Published Date"; Value = "9-15-2024"; VariantName = "[No Variations]"
Add component (AddParameter): Name = "Publisher"; Value = "Mahdi Bagherzadeh"; VariantName = "[No Variations]"
Add component (AddParameter): Name = "Tolerance"; Value = "5%"; VariantName = "[No Variations]"
Add component (AddParameter): Name = "Type"; Value = "SMD"; VariantName = "[No Variations]"
Add component (AddParameter): Name = "VALUE"; Value = "1K"; VariantName = "[No Variations]"
Added Component: Designator=R10_7(R-0805)
Add component (AddParameter): Name = "ComponentLink1Description"; Value = "Linkedin"; VariantName = "[No Variations]"
Add component (AddParameter): Name = "ComponentLink1URL"; Value = "https://ir.linkedin.com/in/mahdi-bagherzade"; VariantName = "[No Variations]"
Add component (AddParameter): Name = "Phone Number"; Value = "0915 8700 314"; VariantName = "[No Variations]"
Add component (AddParameter): Name = "Power"; Value = "1/8W"; VariantName = "[No Variations]"
Add component (AddParameter): Name = "Published Date"; Value = "9-15-2024"; VariantName = "[No Variations]"
Add component (AddParameter): Name = "Publisher"; Value = "Mahdi Bagherzadeh"; VariantName = "[No Variations]"
Add component (AddParameter): Name = "Tolerance"; Value = "5%"; VariantName = "[No Variations]"
Add component (AddParameter): Name = "Type"; Value = "SMD"; VariantName = "[No Variations]"
Add component (AddParameter): Name = "VALUE"; Value = "1K"; VariantName = "[No Variations]"
Added Component: Designator=R10_8(R-0805)
Add component (AddParameter): Name = "ComponentLink1Description"; Value = "Linkedin"; VariantName = "[No Variations]"
Add component (AddParameter): Name = "ComponentLink1URL"; Value = "https://ir.linkedin.com/in/mahdi-bagherzade"; VariantName = "[No Variations]"
Add component (AddParameter): Name = "Phone Number"; Value = "0915 8700 314"; VariantName = "[No Variations]"
Add component (AddParameter): Name = "Power"; Value = "1/8W"; VariantName = "[No Variations]"
Add component (AddParameter): Name = "Published Date"; Value = "9-15-2024"; VariantName = "[No Variations]"
Add component (AddParameter): Name = "Publisher"; Value = "Mahdi Bagherzadeh"; VariantName = "[No Variations]"
Add component (AddParameter): Name = "Tolerance"; Value = "5%"; VariantName = "[No Variations]"
Add component (AddParameter): Name = "Type"; Value = "SMD"; VariantName = "[No Variations]"
Add component (AddParameter): Name = "VALUE"; Value = "1K"; VariantName = "[No Variations]"
Added Component: Designator=R38_1(R-0805)
Add component (AddParameter): Name = "ComponentLink1Description"; Value = "Linkedin"; VariantName = "[No Variations]"
Add component (AddParameter): Name = "ComponentLink1URL"; Value = "https://ir.linkedin.com/in/mahdi-bagherzade"; VariantName = "[No Variations]"
Add component (AddParameter): Name = "Phone Number"; Value = "0915 8700 314"; VariantName = "[No Variations]"
Add component (AddParameter): Name = "Power"; Value = "1/8W"; VariantName = "[No Variations]"
Add component (AddParameter): Name = "Published Date"; Value = "9-15-2024"; VariantName = "[No Variations]"
Add component (AddParameter): Name = "Publisher"; Value = "Mahdi Bagherzadeh"; VariantName = "[No Variations]"
Add component (AddParameter): Name = "Tolerance"; Value = "5%"; VariantName = "[No Variations]"
Add component (AddParameter): Name = "Type"; Value = "SMD"; VariantName = "[No Variations]"
Add component (AddParameter): Name = "VALUE"; Value = "4.7K"; VariantName = "[No Variations]"
Added Component: Designator=R38_2(R-0805)
Add component (AddParameter): Name = "ComponentLink1Description"; Value = "Linkedin"; VariantName = "[No Variations]"
Add component (AddParameter): Name = "ComponentLink1URL"; Value = "https://ir.linkedin.com/in/mahdi-bagherzade"; VariantName = "[No Variations]"
Add component (AddParameter): Name = "Phone Number"; Value = "0915 8700 314"; VariantName = "[No Variations]"
Add component (AddParameter): Name = "Power"; Value = "1/8W"; VariantName = "[No Variations]"
Add component (AddParameter): Name = "Published Date"; Value = "9-15-2024"; VariantName = "[No Variations]"
Add component (AddParameter): Name = "Publisher"; Value = "Mahdi Bagherzadeh"; VariantName = "[No Variations]"
Add component (AddParameter): Name = "Tolerance"; Value = "5%"; VariantName = "[No Variations]"
Add component (AddParameter): Name = "Type"; Value = "SMD"; VariantName = "[No Variations]"
Add component (AddParameter): Name = "VALUE"; Value = "4.7K"; VariantName = "[No Variations]"
Added Component: Designator=R38_3(R-0805)
Add component (AddParameter): Name = "ComponentLink1Description"; Value = "Linkedin"; VariantName = "[No Variations]"
Add component (AddParameter): Name = "ComponentLink1URL"; Value = "https://ir.linkedin.com/in/mahdi-bagherzade"; VariantName = "[No Variations]"
Add component (AddParameter): Name = "Phone Number"; Value = "0915 8700 314"; VariantName = "[No Variations]"
Add component (AddParameter): Name = "Power"; Value = "1/8W"; VariantName = "[No Variations]"
Add component (AddParameter): Name = "Published Date"; Value = "9-15-2024"; VariantName = "[No Variations]"
Add component (AddParameter): Name = "Publisher"; Value = "Mahdi Bagherzadeh"; VariantName = "[No Variations]"
Add component (AddParameter): Name = "Tolerance"; Value = "5%"; VariantName = "[No Variations]"
Add component (AddParameter): Name = "Type"; Value = "SMD"; VariantName = "[No Variations]"
Add component (AddParameter): Name = "VALUE"; Value = "4.7K"; VariantName = "[No Variations]"
Added Component: Designator=R38_4(R-0805)
Add component (AddParameter): Name = "ComponentLink1Description"; Value = "Linkedin"; VariantName = "[No Variations]"
Add component (AddParameter): Name = "ComponentLink1URL"; Value = "https://ir.linkedin.com/in/mahdi-bagherzade"; VariantName = "[No Variations]"
Add component (AddParameter): Name = "Phone Number"; Value = "0915 8700 314"; VariantName = "[No Variations]"
Add component (AddParameter): Name = "Power"; Value = "1/8W"; VariantName = "[No Variations]"
Add component (AddParameter): Name = "Published Date"; Value = "9-15-2024"; VariantName = "[No Variations]"
Add component (AddParameter): Name = "Publisher"; Value = "Mahdi Bagherzadeh"; VariantName = "[No Variations]"
Add component (AddParameter): Name = "Tolerance"; Value = "5%"; VariantName = "[No Variations]"
Add component (AddParameter): Name = "Type"; Value = "SMD"; VariantName = "[No Variations]"
Add component (AddParameter): Name = "VALUE"; Value = "4.7K"; VariantName = "[No Variations]"
Added Component: Designator=R38_5(R-0805)
Add component (AddParameter): Name = "ComponentLink1Description"; Value = "Linkedin"; VariantName = "[No Variations]"
Add component (AddParameter): Name = "ComponentLink1URL"; Value = "https://ir.linkedin.com/in/mahdi-bagherzade"; VariantName = "[No Variations]"
Add component (AddParameter): Name = "Phone Number"; Value = "0915 8700 314"; VariantName = "[No Variations]"
Add component (AddParameter): Name = "Power"; Value = "1/8W"; VariantName = "[No Variations]"
Add component (AddParameter): Name = "Published Date"; Value = "9-15-2024"; VariantName = "[No Variations]"
Add component (AddParameter): Name = "Publisher"; Value = "Mahdi Bagherzadeh"; VariantName = "[No Variations]"
Add component (AddParameter): Name = "Tolerance"; Value = "5%"; VariantName = "[No Variations]"
Add component (AddParameter): Name = "Type"; Value = "SMD"; VariantName = "[No Variations]"
Add component (AddParameter): Name = "VALUE"; Value = "4.7K"; VariantName = "[No Variations]"
Added Component: Designator=R38_6(R-0805)
Add component (AddParameter): Name = "ComponentLink1Description"; Value = "Linkedin"; VariantName = "[No Variations]"
Add component (AddParameter): Name = "ComponentLink1URL"; Value = "https://ir.linkedin.com/in/mahdi-bagherzade"; VariantName = "[No Variations]"
Add component (AddParameter): Name = "Phone Number"; Value = "0915 8700 314"; VariantName = "[No Variations]"
Add component (AddParameter): Name = "Power"; Value = "1/8W"; VariantName = "[No Variations]"
Add component (AddParameter): Name = "Published Date"; Value = "9-15-2024"; VariantName = "[No Variations]"
Add component (AddParameter): Name = "Publisher"; Value = "Mahdi Bagherzadeh"; VariantName = "[No Variations]"
Add component (AddParameter): Name = "Tolerance"; Value = "5%"; VariantName = "[No Variations]"
Add component (AddParameter): Name = "Type"; Value = "SMD"; VariantName = "[No Variations]"
Add component (AddParameter): Name = "VALUE"; Value = "4.7K"; VariantName = "[No Variations]"
Added Component: Designator=R38_7(R-0805)
Add component (AddParameter): Name = "ComponentLink1Description"; Value = "Linkedin"; VariantName = "[No Variations]"
Add component (AddParameter): Name = "ComponentLink1URL"; Value = "https://ir.linkedin.com/in/mahdi-bagherzade"; VariantName = "[No Variations]"
Add component (AddParameter): Name = "Phone Number"; Value = "0915 8700 314"; VariantName = "[No Variations]"
Add component (AddParameter): Name = "Power"; Value = "1/8W"; VariantName = "[No Variations]"
Add component (AddParameter): Name = "Published Date"; Value = "9-15-2024"; VariantName = "[No Variations]"
Add component (AddParameter): Name = "Publisher"; Value = "Mahdi Bagherzadeh"; VariantName = "[No Variations]"
Add component (AddParameter): Name = "Tolerance"; Value = "5%"; VariantName = "[No Variations]"
Add component (AddParameter): Name = "Type"; Value = "SMD"; VariantName = "[No Variations]"
Add component (AddParameter): Name = "VALUE"; Value = "4.7K"; VariantName = "[No Variations]"
Added Component: Designator=R38_8(R-0805)
Add component (AddParameter): Name = "ComponentLink1Description"; Value = "Linkedin"; VariantName = "[No Variations]"
Add component (AddParameter): Name = "ComponentLink1URL"; Value = "https://ir.linkedin.com/in/mahdi-bagherzade"; VariantName = "[No Variations]"
Add component (AddParameter): Name = "Phone Number"; Value = "0915 8700 314"; VariantName = "[No Variations]"
Add component (AddParameter): Name = "Power"; Value = "1/8W"; VariantName = "[No Variations]"
Add component (AddParameter): Name = "Published Date"; Value = "9-15-2024"; VariantName = "[No Variations]"
Add component (AddParameter): Name = "Publisher"; Value = "Mahdi Bagherzadeh"; VariantName = "[No Variations]"
Add component (AddParameter): Name = "Tolerance"; Value = "5%"; VariantName = "[No Variations]"
Add component (AddParameter): Name = "Type"; Value = "SMD"; VariantName = "[No Variations]"
Add component (AddParameter): Name = "VALUE"; Value = "4.7K"; VariantName = "[No Variations]"
Added Component: Designator=R39_1(R-0805)
Add component (AddParameter): Name = "ComponentLink1Description"; Value = "Linkedin"; VariantName = "[No Variations]"
Add component (AddParameter): Name = "ComponentLink1URL"; Value = "https://ir.linkedin.com/in/mahdi-bagherzade"; VariantName = "[No Variations]"
Add component (AddParameter): Name = "Phone Number"; Value = "0915 8700 314"; VariantName = "[No Variations]"
Add component (AddParameter): Name = "Power"; Value = "1/8W"; VariantName = "[No Variations]"
Add component (AddParameter): Name = "Published Date"; Value = "9-15-2024"; VariantName = "[No Variations]"
Add component (AddParameter): Name = "Publisher"; Value = "Mahdi Bagherzadeh"; VariantName = "[No Variations]"
Add component (AddParameter): Name = "Tolerance"; Value = "5%"; VariantName = "[No Variations]"
Add component (AddParameter): Name = "Type"; Value = "SMD"; VariantName = "[No Variations]"
Add component (AddParameter): Name = "VALUE"; Value = "4.7K"; VariantName = "[No Variations]"
Added Component: Designator=R39_2(R-0805)
Add component (AddParameter): Name = "ComponentLink1Description"; Value = "Linkedin"; VariantName = "[No Variations]"
Add component (AddParameter): Name = "ComponentLink1URL"; Value = "https://ir.linkedin.com/in/mahdi-bagherzade"; VariantName = "[No Variations]"
Add component (AddParameter): Name = "Phone Number"; Value = "0915 8700 314"; VariantName = "[No Variations]"
Add component (AddParameter): Name = "Power"; Value = "1/8W"; VariantName = "[No Variations]"
Add component (AddParameter): Name = "Published Date"; Value = "9-15-2024"; VariantName = "[No Variations]"
Add component (AddParameter): Name = "Publisher"; Value = "Mahdi Bagherzadeh"; VariantName = "[No Variations]"
Add component (AddParameter): Name = "Tolerance"; Value = "5%"; VariantName = "[No Variations]"
Add component (AddParameter): Name = "Type"; Value = "SMD"; VariantName = "[No Variations]"
Add component (AddParameter): Name = "VALUE"; Value = "4.7K"; VariantName = "[No Variations]"
Added Component: Designator=R39_3(R-0805)
Add component (AddParameter): Name = "ComponentLink1Description"; Value = "Linkedin"; VariantName = "[No Variations]"
Add component (AddParameter): Name = "ComponentLink1URL"; Value = "https://ir.linkedin.com/in/mahdi-bagherzade"; VariantName = "[No Variations]"
Add component (AddParameter): Name = "Phone Number"; Value = "0915 8700 314"; VariantName = "[No Variations]"
Add component (AddParameter): Name = "Power"; Value = "1/8W"; VariantName = "[No Variations]"
Add component (AddParameter): Name = "Published Date"; Value = "9-15-2024"; VariantName = "[No Variations]"
Add component (AddParameter): Name = "Publisher"; Value = "Mahdi Bagherzadeh"; VariantName = "[No Variations]"
Add component (AddParameter): Name = "Tolerance"; Value = "5%"; VariantName = "[No Variations]"
Add component (AddParameter): Name = "Type"; Value = "SMD"; VariantName = "[No Variations]"
Add component (AddParameter): Name = "VALUE"; Value = "4.7K"; VariantName = "[No Variations]"
Added Component: Designator=R39_4(R-0805)
Add component (AddParameter): Name = "ComponentLink1Description"; Value = "Linkedin"; VariantName = "[No Variations]"
Add component (AddParameter): Name = "ComponentLink1URL"; Value = "https://ir.linkedin.com/in/mahdi-bagherzade"; VariantName = "[No Variations]"
Add component (AddParameter): Name = "Phone Number"; Value = "0915 8700 314"; VariantName = "[No Variations]"
Add component (AddParameter): Name = "Power"; Value = "1/8W"; VariantName = "[No Variations]"
Add component (AddParameter): Name = "Published Date"; Value = "9-15-2024"; VariantName = "[No Variations]"
Add component (AddParameter): Name = "Publisher"; Value = "Mahdi Bagherzadeh"; VariantName = "[No Variations]"
Add component (AddParameter): Name = "Tolerance"; Value = "5%"; VariantName = "[No Variations]"
Add component (AddParameter): Name = "Type"; Value = "SMD"; VariantName = "[No Variations]"
Add component (AddParameter): Name = "VALUE"; Value = "4.7K"; VariantName = "[No Variations]"
Added Component: Designator=R39_5(R-0805)
Add component (AddParameter): Name = "ComponentLink1Description"; Value = "Linkedin"; VariantName = "[No Variations]"
Add component (AddParameter): Name = "ComponentLink1URL"; Value = "https://ir.linkedin.com/in/mahdi-bagherzade"; VariantName = "[No Variations]"
Add component (AddParameter): Name = "Phone Number"; Value = "0915 8700 314"; VariantName = "[No Variations]"
Add component (AddParameter): Name = "Power"; Value = "1/8W"; VariantName = "[No Variations]"
Add component (AddParameter): Name = "Published Date"; Value = "9-15-2024"; VariantName = "[No Variations]"
Add component (AddParameter): Name = "Publisher"; Value = "Mahdi Bagherzadeh"; VariantName = "[No Variations]"
Add component (AddParameter): Name = "Tolerance"; Value = "5%"; VariantName = "[No Variations]"
Add component (AddParameter): Name = "Type"; Value = "SMD"; VariantName = "[No Variations]"
Add component (AddParameter): Name = "VALUE"; Value = "4.7K"; VariantName = "[No Variations]"
Added Component: Designator=R39_6(R-0805)
Add component (AddParameter): Name = "ComponentLink1Description"; Value = "Linkedin"; VariantName = "[No Variations]"
Add component (AddParameter): Name = "ComponentLink1URL"; Value = "https://ir.linkedin.com/in/mahdi-bagherzade"; VariantName = "[No Variations]"
Add component (AddParameter): Name = "Phone Number"; Value = "0915 8700 314"; VariantName = "[No Variations]"
Add component (AddParameter): Name = "Power"; Value = "1/8W"; VariantName = "[No Variations]"
Add component (AddParameter): Name = "Published Date"; Value = "9-15-2024"; VariantName = "[No Variations]"
Add component (AddParameter): Name = "Publisher"; Value = "Mahdi Bagherzadeh"; VariantName = "[No Variations]"
Add component (AddParameter): Name = "Tolerance"; Value = "5%"; VariantName = "[No Variations]"
Add component (AddParameter): Name = "Type"; Value = "SMD"; VariantName = "[No Variations]"
Add component (AddParameter): Name = "VALUE"; Value = "4.7K"; VariantName = "[No Variations]"
Added Component: Designator=R39_7(R-0805)
Add component (AddParameter): Name = "ComponentLink1Description"; Value = "Linkedin"; VariantName = "[No Variations]"
Add component (AddParameter): Name = "ComponentLink1URL"; Value = "https://ir.linkedin.com/in/mahdi-bagherzade"; VariantName = "[No Variations]"
Add component (AddParameter): Name = "Phone Number"; Value = "0915 8700 314"; VariantName = "[No Variations]"
Add component (AddParameter): Name = "Power"; Value = "1/8W"; VariantName = "[No Variations]"
Add component (AddParameter): Name = "Published Date"; Value = "9-15-2024"; VariantName = "[No Variations]"
Add component (AddParameter): Name = "Publisher"; Value = "Mahdi Bagherzadeh"; VariantName = "[No Variations]"
Add component (AddParameter): Name = "Tolerance"; Value = "5%"; VariantName = "[No Variations]"
Add component (AddParameter): Name = "Type"; Value = "SMD"; VariantName = "[No Variations]"
Add component (AddParameter): Name = "VALUE"; Value = "4.7K"; VariantName = "[No Variations]"
Added Component: Designator=R39_8(R-0805)
Add component (AddParameter): Name = "ComponentLink1Description"; Value = "Linkedin"; VariantName = "[No Variations]"
Add component (AddParameter): Name = "ComponentLink1URL"; Value = "https://ir.linkedin.com/in/mahdi-bagherzade"; VariantName = "[No Variations]"
Add component (AddParameter): Name = "Phone Number"; Value = "0915 8700 314"; VariantName = "[No Variations]"
Add component (AddParameter): Name = "Power"; Value = "1/8W"; VariantName = "[No Variations]"
Add component (AddParameter): Name = "Published Date"; Value = "9-15-2024"; VariantName = "[No Variations]"
Add component (AddParameter): Name = "Publisher"; Value = "Mahdi Bagherzadeh"; VariantName = "[No Variations]"
Add component (AddParameter): Name = "Tolerance"; Value = "5%"; VariantName = "[No Variations]"
Add component (AddParameter): Name = "Type"; Value = "SMD"; VariantName = "[No Variations]"
Add component (AddParameter): Name = "VALUE"; Value = "4.7K"; VariantName = "[No Variations]"
Added Component: Designator=U1_1(SOIC16)
Add component (AddParameter): Name = "ComponentLink1Description"; Value = "Linkedin"; VariantName = "[No Variations]"
Add component (AddParameter): Name = "ComponentLink1URL"; Value = "https://ir.linkedin.com/in/mahdi-bagherzade"; VariantName = "[No Variations]"
Add component (AddParameter): Name = "Phone Number"; Value = "0915 8700 314"; VariantName = "[No Variations]"
Add component (AddParameter): Name = "Published Date"; Value = "9-15-2024"; VariantName = "[No Variations]"
Add component (AddParameter): Name = "Publisher"; Value = "Mahdi Bagherzadeh"; VariantName = "[No Variations]"
Added Component: Designator=U1_2(SOIC16)
Add component (AddParameter): Name = "ComponentLink1Description"; Value = "Linkedin"; VariantName = "[No Variations]"
Add component (AddParameter): Name = "ComponentLink1URL"; Value = "https://ir.linkedin.com/in/mahdi-bagherzade"; VariantName = "[No Variations]"
Add component (AddParameter): Name = "Phone Number"; Value = "0915 8700 314"; VariantName = "[No Variations]"
Add component (AddParameter): Name = "Published Date"; Value = "9-15-2024"; VariantName = "[No Variations]"
Add component (AddParameter): Name = "Publisher"; Value = "Mahdi Bagherzadeh"; VariantName = "[No Variations]"
Added Component: Designator=U1_3(SOIC16)
Add component (AddParameter): Name = "ComponentLink1Description"; Value = "Linkedin"; VariantName = "[No Variations]"
Add component (AddParameter): Name = "ComponentLink1URL"; Value = "https://ir.linkedin.com/in/mahdi-bagherzade"; VariantName = "[No Variations]"
Add component (AddParameter): Name = "Phone Number"; Value = "0915 8700 314"; VariantName = "[No Variations]"
Add component (AddParameter): Name = "Published Date"; Value = "9-15-2024"; VariantName = "[No Variations]"
Add component (AddParameter): Name = "Publisher"; Value = "Mahdi Bagherzadeh"; VariantName = "[No Variations]"
Added Component: Designator=U1_4(SOIC16)
Add component (AddParameter): Name = "ComponentLink1Description"; Value = "Linkedin"; VariantName = "[No Variations]"
Add component (AddParameter): Name = "ComponentLink1URL"; Value = "https://ir.linkedin.com/in/mahdi-bagherzade"; VariantName = "[No Variations]"
Add component (AddParameter): Name = "Phone Number"; Value = "0915 8700 314"; VariantName = "[No Variations]"
Add component (AddParameter): Name = "Published Date"; Value = "9-15-2024"; VariantName = "[No Variations]"
Add component (AddParameter): Name = "Publisher"; Value = "Mahdi Bagherzadeh"; VariantName = "[No Variations]"
Added Component: Designator=U1_5(SOIC16)
Add component (AddParameter): Name = "ComponentLink1Description"; Value = "Linkedin"; VariantName = "[No Variations]"
Add component (AddParameter): Name = "ComponentLink1URL"; Value = "https://ir.linkedin.com/in/mahdi-bagherzade"; VariantName = "[No Variations]"
Add component (AddParameter): Name = "Phone Number"; Value = "0915 8700 314"; VariantName = "[No Variations]"
Add component (AddParameter): Name = "Published Date"; Value = "9-15-2024"; VariantName = "[No Variations]"
Add component (AddParameter): Name = "Publisher"; Value = "Mahdi Bagherzadeh"; VariantName = "[No Variations]"
Added Component: Designator=U1_6(SOIC16)
Add component (AddParameter): Name = "ComponentLink1Description"; Value = "Linkedin"; VariantName = "[No Variations]"
Add component (AddParameter): Name = "ComponentLink1URL"; Value = "https://ir.linkedin.com/in/mahdi-bagherzade"; VariantName = "[No Variations]"
Add component (AddParameter): Name = "Phone Number"; Value = "0915 8700 314"; VariantName = "[No Variations]"
Add component (AddParameter): Name = "Published Date"; Value = "9-15-2024"; VariantName = "[No Variations]"
Add component (AddParameter): Name = "Publisher"; Value = "Mahdi Bagherzadeh"; VariantName = "[No Variations]"
Added Component: Designator=U1_7(SOIC16)
Add component (AddParameter): Name = "ComponentLink1Description"; Value = "Linkedin"; VariantName = "[No Variations]"
Add component (AddParameter): Name = "ComponentLink1URL"; Value = "https://ir.linkedin.com/in/mahdi-bagherzade"; VariantName = "[No Variations]"
Add component (AddParameter): Name = "Phone Number"; Value = "0915 8700 314"; VariantName = "[No Variations]"
Add component (AddParameter): Name = "Published Date"; Value = "9-15-2024"; VariantName = "[No Variations]"
Add component (AddParameter): Name = "Publisher"; Value = "Mahdi Bagherzadeh"; VariantName = "[No Variations]"
Added Component: Designator=U1_8(SOIC16)
Add component (AddParameter): Name = "ComponentLink1Description"; Value = "Linkedin"; VariantName = "[No Variations]"
Add component (AddParameter): Name = "ComponentLink1URL"; Value = "https://ir.linkedin.com/in/mahdi-bagherzade"; VariantName = "[No Variations]"
Add component (AddParameter): Name = "Phone Number"; Value = "0915 8700 314"; VariantName = "[No Variations]"
Add component (AddParameter): Name = "Published Date"; Value = "9-15-2024"; VariantName = "[No Variations]"
Add component (AddParameter): Name = "Publisher"; Value = "Mahdi Bagherzadeh"; VariantName = "[No Variations]"
Added Component: Designator=ZD1_5(SOD80)
Add component (AddParameter): Name = "Code"; Value = ""; VariantName = "[No Variations]"
Add component (AddParameter): Name = "ComponentLink1Description"; Value = "Linkedin"; VariantName = "[No Variations]"
Add component (AddParameter): Name = "ComponentLink1URL"; Value = "https://ir.linkedin.com/in/mahdi-bagherzade"; VariantName = "[No Variations]"
Add component (AddParameter): Name = "Phone Number"; Value = "0915 8700 314"; VariantName = "[No Variations]"
Add component (AddParameter): Name = "Power"; Value = "Minimelf"; VariantName = "[No Variations]"
Add component (AddParameter): Name = "Published Date"; Value = "9-15-2024"; VariantName = "[No Variations]"
Add component (AddParameter): Name = "Publisher"; Value = "Mahdi Bagherzadeh"; VariantName = "[No Variations]"
Add component (AddParameter): Name = "Type"; Value = "SMD"; VariantName = "[No Variations]"
Add component (AddParameter): Name = "Voltage"; Value = "3.3V"; VariantName = "[No Variations]"
Added Component: Designator=ZD1_6(SOD80)
Add component (AddParameter): Name = "Code"; Value = ""; VariantName = "[No Variations]"
Add component (AddParameter): Name = "ComponentLink1Description"; Value = "Linkedin"; VariantName = "[No Variations]"
Add component (AddParameter): Name = "ComponentLink1URL"; Value = "https://ir.linkedin.com/in/mahdi-bagherzade"; VariantName = "[No Variations]"
Add component (AddParameter): Name = "Phone Number"; Value = "0915 8700 314"; VariantName = "[No Variations]"
Add component (AddParameter): Name = "Power"; Value = "Minimelf"; VariantName = "[No Variations]"
Add component (AddParameter): Name = "Published Date"; Value = "9-15-2024"; VariantName = "[No Variations]"
Add component (AddParameter): Name = "Publisher"; Value = "Mahdi Bagherzadeh"; VariantName = "[No Variations]"
Add component (AddParameter): Name = "Type"; Value = "SMD"; VariantName = "[No Variations]"
Add component (AddParameter): Name = "Voltage"; Value = "3.3V"; VariantName = "[No Variations]"
Added Component: Designator=ZD1_7(SOD80)
Add component (AddParameter): Name = "Code"; Value = ""; VariantName = "[No Variations]"
Add component (AddParameter): Name = "ComponentLink1Description"; Value = "Linkedin"; VariantName = "[No Variations]"
Add component (AddParameter): Name = "ComponentLink1URL"; Value = "https://ir.linkedin.com/in/mahdi-bagherzade"; VariantName = "[No Variations]"
Add component (AddParameter): Name = "Phone Number"; Value = "0915 8700 314"; VariantName = "[No Variations]"
Add component (AddParameter): Name = "Power"; Value = "Minimelf"; VariantName = "[No Variations]"
Add component (AddParameter): Name = "Published Date"; Value = "9-15-2024"; VariantName = "[No Variations]"
Add component (AddParameter): Name = "Publisher"; Value = "Mahdi Bagherzadeh"; VariantName = "[No Variations]"
Add component (AddParameter): Name = "Type"; Value = "SMD"; VariantName = "[No Variations]"
Add component (AddParameter): Name = "Voltage"; Value = "3.3V"; VariantName = "[No Variations]"
Added Component: Designator=ZD1_8(SOD80)
Add component (AddParameter): Name = "Code"; Value = ""; VariantName = "[No Variations]"
Add component (AddParameter): Name = "ComponentLink1Description"; Value = "Linkedin"; VariantName = "[No Variations]"
Add component (AddParameter): Name = "ComponentLink1URL"; Value = "https://ir.linkedin.com/in/mahdi-bagherzade"; VariantName = "[No Variations]"
Add component (AddParameter): Name = "Phone Number"; Value = "0915 8700 314"; VariantName = "[No Variations]"
Add component (AddParameter): Name = "Power"; Value = "Minimelf"; VariantName = "[No Variations]"
Add component (AddParameter): Name = "Published Date"; Value = "9-15-2024"; VariantName = "[No Variations]"
Add component (AddParameter): Name = "Publisher"; Value = "Mahdi Bagherzadeh"; VariantName = "[No Variations]"
Add component (AddParameter): Name = "Type"; Value = "SMD"; VariantName = "[No Variations]"
Add component (AddParameter): Name = "Voltage"; Value = "3.3V"; VariantName = "[No Variations]"
Added Component: Designator=ZD1_9(SOD80)
Add component (AddParameter): Name = "Code"; Value = ""; VariantName = "[No Variations]"
Add component (AddParameter): Name = "ComponentLink1Description"; Value = "Linkedin"; VariantName = "[No Variations]"
Add component (AddParameter): Name = "ComponentLink1URL"; Value = "https://ir.linkedin.com/in/mahdi-bagherzade"; VariantName = "[No Variations]"
Add component (AddParameter): Name = "Phone Number"; Value = "0915 8700 314"; VariantName = "[No Variations]"
Add component (AddParameter): Name = "Power"; Value = "Minimelf"; VariantName = "[No Variations]"
Add component (AddParameter): Name = "Published Date"; Value = "9-15-2024"; VariantName = "[No Variations]"
Add component (AddParameter): Name = "Publisher"; Value = "Mahdi Bagherzadeh"; VariantName = "[No Variations]"
Add component (AddParameter): Name = "Type"; Value = "SMD"; VariantName = "[No Variations]"
Add component (AddParameter): Name = "Voltage"; Value = "3.3V"; VariantName = "[No Variations]"
Added Component: Designator=ZD1_10(SOD80)
Add component (AddParameter): Name = "Code"; Value = ""; VariantName = "[No Variations]"
Add component (AddParameter): Name = "ComponentLink1Description"; Value = "Linkedin"; VariantName = "[No Variations]"
Add component (AddParameter): Name = "ComponentLink1URL"; Value = "https://ir.linkedin.com/in/mahdi-bagherzade"; VariantName = "[No Variations]"
Add component (AddParameter): Name = "Phone Number"; Value = "0915 8700 314"; VariantName = "[No Variations]"
Add component (AddParameter): Name = "Power"; Value = "Minimelf"; VariantName = "[No Variations]"
Add component (AddParameter): Name = "Published Date"; Value = "9-15-2024"; VariantName = "[No Variations]"
Add component (AddParameter): Name = "Publisher"; Value = "Mahdi Bagherzadeh"; VariantName = "[No Variations]"
Add component (AddParameter): Name = "Type"; Value = "SMD"; VariantName = "[No Variations]"
Add component (AddParameter): Name = "Voltage"; Value = "3.3V"; VariantName = "[No Variations]"
Added Component: Designator=ZD1_11(SOD80)
Add component (AddParameter): Name = "Code"; Value = ""; VariantName = "[No Variations]"
Add component (AddParameter): Name = "ComponentLink1Description"; Value = "Linkedin"; VariantName = "[No Variations]"
Add component (AddParameter): Name = "ComponentLink1URL"; Value = "https://ir.linkedin.com/in/mahdi-bagherzade"; VariantName = "[No Variations]"
Add component (AddParameter): Name = "Phone Number"; Value = "0915 8700 314"; VariantName = "[No Variations]"
Add component (AddParameter): Name = "Power"; Value = "Minimelf"; VariantName = "[No Variations]"
Add component (AddParameter): Name = "Published Date"; Value = "9-15-2024"; VariantName = "[No Variations]"
Add component (AddParameter): Name = "Publisher"; Value = "Mahdi Bagherzadeh"; VariantName = "[No Variations]"
Add component (AddParameter): Name = "Type"; Value = "SMD"; VariantName = "[No Variations]"
Add component (AddParameter): Name = "Voltage"; Value = "3.3V"; VariantName = "[No Variations]"
Added Component: Designator=ZD1_12(SOD80)
Add component (AddParameter): Name = "Code"; Value = ""; VariantName = "[No Variations]"
Add component (AddParameter): Name = "ComponentLink1Description"; Value = "Linkedin"; VariantName = "[No Variations]"
Add component (AddParameter): Name = "ComponentLink1URL"; Value = "https://ir.linkedin.com/in/mahdi-bagherzade"; VariantName = "[No Variations]"
Add component (AddParameter): Name = "Phone Number"; Value = "0915 8700 314"; VariantName = "[No Variations]"
Add component (AddParameter): Name = "Power"; Value = "Minimelf"; VariantName = "[No Variations]"
Add component (AddParameter): Name = "Published Date"; Value = "9-15-2024"; VariantName = "[No Variations]"
Add component (AddParameter): Name = "Publisher"; Value = "Mahdi Bagherzadeh"; VariantName = "[No Variations]"
Add component (AddParameter): Name = "Type"; Value = "SMD"; VariantName = "[No Variations]"
Add component (AddParameter): Name = "Voltage"; Value = "3.3V"; VariantName = "[No Variations]"
Added Component: Designator=ZD1_13(SOD80)
Add component (AddParameter): Name = "Code"; Value = ""; VariantName = "[No Variations]"
Add component (AddParameter): Name = "ComponentLink1Description"; Value = "Linkedin"; VariantName = "[No Variations]"
Add component (AddParameter): Name = "ComponentLink1URL"; Value = "https://ir.linkedin.com/in/mahdi-bagherzade"; VariantName = "[No Variations]"
Add component (AddParameter): Name = "Phone Number"; Value = "0915 8700 314"; VariantName = "[No Variations]"
Add component (AddParameter): Name = "Power"; Value = "Minimelf"; VariantName = "[No Variations]"
Add component (AddParameter): Name = "Published Date"; Value = "9-15-2024"; VariantName = "[No Variations]"
Add component (AddParameter): Name = "Publisher"; Value = "Mahdi Bagherzadeh"; VariantName = "[No Variations]"
Add component (AddParameter): Name = "Type"; Value = "SMD"; VariantName = "[No Variations]"
Add component (AddParameter): Name = "Voltage"; Value = "3.3V"; VariantName = "[No Variations]"
Added Component: Designator=ZD1_14(SOD80)
Add component (AddParameter): Name = "Code"; Value = ""; VariantName = "[No Variations]"
Add component (AddParameter): Name = "ComponentLink1Description"; Value = "Linkedin"; VariantName = "[No Variations]"
Add component (AddParameter): Name = "ComponentLink1URL"; Value = "https://ir.linkedin.com/in/mahdi-bagherzade"; VariantName = "[No Variations]"
Add component (AddParameter): Name = "Phone Number"; Value = "0915 8700 314"; VariantName = "[No Variations]"
Add component (AddParameter): Name = "Power"; Value = "Minimelf"; VariantName = "[No Variations]"
Add component (AddParameter): Name = "Published Date"; Value = "9-15-2024"; VariantName = "[No Variations]"
Add component (AddParameter): Name = "Publisher"; Value = "Mahdi Bagherzadeh"; VariantName = "[No Variations]"
Add component (AddParameter): Name = "Type"; Value = "SMD"; VariantName = "[No Variations]"
Add component (AddParameter): Name = "Voltage"; Value = "3.3V"; VariantName = "[No Variations]"
Added Component: Designator=ZD1_15(SOD80)
Add component (AddParameter): Name = "Code"; Value = ""; VariantName = "[No Variations]"
Add component (AddParameter): Name = "ComponentLink1Description"; Value = "Linkedin"; VariantName = "[No Variations]"
Add component (AddParameter): Name = "ComponentLink1URL"; Value = "https://ir.linkedin.com/in/mahdi-bagherzade"; VariantName = "[No Variations]"
Add component (AddParameter): Name = "Phone Number"; Value = "0915 8700 314"; VariantName = "[No Variations]"
Add component (AddParameter): Name = "Power"; Value = "Minimelf"; VariantName = "[No Variations]"
Add component (AddParameter): Name = "Published Date"; Value = "9-15-2024"; VariantName = "[No Variations]"
Add component (AddParameter): Name = "Publisher"; Value = "Mahdi Bagherzadeh"; VariantName = "[No Variations]"
Add component (AddParameter): Name = "Type"; Value = "SMD"; VariantName = "[No Variations]"
Add component (AddParameter): Name = "Voltage"; Value = "3.3V"; VariantName = "[No Variations]"
Added Component: Designator=ZD1_16(SOD80)
Add component (AddParameter): Name = "Code"; Value = ""; VariantName = "[No Variations]"
Add component (AddParameter): Name = "ComponentLink1Description"; Value = "Linkedin"; VariantName = "[No Variations]"
Add component (AddParameter): Name = "ComponentLink1URL"; Value = "https://ir.linkedin.com/in/mahdi-bagherzade"; VariantName = "[No Variations]"
Add component (AddParameter): Name = "Phone Number"; Value = "0915 8700 314"; VariantName = "[No Variations]"
Add component (AddParameter): Name = "Power"; Value = "Minimelf"; VariantName = "[No Variations]"
Add component (AddParameter): Name = "Published Date"; Value = "9-15-2024"; VariantName = "[No Variations]"
Add component (AddParameter): Name = "Publisher"; Value = "Mahdi Bagherzadeh"; VariantName = "[No Variations]"
Add component (AddParameter): Name = "Type"; Value = "SMD"; VariantName = "[No Variations]"
Add component (AddParameter): Name = "Voltage"; Value = "3.3V"; VariantName = "[No Variations]"
Added Component: Designator=ZD1_17(SOD80)
Add component (AddParameter): Name = "Code"; Value = ""; VariantName = "[No Variations]"
Add component (AddParameter): Name = "ComponentLink1Description"; Value = "Linkedin"; VariantName = "[No Variations]"
Add component (AddParameter): Name = "ComponentLink1URL"; Value = "https://ir.linkedin.com/in/mahdi-bagherzade"; VariantName = "[No Variations]"
Add component (AddParameter): Name = "Phone Number"; Value = "0915 8700 314"; VariantName = "[No Variations]"
Add component (AddParameter): Name = "Power"; Value = "Minimelf"; VariantName = "[No Variations]"
Add component (AddParameter): Name = "Published Date"; Value = "9-15-2024"; VariantName = "[No Variations]"
Add component (AddParameter): Name = "Publisher"; Value = "Mahdi Bagherzadeh"; VariantName = "[No Variations]"
Add component (AddParameter): Name = "Type"; Value = "SMD"; VariantName = "[No Variations]"
Add component (AddParameter): Name = "Voltage"; Value = "3.3V"; VariantName = "[No Variations]"
Added Component: Designator=ZD1_18(SOD80)
Add component (AddParameter): Name = "Code"; Value = ""; VariantName = "[No Variations]"
Add component (AddParameter): Name = "ComponentLink1Description"; Value = "Linkedin"; VariantName = "[No Variations]"
Add component (AddParameter): Name = "ComponentLink1URL"; Value = "https://ir.linkedin.com/in/mahdi-bagherzade"; VariantName = "[No Variations]"
Add component (AddParameter): Name = "Phone Number"; Value = "0915 8700 314"; VariantName = "[No Variations]"
Add component (AddParameter): Name = "Power"; Value = "Minimelf"; VariantName = "[No Variations]"
Add component (AddParameter): Name = "Published Date"; Value = "9-15-2024"; VariantName = "[No Variations]"
Add component (AddParameter): Name = "Publisher"; Value = "Mahdi Bagherzadeh"; VariantName = "[No Variations]"
Add component (AddParameter): Name = "Type"; Value = "SMD"; VariantName = "[No Variations]"
Add component (AddParameter): Name = "Voltage"; Value = "3.3V"; VariantName = "[No Variations]"
Added Component: Designator=ZD1_19(SOD80)
Add component (AddParameter): Name = "Code"; Value = ""; VariantName = "[No Variations]"
Add component (AddParameter): Name = "ComponentLink1Description"; Value = "Linkedin"; VariantName = "[No Variations]"
Add component (AddParameter): Name = "ComponentLink1URL"; Value = "https://ir.linkedin.com/in/mahdi-bagherzade"; VariantName = "[No Variations]"
Add component (AddParameter): Name = "Phone Number"; Value = "0915 8700 314"; VariantName = "[No Variations]"
Add component (AddParameter): Name = "Power"; Value = "Minimelf"; VariantName = "[No Variations]"
Add component (AddParameter): Name = "Published Date"; Value = "9-15-2024"; VariantName = "[No Variations]"
Add component (AddParameter): Name = "Publisher"; Value = "Mahdi Bagherzadeh"; VariantName = "[No Variations]"
Add component (AddParameter): Name = "Type"; Value = "SMD"; VariantName = "[No Variations]"
Add component (AddParameter): Name = "Voltage"; Value = "3.3V"; VariantName = "[No Variations]"
Added Component: Designator=ZD1_20(SOD80)
Add component (AddParameter): Name = "Code"; Value = ""; VariantName = "[No Variations]"
Add component (AddParameter): Name = "ComponentLink1Description"; Value = "Linkedin"; VariantName = "[No Variations]"
Add component (AddParameter): Name = "ComponentLink1URL"; Value = "https://ir.linkedin.com/in/mahdi-bagherzade"; VariantName = "[No Variations]"
Add component (AddParameter): Name = "Phone Number"; Value = "0915 8700 314"; VariantName = "[No Variations]"
Add component (AddParameter): Name = "Power"; Value = "Minimelf"; VariantName = "[No Variations]"
Add component (AddParameter): Name = "Published Date"; Value = "9-15-2024"; VariantName = "[No Variations]"
Add component (AddParameter): Name = "Publisher"; Value = "Mahdi Bagherzadeh"; VariantName = "[No Variations]"
Add component (AddParameter): Name = "Type"; Value = "SMD"; VariantName = "[No Variations]"
Add component (AddParameter): Name = "Voltage"; Value = "3.3V"; VariantName = "[No Variations]"
Added Component: Designator=ZD1_21(SOD80)
Add component (AddParameter): Name = "Code"; Value = ""; VariantName = "[No Variations]"
Add component (AddParameter): Name = "ComponentLink1Description"; Value = "Linkedin"; VariantName = "[No Variations]"
Add component (AddParameter): Name = "ComponentLink1URL"; Value = "https://ir.linkedin.com/in/mahdi-bagherzade"; VariantName = "[No Variations]"
Add component (AddParameter): Name = "Phone Number"; Value = "0915 8700 314"; VariantName = "[No Variations]"
Add component (AddParameter): Name = "Power"; Value = "Minimelf"; VariantName = "[No Variations]"
Add component (AddParameter): Name = "Published Date"; Value = "9-15-2024"; VariantName = "[No Variations]"
Add component (AddParameter): Name = "Publisher"; Value = "Mahdi Bagherzadeh"; VariantName = "[No Variations]"
Add component (AddParameter): Name = "Type"; Value = "SMD"; VariantName = "[No Variations]"
Add component (AddParameter): Name = "Voltage"; Value = "3.3V"; VariantName = "[No Variations]"
Added Component: Designator=ZD1_22(SOD80)
Add component (AddParameter): Name = "Code"; Value = ""; VariantName = "[No Variations]"
Add component (AddParameter): Name = "ComponentLink1Description"; Value = "Linkedin"; VariantName = "[No Variations]"
Add component (AddParameter): Name = "ComponentLink1URL"; Value = "https://ir.linkedin.com/in/mahdi-bagherzade"; VariantName = "[No Variations]"
Add component (AddParameter): Name = "Phone Number"; Value = "0915 8700 314"; VariantName = "[No Variations]"
Add component (AddParameter): Name = "Power"; Value = "Minimelf"; VariantName = "[No Variations]"
Add component (AddParameter): Name = "Published Date"; Value = "9-15-2024"; VariantName = "[No Variations]"
Add component (AddParameter): Name = "Publisher"; Value = "Mahdi Bagherzadeh"; VariantName = "[No Variations]"
Add component (AddParameter): Name = "Type"; Value = "SMD"; VariantName = "[No Variations]"
Add component (AddParameter): Name = "Voltage"; Value = "3.3V"; VariantName = "[No Variations]"
Added Component: Designator=ZD1_23(SOD80)
Add component (AddParameter): Name = "Code"; Value = ""; VariantName = "[No Variations]"
Add component (AddParameter): Name = "ComponentLink1Description"; Value = "Linkedin"; VariantName = "[No Variations]"
Add component (AddParameter): Name = "ComponentLink1URL"; Value = "https://ir.linkedin.com/in/mahdi-bagherzade"; VariantName = "[No Variations]"
Add component (AddParameter): Name = "Phone Number"; Value = "0915 8700 314"; VariantName = "[No Variations]"
Add component (AddParameter): Name = "Power"; Value = "Minimelf"; VariantName = "[No Variations]"
Add component (AddParameter): Name = "Published Date"; Value = "9-15-2024"; VariantName = "[No Variations]"
Add component (AddParameter): Name = "Publisher"; Value = "Mahdi Bagherzadeh"; VariantName = "[No Variations]"
Add component (AddParameter): Name = "Type"; Value = "SMD"; VariantName = "[No Variations]"
Add component (AddParameter): Name = "Voltage"; Value = "3.3V"; VariantName = "[No Variations]"
Added Component: Designator=ZD1_24(SOD80)
Add component (AddParameter): Name = "Code"; Value = ""; VariantName = "[No Variations]"
Add component (AddParameter): Name = "ComponentLink1Description"; Value = "Linkedin"; VariantName = "[No Variations]"
Add component (AddParameter): Name = "ComponentLink1URL"; Value = "https://ir.linkedin.com/in/mahdi-bagherzade"; VariantName = "[No Variations]"
Add component (AddParameter): Name = "Phone Number"; Value = "0915 8700 314"; VariantName = "[No Variations]"
Add component (AddParameter): Name = "Power"; Value = "Minimelf"; VariantName = "[No Variations]"
Add component (AddParameter): Name = "Published Date"; Value = "9-15-2024"; VariantName = "[No Variations]"
Add component (AddParameter): Name = "Publisher"; Value = "Mahdi Bagherzadeh"; VariantName = "[No Variations]"
Add component (AddParameter): Name = "Type"; Value = "SMD"; VariantName = "[No Variations]"
Add component (AddParameter): Name = "Voltage"; Value = "3.3V"; VariantName = "[No Variations]"
Added Component: Designator=ZD1_25(SOD80)
Add component (AddParameter): Name = "Code"; Value = ""; VariantName = "[No Variations]"
Add component (AddParameter): Name = "ComponentLink1Description"; Value = "Linkedin"; VariantName = "[No Variations]"
Add component (AddParameter): Name = "ComponentLink1URL"; Value = "https://ir.linkedin.com/in/mahdi-bagherzade"; VariantName = "[No Variations]"
Add component (AddParameter): Name = "Phone Number"; Value = "0915 8700 314"; VariantName = "[No Variations]"
Add component (AddParameter): Name = "Power"; Value = "Minimelf"; VariantName = "[No Variations]"
Add component (AddParameter): Name = "Published Date"; Value = "9-15-2024"; VariantName = "[No Variations]"
Add component (AddParameter): Name = "Publisher"; Value = "Mahdi Bagherzadeh"; VariantName = "[No Variations]"
Add component (AddParameter): Name = "Type"; Value = "SMD"; VariantName = "[No Variations]"
Add component (AddParameter): Name = "Voltage"; Value = "3.3V"; VariantName = "[No Variations]"
Added Component: Designator=ZD1_26(SOD80)
Add component (AddParameter): Name = "Code"; Value = ""; VariantName = "[No Variations]"
Add component (AddParameter): Name = "ComponentLink1Description"; Value = "Linkedin"; VariantName = "[No Variations]"
Add component (AddParameter): Name = "ComponentLink1URL"; Value = "https://ir.linkedin.com/in/mahdi-bagherzade"; VariantName = "[No Variations]"
Add component (AddParameter): Name = "Phone Number"; Value = "0915 8700 314"; VariantName = "[No Variations]"
Add component (AddParameter): Name = "Power"; Value = "Minimelf"; VariantName = "[No Variations]"
Add component (AddParameter): Name = "Published Date"; Value = "9-15-2024"; VariantName = "[No Variations]"
Add component (AddParameter): Name = "Publisher"; Value = "Mahdi Bagherzadeh"; VariantName = "[No Variations]"
Add component (AddParameter): Name = "Type"; Value = "SMD"; VariantName = "[No Variations]"
Add component (AddParameter): Name = "Voltage"; Value = "3.3V"; VariantName = "[No Variations]"
Added Component: Designator=ZD1_27(SOD80)
Add component (AddParameter): Name = "Code"; Value = ""; VariantName = "[No Variations]"
Add component (AddParameter): Name = "ComponentLink1Description"; Value = "Linkedin"; VariantName = "[No Variations]"
Add component (AddParameter): Name = "ComponentLink1URL"; Value = "https://ir.linkedin.com/in/mahdi-bagherzade"; VariantName = "[No Variations]"
Add component (AddParameter): Name = "Phone Number"; Value = "0915 8700 314"; VariantName = "[No Variations]"
Add component (AddParameter): Name = "Power"; Value = "Minimelf"; VariantName = "[No Variations]"
Add component (AddParameter): Name = "Published Date"; Value = "9-15-2024"; VariantName = "[No Variations]"
Add component (AddParameter): Name = "Publisher"; Value = "Mahdi Bagherzadeh"; VariantName = "[No Variations]"
Add component (AddParameter): Name = "Type"; Value = "SMD"; VariantName = "[No Variations]"
Add component (AddParameter): Name = "Voltage"; Value = "3.3V"; VariantName = "[No Variations]"
Added Component: Designator=ZD1_28(SOD80)
Add component (AddParameter): Name = "Code"; Value = ""; VariantName = "[No Variations]"
Add component (AddParameter): Name = "ComponentLink1Description"; Value = "Linkedin"; VariantName = "[No Variations]"
Add component (AddParameter): Name = "ComponentLink1URL"; Value = "https://ir.linkedin.com/in/mahdi-bagherzade"; VariantName = "[No Variations]"
Add component (AddParameter): Name = "Phone Number"; Value = "0915 8700 314"; VariantName = "[No Variations]"
Add component (AddParameter): Name = "Power"; Value = "Minimelf"; VariantName = "[No Variations]"
Add component (AddParameter): Name = "Published Date"; Value = "9-15-2024"; VariantName = "[No Variations]"
Add component (AddParameter): Name = "Publisher"; Value = "Mahdi Bagherzadeh"; VariantName = "[No Variations]"
Add component (AddParameter): Name = "Type"; Value = "SMD"; VariantName = "[No Variations]"
Add component (AddParameter): Name = "Voltage"; Value = "3.3V"; VariantName = "[No Variations]"
Added Pin To Net: NetName=GND Pin=C2_5-2
Added Pin To Net: NetName=GND Pin=C2_6-2
Added Pin To Net: NetName=GND Pin=C2_7-2
Added Pin To Net: NetName=GND Pin=C2_8-2
Added Pin To Net: NetName=GND Pin=C2_9-2
Added Pin To Net: NetName=GND Pin=C2_10-2
Added Pin To Net: NetName=GND Pin=C2_11-2
Added Pin To Net: NetName=GND Pin=C2_12-2
Added Pin To Net: NetName=GND Pin=C2_13-2
Added Pin To Net: NetName=GND Pin=C2_14-2
Added Pin To Net: NetName=GND Pin=C2_15-2
Added Pin To Net: NetName=GND Pin=C2_16-2
Added Pin To Net: NetName=GND Pin=C2_17-2
Added Pin To Net: NetName=GND Pin=C2_18-2
Added Pin To Net: NetName=GND Pin=C2_19-2
Added Pin To Net: NetName=GND Pin=C2_20-2
Added Pin To Net: NetName=GND Pin=C2_21-2
Added Pin To Net: NetName=GND Pin=C2_22-2
Added Pin To Net: NetName=GND Pin=C2_23-2
Added Pin To Net: NetName=GND Pin=C2_24-2
Added Pin To Net: NetName=GND Pin=C2_25-2
Added Pin To Net: NetName=GND Pin=C2_26-2
Added Pin To Net: NetName=GND Pin=C2_27-2
Added Pin To Net: NetName=GND Pin=C2_28-2
Added Pin To Net: NetName=GND_MCU Pin=C3-1
Added Pin To Net: NetName=GND_MCU Pin=C41-1
Added Pin To Net: NetName=GND_MCU Pin=C47_1-1
Added Pin To Net: NetName=GND_MCU Pin=C47_2-1
Added Pin To Net: NetName=GND_MCU Pin=C47_3-1
Added Pin To Net: NetName=GND_MCU Pin=C47_4-1
Added Pin To Net: NetName=GND_MCU Pin=C47_5-1
Added Pin To Net: NetName=GND_MCU Pin=C47_6-1
Added Pin To Net: NetName=GND_MCU Pin=C47_7-1
Added Pin To Net: NetName=GND_MCU Pin=C47_8-1
Added Pin To Net: NetName=GND Pin=CN1_5-2
Added Pin To Net: NetName=GND Pin=CN1_6-2
Added Pin To Net: NetName=GND Pin=CN1_7-2
Added Pin To Net: NetName=GND Pin=CN1_8-2
Added Pin To Net: NetName=GND Pin=CN1_9-2
Added Pin To Net: NetName=GND Pin=CN1_10-2
Added Pin To Net: NetName=GND Pin=CN1_11-2
Added Pin To Net: NetName=GND Pin=CN1_12-2
Added Pin To Net: NetName=GND Pin=CN1_13-2
Added Pin To Net: NetName=GND Pin=CN1_14-2
Added Pin To Net: NetName=GND Pin=CN1_15-2
Added Pin To Net: NetName=GND Pin=CN1_16-2
Added Pin To Net: NetName=GND Pin=CN1_17-2
Added Pin To Net: NetName=GND Pin=CN1_18-2
Added Pin To Net: NetName=GND Pin=CN1_19-2
Added Pin To Net: NetName=GND Pin=CN1_20-2
Added Pin To Net: NetName=GND Pin=CN1_21-2
Added Pin To Net: NetName=GND Pin=CN1_22-2
Added Pin To Net: NetName=GND Pin=CN1_23-2
Added Pin To Net: NetName=GND Pin=CN1_24-2
Added Pin To Net: NetName=GND Pin=CN1_25-2
Added Pin To Net: NetName=GND Pin=CN1_26-2
Added Pin To Net: NetName=GND Pin=CN1_27-2
Added Pin To Net: NetName=GND Pin=CN1_28-2
Added Pin To Net: NetName=+12 Pin=CN2_5-2
Added Pin To Net: NetName=+12 Pin=CN2_6-2
Added Pin To Net: NetName=+12 Pin=CN2_7-2
Added Pin To Net: NetName=+12 Pin=CN2_8-2
Added Pin To Net: NetName=+12 Pin=CN2_9-2
Added Pin To Net: NetName=+12 Pin=CN2_10-2
Added Pin To Net: NetName=+12 Pin=CN2_11-2
Added Pin To Net: NetName=+12 Pin=CN2_12-2
Added Pin To Net: NetName=+12 Pin=CN2_13-2
Added Pin To Net: NetName=+12 Pin=CN2_14-2
Added Pin To Net: NetName=+12 Pin=CN2_15-2
Added Pin To Net: NetName=+12 Pin=CN2_16-2
Added Pin To Net: NetName=+12 Pin=CN2_17-2
Added Pin To Net: NetName=+12 Pin=CN2_18-2
Added Pin To Net: NetName=+12 Pin=CN2_19-2
Added Pin To Net: NetName=+12 Pin=CN2_20-2
Added Pin To Net: NetName=+12 Pin=CN2_21-2
Added Pin To Net: NetName=+12 Pin=CN2_22-2
Added Pin To Net: NetName=+12 Pin=CN2_23-2
Added Pin To Net: NetName=+12 Pin=CN2_24-2
Added Pin To Net: NetName=+12 Pin=CN2_25-2
Added Pin To Net: NetName=+12 Pin=CN2_26-2
Added Pin To Net: NetName=+12 Pin=CN2_27-2
Added Pin To Net: NetName=+12 Pin=CN2_28-2
Added Pin To Net: NetName=GND Pin=CN3_5-1
Added Pin To Net: NetName=GND Pin=CN3_6-1
Added Pin To Net: NetName=GND Pin=CN3_7-1
Added Pin To Net: NetName=GND Pin=CN3_8-1
Added Pin To Net: NetName=GND Pin=CN3_9-1
Added Pin To Net: NetName=GND Pin=CN3_10-1
Added Pin To Net: NetName=GND Pin=CN3_11-1
Added Pin To Net: NetName=GND Pin=CN3_12-1
Added Pin To Net: NetName=GND Pin=CN3_13-1
Added Pin To Net: NetName=GND Pin=CN3_14-1
Added Pin To Net: NetName=GND Pin=CN3_15-1
Added Pin To Net: NetName=GND Pin=CN3_16-1
Added Pin To Net: NetName=GND Pin=CN3_17-1
Added Pin To Net: NetName=GND Pin=CN3_18-1
Added Pin To Net: NetName=GND Pin=CN3_19-1
Added Pin To Net: NetName=GND Pin=CN3_20-1
Added Pin To Net: NetName=GND Pin=CN3_21-1
Added Pin To Net: NetName=GND Pin=CN3_22-1
Added Pin To Net: NetName=GND Pin=CN3_23-1
Added Pin To Net: NetName=GND Pin=CN3_24-1
Added Pin To Net: NetName=GND Pin=CN3_25-1
Added Pin To Net: NetName=GND Pin=CN3_26-1
Added Pin To Net: NetName=GND Pin=CN3_27-1
Added Pin To Net: NetName=GND Pin=CN3_28-1
Added Pin To Net: NetName=+3V3 Pin=FB1-1
Added Pin To Net: NetName=+12 Pin=FB6_1-1
Added Pin To Net: NetName=+12 Pin=FB6_2-1
Added Pin To Net: NetName=+12 Pin=FB6_3-1
Added Pin To Net: NetName=+12 Pin=FB6_4-1
Added Pin To Net: NetName=+12 Pin=FB6_5-1
Added Pin To Net: NetName=+12 Pin=FB6_6-1
Added Pin To Net: NetName=+12 Pin=FB6_7-1
Added Pin To Net: NetName=+12 Pin=FB6_8-1
Added Pin To Net: NetName=MCU_RELAY4 Pin=R3_2-2
Added Pin To Net: NetName=MCU_LED3 Pin=R4_2-2
Added Pin To Net: NetName=MCU_RELAY3 Pin=R5_2-2
Added Pin To Net: NetName=MCU_LED2 Pin=R6_2-2
Added Pin To Net: NetName=+12 Pin=R7_5-1
Added Pin To Net: NetName=+12 Pin=R7_6-1
Added Pin To Net: NetName=+12 Pin=R7_7-1
Added Pin To Net: NetName=+12 Pin=R7_8-1
Added Pin To Net: NetName=+12 Pin=R7_9-1
Added Pin To Net: NetName=+12 Pin=R7_10-1
Added Pin To Net: NetName=+12 Pin=R7_11-1
Added Pin To Net: NetName=+12 Pin=R7_12-1
Added Pin To Net: NetName=+12 Pin=R7_13-1
Added Pin To Net: NetName=+12 Pin=R7_14-1
Added Pin To Net: NetName=+12 Pin=R7_15-1
Added Pin To Net: NetName=+12 Pin=R7_16-1
Added Pin To Net: NetName=+12 Pin=R7_17-1
Added Pin To Net: NetName=+12 Pin=R7_18-1
Added Pin To Net: NetName=+12 Pin=R7_19-1
Added Pin To Net: NetName=+12 Pin=R7_20-1
Added Pin To Net: NetName=+12 Pin=R7_21-1
Added Pin To Net: NetName=+12 Pin=R7_22-1
Added Pin To Net: NetName=+12 Pin=R7_23-1
Added Pin To Net: NetName=+12 Pin=R7_24-1
Added Pin To Net: NetName=+12 Pin=R7_25-1
Added Pin To Net: NetName=+12 Pin=R7_26-1
Added Pin To Net: NetName=+12 Pin=R7_27-1
Added Pin To Net: NetName=+12 Pin=R7_28-1
Added Pin To Net: NetName=MCU_RELAY2 Pin=R9_2-2
Added Pin To Net: NetName=MCU_LED1 Pin=R10_2-2
Added Pin To Net: NetName=MCU_RELAY1 Pin=R31_2-2
Added Pin To Net: NetName=MCU_LED4 Pin=R31_3-2
Added Pin To Net: NetName=GND_MCU Pin=U1_1-8
Added Pin To Net: NetName=GND_MCU Pin=U1_2-8
Added Pin To Net: NetName=GND_MCU Pin=U1_3-8
Added Pin To Net: NetName=GND_MCU Pin=U1_4-8
Added Pin To Net: NetName=GND_MCU Pin=U1_5-8
Added Pin To Net: NetName=GND_MCU Pin=U1_6-8
Added Pin To Net: NetName=GND_MCU Pin=U1_7-8
Added Pin To Net: NetName=GND_MCU Pin=U1_8-8
Added Pin To Net: NetName=+3V3 Pin=U5-2
Added Pin To Net: NetName=GND Pin=ZD1_5-1
Added Pin To Net: NetName=GND Pin=ZD1_6-1
Added Pin To Net: NetName=GND Pin=ZD1_7-1
Added Pin To Net: NetName=GND Pin=ZD1_8-1
Added Pin To Net: NetName=GND Pin=ZD1_9-1
Added Pin To Net: NetName=GND Pin=ZD1_10-1
Added Pin To Net: NetName=GND Pin=ZD1_11-1
Added Pin To Net: NetName=GND Pin=ZD1_12-1
Added Pin To Net: NetName=GND Pin=ZD1_13-1
Added Pin To Net: NetName=GND Pin=ZD1_14-1
Added Pin To Net: NetName=GND Pin=ZD1_15-1
Added Pin To Net: NetName=GND Pin=ZD1_16-1
Added Pin To Net: NetName=GND Pin=ZD1_17-1
Added Pin To Net: NetName=GND Pin=ZD1_18-1
Added Pin To Net: NetName=GND Pin=ZD1_19-1
Added Pin To Net: NetName=GND Pin=ZD1_20-1
Added Pin To Net: NetName=GND Pin=ZD1_21-1
Added Pin To Net: NetName=GND Pin=ZD1_22-1
Added Pin To Net: NetName=GND Pin=ZD1_23-1
Added Pin To Net: NetName=GND Pin=ZD1_24-1
Added Pin To Net: NetName=GND Pin=ZD1_25-1
Added Pin To Net: NetName=GND Pin=ZD1_26-1
Added Pin To Net: NetName=GND Pin=ZD1_27-1
Added Pin To Net: NetName=GND Pin=ZD1_28-1
Added Pin To Net: NetName=LED1 Pin=CN2_1-1
Added Pin To Net: NetName=LED1 Pin=R33_2-1
Added Pin To Net: NetName=LED1 Pin=U1_2-15
Added Net: Name=LED1
Added Pin To Net: NetName=LED2 Pin=CN2_2-1
Added Pin To Net: NetName=LED2 Pin=R35_2-1
Added Pin To Net: NetName=LED2 Pin=U1_2-13
Added Net: Name=LED2
Added Pin To Net: NetName=LED3 Pin=CN2_3-1
Added Pin To Net: NetName=LED3 Pin=R38_2-1
Added Pin To Net: NetName=LED3 Pin=U1_2-11
Added Net: Name=LED3
Added Pin To Net: NetName=LED4 Pin=CN2_4-1
Added Pin To Net: NetName=LED4 Pin=R32_3-1
Added Pin To Net: NetName=LED4 Pin=U1_3-16
Added Net: Name=LED4
Added Pin To Net: NetName=LED5 Pin=CN2_5-1
Added Pin To Net: NetName=LED5 Pin=R34_3-1
Added Pin To Net: NetName=LED5 Pin=U1_3-14
Added Net: Name=LED5
Added Pin To Net: NetName=LED6 Pin=CN2_6-1
Added Pin To Net: NetName=LED6 Pin=R36_3-1
Added Pin To Net: NetName=LED6 Pin=U1_3-12
Added Net: Name=LED6
Added Pin To Net: NetName=LED7 Pin=CN2_7-1
Added Pin To Net: NetName=LED7 Pin=R39_3-1
Added Pin To Net: NetName=LED7 Pin=U1_3-10
Added Net: Name=LED7
Added Pin To Net: NetName=LED8 Pin=CN2_8-1
Added Pin To Net: NetName=LED8 Pin=R33_1-1
Added Pin To Net: NetName=LED8 Pin=U1_1-15
Added Net: Name=LED8
Added Pin To Net: NetName=LED9 Pin=CN2_9-1
Added Pin To Net: NetName=LED9 Pin=R35_1-1
Added Pin To Net: NetName=LED9 Pin=U1_1-13
Added Net: Name=LED9
Added Pin To Net: NetName=LED10 Pin=CN2_10-1
Added Pin To Net: NetName=LED10 Pin=R38_1-1
Added Pin To Net: NetName=LED10 Pin=U1_1-11
Added Net: Name=LED10
Added Pin To Net: NetName=LED11 Pin=CN2_11-1
Added Pin To Net: NetName=LED11 Pin=R32_4-1
Added Pin To Net: NetName=LED11 Pin=U1_4-16
Added Net: Name=LED11
Added Pin To Net: NetName=LED12 Pin=CN2_12-1
Added Pin To Net: NetName=LED12 Pin=R34_4-1
Added Pin To Net: NetName=LED12 Pin=U1_4-14
Added Net: Name=LED12
Added Pin To Net: NetName=LED13 Pin=CN2_13-1
Added Pin To Net: NetName=LED13 Pin=R36_4-1
Added Pin To Net: NetName=LED13 Pin=U1_4-12
Added Net: Name=LED13
Added Pin To Net: NetName=LED14 Pin=CN2_14-1
Added Pin To Net: NetName=LED14 Pin=R39_4-1
Added Pin To Net: NetName=LED14 Pin=U1_4-10
Added Net: Name=LED14
Added Pin To Net: NetName=LED15 Pin=CN2_15-1
Added Pin To Net: NetName=LED15 Pin=R33_5-1
Added Pin To Net: NetName=LED15 Pin=U1_5-15
Added Net: Name=LED15
Added Pin To Net: NetName=LED16 Pin=CN2_16-1
Added Pin To Net: NetName=LED16 Pin=R35_5-1
Added Pin To Net: NetName=LED16 Pin=U1_5-13
Added Net: Name=LED16
Added Pin To Net: NetName=LED17 Pin=CN2_17-1
Added Pin To Net: NetName=LED17 Pin=R38_5-1
Added Pin To Net: NetName=LED17 Pin=U1_5-11
Added Net: Name=LED17
Added Pin To Net: NetName=LED18 Pin=CN2_18-1
Added Pin To Net: NetName=LED18 Pin=R32_6-1
Added Pin To Net: NetName=LED18 Pin=U1_6-16
Added Net: Name=LED18
Added Pin To Net: NetName=LED19 Pin=CN2_19-1
Added Pin To Net: NetName=LED19 Pin=R34_6-1
Added Pin To Net: NetName=LED19 Pin=U1_6-14
Added Net: Name=LED19
Added Pin To Net: NetName=LED20 Pin=CN2_20-1
Added Pin To Net: NetName=LED20 Pin=R36_6-1
Added Pin To Net: NetName=LED20 Pin=U1_6-12
Added Net: Name=LED20
Added Pin To Net: NetName=LED21 Pin=CN2_21-1
Added Pin To Net: NetName=LED21 Pin=R39_6-1
Added Pin To Net: NetName=LED21 Pin=U1_6-10
Added Net: Name=LED21
Added Pin To Net: NetName=LED22 Pin=CN2_22-1
Added Net: Name=LED22
Added Pin To Net: NetName=LED23 Pin=CN2_23-1
Added Pin To Net: NetName=LED23 Pin=R35_7-1
Added Pin To Net: NetName=LED23 Pin=U1_7-13
Added Net: Name=LED23
Added Pin To Net: NetName=LED24 Pin=CN2_24-1
Added Pin To Net: NetName=LED24 Pin=R38_7-1
Added Pin To Net: NetName=LED24 Pin=U1_7-11
Added Net: Name=LED24
Added Pin To Net: NetName=LED25 Pin=CN2_25-1
Added Net: Name=LED25
Added Pin To Net: NetName=LED26 Pin=CN2_26-1
Added Pin To Net: NetName=LED26 Pin=R34_8-1
Added Pin To Net: NetName=LED26 Pin=U1_8-14
Added Net: Name=LED26
Added Pin To Net: NetName=LED27 Pin=CN2_27-1
Added Pin To Net: NetName=LED27 Pin=R36_8-1
Added Pin To Net: NetName=LED27 Pin=U1_8-12
Added Net: Name=LED27
Added Pin To Net: NetName=LED28 Pin=CN2_28-1
Added Pin To Net: NetName=LED28 Pin=R39_8-1
Added Pin To Net: NetName=LED28 Pin=U1_8-10
Added Net: Name=LED28
Add Net: Net with name "MCU_LED1" already exists
Add Net: Net with name "MCU_LED2" already exists
Add Net: Net with name "MCU_LED3" already exists
Add Net: Net with name "MCU_LED4" already exists
Added Pin To Net: NetName=MCU_LED5 Pin=R9_3-2
Added Net: Name=MCU_LED5
Added Pin To Net: NetName=MCU_LED6 Pin=R5_3-2
Added Net: Name=MCU_LED6
Added Pin To Net: NetName=MCU_LED7 Pin=R3_3-2
Added Net: Name=MCU_LED7
Added Pin To Net: NetName=MCU_LED8 Pin=R10_1-2
Added Net: Name=MCU_LED8
Added Pin To Net: NetName=MCU_LED9 Pin=R6_1-2
Added Net: Name=MCU_LED9
Added Pin To Net: NetName=MCU_LED10 Pin=R4_1-2
Added Net: Name=MCU_LED10
Added Pin To Net: NetName=MCU_LED11 Pin=R31_4-2
Added Net: Name=MCU_LED11
Added Pin To Net: NetName=MCU_LED12 Pin=R9_4-2
Added Net: Name=MCU_LED12
Added Pin To Net: NetName=MCU_LED13 Pin=R5_4-2
Added Net: Name=MCU_LED13
Added Pin To Net: NetName=MCU_LED14 Pin=R3_4-2
Added Net: Name=MCU_LED14
Added Pin To Net: NetName=MCU_LED15 Pin=R10_5-2
Added Net: Name=MCU_LED15
Added Pin To Net: NetName=MCU_LED16 Pin=R6_5-2
Added Net: Name=MCU_LED16
Added Pin To Net: NetName=MCU_LED17 Pin=R4_5-2
Added Net: Name=MCU_LED17
Added Pin To Net: NetName=MCU_LED18 Pin=R31_6-2
Added Net: Name=MCU_LED18
Added Pin To Net: NetName=MCU_LED19 Pin=R9_6-2
Added Net: Name=MCU_LED19
Added Pin To Net: NetName=MCU_LED20 Pin=R5_6-2
Added Net: Name=MCU_LED20
Added Pin To Net: NetName=MCU_LED21 Pin=R3_6-2
Added Net: Name=MCU_LED21
Added Pin To Net: NetName=MCU_LED22 Pin=R10_7-2
Added Net: Name=MCU_LED22
Added Pin To Net: NetName=MCU_LED23 Pin=R6_7-2
Added Net: Name=MCU_LED23
Added Pin To Net: NetName=MCU_LED24 Pin=R4_7-2
Added Net: Name=MCU_LED24
Added Pin To Net: NetName=MCU_LED25 Pin=R31_8-2
Added Net: Name=MCU_LED25
Added Pin To Net: NetName=MCU_LED26 Pin=R9_8-2
Added Net: Name=MCU_LED26
Added Pin To Net: NetName=MCU_LED27 Pin=R5_8-2
Added Net: Name=MCU_LED27
Added Pin To Net: NetName=MCU_LED28 Pin=R3_8-2
Added Net: Name=MCU_LED28
Added Pin To Net: NetName=MCU_MAGNET5 Pin=C2_5-1
Added Pin To Net: NetName=MCU_MAGNET5 Pin=R7_5-2
Added Pin To Net: NetName=MCU_MAGNET5 Pin=R8_5-2
Added Pin To Net: NetName=MCU_MAGNET5 Pin=ZD1_5-2
Added Net: Name=MCU_MAGNET5
Added Pin To Net: NetName=MCU_MAGNET6 Pin=C2_6-1
Added Pin To Net: NetName=MCU_MAGNET6 Pin=R7_6-2
Added Pin To Net: NetName=MCU_MAGNET6 Pin=R8_6-2
Added Pin To Net: NetName=MCU_MAGNET6 Pin=ZD1_6-2
Added Net: Name=MCU_MAGNET6
Added Pin To Net: NetName=MCU_MAGNET7 Pin=C2_7-1
Added Pin To Net: NetName=MCU_MAGNET7 Pin=R7_7-2
Added Pin To Net: NetName=MCU_MAGNET7 Pin=R8_7-2
Added Pin To Net: NetName=MCU_MAGNET7 Pin=ZD1_7-2
Added Net: Name=MCU_MAGNET7
Added Pin To Net: NetName=MCU_MAGNET8 Pin=C2_8-1
Added Pin To Net: NetName=MCU_MAGNET8 Pin=R7_8-2
Added Pin To Net: NetName=MCU_MAGNET8 Pin=R8_8-2
Added Pin To Net: NetName=MCU_MAGNET8 Pin=ZD1_8-2
Added Net: Name=MCU_MAGNET8
Added Pin To Net: NetName=MCU_MAGNET9 Pin=C2_9-1
Added Pin To Net: NetName=MCU_MAGNET9 Pin=R7_9-2
Added Pin To Net: NetName=MCU_MAGNET9 Pin=R8_9-2
Added Pin To Net: NetName=MCU_MAGNET9 Pin=ZD1_9-2
Added Net: Name=MCU_MAGNET9
Added Pin To Net: NetName=MCU_MAGNET10 Pin=C2_10-1
Added Pin To Net: NetName=MCU_MAGNET10 Pin=R7_10-2
Added Pin To Net: NetName=MCU_MAGNET10 Pin=R8_10-2
Added Pin To Net: NetName=MCU_MAGNET10 Pin=ZD1_10-2
Added Net: Name=MCU_MAGNET10
Added Pin To Net: NetName=MCU_MAGNET11 Pin=C2_11-1
Added Pin To Net: NetName=MCU_MAGNET11 Pin=R7_11-2
Added Pin To Net: NetName=MCU_MAGNET11 Pin=R8_11-2
Added Pin To Net: NetName=MCU_MAGNET11 Pin=ZD1_11-2
Added Net: Name=MCU_MAGNET11
Added Pin To Net: NetName=MCU_MAGNET12 Pin=C2_12-1
Added Pin To Net: NetName=MCU_MAGNET12 Pin=R7_12-2
Added Pin To Net: NetName=MCU_MAGNET12 Pin=R8_12-2
Added Pin To Net: NetName=MCU_MAGNET12 Pin=ZD1_12-2
Added Net: Name=MCU_MAGNET12
Added Pin To Net: NetName=MCU_MAGNET13 Pin=C2_13-1
Added Pin To Net: NetName=MCU_MAGNET13 Pin=R7_13-2
Added Pin To Net: NetName=MCU_MAGNET13 Pin=R8_13-2
Added Pin To Net: NetName=MCU_MAGNET13 Pin=ZD1_13-2
Added Net: Name=MCU_MAGNET13
Added Pin To Net: NetName=MCU_MAGNET14 Pin=C2_14-1
Added Pin To Net: NetName=MCU_MAGNET14 Pin=R7_14-2
Added Pin To Net: NetName=MCU_MAGNET14 Pin=R8_14-2
Added Pin To Net: NetName=MCU_MAGNET14 Pin=ZD1_14-2
Added Net: Name=MCU_MAGNET14
Added Pin To Net: NetName=MCU_MAGNET15 Pin=C2_15-1
Added Pin To Net: NetName=MCU_MAGNET15 Pin=R7_15-2
Added Pin To Net: NetName=MCU_MAGNET15 Pin=R8_15-2
Added Pin To Net: NetName=MCU_MAGNET15 Pin=ZD1_15-2
Added Net: Name=MCU_MAGNET15
Added Pin To Net: NetName=MCU_MAGNET16 Pin=C2_16-1
Added Pin To Net: NetName=MCU_MAGNET16 Pin=R7_16-2
Added Pin To Net: NetName=MCU_MAGNET16 Pin=R8_16-2
Added Pin To Net: NetName=MCU_MAGNET16 Pin=ZD1_16-2
Added Net: Name=MCU_MAGNET16
Added Pin To Net: NetName=MCU_MAGNET17 Pin=C2_17-1
Added Pin To Net: NetName=MCU_MAGNET17 Pin=R7_17-2
Added Pin To Net: NetName=MCU_MAGNET17 Pin=R8_17-2
Added Pin To Net: NetName=MCU_MAGNET17 Pin=ZD1_17-2
Added Net: Name=MCU_MAGNET17
Added Pin To Net: NetName=MCU_MAGNET18 Pin=C2_18-1
Added Pin To Net: NetName=MCU_MAGNET18 Pin=R7_18-2
Added Pin To Net: NetName=MCU_MAGNET18 Pin=R8_18-2
Added Pin To Net: NetName=MCU_MAGNET18 Pin=ZD1_18-2
Added Net: Name=MCU_MAGNET18
Added Pin To Net: NetName=MCU_MAGNET19 Pin=C2_19-1
Added Pin To Net: NetName=MCU_MAGNET19 Pin=R7_19-2
Added Pin To Net: NetName=MCU_MAGNET19 Pin=R8_19-2
Added Pin To Net: NetName=MCU_MAGNET19 Pin=ZD1_19-2
Added Net: Name=MCU_MAGNET19
Added Pin To Net: NetName=MCU_MAGNET20 Pin=C2_20-1
Added Pin To Net: NetName=MCU_MAGNET20 Pin=R7_20-2
Added Pin To Net: NetName=MCU_MAGNET20 Pin=R8_20-2
Added Pin To Net: NetName=MCU_MAGNET20 Pin=ZD1_20-2
Added Net: Name=MCU_MAGNET20
Added Pin To Net: NetName=MCU_MAGNET21 Pin=C2_21-1
Added Pin To Net: NetName=MCU_MAGNET21 Pin=R7_21-2
Added Pin To Net: NetName=MCU_MAGNET21 Pin=R8_21-2
Added Pin To Net: NetName=MCU_MAGNET21 Pin=ZD1_21-2
Added Net: Name=MCU_MAGNET21
Added Pin To Net: NetName=MCU_MAGNET22 Pin=C2_22-1
Added Pin To Net: NetName=MCU_MAGNET22 Pin=R7_22-2
Added Pin To Net: NetName=MCU_MAGNET22 Pin=R8_22-2
Added Pin To Net: NetName=MCU_MAGNET22 Pin=ZD1_22-2
Added Net: Name=MCU_MAGNET22
Added Pin To Net: NetName=MCU_MAGNET23 Pin=C2_23-1
Added Pin To Net: NetName=MCU_MAGNET23 Pin=R7_23-2
Added Pin To Net: NetName=MCU_MAGNET23 Pin=R8_23-2
Added Pin To Net: NetName=MCU_MAGNET23 Pin=ZD1_23-2
Added Net: Name=MCU_MAGNET23
Added Pin To Net: NetName=MCU_MAGNET24 Pin=C2_24-1
Added Pin To Net: NetName=MCU_MAGNET24 Pin=R7_24-2
Added Pin To Net: NetName=MCU_MAGNET24 Pin=R8_24-2
Added Pin To Net: NetName=MCU_MAGNET24 Pin=ZD1_24-2
Added Net: Name=MCU_MAGNET24
Added Pin To Net: NetName=MCU_MAGNET25 Pin=C2_25-1
Added Pin To Net: NetName=MCU_MAGNET25 Pin=R7_25-2
Added Pin To Net: NetName=MCU_MAGNET25 Pin=R8_25-2
Added Pin To Net: NetName=MCU_MAGNET25 Pin=ZD1_25-2
Added Net: Name=MCU_MAGNET25
Added Pin To Net: NetName=MCU_MAGNET26 Pin=C2_26-1
Added Pin To Net: NetName=MCU_MAGNET26 Pin=R7_26-2
Added Pin To Net: NetName=MCU_MAGNET26 Pin=R8_26-2
Added Pin To Net: NetName=MCU_MAGNET26 Pin=ZD1_26-2
Added Net: Name=MCU_MAGNET26
Added Pin To Net: NetName=MCU_MAGNET27 Pin=C2_27-1
Added Pin To Net: NetName=MCU_MAGNET27 Pin=R7_27-2
Added Pin To Net: NetName=MCU_MAGNET27 Pin=R8_27-2
Added Pin To Net: NetName=MCU_MAGNET27 Pin=ZD1_27-2
Added Net: Name=MCU_MAGNET27
Added Pin To Net: NetName=MCU_MAGNET28 Pin=C2_28-1
Added Pin To Net: NetName=MCU_MAGNET28 Pin=R7_28-2
Added Pin To Net: NetName=MCU_MAGNET28 Pin=R8_28-2
Added Pin To Net: NetName=MCU_MAGNET28 Pin=ZD1_28-2
Added Net: Name=MCU_MAGNET28
Add Net: Net with name "MCU_RELAY1" already exists
Add Net: Net with name "MCU_RELAY2" already exists
Add Net: Net with name "MCU_RELAY3" already exists
Add Net: Net with name "MCU_RELAY4" already exists
Added Pin To Net: NetName=MCU_RELAY5 Pin=R10_3-2
Added Net: Name=MCU_RELAY5
Added Pin To Net: NetName=MCU_RELAY6 Pin=R6_3-2
Added Net: Name=MCU_RELAY6
Added Pin To Net: NetName=MCU_RELAY7 Pin=R4_3-2
Added Net: Name=MCU_RELAY7
Added Pin To Net: NetName=MCU_RELAY8 Pin=R31_1-2
Added Net: Name=MCU_RELAY8
Added Pin To Net: NetName=MCU_RELAY9 Pin=R9_1-2
Added Net: Name=MCU_RELAY9
Added Pin To Net: NetName=MCU_RELAY10 Pin=R5_1-2
Added Net: Name=MCU_RELAY10
Added Pin To Net: NetName=MCU_RELAY11 Pin=R3_1-2
Added Net: Name=MCU_RELAY11
Added Pin To Net: NetName=MCU_RELAY12 Pin=R10_4-2
Added Net: Name=MCU_RELAY12
Added Pin To Net: NetName=MCU_RELAY13 Pin=R6_4-2
Added Net: Name=MCU_RELAY13
Added Pin To Net: NetName=MCU_RELAY14 Pin=R4_4-2
Added Net: Name=MCU_RELAY14
Added Pin To Net: NetName=MCU_RELAY15 Pin=R31_5-2
Added Net: Name=MCU_RELAY15
Added Pin To Net: NetName=MCU_RELAY16 Pin=R9_5-2
Added Net: Name=MCU_RELAY16
Added Pin To Net: NetName=MCU_RELAY17 Pin=R5_5-2
Added Net: Name=MCU_RELAY17
Added Pin To Net: NetName=MCU_RELAY18 Pin=R3_5-2
Added Net: Name=MCU_RELAY18
Added Pin To Net: NetName=MCU_RELAY19 Pin=R10_6-2
Added Net: Name=MCU_RELAY19
Added Pin To Net: NetName=MCU_RELAY20 Pin=R6_6-2
Added Net: Name=MCU_RELAY20
Added Pin To Net: NetName=MCU_RELAY21 Pin=R4_6-2
Added Net: Name=MCU_RELAY21
Added Pin To Net: NetName=MCU_RELAY22 Pin=R31_7-2
Added Net: Name=MCU_RELAY22
Added Pin To Net: NetName=MCU_RELAY23 Pin=R9_7-2
Added Net: Name=MCU_RELAY23
Added Pin To Net: NetName=MCU_RELAY24 Pin=R5_7-2
Added Net: Name=MCU_RELAY24
Added Pin To Net: NetName=MCU_RELAY25 Pin=R3_7-2
Added Net: Name=MCU_RELAY25
Added Pin To Net: NetName=MCU_RELAY26 Pin=R10_8-2
Added Net: Name=MCU_RELAY26
Added Pin To Net: NetName=MCU_RELAY27 Pin=R6_8-2
Added Net: Name=MCU_RELAY27
Added Pin To Net: NetName=MCU_RELAY28 Pin=R4_8-2
Added Net: Name=MCU_RELAY28
Added Pin To Net: NetName=MCU_VBAT Pin=BAT1-1
Added Pin To Net: NetName=MCU_VBAT Pin=C3-2
Added Pin To Net: NetName=MCU_VBAT Pin=C41-2
Added Pin To Net: NetName=MCU_VBAT Pin=D1-2
Added Net: Name=MCU_VBAT
Added Pin To Net: NetName=NetCN3_5_2 Pin=CN3_5-2
Added Pin To Net: NetName=NetCN3_5_2 Pin=R8_5-1
Added Net: Name=NetCN3_5_2
Added Pin To Net: NetName=NetCN3_6_2 Pin=CN3_6-2
Added Pin To Net: NetName=NetCN3_6_2 Pin=R8_6-1
Added Net: Name=NetCN3_6_2
Added Pin To Net: NetName=NetCN3_7_2 Pin=CN3_7-2
Added Pin To Net: NetName=NetCN3_7_2 Pin=R8_7-1
Added Net: Name=NetCN3_7_2
Added Pin To Net: NetName=NetCN3_8_2 Pin=CN3_8-2
Added Pin To Net: NetName=NetCN3_8_2 Pin=R8_8-1
Added Net: Name=NetCN3_8_2
Added Pin To Net: NetName=NetCN3_9_2 Pin=CN3_9-2
Added Pin To Net: NetName=NetCN3_9_2 Pin=R8_9-1
Added Net: Name=NetCN3_9_2
Added Pin To Net: NetName=NetCN3_10_2 Pin=CN3_10-2
Added Pin To Net: NetName=NetCN3_10_2 Pin=R8_10-1
Added Net: Name=NetCN3_10_2
Added Pin To Net: NetName=NetCN3_11_2 Pin=CN3_11-2
Added Pin To Net: NetName=NetCN3_11_2 Pin=R8_11-1
Added Net: Name=NetCN3_11_2
Added Pin To Net: NetName=NetCN3_12_2 Pin=CN3_12-2
Added Pin To Net: NetName=NetCN3_12_2 Pin=R8_12-1
Added Net: Name=NetCN3_12_2
Added Pin To Net: NetName=NetCN3_13_2 Pin=CN3_13-2
Added Pin To Net: NetName=NetCN3_13_2 Pin=R8_13-1
Added Net: Name=NetCN3_13_2
Added Pin To Net: NetName=NetCN3_14_2 Pin=CN3_14-2
Added Pin To Net: NetName=NetCN3_14_2 Pin=R8_14-1
Added Net: Name=NetCN3_14_2
Added Pin To Net: NetName=NetCN3_15_2 Pin=CN3_15-2
Added Pin To Net: NetName=NetCN3_15_2 Pin=R8_15-1
Added Net: Name=NetCN3_15_2
Added Pin To Net: NetName=NetCN3_16_2 Pin=CN3_16-2
Added Pin To Net: NetName=NetCN3_16_2 Pin=R8_16-1
Added Net: Name=NetCN3_16_2
Added Pin To Net: NetName=NetCN3_17_2 Pin=CN3_17-2
Added Pin To Net: NetName=NetCN3_17_2 Pin=R8_17-1
Added Net: Name=NetCN3_17_2
Added Pin To Net: NetName=NetCN3_18_2 Pin=CN3_18-2
Added Pin To Net: NetName=NetCN3_18_2 Pin=R8_18-1
Added Net: Name=NetCN3_18_2
Added Pin To Net: NetName=NetCN3_19_2 Pin=CN3_19-2
Added Pin To Net: NetName=NetCN3_19_2 Pin=R8_19-1
Added Net: Name=NetCN3_19_2
Added Pin To Net: NetName=NetCN3_20_2 Pin=CN3_20-2
Added Pin To Net: NetName=NetCN3_20_2 Pin=R8_20-1
Added Net: Name=NetCN3_20_2
Added Pin To Net: NetName=NetCN3_21_2 Pin=CN3_21-2
Added Pin To Net: NetName=NetCN3_21_2 Pin=R8_21-1
Added Net: Name=NetCN3_21_2
Added Pin To Net: NetName=NetCN3_22_2 Pin=CN3_22-2
Added Pin To Net: NetName=NetCN3_22_2 Pin=R8_22-1
Added Net: Name=NetCN3_22_2
Added Pin To Net: NetName=NetCN3_23_2 Pin=CN3_23-2
Added Pin To Net: NetName=NetCN3_23_2 Pin=R8_23-1
Added Net: Name=NetCN3_23_2
Added Pin To Net: NetName=NetCN3_24_2 Pin=CN3_24-2
Added Pin To Net: NetName=NetCN3_24_2 Pin=R8_24-1
Added Net: Name=NetCN3_24_2
Added Pin To Net: NetName=NetCN3_25_2 Pin=CN3_25-2
Added Pin To Net: NetName=NetCN3_25_2 Pin=R8_25-1
Added Net: Name=NetCN3_25_2
Added Pin To Net: NetName=NetCN3_26_2 Pin=CN3_26-2
Added Pin To Net: NetName=NetCN3_26_2 Pin=R8_26-1
Added Net: Name=NetCN3_26_2
Added Pin To Net: NetName=NetCN3_27_2 Pin=CN3_27-2
Added Pin To Net: NetName=NetCN3_27_2 Pin=R8_27-1
Added Net: Name=NetCN3_27_2
Added Pin To Net: NetName=NetCN3_28_2 Pin=CN3_28-2
Added Pin To Net: NetName=NetCN3_28_2 Pin=R8_28-1
Added Net: Name=NetCN3_28_2
Added Pin To Net: NetName=NetD1_1 Pin=D1-1
Added Pin To Net: NetName=NetD1_1 Pin=R2-1
Added Net: Name=NetD1_1
Added Pin To Net: NetName=NetFB1_2 Pin=FB1-2
Added Pin To Net: NetName=NetFB1_2 Pin=R2-2
Added Net: Name=NetFB1_2
Added Pin To Net: NetName=NetR3_1_1 Pin=R3_1-1
Added Pin To Net: NetName=NetR3_1_1 Pin=U1_1-7
Added Net: Name=NetR3_1_1
Added Pin To Net: NetName=NetR3_2_1 Pin=R3_2-1
Added Pin To Net: NetName=NetR3_2_1 Pin=U1_2-7
Added Net: Name=NetR3_2_1
Added Pin To Net: NetName=NetR3_3_1 Pin=R3_3-1
Added Pin To Net: NetName=NetR3_3_1 Pin=U1_3-7
Added Net: Name=NetR3_3_1
Added Pin To Net: NetName=NetR3_4_1 Pin=R3_4-1
Added Pin To Net: NetName=NetR3_4_1 Pin=U1_4-7
Added Net: Name=NetR3_4_1
Added Pin To Net: NetName=NetR3_5_1 Pin=R3_5-1
Added Pin To Net: NetName=NetR3_5_1 Pin=U1_5-7
Added Net: Name=NetR3_5_1
Added Pin To Net: NetName=NetR3_6_1 Pin=R3_6-1
Added Pin To Net: NetName=NetR3_6_1 Pin=U1_6-7
Added Net: Name=NetR3_6_1
Added Pin To Net: NetName=NetR3_7_1 Pin=R3_7-1
Added Pin To Net: NetName=NetR3_7_1 Pin=U1_7-7
Added Net: Name=NetR3_7_1
Added Pin To Net: NetName=NetR3_8_1 Pin=R3_8-1
Added Pin To Net: NetName=NetR3_8_1 Pin=U1_8-7
Added Net: Name=NetR3_8_1
Added Pin To Net: NetName=NetR4_1_1 Pin=R4_1-1
Added Pin To Net: NetName=NetR4_1_1 Pin=U1_1-6
Added Net: Name=NetR4_1_1
Added Pin To Net: NetName=NetR4_2_1 Pin=R4_2-1
Added Pin To Net: NetName=NetR4_2_1 Pin=U1_2-6
Added Net: Name=NetR4_2_1
Added Pin To Net: NetName=NetR4_3_1 Pin=R4_3-1
Added Pin To Net: NetName=NetR4_3_1 Pin=U1_3-6
Added Net: Name=NetR4_3_1
Added Pin To Net: NetName=NetR4_4_1 Pin=R4_4-1
Added Pin To Net: NetName=NetR4_4_1 Pin=U1_4-6
Added Net: Name=NetR4_4_1
Added Pin To Net: NetName=NetR4_5_1 Pin=R4_5-1
Added Pin To Net: NetName=NetR4_5_1 Pin=U1_5-6
Added Net: Name=NetR4_5_1
Added Pin To Net: NetName=NetR4_6_1 Pin=R4_6-1
Added Pin To Net: NetName=NetR4_6_1 Pin=U1_6-6
Added Net: Name=NetR4_6_1
Added Pin To Net: NetName=NetR4_7_1 Pin=R4_7-1
Added Pin To Net: NetName=NetR4_7_1 Pin=U1_7-6
Added Net: Name=NetR4_7_1
Added Pin To Net: NetName=NetR4_8_1 Pin=R4_8-1
Added Pin To Net: NetName=NetR4_8_1 Pin=U1_8-6
Added Net: Name=NetR4_8_1
Added Pin To Net: NetName=NetR5_1_1 Pin=R5_1-1
Added Pin To Net: NetName=NetR5_1_1 Pin=U1_1-5
Added Net: Name=NetR5_1_1
Added Pin To Net: NetName=NetR5_2_1 Pin=R5_2-1
Added Pin To Net: NetName=NetR5_2_1 Pin=U1_2-5
Added Net: Name=NetR5_2_1
Added Pin To Net: NetName=NetR5_3_1 Pin=R5_3-1
Added Pin To Net: NetName=NetR5_3_1 Pin=U1_3-5
Added Net: Name=NetR5_3_1
Added Pin To Net: NetName=NetR5_4_1 Pin=R5_4-1
Added Pin To Net: NetName=NetR5_4_1 Pin=U1_4-5
Added Net: Name=NetR5_4_1
Added Pin To Net: NetName=NetR5_5_1 Pin=R5_5-1
Added Pin To Net: NetName=NetR5_5_1 Pin=U1_5-5
Added Net: Name=NetR5_5_1
Added Pin To Net: NetName=NetR5_6_1 Pin=R5_6-1
Added Pin To Net: NetName=NetR5_6_1 Pin=U1_6-5
Added Net: Name=NetR5_6_1
Added Pin To Net: NetName=NetR5_7_1 Pin=R5_7-1
Added Pin To Net: NetName=NetR5_7_1 Pin=U1_7-5
Added Net: Name=NetR5_7_1
Added Pin To Net: NetName=NetR5_8_1 Pin=R5_8-1
Added Pin To Net: NetName=NetR5_8_1 Pin=U1_8-5
Added Net: Name=NetR5_8_1
Added Pin To Net: NetName=NetR6_1_1 Pin=R6_1-1
Added Pin To Net: NetName=NetR6_1_1 Pin=U1_1-4
Added Net: Name=NetR6_1_1
Added Pin To Net: NetName=NetR6_2_1 Pin=R6_2-1
Added Pin To Net: NetName=NetR6_2_1 Pin=U1_2-4
Added Net: Name=NetR6_2_1
Added Pin To Net: NetName=NetR6_3_1 Pin=R6_3-1
Added Pin To Net: NetName=NetR6_3_1 Pin=U1_3-4
Added Net: Name=NetR6_3_1
Added Pin To Net: NetName=NetR6_4_1 Pin=R6_4-1
Added Pin To Net: NetName=NetR6_4_1 Pin=U1_4-4
Added Net: Name=NetR6_4_1
Added Pin To Net: NetName=NetR6_5_1 Pin=R6_5-1
Added Pin To Net: NetName=NetR6_5_1 Pin=U1_5-4
Added Net: Name=NetR6_5_1
Added Pin To Net: NetName=NetR6_6_1 Pin=R6_6-1
Added Pin To Net: NetName=NetR6_6_1 Pin=U1_6-4
Added Net: Name=NetR6_6_1
Added Pin To Net: NetName=NetR6_7_1 Pin=R6_7-1
Added Pin To Net: NetName=NetR6_7_1 Pin=U1_7-4
Added Net: Name=NetR6_7_1
Added Pin To Net: NetName=NetR6_8_1 Pin=R6_8-1
Added Pin To Net: NetName=NetR6_8_1 Pin=U1_8-4
Added Net: Name=NetR6_8_1
Added Pin To Net: NetName=NetR9_1_1 Pin=R9_1-1
Added Pin To Net: NetName=NetR9_1_1 Pin=U1_1-3
Added Net: Name=NetR9_1_1
Added Pin To Net: NetName=NetR9_2_1 Pin=R9_2-1
Added Pin To Net: NetName=NetR9_2_1 Pin=U1_2-3
Added Net: Name=NetR9_2_1
Added Pin To Net: NetName=NetR9_3_1 Pin=R9_3-1
Added Pin To Net: NetName=NetR9_3_1 Pin=U1_3-3
Added Net: Name=NetR9_3_1
Added Pin To Net: NetName=NetR9_4_1 Pin=R9_4-1
Added Pin To Net: NetName=NetR9_4_1 Pin=U1_4-3
Added Net: Name=NetR9_4_1
Added Pin To Net: NetName=NetR9_5_1 Pin=R9_5-1
Added Pin To Net: NetName=NetR9_5_1 Pin=U1_5-3
Added Net: Name=NetR9_5_1
Added Pin To Net: NetName=NetR9_6_1 Pin=R9_6-1
Added Pin To Net: NetName=NetR9_6_1 Pin=U1_6-3
Added Net: Name=NetR9_6_1
Added Pin To Net: NetName=NetR9_7_1 Pin=R9_7-1
Added Pin To Net: NetName=NetR9_7_1 Pin=U1_7-3
Added Net: Name=NetR9_7_1
Added Pin To Net: NetName=NetR9_8_1 Pin=R9_8-1
Added Pin To Net: NetName=NetR9_8_1 Pin=U1_8-3
Added Net: Name=NetR9_8_1
Added Pin To Net: NetName=NetR10_1_1 Pin=R10_1-1
Added Pin To Net: NetName=NetR10_1_1 Pin=U1_1-2
Added Net: Name=NetR10_1_1
Added Pin To Net: NetName=NetR10_2_1 Pin=R10_2-1
Added Pin To Net: NetName=NetR10_2_1 Pin=U1_2-2
Added Net: Name=NetR10_2_1
Added Pin To Net: NetName=NetR10_3_1 Pin=R10_3-1
Added Pin To Net: NetName=NetR10_3_1 Pin=U1_3-2
Added Net: Name=NetR10_3_1
Added Pin To Net: NetName=NetR10_4_1 Pin=R10_4-1
Added Pin To Net: NetName=NetR10_4_1 Pin=U1_4-2
Added Net: Name=NetR10_4_1
Added Pin To Net: NetName=NetR10_5_1 Pin=R10_5-1
Added Pin To Net: NetName=NetR10_5_1 Pin=U1_5-2
Added Net: Name=NetR10_5_1
Added Pin To Net: NetName=NetR10_6_1 Pin=R10_6-1
Added Pin To Net: NetName=NetR10_6_1 Pin=U1_6-2
Added Net: Name=NetR10_6_1
Added Pin To Net: NetName=NetR10_7_1 Pin=R10_7-1
Added Pin To Net: NetName=NetR10_7_1 Pin=U1_7-2
Added Net: Name=NetR10_7_1
Added Pin To Net: NetName=NetR10_8_1 Pin=R10_8-1
Added Pin To Net: NetName=NetR10_8_1 Pin=U1_8-2
Added Net: Name=NetR10_8_1
Added Pin To Net: NetName=NetR31_1_1 Pin=R31_1-1
Added Pin To Net: NetName=NetR31_1_1 Pin=U1_1-1
Added Net: Name=NetR31_1_1
Added Pin To Net: NetName=NetR31_2_1 Pin=R31_2-1
Added Pin To Net: NetName=NetR31_2_1 Pin=U1_2-1
Added Net: Name=NetR31_2_1
Added Pin To Net: NetName=NetR31_3_1 Pin=R31_3-1
Added Pin To Net: NetName=NetR31_3_1 Pin=U1_3-1
Added Net: Name=NetR31_3_1
Added Pin To Net: NetName=NetR31_4_1 Pin=R31_4-1
Added Pin To Net: NetName=NetR31_4_1 Pin=U1_4-1
Added Net: Name=NetR31_4_1
Added Pin To Net: NetName=NetR31_5_1 Pin=R31_5-1
Added Pin To Net: NetName=NetR31_5_1 Pin=U1_5-1
Added Net: Name=NetR31_5_1
Added Pin To Net: NetName=NetR31_6_1 Pin=R31_6-1
Added Pin To Net: NetName=NetR31_6_1 Pin=U1_6-1
Added Net: Name=NetR31_6_1
Added Pin To Net: NetName=NetR31_7_1 Pin=R31_7-1
Added Pin To Net: NetName=NetR31_7_1 Pin=U1_7-1
Added Net: Name=NetR31_7_1
Added Pin To Net: NetName=NetR31_8_1 Pin=R31_8-1
Added Pin To Net: NetName=NetR31_8_1 Pin=U1_8-1
Added Net: Name=NetR31_8_1
Added Pin To Net: NetName=NetR32_7_1 Pin=R32_7-1
Added Pin To Net: NetName=NetR32_7_1 Pin=U1_7-16
Added Net: Name=NetR32_7_1
Added Pin To Net: NetName=NetR32_8_1 Pin=R32_8-1
Added Pin To Net: NetName=NetR32_8_1 Pin=U1_8-16
Added Net: Name=NetR32_8_1
Added Pin To Net: NetName=NetR33_7_1 Pin=R33_7-1
Added Pin To Net: NetName=NetR33_7_1 Pin=U1_7-15
Added Net: Name=NetR33_7_1
Added Pin To Net: NetName=RELAY1 Pin=CN1_1-1
Added Pin To Net: NetName=RELAY1 Pin=R32_2-1
Added Pin To Net: NetName=RELAY1 Pin=U1_2-16
Added Net: Name=RELAY1
Added Pin To Net: NetName=RELAY2 Pin=CN1_2-1
Added Pin To Net: NetName=RELAY2 Pin=R34_2-1
Added Pin To Net: NetName=RELAY2 Pin=U1_2-14
Added Net: Name=RELAY2
Added Pin To Net: NetName=RELAY3 Pin=CN1_3-1
Added Pin To Net: NetName=RELAY3 Pin=R36_2-1
Added Pin To Net: NetName=RELAY3 Pin=U1_2-12
Added Net: Name=RELAY3
Added Pin To Net: NetName=RELAY4 Pin=CN1_4-1
Added Pin To Net: NetName=RELAY4 Pin=R39_2-1
Added Pin To Net: NetName=RELAY4 Pin=U1_2-10
Added Net: Name=RELAY4
Added Pin To Net: NetName=RELAY5 Pin=CN1_5-1
Added Pin To Net: NetName=RELAY5 Pin=R33_3-1
Added Pin To Net: NetName=RELAY5 Pin=U1_3-15
Added Net: Name=RELAY5
Added Pin To Net: NetName=RELAY6 Pin=CN1_6-1
Added Pin To Net: NetName=RELAY6 Pin=R35_3-1
Added Pin To Net: NetName=RELAY6 Pin=U1_3-13
Added Net: Name=RELAY6
Added Pin To Net: NetName=RELAY7 Pin=CN1_7-1
Added Pin To Net: NetName=RELAY7 Pin=R38_3-1
Added Pin To Net: NetName=RELAY7 Pin=U1_3-11
Added Net: Name=RELAY7
Added Pin To Net: NetName=RELAY8 Pin=CN1_8-1
Added Pin To Net: NetName=RELAY8 Pin=R32_1-1
Added Pin To Net: NetName=RELAY8 Pin=U1_1-16
Added Net: Name=RELAY8
Added Pin To Net: NetName=RELAY9 Pin=CN1_9-1
Added Pin To Net: NetName=RELAY9 Pin=R34_1-1
Added Pin To Net: NetName=RELAY9 Pin=U1_1-14
Added Net: Name=RELAY9
Added Pin To Net: NetName=RELAY10 Pin=CN1_10-1
Added Pin To Net: NetName=RELAY10 Pin=R36_1-1
Added Pin To Net: NetName=RELAY10 Pin=U1_1-12
Added Net: Name=RELAY10
Added Pin To Net: NetName=RELAY11 Pin=CN1_11-1
Added Pin To Net: NetName=RELAY11 Pin=R39_1-1
Added Pin To Net: NetName=RELAY11 Pin=U1_1-10
Added Net: Name=RELAY11
Added Pin To Net: NetName=RELAY12 Pin=CN1_12-1
Added Pin To Net: NetName=RELAY12 Pin=R33_4-1
Added Pin To Net: NetName=RELAY12 Pin=U1_4-15
Added Net: Name=RELAY12
Added Pin To Net: NetName=RELAY13 Pin=CN1_13-1
Added Pin To Net: NetName=RELAY13 Pin=R35_4-1
Added Pin To Net: NetName=RELAY13 Pin=U1_4-13
Added Net: Name=RELAY13
Added Pin To Net: NetName=RELAY14 Pin=CN1_14-1
Added Pin To Net: NetName=RELAY14 Pin=R38_4-1
Added Pin To Net: NetName=RELAY14 Pin=U1_4-11
Added Net: Name=RELAY14
Added Pin To Net: NetName=RELAY15 Pin=CN1_15-1
Added Pin To Net: NetName=RELAY15 Pin=R32_5-1
Added Pin To Net: NetName=RELAY15 Pin=U1_5-16
Added Net: Name=RELAY15
Added Pin To Net: NetName=RELAY16 Pin=CN1_16-1
Added Pin To Net: NetName=RELAY16 Pin=R34_5-1
Added Pin To Net: NetName=RELAY16 Pin=U1_5-14
Added Net: Name=RELAY16
Added Pin To Net: NetName=RELAY17 Pin=CN1_17-1
Added Pin To Net: NetName=RELAY17 Pin=R36_5-1
Added Pin To Net: NetName=RELAY17 Pin=U1_5-12
Added Net: Name=RELAY17
Added Pin To Net: NetName=RELAY18 Pin=CN1_18-1
Added Pin To Net: NetName=RELAY18 Pin=R39_5-1
Added Pin To Net: NetName=RELAY18 Pin=U1_5-10
Added Net: Name=RELAY18
Added Pin To Net: NetName=RELAY19 Pin=CN1_19-1
Added Pin To Net: NetName=RELAY19 Pin=R33_6-1
Added Pin To Net: NetName=RELAY19 Pin=U1_6-15
Added Net: Name=RELAY19
Added Pin To Net: NetName=RELAY20 Pin=CN1_20-1
Added Pin To Net: NetName=RELAY20 Pin=R35_6-1
Added Pin To Net: NetName=RELAY20 Pin=U1_6-13
Added Net: Name=RELAY20
Added Pin To Net: NetName=RELAY21 Pin=CN1_21-1
Added Pin To Net: NetName=RELAY21 Pin=R38_6-1
Added Pin To Net: NetName=RELAY21 Pin=U1_6-11
Added Net: Name=RELAY21
Added Pin To Net: NetName=RELAY22 Pin=CN1_22-1
Added Net: Name=RELAY22
Added Pin To Net: NetName=RELAY23 Pin=CN1_23-1
Added Pin To Net: NetName=RELAY23 Pin=R34_7-1
Added Pin To Net: NetName=RELAY23 Pin=U1_7-14
Added Net: Name=RELAY23
Added Pin To Net: NetName=RELAY24 Pin=CN1_24-1
Added Pin To Net: NetName=RELAY24 Pin=R36_7-1
Added Pin To Net: NetName=RELAY24 Pin=U1_7-12
Added Net: Name=RELAY24
Added Pin To Net: NetName=RELAY25 Pin=CN1_25-1
Added Pin To Net: NetName=RELAY25 Pin=R39_7-1
Added Pin To Net: NetName=RELAY25 Pin=U1_7-10
Added Net: Name=RELAY25
Added Pin To Net: NetName=RELAY26 Pin=CN1_26-1
Added Pin To Net: NetName=RELAY26 Pin=R33_8-1
Added Pin To Net: NetName=RELAY26 Pin=U1_8-15
Added Net: Name=RELAY26
Added Pin To Net: NetName=RELAY27 Pin=CN1_27-1
Added Pin To Net: NetName=RELAY27 Pin=R35_8-1
Added Pin To Net: NetName=RELAY27 Pin=U1_8-13
Added Net: Name=RELAY27
Added Pin To Net: NetName=RELAY28 Pin=CN1_28-1
Added Pin To Net: NetName=RELAY28 Pin=R38_8-1
Added Pin To Net: NetName=RELAY28 Pin=U1_8-11
Added Net: Name=RELAY28
Added Pin To Net: NetName=VCC_ULN Pin=C47_1-2
Added Pin To Net: NetName=VCC_ULN Pin=C47_2-2
Added Pin To Net: NetName=VCC_ULN Pin=C47_3-2
Added Pin To Net: NetName=VCC_ULN Pin=C47_4-2
Added Pin To Net: NetName=VCC_ULN Pin=C47_5-2
Added Pin To Net: NetName=VCC_ULN Pin=C47_6-2
Added Pin To Net: NetName=VCC_ULN Pin=C47_7-2
Added Pin To Net: NetName=VCC_ULN Pin=C47_8-2
Added Pin To Net: NetName=VCC_ULN Pin=FB6_1-2
Added Pin To Net: NetName=VCC_ULN Pin=FB6_2-2
Added Pin To Net: NetName=VCC_ULN Pin=FB6_3-2
Added Pin To Net: NetName=VCC_ULN Pin=FB6_4-2
Added Pin To Net: NetName=VCC_ULN Pin=FB6_5-2
Added Pin To Net: NetName=VCC_ULN Pin=FB6_6-2
Added Pin To Net: NetName=VCC_ULN Pin=FB6_7-2
Added Pin To Net: NetName=VCC_ULN Pin=FB6_8-2
Added Pin To Net: NetName=VCC_ULN Pin=R32_1-2
Added Pin To Net: NetName=VCC_ULN Pin=R32_2-2
Added Pin To Net: NetName=VCC_ULN Pin=R32_3-2
Added Pin To Net: NetName=VCC_ULN Pin=R32_4-2
Added Pin To Net: NetName=VCC_ULN Pin=R32_5-2
Added Pin To Net: NetName=VCC_ULN Pin=R32_6-2
Added Pin To Net: NetName=VCC_ULN Pin=R32_7-2
Added Pin To Net: NetName=VCC_ULN Pin=R32_8-2
Added Pin To Net: NetName=VCC_ULN Pin=R33_1-2
Added Pin To Net: NetName=VCC_ULN Pin=R33_2-2
Added Pin To Net: NetName=VCC_ULN Pin=R33_3-2
Added Pin To Net: NetName=VCC_ULN Pin=R33_4-2
Added Pin To Net: NetName=VCC_ULN Pin=R33_5-2
Added Pin To Net: NetName=VCC_ULN Pin=R33_6-2
Added Pin To Net: NetName=VCC_ULN Pin=R33_7-2
Added Pin To Net: NetName=VCC_ULN Pin=R33_8-2
Added Pin To Net: NetName=VCC_ULN Pin=R34_1-2
Added Pin To Net: NetName=VCC_ULN Pin=R34_2-2
Added Pin To Net: NetName=VCC_ULN Pin=R34_3-2
Added Pin To Net: NetName=VCC_ULN Pin=R34_4-2
Added Pin To Net: NetName=VCC_ULN Pin=R34_5-2
Added Pin To Net: NetName=VCC_ULN Pin=R34_6-2
Added Pin To Net: NetName=VCC_ULN Pin=R34_7-2
Added Pin To Net: NetName=VCC_ULN Pin=R34_8-2
Added Pin To Net: NetName=VCC_ULN Pin=R35_1-2
Added Pin To Net: NetName=VCC_ULN Pin=R35_2-2
Added Pin To Net: NetName=VCC_ULN Pin=R35_3-2
Added Pin To Net: NetName=VCC_ULN Pin=R35_4-2
Added Pin To Net: NetName=VCC_ULN Pin=R35_5-2
Added Pin To Net: NetName=VCC_ULN Pin=R35_6-2
Added Pin To Net: NetName=VCC_ULN Pin=R35_7-2
Added Pin To Net: NetName=VCC_ULN Pin=R35_8-2
Added Pin To Net: NetName=VCC_ULN Pin=R36_1-2
Added Pin To Net: NetName=VCC_ULN Pin=R36_2-2
Added Pin To Net: NetName=VCC_ULN Pin=R36_3-2
Added Pin To Net: NetName=VCC_ULN Pin=R36_4-2
Added Pin To Net: NetName=VCC_ULN Pin=R36_5-2
Added Pin To Net: NetName=VCC_ULN Pin=R36_6-2
Added Pin To Net: NetName=VCC_ULN Pin=R36_7-2
Added Pin To Net: NetName=VCC_ULN Pin=R36_8-2
Added Pin To Net: NetName=VCC_ULN Pin=R38_1-2
Added Pin To Net: NetName=VCC_ULN Pin=R38_2-2
Added Pin To Net: NetName=VCC_ULN Pin=R38_3-2
Added Pin To Net: NetName=VCC_ULN Pin=R38_4-2
Added Pin To Net: NetName=VCC_ULN Pin=R38_5-2
Added Pin To Net: NetName=VCC_ULN Pin=R38_6-2
Added Pin To Net: NetName=VCC_ULN Pin=R38_7-2
Added Pin To Net: NetName=VCC_ULN Pin=R38_8-2
Added Pin To Net: NetName=VCC_ULN Pin=R39_1-2
Added Pin To Net: NetName=VCC_ULN Pin=R39_2-2
Added Pin To Net: NetName=VCC_ULN Pin=R39_3-2
Added Pin To Net: NetName=VCC_ULN Pin=R39_4-2
Added Pin To Net: NetName=VCC_ULN Pin=R39_5-2
Added Pin To Net: NetName=VCC_ULN Pin=R39_6-2
Added Pin To Net: NetName=VCC_ULN Pin=R39_7-2
Added Pin To Net: NetName=VCC_ULN Pin=R39_8-2
Added Pin To Net: NetName=VCC_ULN Pin=U1_1-9
Added Pin To Net: NetName=VCC_ULN Pin=U1_2-9
Added Pin To Net: NetName=VCC_ULN Pin=U1_3-9
Added Pin To Net: NetName=VCC_ULN Pin=U1_4-9
Added Pin To Net: NetName=VCC_ULN Pin=U1_5-9
Added Pin To Net: NetName=VCC_ULN Pin=U1_6-9
Added Pin To Net: NetName=VCC_ULN Pin=U1_7-9
Added Pin To Net: NetName=VCC_ULN Pin=U1_8-9
Added Net: Name=VCC_ULN
Change Class Name : Old Net Name=CHANNEL_EXB New Net Name=ULN2003_
Change Class Name : Old Net Name=CHANNEL_EXC New Net Name=ULN2003_1
Change Class Name : Old Net Name=CHANNEL_EXD New Net Name=ULN2003_2
Change Class Name : Old Net Name=CHANNEL_EXE New Net Name=ULN2003_3
Change Class Name : Old Net Name=CHANNEL_EXF New Net Name=ULN2003_4
Change Class Name : Old Net Name=CHANNEL_EXG New Net Name=ULN2003_5
Change Class Name : Old Net Name=CHANNEL_EXH New Net Name=ULN2003_6
Change Class Name : Old Net Name=CHANNEL_EXI New Net Name=ULN2003_8
Change Class Name : Old Net Name=MCU_LED[1..4] New Net Name=N000-4_[1..4]
Change Class Name : Old Net Name=MCU_LED_EX[5..28] New Net Name=N000-1_[5..28]
Change Class Name : Old Net Name=MCU_MAGNET[1..4] New Net Name=MCU_MAGNET[1..28]
Change Class Name : Old Net Name=MCU_MAGNET_EX[5..28] New Net Name=N000-5_[5..28]
Change Class Name : Old Net Name=MCU_RELAY[1..4] New Net Name=N000-3_[1..4]
Change Class Name : Old Net Name=MCU_RELAY_EX[5..28] New Net Name=N000-2_[5..28]
Added Class: Name=CHANNELAA
Added Class: Name=CHANNELAB
Added Class: Name=CHANNELAC
Added Class: Name=CHANNELF
Added Class: Name=CHANNELG
Added Class: Name=CHANNELH
Added Class: Name=CHANNELI
Added Class: Name=CHANNELJ
Added Class: Name=CHANNELK
Added Class: Name=CHANNELL
Added Class: Name=CHANNELM
Added Class: Name=CHANNELN
Added Class: Name=CHANNELO
Added Class: Name=CHANNELP
Added Class: Name=CHANNELQ
Added Class: Name=CHANNELR
Added Class: Name=CHANNELS
Added Class: Name=CHANNELT
Added Class: Name=CHANNELU
Added Class: Name=CHANNELV
Added Class: Name=CHANNELW
Added Class: Name=CHANNELX
Added Class: Name=CHANNELY
Added Class: Name=CHANNELZ
Added Class: Name=LED[1..28]
Added Class: Name=MCU_LED[1..28]
Added Class: Name=MCU_RELAY[1..28]
Added Class: Name=RELAY[1..28]
Added Class: Name=ULN2003
Added Member To Class: ClassName=STM_AUX Member=Component BAT1 Bat Holder 2016-SMD
Added Member To Class: ClassName=STM_AUX Member=Component C3 CAP Cer 10uF-50V-X7R-SMD
Added Member To Class: ClassName=STM_AUX Member=Component C41 CAP Cer 100nF-50V-X7R-SMD
Added Member To Class: ClassName=ULN2003_ Member=Component C47_1 (C47) CAP Cer 100nF-50V-X7R-SMD
Added Member To Class: ClassName=ULN2003_1 Member=Component C47_2 (C47) CAP Cer 100nF-50V-X7R-SMD
Added Member To Class: ClassName=ULN2003_2 Member=Component C47_3 (C47) CAP Cer 100nF-50V-X7R-SMD
Added Member To Class: ClassName=ULN2003_3 Member=Component C47_4 (C47) CAP Cer 100nF-50V-X7R-SMD
Added Member To Class: ClassName=ULN2003_4 Member=Component C47_5 (C47) CAP Cer 100nF-50V-X7R-SMD
Added Member To Class: ClassName=ULN2003_5 Member=Component C47_6 (C47) CAP Cer 100nF-50V-X7R-SMD
Added Member To Class: ClassName=ULN2003_6 Member=Component C47_7 (C47) CAP Cer 100nF-50V-X7R-SMD
Added Member To Class: ClassName=ULN2003_8 Member=Component C47_8 (C47) CAP Cer 100nF-50V-X7R-SMD
Added Member To Class: ClassName=STM_AUX Member=Component D1 Diode 1N4148-SMD
Added Member To Class: ClassName=STM_AUX Member=Component FB1 Ferrite Bead SMD
Added Member To Class: ClassName=ULN2003_ Member=Component FB6_1 (FB6) Ferrite Bead SMD
Added Member To Class: ClassName=ULN2003_1 Member=Component FB6_2 (FB6) Ferrite Bead SMD
Added Member To Class: ClassName=ULN2003_2 Member=Component FB6_3 (FB6) Ferrite Bead SMD
Added Member To Class: ClassName=ULN2003_3 Member=Component FB6_4 (FB6) Ferrite Bead SMD
Added Member To Class: ClassName=ULN2003_4 Member=Component FB6_5 (FB6) Ferrite Bead SMD
Added Member To Class: ClassName=ULN2003_5 Member=Component FB6_6 (FB6) Ferrite Bead SMD
Added Member To Class: ClassName=ULN2003_6 Member=Component FB6_7 (FB6) Ferrite Bead SMD
Added Member To Class: ClassName=ULN2003_8 Member=Component FB6_8 (FB6) Ferrite Bead SMD
Added Member To Class: ClassName=STM_AUX Member=Component R2 RES 1K-5%-1/8W-SMD
Added Member To Class: ClassName=ULN2003_ Member=Component R3_1 (R3) RES 1K-5%-1/8W-SMD
Added Member To Class: ClassName=ULN2003_1 Member=Component R3_2 (R3) RES 1K-5%-1/8W-SMD
Added Member To Class: ClassName=ULN2003_2 Member=Component R3_3 (R3) RES 1K-5%-1/8W-SMD
Added Member To Class: ClassName=ULN2003_3 Member=Component R3_4 (R3) RES 1K-5%-1/8W-SMD
Added Member To Class: ClassName=ULN2003_4 Member=Component R3_5 (R3) RES 1K-5%-1/8W-SMD
Added Member To Class: ClassName=ULN2003_5 Member=Component R3_6 (R3) RES 1K-5%-1/8W-SMD
Added Member To Class: ClassName=ULN2003_6 Member=Component R3_7 (R3) RES 1K-5%-1/8W-SMD
Added Member To Class: ClassName=ULN2003_8 Member=Component R3_8 (R3) RES 1K-5%-1/8W-SMD
Added Member To Class: ClassName=ULN2003_ Member=Component R4_1 (R4) RES 1K-5%-1/8W-SMD
Added Member To Class: ClassName=ULN2003_1 Member=Component R4_2 (R4) RES 1K-5%-1/8W-SMD
Added Member To Class: ClassName=ULN2003_2 Member=Component R4_3 (R4) RES 1K-5%-1/8W-SMD
Added Member To Class: ClassName=ULN2003_3 Member=Component R4_4 (R4) RES 1K-5%-1/8W-SMD
Added Member To Class: ClassName=ULN2003_4 Member=Component R4_5 (R4) RES 1K-5%-1/8W-SMD
Added Member To Class: ClassName=ULN2003_5 Member=Component R4_6 (R4) RES 1K-5%-1/8W-SMD
Added Member To Class: ClassName=ULN2003_6 Member=Component R4_7 (R4) RES 1K-5%-1/8W-SMD
Added Member To Class: ClassName=ULN2003_8 Member=Component R4_8 (R4) RES 1K-5%-1/8W-SMD
Added Member To Class: ClassName=ULN2003_ Member=Component R5_1 (R5) RES 1K-5%-1/8W-SMD
Added Member To Class: ClassName=ULN2003_1 Member=Component R5_2 (R5) RES 1K-5%-1/8W-SMD
Added Member To Class: ClassName=ULN2003_2 Member=Component R5_3 (R5) RES 1K-5%-1/8W-SMD
Added Member To Class: ClassName=ULN2003_3 Member=Component R5_4 (R5) RES 1K-5%-1/8W-SMD
Added Member To Class: ClassName=ULN2003_4 Member=Component R5_5 (R5) RES 1K-5%-1/8W-SMD
Added Member To Class: ClassName=ULN2003_5 Member=Component R5_6 (R5) RES 1K-5%-1/8W-SMD
Added Member To Class: ClassName=ULN2003_6 Member=Component R5_7 (R5) RES 1K-5%-1/8W-SMD
Added Member To Class: ClassName=ULN2003_8 Member=Component R5_8 (R5) RES 1K-5%-1/8W-SMD
Added Member To Class: ClassName=ULN2003_ Member=Component R6_1 (R6) RES 1K-5%-1/8W-SMD
Added Member To Class: ClassName=ULN2003_1 Member=Component R6_2 (R6) RES 1K-5%-1/8W-SMD
Added Member To Class: ClassName=ULN2003_2 Member=Component R6_3 (R6) RES 1K-5%-1/8W-SMD
Added Member To Class: ClassName=ULN2003_3 Member=Component R6_4 (R6) RES 1K-5%-1/8W-SMD
Added Member To Class: ClassName=ULN2003_4 Member=Component R6_5 (R6) RES 1K-5%-1/8W-SMD
Added Member To Class: ClassName=ULN2003_5 Member=Component R6_6 (R6) RES 1K-5%-1/8W-SMD
Added Member To Class: ClassName=ULN2003_6 Member=Component R6_7 (R6) RES 1K-5%-1/8W-SMD
Added Member To Class: ClassName=ULN2003_8 Member=Component R6_8 (R6) RES 1K-5%-1/8W-SMD
Added Member To Class: ClassName=ULN2003_ Member=Component R9_1 (R9) RES 1K-5%-1/8W-SMD
Added Member To Class: ClassName=ULN2003_1 Member=Component R9_2 (R9) RES 1K-5%-1/8W-SMD
Added Member To Class: ClassName=ULN2003_2 Member=Component R9_3 (R9) RES 1K-5%-1/8W-SMD
Added Member To Class: ClassName=ULN2003_3 Member=Component R9_4 (R9) RES 1K-5%-1/8W-SMD
Added Member To Class: ClassName=ULN2003_4 Member=Component R9_5 (R9) RES 1K-5%-1/8W-SMD
Added Member To Class: ClassName=ULN2003_5 Member=Component R9_6 (R9) RES 1K-5%-1/8W-SMD
Added Member To Class: ClassName=ULN2003_6 Member=Component R9_7 (R9) RES 1K-5%-1/8W-SMD
Added Member To Class: ClassName=ULN2003_8 Member=Component R9_8 (R9) RES 1K-5%-1/8W-SMD
Added Member To Class: ClassName=ULN2003_ Member=Component R10_1 (R10) RES 1K-5%-1/8W-SMD
Added Member To Class: ClassName=ULN2003_1 Member=Component R10_2 (R10) RES 1K-5%-1/8W-SMD
Added Member To Class: ClassName=ULN2003_2 Member=Component R10_3 (R10) RES 1K-5%-1/8W-SMD
Added Member To Class: ClassName=ULN2003_3 Member=Component R10_4 (R10) RES 1K-5%-1/8W-SMD
Added Member To Class: ClassName=ULN2003_4 Member=Component R10_5 (R10) RES 1K-5%-1/8W-SMD
Added Member To Class: ClassName=ULN2003_5 Member=Component R10_6 (R10) RES 1K-5%-1/8W-SMD
Added Member To Class: ClassName=ULN2003_6 Member=Component R10_7 (R10) RES 1K-5%-1/8W-SMD
Added Member To Class: ClassName=ULN2003_8 Member=Component R10_8 (R10) RES 1K-5%-1/8W-SMD
Added Member To Class: ClassName=ULN2003_ Member=Component R38_1 (R38) RES 4.7K-5%-1/8W-SMD
Added Member To Class: ClassName=ULN2003_1 Member=Component R38_2 (R38) RES 4.7K-5%-1/8W-SMD
Added Member To Class: ClassName=ULN2003_2 Member=Component R38_3 (R38) RES 4.7K-5%-1/8W-SMD
Added Member To Class: ClassName=ULN2003_3 Member=Component R38_4 (R38) RES 4.7K-5%-1/8W-SMD
Added Member To Class: ClassName=ULN2003_4 Member=Component R38_5 (R38) RES 4.7K-5%-1/8W-SMD
Added Member To Class: ClassName=ULN2003_5 Member=Component R38_6 (R38) RES 4.7K-5%-1/8W-SMD
Added Member To Class: ClassName=ULN2003_6 Member=Component R38_7 (R38) RES 4.7K-5%-1/8W-SMD
Added Member To Class: ClassName=ULN2003_8 Member=Component R38_8 (R38) RES 4.7K-5%-1/8W-SMD
Added Member To Class: ClassName=ULN2003_ Member=Component R39_1 (R39) RES 4.7K-5%-1/8W-SMD
Added Member To Class: ClassName=ULN2003_1 Member=Component R39_2 (R39) RES 4.7K-5%-1/8W-SMD
Added Member To Class: ClassName=ULN2003_2 Member=Component R39_3 (R39) RES 4.7K-5%-1/8W-SMD
Added Member To Class: ClassName=ULN2003_3 Member=Component R39_4 (R39) RES 4.7K-5%-1/8W-SMD
Added Member To Class: ClassName=ULN2003_4 Member=Component R39_5 (R39) RES 4.7K-5%-1/8W-SMD
Added Member To Class: ClassName=ULN2003_5 Member=Component R39_6 (R39) RES 4.7K-5%-1/8W-SMD
Added Member To Class: ClassName=ULN2003_6 Member=Component R39_7 (R39) RES 4.7K-5%-1/8W-SMD
Added Member To Class: ClassName=ULN2003_8 Member=Component R39_8 (R39) RES 4.7K-5%-1/8W-SMD
Added Member To Class: ClassName=ULN2003_ Member=Component U1_1 (U1) ULN2003
Added Member To Class: ClassName=ULN2003_1 Member=Component U1_2 (U1) ULN2003
Added Member To Class: ClassName=ULN2003_2 Member=Component U1_3 (U1) ULN2003
Added Member To Class: ClassName=ULN2003_3 Member=Component U1_4 (U1) ULN2003
Added Member To Class: ClassName=ULN2003_4 Member=Component U1_5 (U1) ULN2003
Added Member To Class: ClassName=ULN2003_5 Member=Component U1_6 (U1) ULN2003
Added Member To Class: ClassName=ULN2003_6 Member=Component U1_7 (U1) ULN2003
Added Member To Class: ClassName=ULN2003_8 Member=Component U1_8 (U1) ULN2003
Added Member To Class: ClassName=MCU_MAGNET[1..28] Member=Element[4]: MCU_MAGNET
Added Member To Class: ClassName=STM32 Member=Element[4]: MCU_MAGNET
Added Member To Class: ClassName=MCU_MAGNET[1..28] Member=Element[5]: MCU_MAGNET
Added Member To Class: ClassName=STM32 Member=Element[5]: MCU_MAGNET
Added Member To Class: ClassName=MCU_MAGNET[1..28] Member=Element[6]: MCU_MAGNET
Added Member To Class: ClassName=STM32 Member=Element[6]: MCU_MAGNET
Added Member To Class: ClassName=MCU_MAGNET[1..28] Member=Element[7]: MCU_MAGNET
Added Member To Class: ClassName=STM32 Member=Element[7]: MCU_MAGNET
Added Member To Class: ClassName=MCU_MAGNET[1..28] Member=Element[8]: MCU_MAGNET
Added Member To Class: ClassName=STM32 Member=Element[8]: MCU_MAGNET
Added Member To Class: ClassName=MCU_MAGNET[1..28] Member=Element[9]: MCU_MAGNET
Added Member To Class: ClassName=STM32 Member=Element[9]: MCU_MAGNET
Added Member To Class: ClassName=MCU_MAGNET[1..28] Member=Element[10]: MCU_MAGNET
Added Member To Class: ClassName=STM32 Member=Element[10]: MCU_MAGNET
Added Member To Class: ClassName=MCU_MAGNET[1..28] Member=Element[11]: MCU_MAGNET
Added Member To Class: ClassName=STM32 Member=Element[11]: MCU_MAGNET
Added Member To Class: ClassName=MCU_MAGNET[1..28] Member=Element[12]: MCU_MAGNET
Added Member To Class: ClassName=STM32 Member=Element[12]: MCU_MAGNET
Added Member To Class: ClassName=MCU_MAGNET[1..28] Member=Element[13]: MCU_MAGNET
Added Member To Class: ClassName=STM32 Member=Element[13]: MCU_MAGNET
Added Member To Class: ClassName=MCU_MAGNET[1..28] Member=Element[14]: MCU_MAGNET
Added Member To Class: ClassName=STM32 Member=Element[14]: MCU_MAGNET
Added Member To Class: ClassName=MCU_MAGNET[1..28] Member=Element[15]: MCU_MAGNET
Added Member To Class: ClassName=STM32 Member=Element[15]: MCU_MAGNET
Added Member To Class: ClassName=MCU_MAGNET[1..28] Member=Element[16]: MCU_MAGNET
Added Member To Class: ClassName=STM32 Member=Element[16]: MCU_MAGNET
Added Member To Class: ClassName=MCU_MAGNET[1..28] Member=Element[17]: MCU_MAGNET
Added Member To Class: ClassName=STM32 Member=Element[17]: MCU_MAGNET
Added Member To Class: ClassName=MCU_MAGNET[1..28] Member=Element[18]: MCU_MAGNET
Added Member To Class: ClassName=STM32 Member=Element[18]: MCU_MAGNET
Added Member To Class: ClassName=MCU_MAGNET[1..28] Member=Element[19]: MCU_MAGNET
Added Member To Class: ClassName=STM32 Member=Element[19]: MCU_MAGNET
Added Member To Class: ClassName=MCU_MAGNET[1..28] Member=Element[20]: MCU_MAGNET
Added Member To Class: ClassName=STM32 Member=Element[20]: MCU_MAGNET
Added Member To Class: ClassName=MCU_MAGNET[1..28] Member=Element[21]: MCU_MAGNET
Added Member To Class: ClassName=STM32 Member=Element[21]: MCU_MAGNET
Added Member To Class: ClassName=MCU_MAGNET[1..28] Member=Element[22]: MCU_MAGNET
Added Member To Class: ClassName=STM32 Member=Element[22]: MCU_MAGNET
Added Member To Class: ClassName=MCU_MAGNET[1..28] Member=Element[23]: MCU_MAGNET
Added Member To Class: ClassName=STM32 Member=Element[23]: MCU_MAGNET
Added Member To Class: ClassName=MCU_MAGNET[1..28] Member=Element[24]: MCU_MAGNET
Added Member To Class: ClassName=STM32 Member=Element[24]: MCU_MAGNET
Added Member To Class: ClassName=MCU_MAGNET[1..28] Member=Element[25]: MCU_MAGNET
Added Member To Class: ClassName=STM32 Member=Element[25]: MCU_MAGNET
Added Member To Class: ClassName=MCU_MAGNET[1..28] Member=Element[26]: MCU_MAGNET
Added Member To Class: ClassName=STM32 Member=Element[26]: MCU_MAGNET
Added Member To Class: ClassName=MCU_MAGNET[1..28] Member=Element[27]: MCU_MAGNET
Added Member To Class: ClassName=STM32 Member=Element[27]: MCU_MAGNET
Added Member To Class: ClassName=Channel Member=CHANNEL5 (Channel.SchDoc)
Added Member To Class: ClassName=Channel Member=CHANNEL6 (Channel.SchDoc)
Added Member To Class: ClassName=Channel Member=CHANNEL7 (Channel.SchDoc)
Added Member To Class: ClassName=Channel Member=CHANNEL8 (Channel.SchDoc)
Added Member To Class: ClassName=Channel Member=CHANNEL9 (Channel.SchDoc)
Added Member To Class: ClassName=Channel Member=CHANNEL10 (Channel.SchDoc)
Added Member To Class: ClassName=Channel Member=CHANNEL11 (Channel.SchDoc)
Added Member To Class: ClassName=Channel Member=CHANNEL12 (Channel.SchDoc)
Added Member To Class: ClassName=Channel Member=CHANNEL13 (Channel.SchDoc)
Added Member To Class: ClassName=Channel Member=CHANNEL14 (Channel.SchDoc)
Added Member To Class: ClassName=Channel Member=CHANNEL15 (Channel.SchDoc)
Added Member To Class: ClassName=Channel Member=CHANNEL16 (Channel.SchDoc)
Added Member To Class: ClassName=Channel Member=CHANNEL17 (Channel.SchDoc)
Added Member To Class: ClassName=Channel Member=CHANNEL18 (Channel.SchDoc)
Added Member To Class: ClassName=Channel Member=CHANNEL19 (Channel.SchDoc)
Added Member To Class: ClassName=Channel Member=CHANNEL20 (Channel.SchDoc)
Added Member To Class: ClassName=Channel Member=CHANNEL21 (Channel.SchDoc)
Added Member To Class: ClassName=Channel Member=CHANNEL22 (Channel.SchDoc)
Added Member To Class: ClassName=Channel Member=CHANNEL23 (Channel.SchDoc)
Added Member To Class: ClassName=Channel Member=CHANNEL24 (Channel.SchDoc)
Added Member To Class: ClassName=Channel Member=CHANNEL25 (Channel.SchDoc)
Added Member To Class: ClassName=Channel Member=CHANNEL26 (Channel.SchDoc)
Added Member To Class: ClassName=Channel Member=CHANNEL27 (Channel.SchDoc)
Added Member To Class: ClassName=Channel Member=CHANNEL28 (Channel.SchDoc)
Change Room Name: Old Name=DS1307 New Name=CHANNELX
Change Room Scope: Old Scope=InComponentClass('DS1307') New Scope=InComponentClass('CHANNELX')
Added Room: Name=CHANNELAA
Added Room: Name=CHANNELAB
Added Room: Name=CHANNELAC
Added Room: Name=CHANNELF
Added Room: Name=CHANNELG
Added Room: Name=CHANNELH
Added Room: Name=CHANNELI
Added Room: Name=CHANNELJ
Added Room: Name=CHANNELK
Added Room: Name=CHANNELL
Added Room: Name=CHANNELM
Added Room: Name=CHANNELN
Added Room: Name=CHANNELO
Added Room: Name=CHANNELP
Added Room: Name=CHANNELQ
Added Room: Name=CHANNELR
Added Room: Name=CHANNELS
Added Room: Name=CHANNELT
Added Room: Name=CHANNELU
Added Room: Name=CHANNELV
Added Room: Name=CHANNELW
Added Room: Name=CHANNELY
Added Room: Name=CHANNELZ
