Added Component: Designator=BAT1(BAT-HOLDER-SMD-3V)
Add component (AddParameter): Name = "ComponentLink1Description"; Value = "Linkedin"; VariantName = "[No Variations]"
Add component (AddParameter): Name = "ComponentLink1URL"; Value = "https://ir.linkedin.com/in/mahdi-bagherzade"; VariantName = "[No Variations]"
Add component (AddParameter): Name = "Phone Number"; Value = "0915 8700 314"; VariantName = "[No Variations]"
Add component (AddParameter): Name = "Published Date"; Value = "9-15-2024"; VariantName = "[No Variations]"
Add component (AddParameter): Name = "Publisher"; Value = "Mahdi Bagherzadeh"; VariantName = "[No Variations]"
Add component (AddParameter): Name = "Size"; Value = "2016"; VariantName = "[No Variations]"
Add component (AddParameter): Name = "Type"; Value = "SMD"; VariantName = "[No Variations]"
Add component (AddParameter): Name = "Voltage"; Value = "3V"; VariantName = "[No Variations]"
Added Component: Designator=C1_1(C-0805)
Add component (AddParameter): Name = "ComponentLink1Description"; Value = "Linkedin"; VariantName = "[No Variations]"
Add component (AddParameter): Name = "ComponentLink1URL"; Value = "https://ir.linkedin.com/in/mahdi-bagherzade"; VariantName = "[No Variations]"
Add component (AddParameter): Name = "Phone Number"; Value = "0915 8700 314"; VariantName = "[No Variations]"
Add component (AddParameter): Name = "Published Date"; Value = "9-15-2024"; VariantName = "[No Variations]"
Add component (AddParameter): Name = "Publisher"; Value = "Mahdi Bagherzadeh"; VariantName = "[No Variations]"
Add component (AddParameter): Name = "Tolerance"; Value = "X7R"; VariantName = "[No Variations]"
Add component (AddParameter): Name = "Type"; Value = "SMD"; VariantName = "[No Variations]"
Add component (AddParameter): Name = "Value"; Value = "100nF"; VariantName = "[No Variations]"
Add component (AddParameter): Name = "Voltage"; Value = "50V"; VariantName = "[No Variations]"
Added Component: Designator=C1_2(C-0805)
Add component (AddParameter): Name = "ComponentLink1Description"; Value = "Linkedin"; VariantName = "[No Variations]"
Add component (AddParameter): Name = "ComponentLink1URL"; Value = "https://ir.linkedin.com/in/mahdi-bagherzade"; VariantName = "[No Variations]"
Add component (AddParameter): Name = "Phone Number"; Value = "0915 8700 314"; VariantName = "[No Variations]"
Add component (AddParameter): Name = "Published Date"; Value = "9-15-2024"; VariantName = "[No Variations]"
Add component (AddParameter): Name = "Publisher"; Value = "Mahdi Bagherzadeh"; VariantName = "[No Variations]"
Add component (AddParameter): Name = "Tolerance"; Value = "X7R"; VariantName = "[No Variations]"
Add component (AddParameter): Name = "Type"; Value = "SMD"; VariantName = "[No Variations]"
Add component (AddParameter): Name = "Value"; Value = "100nF"; VariantName = "[No Variations]"
Add component (AddParameter): Name = "Voltage"; Value = "50V"; VariantName = "[No Variations]"
Added Component: Designator=C1_3(C-0805)
Add component (AddParameter): Name = "ComponentLink1Description"; Value = "Linkedin"; VariantName = "[No Variations]"
Add component (AddParameter): Name = "ComponentLink1URL"; Value = "https://ir.linkedin.com/in/mahdi-bagherzade"; VariantName = "[No Variations]"
Add component (AddParameter): Name = "Phone Number"; Value = "0915 8700 314"; VariantName = "[No Variations]"
Add component (AddParameter): Name = "Published Date"; Value = "9-15-2024"; VariantName = "[No Variations]"
Add component (AddParameter): Name = "Publisher"; Value = "Mahdi Bagherzadeh"; VariantName = "[No Variations]"
Add component (AddParameter): Name = "Tolerance"; Value = "X7R"; VariantName = "[No Variations]"
Add component (AddParameter): Name = "Type"; Value = "SMD"; VariantName = "[No Variations]"
Add component (AddParameter): Name = "Value"; Value = "100nF"; VariantName = "[No Variations]"
Add component (AddParameter): Name = "Voltage"; Value = "50V"; VariantName = "[No Variations]"
Added Component: Designator=C2_1(C-0805)
Add component (AddParameter): Name = "ComponentLink1Description"; Value = "Linkedin"; VariantName = "[No Variations]"
Add component (AddParameter): Name = "ComponentLink1URL"; Value = "https://ir.linkedin.com/in/mahdi-bagherzade"; VariantName = "[No Variations]"
Add component (AddParameter): Name = "Phone Number"; Value = "0915 8700 314"; VariantName = "[No Variations]"
Add component (AddParameter): Name = "Published Date"; Value = "9-15-2024"; VariantName = "[No Variations]"
Add component (AddParameter): Name = "Publisher"; Value = "Mahdi Bagherzadeh"; VariantName = "[No Variations]"
Add component (AddParameter): Name = "Tolerance"; Value = "X7R"; VariantName = "[No Variations]"
Add component (AddParameter): Name = "Type"; Value = "SMD"; VariantName = "[No Variations]"
Add component (AddParameter): Name = "Value"; Value = "100nF"; VariantName = "[No Variations]"
Add component (AddParameter): Name = "Voltage"; Value = "50V"; VariantName = "[No Variations]"
Added Component: Designator=C2_2(C-0805)
Add component (AddParameter): Name = "ComponentLink1Description"; Value = "Linkedin"; VariantName = "[No Variations]"
Add component (AddParameter): Name = "ComponentLink1URL"; Value = "https://ir.linkedin.com/in/mahdi-bagherzade"; VariantName = "[No Variations]"
Add component (AddParameter): Name = "Phone Number"; Value = "0915 8700 314"; VariantName = "[No Variations]"
Add component (AddParameter): Name = "Published Date"; Value = "9-15-2024"; VariantName = "[No Variations]"
Add component (AddParameter): Name = "Publisher"; Value = "Mahdi Bagherzadeh"; VariantName = "[No Variations]"
Add component (AddParameter): Name = "Tolerance"; Value = "X7R"; VariantName = "[No Variations]"
Add component (AddParameter): Name = "Type"; Value = "SMD"; VariantName = "[No Variations]"
Add component (AddParameter): Name = "Value"; Value = "100nF"; VariantName = "[No Variations]"
Add component (AddParameter): Name = "Voltage"; Value = "50V"; VariantName = "[No Variations]"
Added Component: Designator=C2_3(C-0805)
Add component (AddParameter): Name = "ComponentLink1Description"; Value = "Linkedin"; VariantName = "[No Variations]"
Add component (AddParameter): Name = "ComponentLink1URL"; Value = "https://ir.linkedin.com/in/mahdi-bagherzade"; VariantName = "[No Variations]"
Add component (AddParameter): Name = "Phone Number"; Value = "0915 8700 314"; VariantName = "[No Variations]"
Add component (AddParameter): Name = "Published Date"; Value = "9-15-2024"; VariantName = "[No Variations]"
Add component (AddParameter): Name = "Publisher"; Value = "Mahdi Bagherzadeh"; VariantName = "[No Variations]"
Add component (AddParameter): Name = "Tolerance"; Value = "X7R"; VariantName = "[No Variations]"
Add component (AddParameter): Name = "Type"; Value = "SMD"; VariantName = "[No Variations]"
Add component (AddParameter): Name = "Value"; Value = "100nF"; VariantName = "[No Variations]"
Add component (AddParameter): Name = "Voltage"; Value = "50V"; VariantName = "[No Variations]"
Added Component: Designator=C2_4(C-0805)
Add component (AddParameter): Name = "ComponentLink1Description"; Value = "Linkedin"; VariantName = "[No Variations]"
Add component (AddParameter): Name = "ComponentLink1URL"; Value = "https://ir.linkedin.com/in/mahdi-bagherzade"; VariantName = "[No Variations]"
Add component (AddParameter): Name = "Phone Number"; Value = "0915 8700 314"; VariantName = "[No Variations]"
Add component (AddParameter): Name = "Published Date"; Value = "9-15-2024"; VariantName = "[No Variations]"
Add component (AddParameter): Name = "Publisher"; Value = "Mahdi Bagherzadeh"; VariantName = "[No Variations]"
Add component (AddParameter): Name = "Tolerance"; Value = "X7R"; VariantName = "[No Variations]"
Add component (AddParameter): Name = "Type"; Value = "SMD"; VariantName = "[No Variations]"
Add component (AddParameter): Name = "Value"; Value = "100nF"; VariantName = "[No Variations]"
Add component (AddParameter): Name = "Voltage"; Value = "50V"; VariantName = "[No Variations]"
Added Component: Designator=C2_5(C-0805)
Add component (AddParameter): Name = "ComponentLink1Description"; Value = "Linkedin"; VariantName = "[No Variations]"
Add component (AddParameter): Name = "ComponentLink1URL"; Value = "https://ir.linkedin.com/in/mahdi-bagherzade"; VariantName = "[No Variations]"
Add component (AddParameter): Name = "Phone Number"; Value = "0915 8700 314"; VariantName = "[No Variations]"
Add component (AddParameter): Name = "Published Date"; Value = "9-15-2024"; VariantName = "[No Variations]"
Add component (AddParameter): Name = "Publisher"; Value = "Mahdi Bagherzadeh"; VariantName = "[No Variations]"
Add component (AddParameter): Name = "Tolerance"; Value = "X7R"; VariantName = "[No Variations]"
Add component (AddParameter): Name = "Type"; Value = "SMD"; VariantName = "[No Variations]"
Add component (AddParameter): Name = "Value"; Value = "100nF"; VariantName = "[No Variations]"
Add component (AddParameter): Name = "Voltage"; Value = "50V"; VariantName = "[No Variations]"
Added Component: Designator=C2_6(C-0805)
Add component (AddParameter): Name = "ComponentLink1Description"; Value = "Linkedin"; VariantName = "[No Variations]"
Add component (AddParameter): Name = "ComponentLink1URL"; Value = "https://ir.linkedin.com/in/mahdi-bagherzade"; VariantName = "[No Variations]"
Add component (AddParameter): Name = "Phone Number"; Value = "0915 8700 314"; VariantName = "[No Variations]"
Add component (AddParameter): Name = "Published Date"; Value = "9-15-2024"; VariantName = "[No Variations]"
Add component (AddParameter): Name = "Publisher"; Value = "Mahdi Bagherzadeh"; VariantName = "[No Variations]"
Add component (AddParameter): Name = "Tolerance"; Value = "X7R"; VariantName = "[No Variations]"
Add component (AddParameter): Name = "Type"; Value = "SMD"; VariantName = "[No Variations]"
Add component (AddParameter): Name = "Value"; Value = "100nF"; VariantName = "[No Variations]"
Add component (AddParameter): Name = "Voltage"; Value = "50V"; VariantName = "[No Variations]"
Added Component: Designator=C2_7(C-0805)
Add component (AddParameter): Name = "ComponentLink1Description"; Value = "Linkedin"; VariantName = "[No Variations]"
Add component (AddParameter): Name = "ComponentLink1URL"; Value = "https://ir.linkedin.com/in/mahdi-bagherzade"; VariantName = "[No Variations]"
Add component (AddParameter): Name = "Phone Number"; Value = "0915 8700 314"; VariantName = "[No Variations]"
Add component (AddParameter): Name = "Published Date"; Value = "9-15-2024"; VariantName = "[No Variations]"
Add component (AddParameter): Name = "Publisher"; Value = "Mahdi Bagherzadeh"; VariantName = "[No Variations]"
Add component (AddParameter): Name = "Tolerance"; Value = "X7R"; VariantName = "[No Variations]"
Add component (AddParameter): Name = "Type"; Value = "SMD"; VariantName = "[No Variations]"
Add component (AddParameter): Name = "Value"; Value = "100nF"; VariantName = "[No Variations]"
Add component (AddParameter): Name = "Voltage"; Value = "50V"; VariantName = "[No Variations]"
Added Component: Designator=C2_8(C-0805)
Add component (AddParameter): Name = "ComponentLink1Description"; Value = "Linkedin"; VariantName = "[No Variations]"
Add component (AddParameter): Name = "ComponentLink1URL"; Value = "https://ir.linkedin.com/in/mahdi-bagherzade"; VariantName = "[No Variations]"
Add component (AddParameter): Name = "Phone Number"; Value = "0915 8700 314"; VariantName = "[No Variations]"
Add component (AddParameter): Name = "Published Date"; Value = "9-15-2024"; VariantName = "[No Variations]"
Add component (AddParameter): Name = "Publisher"; Value = "Mahdi Bagherzadeh"; VariantName = "[No Variations]"
Add component (AddParameter): Name = "Tolerance"; Value = "X7R"; VariantName = "[No Variations]"
Add component (AddParameter): Name = "Type"; Value = "SMD"; VariantName = "[No Variations]"
Add component (AddParameter): Name = "Value"; Value = "100nF"; VariantName = "[No Variations]"
Add component (AddParameter): Name = "Voltage"; Value = "50V"; VariantName = "[No Variations]"
Added Component: Designator=C3(C-0805)
Add component (AddParameter): Name = "ComponentLink1Description"; Value = "Linkedin"; VariantName = "[No Variations]"
Add component (AddParameter): Name = "ComponentLink1URL"; Value = "https://ir.linkedin.com/in/mahdi-bagherzade"; VariantName = "[No Variations]"
Add component (AddParameter): Name = "Phone Number"; Value = "0915 8700 314"; VariantName = "[No Variations]"
Add component (AddParameter): Name = "Published Date"; Value = "9-15-2024"; VariantName = "[No Variations]"
Add component (AddParameter): Name = "Publisher"; Value = "Mahdi Bagherzadeh"; VariantName = "[No Variations]"
Add component (AddParameter): Name = "Tolerance"; Value = "X7R"; VariantName = "[No Variations]"
Add component (AddParameter): Name = "Type"; Value = "SMD"; VariantName = "[No Variations]"
Add component (AddParameter): Name = "Value"; Value = "100nF"; VariantName = "[No Variations]"
Add component (AddParameter): Name = "Voltage"; Value = "50V"; VariantName = "[No Variations]"
Added Component: Designator=C4(C-0805)
Add component (AddParameter): Name = "ComponentLink1Description"; Value = "Linkedin"; VariantName = "[No Variations]"
Add component (AddParameter): Name = "ComponentLink1URL"; Value = "https://ir.linkedin.com/in/mahdi-bagherzade"; VariantName = "[No Variations]"
Add component (AddParameter): Name = "Phone Number"; Value = "0915 8700 314"; VariantName = "[No Variations]"
Add component (AddParameter): Name = "Published Date"; Value = "9-15-2024"; VariantName = "[No Variations]"
Add component (AddParameter): Name = "Publisher"; Value = "Mahdi Bagherzadeh"; VariantName = "[No Variations]"
Add component (AddParameter): Name = "Tolerance"; Value = "X7R"; VariantName = "[No Variations]"
Add component (AddParameter): Name = "Type"; Value = "SMD"; VariantName = "[No Variations]"
Add component (AddParameter): Name = "Value"; Value = "4.7uF"; VariantName = "[No Variations]"
Add component (AddParameter): Name = "Voltage"; Value = "50V"; VariantName = "[No Variations]"
Added Component: Designator=C5(C-0805)
Add component (AddParameter): Name = "ComponentLink1Description"; Value = "Linkedin"; VariantName = "[No Variations]"
Add component (AddParameter): Name = "ComponentLink1URL"; Value = "https://ir.linkedin.com/in/mahdi-bagherzade"; VariantName = "[No Variations]"
Add component (AddParameter): Name = "Phone Number"; Value = "0915 8700 314"; VariantName = "[No Variations]"
Add component (AddParameter): Name = "Published Date"; Value = "9-15-2024"; VariantName = "[No Variations]"
Add component (AddParameter): Name = "Publisher"; Value = "Mahdi Bagherzadeh"; VariantName = "[No Variations]"
Add component (AddParameter): Name = "Tolerance"; Value = "X7R"; VariantName = "[No Variations]"
Add component (AddParameter): Name = "Type"; Value = "SMD"; VariantName = "[No Variations]"
Add component (AddParameter): Name = "Value"; Value = "100nF"; VariantName = "[No Variations]"
Add component (AddParameter): Name = "Voltage"; Value = "50V"; VariantName = "[No Variations]"
Added Component: Designator=C6(C-0805)
Add component (AddParameter): Name = "ComponentLink1Description"; Value = "Linkedin"; VariantName = "[No Variations]"
Add component (AddParameter): Name = "ComponentLink1URL"; Value = "https://ir.linkedin.com/in/mahdi-bagherzade"; VariantName = "[No Variations]"
Add component (AddParameter): Name = "Phone Number"; Value = "0915 8700 314"; VariantName = "[No Variations]"
Add component (AddParameter): Name = "Published Date"; Value = "9-15-2024"; VariantName = "[No Variations]"
Add component (AddParameter): Name = "Publisher"; Value = "Mahdi Bagherzadeh"; VariantName = "[No Variations]"
Add component (AddParameter): Name = "Tolerance"; Value = "X7R"; VariantName = "[No Variations]"
Add component (AddParameter): Name = "Type"; Value = "SMD"; VariantName = "[No Variations]"
Add component (AddParameter): Name = "Value"; Value = "100nF"; VariantName = "[No Variations]"
Add component (AddParameter): Name = "Voltage"; Value = "50V"; VariantName = "[No Variations]"
Added Component: Designator=C7(C-0805)
Add component (AddParameter): Name = "ComponentLink1Description"; Value = "Linkedin"; VariantName = "[No Variations]"
Add component (AddParameter): Name = "ComponentLink1URL"; Value = "https://ir.linkedin.com/in/mahdi-bagherzade"; VariantName = "[No Variations]"
Add component (AddParameter): Name = "Phone Number"; Value = "0915 8700 314"; VariantName = "[No Variations]"
Add component (AddParameter): Name = "Published Date"; Value = "9-15-2024"; VariantName = "[No Variations]"
Add component (AddParameter): Name = "Publisher"; Value = "Mahdi Bagherzadeh"; VariantName = "[No Variations]"
Add component (AddParameter): Name = "Tolerance"; Value = "X7R"; VariantName = "[No Variations]"
Add component (AddParameter): Name = "Type"; Value = "SMD"; VariantName = "[No Variations]"
Add component (AddParameter): Name = "Value"; Value = "4.7uF"; VariantName = "[No Variations]"
Add component (AddParameter): Name = "Voltage"; Value = "50V"; VariantName = "[No Variations]"
Added Component: Designator=C8(C-0805)
Add component (AddParameter): Name = "ComponentLink1Description"; Value = "Linkedin"; VariantName = "[No Variations]"
Add component (AddParameter): Name = "ComponentLink1URL"; Value = "https://ir.linkedin.com/in/mahdi-bagherzade"; VariantName = "[No Variations]"
Add component (AddParameter): Name = "Phone Number"; Value = "0915 8700 314"; VariantName = "[No Variations]"
Add component (AddParameter): Name = "Published Date"; Value = "9-15-2024"; VariantName = "[No Variations]"
Add component (AddParameter): Name = "Publisher"; Value = "Mahdi Bagherzadeh"; VariantName = "[No Variations]"
Add component (AddParameter): Name = "Tolerance"; Value = "X7R"; VariantName = "[No Variations]"
Add component (AddParameter): Name = "Type"; Value = "SMD"; VariantName = "[No Variations]"
Add component (AddParameter): Name = "Value"; Value = "100nF"; VariantName = "[No Variations]"
Add component (AddParameter): Name = "Voltage"; Value = "50V"; VariantName = "[No Variations]"
Added Component: Designator=C9(C-0805)
Add component (AddParameter): Name = "ComponentLink1Description"; Value = "Linkedin"; VariantName = "[No Variations]"
Add component (AddParameter): Name = "ComponentLink1URL"; Value = "https://ir.linkedin.com/in/mahdi-bagherzade"; VariantName = "[No Variations]"
Add component (AddParameter): Name = "Phone Number"; Value = "0915 8700 314"; VariantName = "[No Variations]"
Add component (AddParameter): Name = "Published Date"; Value = "9-15-2024"; VariantName = "[No Variations]"
Add component (AddParameter): Name = "Publisher"; Value = "Mahdi Bagherzadeh"; VariantName = "[No Variations]"
Add component (AddParameter): Name = "Tolerance"; Value = "X7R"; VariantName = "[No Variations]"
Add component (AddParameter): Name = "Type"; Value = "SMD"; VariantName = "[No Variations]"
Add component (AddParameter): Name = "Value"; Value = "100nF"; VariantName = "[No Variations]"
Add component (AddParameter): Name = "Voltage"; Value = "50V"; VariantName = "[No Variations]"
Added Component: Designator=C10(C-0805)
Add component (AddParameter): Name = "ComponentLink1Description"; Value = "Linkedin"; VariantName = "[No Variations]"
Add component (AddParameter): Name = "ComponentLink1URL"; Value = "https://ir.linkedin.com/in/mahdi-bagherzade"; VariantName = "[No Variations]"
Add component (AddParameter): Name = "Phone Number"; Value = "0915 8700 314"; VariantName = "[No Variations]"
Add component (AddParameter): Name = "Published Date"; Value = "9-15-2024"; VariantName = "[No Variations]"
Add component (AddParameter): Name = "Publisher"; Value = "Mahdi Bagherzadeh"; VariantName = "[No Variations]"
Add component (AddParameter): Name = "Tolerance"; Value = "X7R"; VariantName = "[No Variations]"
Add component (AddParameter): Name = "Type"; Value = "SMD"; VariantName = "[No Variations]"
Add component (AddParameter): Name = "Value"; Value = "100nF"; VariantName = "[No Variations]"
Add component (AddParameter): Name = "Voltage"; Value = "50V"; VariantName = "[No Variations]"
Added Component: Designator=C11(C-0805)
Add component (AddParameter): Name = "ComponentLink1Description"; Value = "Linkedin"; VariantName = "[No Variations]"
Add component (AddParameter): Name = "ComponentLink1URL"; Value = "https://ir.linkedin.com/in/mahdi-bagherzade"; VariantName = "[No Variations]"
Add component (AddParameter): Name = "Phone Number"; Value = "0915 8700 314"; VariantName = "[No Variations]"
Add component (AddParameter): Name = "Published Date"; Value = "9-15-2024"; VariantName = "[No Variations]"
Add component (AddParameter): Name = "Publisher"; Value = "Mahdi Bagherzadeh"; VariantName = "[No Variations]"
Add component (AddParameter): Name = "Tolerance"; Value = "X7R"; VariantName = "[No Variations]"
Add component (AddParameter): Name = "Type"; Value = "SMD"; VariantName = "[No Variations]"
Add component (AddParameter): Name = "Value"; Value = "1uF"; VariantName = "[No Variations]"
Add component (AddParameter): Name = "Voltage"; Value = "50V"; VariantName = "[No Variations]"
Added Component: Designator=C12(C-0805)
Add component (AddParameter): Name = "ComponentLink1Description"; Value = "Linkedin"; VariantName = "[No Variations]"
Add component (AddParameter): Name = "ComponentLink1URL"; Value = "https://ir.linkedin.com/in/mahdi-bagherzade"; VariantName = "[No Variations]"
Add component (AddParameter): Name = "Phone Number"; Value = "0915 8700 314"; VariantName = "[No Variations]"
Add component (AddParameter): Name = "Published Date"; Value = "9-15-2024"; VariantName = "[No Variations]"
Add component (AddParameter): Name = "Publisher"; Value = "Mahdi Bagherzadeh"; VariantName = "[No Variations]"
Add component (AddParameter): Name = "Tolerance"; Value = "X7R"; VariantName = "[No Variations]"
Add component (AddParameter): Name = "Type"; Value = "SMD"; VariantName = "[No Variations]"
Add component (AddParameter): Name = "Value"; Value = "1uF"; VariantName = "[No Variations]"
Add component (AddParameter): Name = "Voltage"; Value = "50V"; VariantName = "[No Variations]"
Added Component: Designator=C13(C-0805)
Add component (AddParameter): Name = "ComponentLink1Description"; Value = "Linkedin"; VariantName = "[No Variations]"
Add component (AddParameter): Name = "ComponentLink1URL"; Value = "https://ir.linkedin.com/in/mahdi-bagherzade"; VariantName = "[No Variations]"
Add component (AddParameter): Name = "Phone Number"; Value = "0915 8700 314"; VariantName = "[No Variations]"
Add component (AddParameter): Name = "Published Date"; Value = "9-15-2024"; VariantName = "[No Variations]"
Add component (AddParameter): Name = "Publisher"; Value = "Mahdi Bagherzadeh"; VariantName = "[No Variations]"
Add component (AddParameter): Name = "Tolerance"; Value = "X7R"; VariantName = "[No Variations]"
Add component (AddParameter): Name = "Type"; Value = "SMD"; VariantName = "[No Variations]"
Add component (AddParameter): Name = "Value"; Value = "1uF"; VariantName = "[No Variations]"
Add component (AddParameter): Name = "Voltage"; Value = "50V"; VariantName = "[No Variations]"
Added Component: Designator=C14(C-0805)
Add component (AddParameter): Name = "ComponentLink1Description"; Value = "Linkedin"; VariantName = "[No Variations]"
Add component (AddParameter): Name = "ComponentLink1URL"; Value = "https://ir.linkedin.com/in/mahdi-bagherzade"; VariantName = "[No Variations]"
Add component (AddParameter): Name = "Phone Number"; Value = "0915 8700 314"; VariantName = "[No Variations]"
Add component (AddParameter): Name = "Published Date"; Value = "9-15-2024"; VariantName = "[No Variations]"
Add component (AddParameter): Name = "Publisher"; Value = "Mahdi Bagherzadeh"; VariantName = "[No Variations]"
Add component (AddParameter): Name = "Tolerance"; Value = "X7R"; VariantName = "[No Variations]"
Add component (AddParameter): Name = "Type"; Value = "SMD"; VariantName = "[No Variations]"
Add component (AddParameter): Name = "Value"; Value = "1uF"; VariantName = "[No Variations]"
Add component (AddParameter): Name = "Voltage"; Value = "50V"; VariantName = "[No Variations]"
Added Component: Designator=C15(C-0805)
Add component (AddParameter): Name = "ComponentLink1Description"; Value = "Linkedin"; VariantName = "[No Variations]"
Add component (AddParameter): Name = "ComponentLink1URL"; Value = "https://ir.linkedin.com/in/mahdi-bagherzade"; VariantName = "[No Variations]"
Add component (AddParameter): Name = "Phone Number"; Value = "0915 8700 314"; VariantName = "[No Variations]"
Add component (AddParameter): Name = "Published Date"; Value = "9-15-2024"; VariantName = "[No Variations]"
Add component (AddParameter): Name = "Publisher"; Value = "Mahdi Bagherzadeh"; VariantName = "[No Variations]"
Add component (AddParameter): Name = "Tolerance"; Value = "X7R"; VariantName = "[No Variations]"
Add component (AddParameter): Name = "Type"; Value = "SMD"; VariantName = "[No Variations]"
Add component (AddParameter): Name = "Value"; Value = "100nF"; VariantName = "[No Variations]"
Add component (AddParameter): Name = "Voltage"; Value = "50V"; VariantName = "[No Variations]"
Added Component: Designator=C16(C-0805)
Add component (AddParameter): Name = "ComponentLink1Description"; Value = "Linkedin"; VariantName = "[No Variations]"
Add component (AddParameter): Name = "ComponentLink1URL"; Value = "https://ir.linkedin.com/in/mahdi-bagherzade"; VariantName = "[No Variations]"
Add component (AddParameter): Name = "Phone Number"; Value = "0915 8700 314"; VariantName = "[No Variations]"
Add component (AddParameter): Name = "Published Date"; Value = "9-15-2024"; VariantName = "[No Variations]"
Add component (AddParameter): Name = "Publisher"; Value = "Mahdi Bagherzadeh"; VariantName = "[No Variations]"
Add component (AddParameter): Name = "Tolerance"; Value = "X7R"; VariantName = "[No Variations]"
Add component (AddParameter): Name = "Type"; Value = "SMD"; VariantName = "[No Variations]"
Add component (AddParameter): Name = "Value"; Value = "100nF"; VariantName = "[No Variations]"
Add component (AddParameter): Name = "Voltage"; Value = "50V"; VariantName = "[No Variations]"
Added Component: Designator=C17(C-0805)
Add component (AddParameter): Name = "ComponentLink1Description"; Value = "Linkedin"; VariantName = "[No Variations]"
Add component (AddParameter): Name = "ComponentLink1URL"; Value = "https://ir.linkedin.com/in/mahdi-bagherzade"; VariantName = "[No Variations]"
Add component (AddParameter): Name = "Phone Number"; Value = "0915 8700 314"; VariantName = "[No Variations]"
Add component (AddParameter): Name = "Published Date"; Value = "9-15-2024"; VariantName = "[No Variations]"
Add component (AddParameter): Name = "Publisher"; Value = "Mahdi Bagherzadeh"; VariantName = "[No Variations]"
Add component (AddParameter): Name = "Tolerance"; Value = "X7R"; VariantName = "[No Variations]"
Add component (AddParameter): Name = "Type"; Value = "SMD"; VariantName = "[No Variations]"
Add component (AddParameter): Name = "Value"; Value = "100nF"; VariantName = "[No Variations]"
Add component (AddParameter): Name = "Voltage"; Value = "50V"; VariantName = "[No Variations]"
Added Component: Designator=C18(C-0805)
Add component (AddParameter): Name = "ComponentLink1Description"; Value = "Linkedin"; VariantName = "[No Variations]"
Add component (AddParameter): Name = "ComponentLink1URL"; Value = "https://ir.linkedin.com/in/mahdi-bagherzade"; VariantName = "[No Variations]"
Add component (AddParameter): Name = "Phone Number"; Value = "0915 8700 314"; VariantName = "[No Variations]"
Add component (AddParameter): Name = "Published Date"; Value = "9-15-2024"; VariantName = "[No Variations]"
Add component (AddParameter): Name = "Publisher"; Value = "Mahdi Bagherzadeh"; VariantName = "[No Variations]"
Add component (AddParameter): Name = "Tolerance"; Value = "X7R"; VariantName = "[No Variations]"
Add component (AddParameter): Name = "Type"; Value = "SMD"; VariantName = "[No Variations]"
Add component (AddParameter): Name = "Value"; Value = "18pF"; VariantName = "[No Variations]"
Add component (AddParameter): Name = "Voltage"; Value = "50V"; VariantName = "[No Variations]"
Added Component: Designator=C19(C-0805)
Add component (AddParameter): Name = "ComponentLink1Description"; Value = "Linkedin"; VariantName = "[No Variations]"
Add component (AddParameter): Name = "ComponentLink1URL"; Value = "https://ir.linkedin.com/in/mahdi-bagherzade"; VariantName = "[No Variations]"
Add component (AddParameter): Name = "Phone Number"; Value = "0915 8700 314"; VariantName = "[No Variations]"
Add component (AddParameter): Name = "Published Date"; Value = "9-15-2024"; VariantName = "[No Variations]"
Add component (AddParameter): Name = "Publisher"; Value = "Mahdi Bagherzadeh"; VariantName = "[No Variations]"
Add component (AddParameter): Name = "Tolerance"; Value = "X7R"; VariantName = "[No Variations]"
Add component (AddParameter): Name = "Type"; Value = "SMD"; VariantName = "[No Variations]"
Add component (AddParameter): Name = "Value"; Value = "18pF"; VariantName = "[No Variations]"
Add component (AddParameter): Name = "Voltage"; Value = "50V"; VariantName = "[No Variations]"
Added Component: Designator=C20(C-0805)
Add component (AddParameter): Name = "ComponentLink1Description"; Value = "Linkedin"; VariantName = "[No Variations]"
Add component (AddParameter): Name = "ComponentLink1URL"; Value = "https://ir.linkedin.com/in/mahdi-bagherzade"; VariantName = "[No Variations]"
Add component (AddParameter): Name = "Phone Number"; Value = "0915 8700 314"; VariantName = "[No Variations]"
Add component (AddParameter): Name = "Published Date"; Value = "9-15-2024"; VariantName = "[No Variations]"
Add component (AddParameter): Name = "Publisher"; Value = "Mahdi Bagherzadeh"; VariantName = "[No Variations]"
Add component (AddParameter): Name = "Tolerance"; Value = "X7R"; VariantName = "[No Variations]"
Add component (AddParameter): Name = "Type"; Value = "SMD"; VariantName = "[No Variations]"
Add component (AddParameter): Name = "Value"; Value = "100nF"; VariantName = "[No Variations]"
Add component (AddParameter): Name = "Voltage"; Value = "50V"; VariantName = "[No Variations]"
Added Component: Designator=C21(C-0805)
Add component (AddParameter): Name = "ComponentLink1Description"; Value = "Linkedin"; VariantName = "[No Variations]"
Add component (AddParameter): Name = "ComponentLink1URL"; Value = "https://ir.linkedin.com/in/mahdi-bagherzade"; VariantName = "[No Variations]"
Add component (AddParameter): Name = "Phone Number"; Value = "0915 8700 314"; VariantName = "[No Variations]"
Add component (AddParameter): Name = "Published Date"; Value = "9-15-2024"; VariantName = "[No Variations]"
Add component (AddParameter): Name = "Publisher"; Value = "Mahdi Bagherzadeh"; VariantName = "[No Variations]"
Add component (AddParameter): Name = "Tolerance"; Value = "X7R"; VariantName = "[No Variations]"
Add component (AddParameter): Name = "Type"; Value = "SMD"; VariantName = "[No Variations]"
Add component (AddParameter): Name = "Value"; Value = "100nF"; VariantName = "[No Variations]"
Add component (AddParameter): Name = "Voltage"; Value = "50V"; VariantName = "[No Variations]"
Added Component: Designator=C22(C-0805)
Add component (AddParameter): Name = "ComponentLink1Description"; Value = "Linkedin"; VariantName = "[No Variations]"
Add component (AddParameter): Name = "ComponentLink1URL"; Value = "https://ir.linkedin.com/in/mahdi-bagherzade"; VariantName = "[No Variations]"
Add component (AddParameter): Name = "Phone Number"; Value = "0915 8700 314"; VariantName = "[No Variations]"
Add component (AddParameter): Name = "Published Date"; Value = "9-15-2024"; VariantName = "[No Variations]"
Add component (AddParameter): Name = "Publisher"; Value = "Mahdi Bagherzadeh"; VariantName = "[No Variations]"
Add component (AddParameter): Name = "Tolerance"; Value = "X7R"; VariantName = "[No Variations]"
Add component (AddParameter): Name = "Type"; Value = "SMD"; VariantName = "[No Variations]"
Add component (AddParameter): Name = "Value"; Value = "100nF"; VariantName = "[No Variations]"
Add component (AddParameter): Name = "Voltage"; Value = "50V"; VariantName = "[No Variations]"
Added Component: Designator=C23(C-0805)
Add component (AddParameter): Name = "ComponentLink1Description"; Value = "Linkedin"; VariantName = "[No Variations]"
Add component (AddParameter): Name = "ComponentLink1URL"; Value = "https://ir.linkedin.com/in/mahdi-bagherzade"; VariantName = "[No Variations]"
Add component (AddParameter): Name = "Phone Number"; Value = "0915 8700 314"; VariantName = "[No Variations]"
Add component (AddParameter): Name = "Published Date"; Value = "9-15-2024"; VariantName = "[No Variations]"
Add component (AddParameter): Name = "Publisher"; Value = "Mahdi Bagherzadeh"; VariantName = "[No Variations]"
Add component (AddParameter): Name = "Tolerance"; Value = "X7R"; VariantName = "[No Variations]"
Add component (AddParameter): Name = "Type"; Value = "SMD"; VariantName = "[No Variations]"
Add component (AddParameter): Name = "Value"; Value = "100nF"; VariantName = "[No Variations]"
Add component (AddParameter): Name = "Voltage"; Value = "50V"; VariantName = "[No Variations]"
Added Component: Designator=C24(C-0805)
Add component (AddParameter): Name = "ComponentLink1Description"; Value = "Linkedin"; VariantName = "[No Variations]"
Add component (AddParameter): Name = "ComponentLink1URL"; Value = "https://ir.linkedin.com/in/mahdi-bagherzade"; VariantName = "[No Variations]"
Add component (AddParameter): Name = "Phone Number"; Value = "0915 8700 314"; VariantName = "[No Variations]"
Add component (AddParameter): Name = "Published Date"; Value = "9-15-2024"; VariantName = "[No Variations]"
Add component (AddParameter): Name = "Publisher"; Value = "Mahdi Bagherzadeh"; VariantName = "[No Variations]"
Add component (AddParameter): Name = "Tolerance"; Value = "X7R"; VariantName = "[No Variations]"
Add component (AddParameter): Name = "Type"; Value = "SMD"; VariantName = "[No Variations]"
Add component (AddParameter): Name = "Value"; Value = "100nF"; VariantName = "[No Variations]"
Add component (AddParameter): Name = "Voltage"; Value = "50V"; VariantName = "[No Variations]"
Added Component: Designator=C25(C-0805)
Add component (AddParameter): Name = "ComponentLink1Description"; Value = "Linkedin"; VariantName = "[No Variations]"
Add component (AddParameter): Name = "ComponentLink1URL"; Value = "https://ir.linkedin.com/in/mahdi-bagherzade"; VariantName = "[No Variations]"
Add component (AddParameter): Name = "Phone Number"; Value = "0915 8700 314"; VariantName = "[No Variations]"
Add component (AddParameter): Name = "Published Date"; Value = "9-15-2024"; VariantName = "[No Variations]"
Add component (AddParameter): Name = "Publisher"; Value = "Mahdi Bagherzadeh"; VariantName = "[No Variations]"
Add component (AddParameter): Name = "Tolerance"; Value = "X7R"; VariantName = "[No Variations]"
Add component (AddParameter): Name = "Type"; Value = "SMD"; VariantName = "[No Variations]"
Add component (AddParameter): Name = "Value"; Value = "100nF"; VariantName = "[No Variations]"
Add component (AddParameter): Name = "Voltage"; Value = "50V"; VariantName = "[No Variations]"
Added Component: Designator=C26(C-0805)
Add component (AddParameter): Name = "ComponentLink1Description"; Value = "Linkedin"; VariantName = "[No Variations]"
Add component (AddParameter): Name = "ComponentLink1URL"; Value = "https://ir.linkedin.com/in/mahdi-bagherzade"; VariantName = "[No Variations]"
Add component (AddParameter): Name = "Phone Number"; Value = "0915 8700 314"; VariantName = "[No Variations]"
Add component (AddParameter): Name = "Published Date"; Value = "9-15-2024"; VariantName = "[No Variations]"
Add component (AddParameter): Name = "Publisher"; Value = "Mahdi Bagherzadeh"; VariantName = "[No Variations]"
Add component (AddParameter): Name = "Tolerance"; Value = "X7R"; VariantName = "[No Variations]"
Add component (AddParameter): Name = "Type"; Value = "SMD"; VariantName = "[No Variations]"
Add component (AddParameter): Name = "Value"; Value = "100nF"; VariantName = "[No Variations]"
Add component (AddParameter): Name = "Voltage"; Value = "50V"; VariantName = "[No Variations]"
Added Component: Designator=C27(C-0805)
Add component (AddParameter): Name = "ComponentLink1Description"; Value = "Linkedin"; VariantName = "[No Variations]"
Add component (AddParameter): Name = "ComponentLink1URL"; Value = "https://ir.linkedin.com/in/mahdi-bagherzade"; VariantName = "[No Variations]"
Add component (AddParameter): Name = "Phone Number"; Value = "0915 8700 314"; VariantName = "[No Variations]"
Add component (AddParameter): Name = "Published Date"; Value = "9-15-2024"; VariantName = "[No Variations]"
Add component (AddParameter): Name = "Publisher"; Value = "Mahdi Bagherzadeh"; VariantName = "[No Variations]"
Add component (AddParameter): Name = "Tolerance"; Value = "X7R"; VariantName = "[No Variations]"
Add component (AddParameter): Name = "Type"; Value = "SMD"; VariantName = "[No Variations]"
Add component (AddParameter): Name = "Value"; Value = "100nF"; VariantName = "[No Variations]"
Add component (AddParameter): Name = "Voltage"; Value = "50V"; VariantName = "[No Variations]"
Added Component: Designator=C28(C-0805)
Add component (AddParameter): Name = "ComponentLink1Description"; Value = "Linkedin"; VariantName = "[No Variations]"
Add component (AddParameter): Name = "ComponentLink1URL"; Value = "https://ir.linkedin.com/in/mahdi-bagherzade"; VariantName = "[No Variations]"
Add component (AddParameter): Name = "Phone Number"; Value = "0915 8700 314"; VariantName = "[No Variations]"
Add component (AddParameter): Name = "Published Date"; Value = "9-15-2024"; VariantName = "[No Variations]"
Add component (AddParameter): Name = "Publisher"; Value = "Mahdi Bagherzadeh"; VariantName = "[No Variations]"
Add component (AddParameter): Name = "Tolerance"; Value = "X7R"; VariantName = "[No Variations]"
Add component (AddParameter): Name = "Type"; Value = "SMD"; VariantName = "[No Variations]"
Add component (AddParameter): Name = "Value"; Value = "100nF"; VariantName = "[No Variations]"
Add component (AddParameter): Name = "Voltage"; Value = "50V"; VariantName = "[No Variations]"
Added Component: Designator=C29(C-0805)
Add component (AddParameter): Name = "ComponentLink1Description"; Value = "Linkedin"; VariantName = "[No Variations]"
Add component (AddParameter): Name = "ComponentLink1URL"; Value = "https://ir.linkedin.com/in/mahdi-bagherzade"; VariantName = "[No Variations]"
Add component (AddParameter): Name = "Phone Number"; Value = "0915 8700 314"; VariantName = "[No Variations]"
Add component (AddParameter): Name = "Published Date"; Value = "9-15-2024"; VariantName = "[No Variations]"
Add component (AddParameter): Name = "Publisher"; Value = "Mahdi Bagherzadeh"; VariantName = "[No Variations]"
Add component (AddParameter): Name = "Tolerance"; Value = "X7R"; VariantName = "[No Variations]"
Add component (AddParameter): Name = "Type"; Value = "SMD"; VariantName = "[No Variations]"
Add component (AddParameter): Name = "Value"; Value = "100nF"; VariantName = "[No Variations]"
Add component (AddParameter): Name = "Voltage"; Value = "50V"; VariantName = "[No Variations]"
Added Component: Designator=C30(C-0805)
Add component (AddParameter): Name = "ComponentLink1Description"; Value = "Linkedin"; VariantName = "[No Variations]"
Add component (AddParameter): Name = "ComponentLink1URL"; Value = "https://ir.linkedin.com/in/mahdi-bagherzade"; VariantName = "[No Variations]"
Add component (AddParameter): Name = "Phone Number"; Value = "0915 8700 314"; VariantName = "[No Variations]"
Add component (AddParameter): Name = "Published Date"; Value = "9-15-2024"; VariantName = "[No Variations]"
Add component (AddParameter): Name = "Publisher"; Value = "Mahdi Bagherzadeh"; VariantName = "[No Variations]"
Add component (AddParameter): Name = "Tolerance"; Value = "X7R"; VariantName = "[No Variations]"
Add component (AddParameter): Name = "Type"; Value = "SMD"; VariantName = "[No Variations]"
Add component (AddParameter): Name = "Value"; Value = "100nF"; VariantName = "[No Variations]"
Add component (AddParameter): Name = "Voltage"; Value = "50V"; VariantName = "[No Variations]"
Added Component: Designator=C31(C-0805)
Add component (AddParameter): Name = "ComponentLink1Description"; Value = "Linkedin"; VariantName = "[No Variations]"
Add component (AddParameter): Name = "ComponentLink1URL"; Value = "https://ir.linkedin.com/in/mahdi-bagherzade"; VariantName = "[No Variations]"
Add component (AddParameter): Name = "Phone Number"; Value = "0915 8700 314"; VariantName = "[No Variations]"
Add component (AddParameter): Name = "Published Date"; Value = "9-15-2024"; VariantName = "[No Variations]"
Add component (AddParameter): Name = "Publisher"; Value = "Mahdi Bagherzadeh"; VariantName = "[No Variations]"
Add component (AddParameter): Name = "Tolerance"; Value = "X7R"; VariantName = "[No Variations]"
Add component (AddParameter): Name = "Type"; Value = "SMD"; VariantName = "[No Variations]"
Add component (AddParameter): Name = "Value"; Value = "100nF"; VariantName = "[No Variations]"
Add component (AddParameter): Name = "Voltage"; Value = "50V"; VariantName = "[No Variations]"
Added Component: Designator=C32(C-0805)
Add component (AddParameter): Name = "ComponentLink1Description"; Value = "Linkedin"; VariantName = "[No Variations]"
Add component (AddParameter): Name = "ComponentLink1URL"; Value = "https://ir.linkedin.com/in/mahdi-bagherzade"; VariantName = "[No Variations]"
Add component (AddParameter): Name = "Phone Number"; Value = "0915 8700 314"; VariantName = "[No Variations]"
Add component (AddParameter): Name = "Published Date"; Value = "9-15-2024"; VariantName = "[No Variations]"
Add component (AddParameter): Name = "Publisher"; Value = "Mahdi Bagherzadeh"; VariantName = "[No Variations]"
Add component (AddParameter): Name = "Tolerance"; Value = "X7R"; VariantName = "[No Variations]"
Add component (AddParameter): Name = "Type"; Value = "SMD"; VariantName = "[No Variations]"
Add component (AddParameter): Name = "Value"; Value = "100nF"; VariantName = "[No Variations]"
Add component (AddParameter): Name = "Voltage"; Value = "50V"; VariantName = "[No Variations]"
Added Component: Designator=C33(C-0805)
Add component (AddParameter): Name = "ComponentLink1Description"; Value = "Linkedin"; VariantName = "[No Variations]"
Add component (AddParameter): Name = "ComponentLink1URL"; Value = "https://ir.linkedin.com/in/mahdi-bagherzade"; VariantName = "[No Variations]"
Add component (AddParameter): Name = "Phone Number"; Value = "0915 8700 314"; VariantName = "[No Variations]"
Add component (AddParameter): Name = "Published Date"; Value = "9-15-2024"; VariantName = "[No Variations]"
Add component (AddParameter): Name = "Publisher"; Value = "Mahdi Bagherzadeh"; VariantName = "[No Variations]"
Add component (AddParameter): Name = "Tolerance"; Value = "X7R"; VariantName = "[No Variations]"
Add component (AddParameter): Name = "Type"; Value = "SMD"; VariantName = "[No Variations]"
Add component (AddParameter): Name = "Value"; Value = "100nF"; VariantName = "[No Variations]"
Add component (AddParameter): Name = "Voltage"; Value = "50V"; VariantName = "[No Variations]"
Added Component: Designator=C34(TAN-A)
Add component (AddParameter): Name = "ComponentLink1Description"; Value = "Linkedin"; VariantName = "[No Variations]"
Add component (AddParameter): Name = "ComponentLink1URL"; Value = "https://ir.linkedin.com/in/mahdi-bagherzade"; VariantName = "[No Variations]"
Add component (AddParameter): Name = "Phone Number"; Value = "0915 8700 314"; VariantName = "[No Variations]"
Add component (AddParameter): Name = "Power"; Value = "-"; VariantName = "[No Variations]"
Add component (AddParameter): Name = "Published Date"; Value = "9-15-2024"; VariantName = "[No Variations]"
Add component (AddParameter): Name = "Publisher"; Value = "Mahdi Bagherzadeh"; VariantName = "[No Variations]"
Add component (AddParameter): Name = "Size"; Value = "A"; VariantName = "[No Variations]"
Add component (AddParameter): Name = "Tolerance"; Value = "-"; VariantName = "[No Variations]"
Add component (AddParameter): Name = "Value"; Value = "2.2uF"; VariantName = "[No Variations]"
Add component (AddParameter): Name = "Voltage"; Value = "16V"; VariantName = "[No Variations]"
Added Component: Designator=C35(C-0805)
Add component (AddParameter): Name = "ComponentLink1Description"; Value = "Linkedin"; VariantName = "[No Variations]"
Add component (AddParameter): Name = "ComponentLink1URL"; Value = "https://ir.linkedin.com/in/mahdi-bagherzade"; VariantName = "[No Variations]"
Add component (AddParameter): Name = "Phone Number"; Value = "0915 8700 314"; VariantName = "[No Variations]"
Add component (AddParameter): Name = "Published Date"; Value = "9-15-2024"; VariantName = "[No Variations]"
Add component (AddParameter): Name = "Publisher"; Value = "Mahdi Bagherzadeh"; VariantName = "[No Variations]"
Add component (AddParameter): Name = "Tolerance"; Value = "X7R"; VariantName = "[No Variations]"
Add component (AddParameter): Name = "Type"; Value = "SMD"; VariantName = "[No Variations]"
Add component (AddParameter): Name = "Value"; Value = "22uF"; VariantName = "[No Variations]"
Add component (AddParameter): Name = "Voltage"; Value = "50V"; VariantName = "[No Variations]"
Added Component: Designator=C36(C-0805)
Add component (AddParameter): Name = "ComponentLink1Description"; Value = "Linkedin"; VariantName = "[No Variations]"
Add component (AddParameter): Name = "ComponentLink1URL"; Value = "https://ir.linkedin.com/in/mahdi-bagherzade"; VariantName = "[No Variations]"
Add component (AddParameter): Name = "Phone Number"; Value = "0915 8700 314"; VariantName = "[No Variations]"
Add component (AddParameter): Name = "Published Date"; Value = "9-15-2024"; VariantName = "[No Variations]"
Add component (AddParameter): Name = "Publisher"; Value = "Mahdi Bagherzadeh"; VariantName = "[No Variations]"
Add component (AddParameter): Name = "Tolerance"; Value = "X7R"; VariantName = "[No Variations]"
Add component (AddParameter): Name = "Type"; Value = "SMD"; VariantName = "[No Variations]"
Add component (AddParameter): Name = "Value"; Value = "100nF"; VariantName = "[No Variations]"
Add component (AddParameter): Name = "Voltage"; Value = "50V"; VariantName = "[No Variations]"
Added Component: Designator=C37(C-0805)
Add component (AddParameter): Name = "ComponentLink1Description"; Value = "Linkedin"; VariantName = "[No Variations]"
Add component (AddParameter): Name = "ComponentLink1URL"; Value = "https://ir.linkedin.com/in/mahdi-bagherzade"; VariantName = "[No Variations]"
Add component (AddParameter): Name = "Phone Number"; Value = "0915 8700 314"; VariantName = "[No Variations]"
Add component (AddParameter): Name = "Published Date"; Value = "9-15-2024"; VariantName = "[No Variations]"
Add component (AddParameter): Name = "Publisher"; Value = "Mahdi Bagherzadeh"; VariantName = "[No Variations]"
Add component (AddParameter): Name = "Tolerance"; Value = "X7R"; VariantName = "[No Variations]"
Add component (AddParameter): Name = "Type"; Value = "SMD"; VariantName = "[No Variations]"
Add component (AddParameter): Name = "Value"; Value = "10uF"; VariantName = "[No Variations]"
Add component (AddParameter): Name = "Voltage"; Value = "50V"; VariantName = "[No Variations]"
Added Component: Designator=C38(C-0805)
Add component (AddParameter): Name = "ComponentLink1Description"; Value = "Linkedin"; VariantName = "[No Variations]"
Add component (AddParameter): Name = "ComponentLink1URL"; Value = "https://ir.linkedin.com/in/mahdi-bagherzade"; VariantName = "[No Variations]"
Add component (AddParameter): Name = "Phone Number"; Value = "0915 8700 314"; VariantName = "[No Variations]"
Add component (AddParameter): Name = "Published Date"; Value = "9-15-2024"; VariantName = "[No Variations]"
Add component (AddParameter): Name = "Publisher"; Value = "Mahdi Bagherzadeh"; VariantName = "[No Variations]"
Add component (AddParameter): Name = "Tolerance"; Value = "X7R"; VariantName = "[No Variations]"
Add component (AddParameter): Name = "Type"; Value = "SMD"; VariantName = "[No Variations]"
Add component (AddParameter): Name = "Value"; Value = "100nF"; VariantName = "[No Variations]"
Add component (AddParameter): Name = "Voltage"; Value = "50V"; VariantName = "[No Variations]"
Added Component: Designator=C39(TAN-A)
Add component (AddParameter): Name = "ComponentLink1Description"; Value = "Linkedin"; VariantName = "[No Variations]"
Add component (AddParameter): Name = "ComponentLink1URL"; Value = "https://ir.linkedin.com/in/mahdi-bagherzade"; VariantName = "[No Variations]"
Add component (AddParameter): Name = "Phone Number"; Value = "0915 8700 314"; VariantName = "[No Variations]"
Add component (AddParameter): Name = "Power"; Value = "-"; VariantName = "[No Variations]"
Add component (AddParameter): Name = "Published Date"; Value = "9-15-2024"; VariantName = "[No Variations]"
Add component (AddParameter): Name = "Publisher"; Value = "Mahdi Bagherzadeh"; VariantName = "[No Variations]"
Add component (AddParameter): Name = "Size"; Value = "A"; VariantName = "[No Variations]"
Add component (AddParameter): Name = "Tolerance"; Value = "-"; VariantName = "[No Variations]"
Add component (AddParameter): Name = "Value"; Value = "2.2uF"; VariantName = "[No Variations]"
Add component (AddParameter): Name = "Voltage"; Value = "16V"; VariantName = "[No Variations]"
Added Component: Designator=C40(C-0805)
Add component (AddParameter): Name = "ComponentLink1Description"; Value = "Linkedin"; VariantName = "[No Variations]"
Add component (AddParameter): Name = "ComponentLink1URL"; Value = "https://ir.linkedin.com/in/mahdi-bagherzade"; VariantName = "[No Variations]"
Add component (AddParameter): Name = "Phone Number"; Value = "0915 8700 314"; VariantName = "[No Variations]"
Add component (AddParameter): Name = "Published Date"; Value = "9-15-2024"; VariantName = "[No Variations]"
Add component (AddParameter): Name = "Publisher"; Value = "Mahdi Bagherzadeh"; VariantName = "[No Variations]"
Add component (AddParameter): Name = "Tolerance"; Value = "X7R"; VariantName = "[No Variations]"
Add component (AddParameter): Name = "Type"; Value = "SMD"; VariantName = "[No Variations]"
Add component (AddParameter): Name = "Value"; Value = "10uF"; VariantName = "[No Variations]"
Add component (AddParameter): Name = "Voltage"; Value = "50V"; VariantName = "[No Variations]"
Added Component: Designator=C41(C-0805)
Add component (AddParameter): Name = "ComponentLink1Description"; Value = "Linkedin"; VariantName = "[No Variations]"
Add component (AddParameter): Name = "ComponentLink1URL"; Value = "https://ir.linkedin.com/in/mahdi-bagherzade"; VariantName = "[No Variations]"
Add component (AddParameter): Name = "Phone Number"; Value = "0915 8700 314"; VariantName = "[No Variations]"
Add component (AddParameter): Name = "Published Date"; Value = "9-15-2024"; VariantName = "[No Variations]"
Add component (AddParameter): Name = "Publisher"; Value = "Mahdi Bagherzadeh"; VariantName = "[No Variations]"
Add component (AddParameter): Name = "Tolerance"; Value = "X7R"; VariantName = "[No Variations]"
Add component (AddParameter): Name = "Type"; Value = "SMD"; VariantName = "[No Variations]"
Add component (AddParameter): Name = "Value"; Value = "100nF"; VariantName = "[No Variations]"
Add component (AddParameter): Name = "Voltage"; Value = "50V"; VariantName = "[No Variations]"
Added Component: Designator=C42(C-0805)
Add component (AddParameter): Name = "ComponentLink1Description"; Value = "Linkedin"; VariantName = "[No Variations]"
Add component (AddParameter): Name = "ComponentLink1URL"; Value = "https://ir.linkedin.com/in/mahdi-bagherzade"; VariantName = "[No Variations]"
Add component (AddParameter): Name = "Phone Number"; Value = "0915 8700 314"; VariantName = "[No Variations]"
Add component (AddParameter): Name = "Published Date"; Value = "9-15-2024"; VariantName = "[No Variations]"
Add component (AddParameter): Name = "Publisher"; Value = "Mahdi Bagherzadeh"; VariantName = "[No Variations]"
Add component (AddParameter): Name = "Tolerance"; Value = "X7R"; VariantName = "[No Variations]"
Add component (AddParameter): Name = "Type"; Value = "SMD"; VariantName = "[No Variations]"
Add component (AddParameter): Name = "Value"; Value = "100nF"; VariantName = "[No Variations]"
Add component (AddParameter): Name = "Voltage"; Value = "50V"; VariantName = "[No Variations]"
Added Component: Designator=C43(C-0805)
Add component (AddParameter): Name = "ComponentLink1Description"; Value = "Linkedin"; VariantName = "[No Variations]"
Add component (AddParameter): Name = "ComponentLink1URL"; Value = "https://ir.linkedin.com/in/mahdi-bagherzade"; VariantName = "[No Variations]"
Add component (AddParameter): Name = "Phone Number"; Value = "0915 8700 314"; VariantName = "[No Variations]"
Add component (AddParameter): Name = "Published Date"; Value = "9-15-2024"; VariantName = "[No Variations]"
Add component (AddParameter): Name = "Publisher"; Value = "Mahdi Bagherzadeh"; VariantName = "[No Variations]"
Add component (AddParameter): Name = "Tolerance"; Value = "X7R"; VariantName = "[No Variations]"
Add component (AddParameter): Name = "Type"; Value = "SMD"; VariantName = "[No Variations]"
Add component (AddParameter): Name = "Value"; Value = "1uF"; VariantName = "[No Variations]"
Add component (AddParameter): Name = "Voltage"; Value = "50V"; VariantName = "[No Variations]"
Added Component: Designator=C44(CAP-CER-13x5-Ls10)
Add component (AddParameter): Name = "ComponentLink1Description"; Value = "Linkedin"; VariantName = "[No Variations]"
Add component (AddParameter): Name = "ComponentLink1URL"; Value = "https://ir.linkedin.com/in/mahdi-bagherzade"; VariantName = "[No Variations]"
Add component (AddParameter): Name = "Phone Number"; Value = "0915 8700 314"; VariantName = "[No Variations]"
Add component (AddParameter): Name = "Published Date"; Value = "9-15-2024"; VariantName = "[No Variations]"
Add component (AddParameter): Name = "Publisher"; Value = "Mahdi Bagherzadeh"; VariantName = "[No Variations]"
Add component (AddParameter): Name = "Tolerance"; Value = "X7R"; VariantName = "[No Variations]"
Add component (AddParameter): Name = "Type"; Value = "THD"; VariantName = "[No Variations]"
Add component (AddParameter): Name = "Value"; Value = "10nF"; VariantName = "[No Variations]"
Add component (AddParameter): Name = "Voltage"; Value = "1KV"; VariantName = "[No Variations]"
Added Component: Designator=C45(CAP-Elec-10x25-5)
Add component (AddParameter): Name = "ComponentLink1Description"; Value = "Linkedin"; VariantName = "[No Variations]"
Add component (AddParameter): Name = "ComponentLink1URL"; Value = "https://ir.linkedin.com/in/mahdi-bagherzade"; VariantName = "[No Variations]"
Add component (AddParameter): Name = "Phone Number"; Value = "0915 8700 314"; VariantName = "[No Variations]"
Add component (AddParameter): Name = "Published Date"; Value = "9-15-2024"; VariantName = "[No Variations]"
Add component (AddParameter): Name = "Publisher"; Value = "Mahdi Bagherzadeh"; VariantName = "[No Variations]"
Add component (AddParameter): Name = "Size"; Value = "10x25"; VariantName = "[No Variations]"
Add component (AddParameter): Name = "Type"; Value = "THD"; VariantName = "[No Variations]"
Add component (AddParameter): Name = "Value"; Value = "1000uF"; VariantName = "[No Variations]"
Add component (AddParameter): Name = "Voltage"; Value = "25V"; VariantName = "[No Variations]"
Added Component: Designator=C46(CAP-Elec-6.3x12)
Add component (AddParameter): Name = "ComponentLink1Description"; Value = "Linkedin"; VariantName = "[No Variations]"
Add component (AddParameter): Name = "ComponentLink1URL"; Value = "https://ir.linkedin.com/in/mahdi-bagherzade"; VariantName = "[No Variations]"
Add component (AddParameter): Name = "Phone Number"; Value = "0915 8700 314"; VariantName = "[No Variations]"
Add component (AddParameter): Name = "Published Date"; Value = "9-15-2024"; VariantName = "[No Variations]"
Add component (AddParameter): Name = "Publisher"; Value = "Mahdi Bagherzadeh"; VariantName = "[No Variations]"
Add component (AddParameter): Name = "Size"; Value = "10x25"; VariantName = "[No Variations]"
Add component (AddParameter): Name = "Type"; Value = "THD"; VariantName = "[No Variations]"
Add component (AddParameter): Name = "Value"; Value = "1000uF"; VariantName = "[No Variations]"
Add component (AddParameter): Name = "Voltage"; Value = "10V"; VariantName = "[No Variations]"
Added Component: Designator=C47(C-0805)
Add component (AddParameter): Name = "ComponentLink1Description"; Value = "Linkedin"; VariantName = "[No Variations]"
Add component (AddParameter): Name = "ComponentLink1URL"; Value = "https://ir.linkedin.com/in/mahdi-bagherzade"; VariantName = "[No Variations]"
Add component (AddParameter): Name = "Phone Number"; Value = "0915 8700 314"; VariantName = "[No Variations]"
Add component (AddParameter): Name = "Published Date"; Value = "9-15-2024"; VariantName = "[No Variations]"
Add component (AddParameter): Name = "Publisher"; Value = "Mahdi Bagherzadeh"; VariantName = "[No Variations]"
Add component (AddParameter): Name = "Tolerance"; Value = "X7R"; VariantName = "[No Variations]"
Add component (AddParameter): Name = "Type"; Value = "SMD"; VariantName = "[No Variations]"
Add component (AddParameter): Name = "Value"; Value = "100nF"; VariantName = "[No Variations]"
Add component (AddParameter): Name = "Voltage"; Value = "50V"; VariantName = "[No Variations]"
Added Component: Designator=C48(C-0805)
Add component (AddParameter): Name = "ComponentLink1Description"; Value = "Linkedin"; VariantName = "[No Variations]"
Add component (AddParameter): Name = "ComponentLink1URL"; Value = "https://ir.linkedin.com/in/mahdi-bagherzade"; VariantName = "[No Variations]"
Add component (AddParameter): Name = "Phone Number"; Value = "0915 8700 314"; VariantName = "[No Variations]"
Add component (AddParameter): Name = "Published Date"; Value = "9-15-2024"; VariantName = "[No Variations]"
Add component (AddParameter): Name = "Publisher"; Value = "Mahdi Bagherzadeh"; VariantName = "[No Variations]"
Add component (AddParameter): Name = "Tolerance"; Value = "X7R"; VariantName = "[No Variations]"
Add component (AddParameter): Name = "Type"; Value = "SMD"; VariantName = "[No Variations]"
Add component (AddParameter): Name = "Value"; Value = "100nF"; VariantName = "[No Variations]"
Add component (AddParameter): Name = "Voltage"; Value = "50V"; VariantName = "[No Variations]"
Added Component: Designator=CN1_1(XH-5)
Add component (AddParameter): Name = "ComponentLink1Description"; Value = "Linkedin"; VariantName = "[No Variations]"
Add component (AddParameter): Name = "ComponentLink1URL"; Value = "https://ir.linkedin.com/in/mahdi-bagherzade"; VariantName = "[No Variations]"
Add component (AddParameter): Name = "Phone Number"; Value = "0915 8700 314"; VariantName = "[No Variations]"
Add component (AddParameter): Name = "Published Date"; Value = "9-15-2024"; VariantName = "[No Variations]"
Add component (AddParameter): Name = "Publisher"; Value = "Mahdi Bagherzadeh"; VariantName = "[No Variations]"
Add component (AddParameter): Name = "Size"; Value = "?mm"; VariantName = "[No Variations]"
Add component (AddParameter): Name = "Type"; Value = "Straight/Right-THD/SMD"; VariantName = "[No Variations]"
Add component (AddParameter): Name = "Value"; Value = "XH/VH/TE"; VariantName = "[No Variations]"
Added Component: Designator=CN1_2(XH-5)
Add component (AddParameter): Name = "ComponentLink1Description"; Value = "Linkedin"; VariantName = "[No Variations]"
Add component (AddParameter): Name = "ComponentLink1URL"; Value = "https://ir.linkedin.com/in/mahdi-bagherzade"; VariantName = "[No Variations]"
Add component (AddParameter): Name = "Phone Number"; Value = "0915 8700 314"; VariantName = "[No Variations]"
Add component (AddParameter): Name = "Published Date"; Value = "9-15-2024"; VariantName = "[No Variations]"
Add component (AddParameter): Name = "Publisher"; Value = "Mahdi Bagherzadeh"; VariantName = "[No Variations]"
Add component (AddParameter): Name = "Size"; Value = "?mm"; VariantName = "[No Variations]"
Add component (AddParameter): Name = "Type"; Value = "Straight/Right-THD/SMD"; VariantName = "[No Variations]"
Add component (AddParameter): Name = "Value"; Value = "XH/VH/TE"; VariantName = "[No Variations]"
Added Component: Designator=CN1_3(XH-5)
Add component (AddParameter): Name = "ComponentLink1Description"; Value = "Linkedin"; VariantName = "[No Variations]"
Add component (AddParameter): Name = "ComponentLink1URL"; Value = "https://ir.linkedin.com/in/mahdi-bagherzade"; VariantName = "[No Variations]"
Add component (AddParameter): Name = "Phone Number"; Value = "0915 8700 314"; VariantName = "[No Variations]"
Add component (AddParameter): Name = "Published Date"; Value = "9-15-2024"; VariantName = "[No Variations]"
Add component (AddParameter): Name = "Publisher"; Value = "Mahdi Bagherzadeh"; VariantName = "[No Variations]"
Add component (AddParameter): Name = "Size"; Value = "?mm"; VariantName = "[No Variations]"
Add component (AddParameter): Name = "Type"; Value = "Straight/Right-THD/SMD"; VariantName = "[No Variations]"
Add component (AddParameter): Name = "Value"; Value = "XH/VH/TE"; VariantName = "[No Variations]"
Added Component: Designator=CN1_4(XH-5)
Add component (AddParameter): Name = "ComponentLink1Description"; Value = "Linkedin"; VariantName = "[No Variations]"
Add component (AddParameter): Name = "ComponentLink1URL"; Value = "https://ir.linkedin.com/in/mahdi-bagherzade"; VariantName = "[No Variations]"
Add component (AddParameter): Name = "Phone Number"; Value = "0915 8700 314"; VariantName = "[No Variations]"
Add component (AddParameter): Name = "Published Date"; Value = "9-15-2024"; VariantName = "[No Variations]"
Add component (AddParameter): Name = "Publisher"; Value = "Mahdi Bagherzadeh"; VariantName = "[No Variations]"
Add component (AddParameter): Name = "Size"; Value = "?mm"; VariantName = "[No Variations]"
Add component (AddParameter): Name = "Type"; Value = "Straight/Right-THD/SMD"; VariantName = "[No Variations]"
Add component (AddParameter): Name = "Value"; Value = "XH/VH/TE"; VariantName = "[No Variations]"
Added Component: Designator=CN1_5(XH-5)
Add component (AddParameter): Name = "ComponentLink1Description"; Value = "Linkedin"; VariantName = "[No Variations]"
Add component (AddParameter): Name = "ComponentLink1URL"; Value = "https://ir.linkedin.com/in/mahdi-bagherzade"; VariantName = "[No Variations]"
Add component (AddParameter): Name = "Phone Number"; Value = "0915 8700 314"; VariantName = "[No Variations]"
Add component (AddParameter): Name = "Published Date"; Value = "9-15-2024"; VariantName = "[No Variations]"
Add component (AddParameter): Name = "Publisher"; Value = "Mahdi Bagherzadeh"; VariantName = "[No Variations]"
Add component (AddParameter): Name = "Size"; Value = "?mm"; VariantName = "[No Variations]"
Add component (AddParameter): Name = "Type"; Value = "Straight/Right-THD/SMD"; VariantName = "[No Variations]"
Add component (AddParameter): Name = "Value"; Value = "XH/VH/TE"; VariantName = "[No Variations]"
Added Component: Designator=CN1_6(XH-5)
Add component (AddParameter): Name = "ComponentLink1Description"; Value = "Linkedin"; VariantName = "[No Variations]"
Add component (AddParameter): Name = "ComponentLink1URL"; Value = "https://ir.linkedin.com/in/mahdi-bagherzade"; VariantName = "[No Variations]"
Add component (AddParameter): Name = "Phone Number"; Value = "0915 8700 314"; VariantName = "[No Variations]"
Add component (AddParameter): Name = "Published Date"; Value = "9-15-2024"; VariantName = "[No Variations]"
Add component (AddParameter): Name = "Publisher"; Value = "Mahdi Bagherzadeh"; VariantName = "[No Variations]"
Add component (AddParameter): Name = "Size"; Value = "?mm"; VariantName = "[No Variations]"
Add component (AddParameter): Name = "Type"; Value = "Straight/Right-THD/SMD"; VariantName = "[No Variations]"
Add component (AddParameter): Name = "Value"; Value = "XH/VH/TE"; VariantName = "[No Variations]"
Added Component: Designator=CN1_7(XH-5)
Add component (AddParameter): Name = "ComponentLink1Description"; Value = "Linkedin"; VariantName = "[No Variations]"
Add component (AddParameter): Name = "ComponentLink1URL"; Value = "https://ir.linkedin.com/in/mahdi-bagherzade"; VariantName = "[No Variations]"
Add component (AddParameter): Name = "Phone Number"; Value = "0915 8700 314"; VariantName = "[No Variations]"
Add component (AddParameter): Name = "Published Date"; Value = "9-15-2024"; VariantName = "[No Variations]"
Add component (AddParameter): Name = "Publisher"; Value = "Mahdi Bagherzadeh"; VariantName = "[No Variations]"
Add component (AddParameter): Name = "Size"; Value = "?mm"; VariantName = "[No Variations]"
Add component (AddParameter): Name = "Type"; Value = "Straight/Right-THD/SMD"; VariantName = "[No Variations]"
Add component (AddParameter): Name = "Value"; Value = "XH/VH/TE"; VariantName = "[No Variations]"
Added Component: Designator=CN1_8(XH-5)
Add component (AddParameter): Name = "ComponentLink1Description"; Value = "Linkedin"; VariantName = "[No Variations]"
Add component (AddParameter): Name = "ComponentLink1URL"; Value = "https://ir.linkedin.com/in/mahdi-bagherzade"; VariantName = "[No Variations]"
Add component (AddParameter): Name = "Phone Number"; Value = "0915 8700 314"; VariantName = "[No Variations]"
Add component (AddParameter): Name = "Published Date"; Value = "9-15-2024"; VariantName = "[No Variations]"
Add component (AddParameter): Name = "Publisher"; Value = "Mahdi Bagherzadeh"; VariantName = "[No Variations]"
Add component (AddParameter): Name = "Size"; Value = "?mm"; VariantName = "[No Variations]"
Add component (AddParameter): Name = "Type"; Value = "Straight/Right-THD/SMD"; VariantName = "[No Variations]"
Add component (AddParameter): Name = "Value"; Value = "XH/VH/TE"; VariantName = "[No Variations]"
Added Component: Designator=CN2(XH-2)
Add component (AddParameter): Name = "ComponentLink1Description"; Value = "Linkedin"; VariantName = "[No Variations]"
Add component (AddParameter): Name = "ComponentLink1URL"; Value = "https://ir.linkedin.com/in/mahdi-bagherzade"; VariantName = "[No Variations]"
Add component (AddParameter): Name = "Phone Number"; Value = "0915 8700 314"; VariantName = "[No Variations]"
Add component (AddParameter): Name = "Published Date"; Value = "9-15-2024"; VariantName = "[No Variations]"
Add component (AddParameter): Name = "Publisher"; Value = "Mahdi Bagherzadeh"; VariantName = "[No Variations]"
Add component (AddParameter): Name = "VALUE"; Value = ""; VariantName = "[No Variations]"
Added Component: Designator=CN3(CN-FPC-40-0.5mm-hor)
Add component (AddParameter): Name = "ComponentLink1Description"; Value = "Linkedin"; VariantName = "[No Variations]"
Add component (AddParameter): Name = "ComponentLink1URL"; Value = "https://ir.linkedin.com/in/mahdi-bagherzade"; VariantName = "[No Variations]"
Add component (AddParameter): Name = "Phone Number"; Value = "0915 8700 314"; VariantName = "[No Variations]"
Add component (AddParameter): Name = "Published Date"; Value = "9-15-2024"; VariantName = "[No Variations]"
Add component (AddParameter): Name = "Publisher"; Value = "Mahdi Bagherzadeh"; VariantName = "[No Variations]"
Add component (AddParameter): Name = "VALUE"; Value = ""; VariantName = "[No Variations]"
Added Component: Designator=CN4(XH-4)
Add component (AddParameter): Name = "ComponentLink1Description"; Value = "Linkedin"; VariantName = "[No Variations]"
Add component (AddParameter): Name = "ComponentLink1URL"; Value = "https://ir.linkedin.com/in/mahdi-bagherzade"; VariantName = "[No Variations]"
Add component (AddParameter): Name = "Phone Number"; Value = "0915 8700 314"; VariantName = "[No Variations]"
Add component (AddParameter): Name = "Published Date"; Value = "9-15-2024"; VariantName = "[No Variations]"
Add component (AddParameter): Name = "Publisher"; Value = "Mahdi Bagherzadeh"; VariantName = "[No Variations]"
Add component (AddParameter): Name = "Size"; Value = "?mm"; VariantName = "[No Variations]"
Add component (AddParameter): Name = "Type"; Value = "Straight/Right-THD/SMD"; VariantName = "[No Variations]"
Add component (AddParameter): Name = "Value"; Value = "XH/VH/TE"; VariantName = "[No Variations]"
Added Component: Designator=CN5(XH-6)
Add component (AddParameter): Name = "ComponentLink1Description"; Value = "Linkedin"; VariantName = "[No Variations]"
Add component (AddParameter): Name = "ComponentLink1URL"; Value = "https://ir.linkedin.com/in/mahdi-bagherzade"; VariantName = "[No Variations]"
Add component (AddParameter): Name = "Phone Number"; Value = "0915 8700 314"; VariantName = "[No Variations]"
Add component (AddParameter): Name = "Published Date"; Value = "9-15-2024"; VariantName = "[No Variations]"
Add component (AddParameter): Name = "Publisher"; Value = "Mahdi Bagherzadeh"; VariantName = "[No Variations]"
Add component (AddParameter): Name = "Size"; Value = "?mm"; VariantName = "[No Variations]"
Add component (AddParameter): Name = "Type"; Value = "Straight/Right-THD/SMD"; VariantName = "[No Variations]"
Add component (AddParameter): Name = "Value"; Value = "XH/VH/TE"; VariantName = "[No Variations]"
Added Component: Designator=D1(SOD80)
Add component (AddParameter): Name = "Code"; Value = "1N4148"; VariantName = "[No Variations]"
Add component (AddParameter): Name = "ComponentLink1Description"; Value = "Linkedin"; VariantName = "[No Variations]"
Add component (AddParameter): Name = "ComponentLink1URL"; Value = "https://ir.linkedin.com/in/mahdi-bagherzade"; VariantName = "[No Variations]"
Add component (AddParameter): Name = "Phone Number"; Value = "0915 8700 314"; VariantName = "[No Variations]"
Add component (AddParameter): Name = "Published Date"; Value = "9-15-2024"; VariantName = "[No Variations]"
Add component (AddParameter): Name = "Publisher"; Value = "Mahdi Bagherzadeh"; VariantName = "[No Variations]"
Add component (AddParameter): Name = "Type"; Value = "SMD"; VariantName = "[No Variations]"
Added Component: Designator=D2(D-DO214)
Add component (AddParameter): Name = "Code"; Value = "1N5408"; VariantName = "[No Variations]"
Add component (AddParameter): Name = "ComponentLink1Description"; Value = "Linkedin"; VariantName = "[No Variations]"
Add component (AddParameter): Name = "ComponentLink1URL"; Value = "https://ir.linkedin.com/in/mahdi-bagherzade"; VariantName = "[No Variations]"
Add component (AddParameter): Name = "Phone Number"; Value = "0915 8700 314"; VariantName = "[No Variations]"
Add component (AddParameter): Name = "Published Date"; Value = "9-15-2024"; VariantName = "[No Variations]"
Add component (AddParameter): Name = "Publisher"; Value = "Mahdi Bagherzadeh"; VariantName = "[No Variations]"
Add component (AddParameter): Name = "Type"; Value = "SMD"; VariantName = "[No Variations]"
Added Component: Designator=FB1(FB-0805)
Add component (AddParameter): Name = "ComponentLink1Description"; Value = "Linkedin"; VariantName = "[No Variations]"
Add component (AddParameter): Name = "ComponentLink1URL"; Value = "https://ir.linkedin.com/in/mahdi-bagherzade"; VariantName = "[No Variations]"
Add component (AddParameter): Name = "Phone Number"; Value = "0915 8700 314"; VariantName = "[No Variations]"
Add component (AddParameter): Name = "Published Date"; Value = "9-15-2024"; VariantName = "[No Variations]"
Add component (AddParameter): Name = "Publisher"; Value = "Mahdi Bagherzadeh"; VariantName = "[No Variations]"
Add component (AddParameter): Name = "VALUE"; Value = ""; VariantName = "[No Variations]"
Added Component: Designator=FB2(FB-0805)
Add component (AddParameter): Name = "ComponentLink1Description"; Value = "Linkedin"; VariantName = "[No Variations]"
Add component (AddParameter): Name = "ComponentLink1URL"; Value = "https://ir.linkedin.com/in/mahdi-bagherzade"; VariantName = "[No Variations]"
Add component (AddParameter): Name = "Phone Number"; Value = "0915 8700 314"; VariantName = "[No Variations]"
Add component (AddParameter): Name = "Published Date"; Value = "9-15-2024"; VariantName = "[No Variations]"
Add component (AddParameter): Name = "Publisher"; Value = "Mahdi Bagherzadeh"; VariantName = "[No Variations]"
Add component (AddParameter): Name = "VALUE"; Value = ""; VariantName = "[No Variations]"
Added Component: Designator=FB3(FB-0805)
Add component (AddParameter): Name = "ComponentLink1Description"; Value = "Linkedin"; VariantName = "[No Variations]"
Add component (AddParameter): Name = "ComponentLink1URL"; Value = "https://ir.linkedin.com/in/mahdi-bagherzade"; VariantName = "[No Variations]"
Add component (AddParameter): Name = "Phone Number"; Value = "0915 8700 314"; VariantName = "[No Variations]"
Add component (AddParameter): Name = "Published Date"; Value = "9-15-2024"; VariantName = "[No Variations]"
Add component (AddParameter): Name = "Publisher"; Value = "Mahdi Bagherzadeh"; VariantName = "[No Variations]"
Add component (AddParameter): Name = "VALUE"; Value = ""; VariantName = "[No Variations]"
Added Component: Designator=FB4(FB-0805)
Add component (AddParameter): Name = "ComponentLink1Description"; Value = "Linkedin"; VariantName = "[No Variations]"
Add component (AddParameter): Name = "ComponentLink1URL"; Value = "https://ir.linkedin.com/in/mahdi-bagherzade"; VariantName = "[No Variations]"
Add component (AddParameter): Name = "Phone Number"; Value = "0915 8700 314"; VariantName = "[No Variations]"
Add component (AddParameter): Name = "Published Date"; Value = "9-15-2024"; VariantName = "[No Variations]"
Add component (AddParameter): Name = "Publisher"; Value = "Mahdi Bagherzadeh"; VariantName = "[No Variations]"
Added Component: Designator=FB5(FB-0805)
Add component (AddParameter): Name = "ComponentLink1Description"; Value = "Linkedin"; VariantName = "[No Variations]"
Add component (AddParameter): Name = "ComponentLink1URL"; Value = "https://ir.linkedin.com/in/mahdi-bagherzade"; VariantName = "[No Variations]"
Add component (AddParameter): Name = "Phone Number"; Value = "0915 8700 314"; VariantName = "[No Variations]"
Add component (AddParameter): Name = "Published Date"; Value = "9-15-2024"; VariantName = "[No Variations]"
Add component (AddParameter): Name = "Publisher"; Value = "Mahdi Bagherzadeh"; VariantName = "[No Variations]"
Add component (AddParameter): Name = "Type"; Value = "SMD"; VariantName = "[No Variations]"
Added Component: Designator=H1(H-3pin-M-S)
Add component (AddParameter): Name = "ComponentLink1Description"; Value = "Linkedin"; VariantName = "[No Variations]"
Add component (AddParameter): Name = "ComponentLink1URL"; Value = "https://ir.linkedin.com/in/mahdi-bagherzade"; VariantName = "[No Variations]"
Add component (AddParameter): Name = "Phone Number"; Value = "0915 8700 314"; VariantName = "[No Variations]"
Add component (AddParameter): Name = "Published Date"; Value = "9-15-2024"; VariantName = "[No Variations]"
Add component (AddParameter): Name = "Publisher"; Value = "Mahdi Bagherzadeh"; VariantName = "[No Variations]"
Add component (AddParameter): Name = "Type"; Value = "MALE-STRAIGHT"; VariantName = "[No Variations]"
Added Component: Designator=LED1(LED-1206-G)
Add component (AddParameter): Name = "ComponentLink1Description"; Value = "Linkedin"; VariantName = "[No Variations]"
Add component (AddParameter): Name = "ComponentLink1URL"; Value = "https://ir.linkedin.com/in/mahdi-bagherzade"; VariantName = "[No Variations]"
Add component (AddParameter): Name = "Phone Number"; Value = "0915 8700 314"; VariantName = "[No Variations]"
Add component (AddParameter): Name = "Published Date"; Value = "9-15-2024"; VariantName = "[No Variations]"
Add component (AddParameter): Name = "Publisher"; Value = "Mahdi Bagherzadeh"; VariantName = "[No Variations]"
Added Component: Designator=LED2(LED-1206-R)
Add component (AddParameter): Name = "Color"; Value = "RED"; VariantName = "[No Variations]"
Add component (AddParameter): Name = "ComponentLink1Description"; Value = "Linkedin"; VariantName = "[No Variations]"
Add component (AddParameter): Name = "ComponentLink1URL"; Value = "https://ir.linkedin.com/in/mahdi-bagherzade"; VariantName = "[No Variations]"
Add component (AddParameter): Name = "Phone Number"; Value = "0915 8700 314"; VariantName = "[No Variations]"
Add component (AddParameter): Name = "Published Date"; Value = "9-15-2024"; VariantName = "[No Variations]"
Add component (AddParameter): Name = "Publisher"; Value = "Mahdi Bagherzadeh"; VariantName = "[No Variations]"
Add component (AddParameter): Name = "Size"; Value = "0805"; VariantName = "[No Variations]"
Added Component: Designator=LED3(LED-1206-Y)
Add component (AddParameter): Name = "Color"; Value = "GREEN"; VariantName = "[No Variations]"
Add component (AddParameter): Name = "ComponentLink1Description"; Value = "Linkedin"; VariantName = "[No Variations]"
Add component (AddParameter): Name = "ComponentLink1URL"; Value = "https://ir.linkedin.com/in/mahdi-bagherzade"; VariantName = "[No Variations]"
Add component (AddParameter): Name = "Phone Number"; Value = "0915 8700 314"; VariantName = "[No Variations]"
Add component (AddParameter): Name = "Published Date"; Value = "9-15-2024"; VariantName = "[No Variations]"
Add component (AddParameter): Name = "Publisher"; Value = "Mahdi Bagherzadeh"; VariantName = "[No Variations]"
Add component (AddParameter): Name = "Size"; Value = "1206"; VariantName = "[No Variations]"
Add component (AddParameter): Name = "Type"; Value = "SMD"; VariantName = "[No Variations]"
Added Component: Designator=MIC1(MIC-2.2mm)
Add component (AddParameter): Name = "ComponentLink1Description"; Value = "Linkedin"; VariantName = "[No Variations]"
Add component (AddParameter): Name = "ComponentLink1URL"; Value = "https://ir.linkedin.com/in/mahdi-bagherzade"; VariantName = "[No Variations]"
Add component (AddParameter): Name = "Phone Number"; Value = "0915 8700 314"; VariantName = "[No Variations]"
Add component (AddParameter): Name = "Published Date"; Value = "9-15-2024"; VariantName = "[No Variations]"
Add component (AddParameter): Name = "Publisher"; Value = "Mahdi Bagherzadeh"; VariantName = "[No Variations]"
Added Component: Designator=NT1(NET TIE-3)
Add component (AddParameter): Name = "ComponentLink1Description"; Value = "Linkedin"; VariantName = "[No Variations]"
Add component (AddParameter): Name = "ComponentLink1URL"; Value = "https://ir.linkedin.com/in/mahdi-bagherzade"; VariantName = "[No Variations]"
Add component (AddParameter): Name = "Phone Number"; Value = "0915 8700 314"; VariantName = "[No Variations]"
Add component (AddParameter): Name = "Published Date"; Value = "9-15-2024"; VariantName = "[No Variations]"
Add component (AddParameter): Name = "Publisher"; Value = "Mahdi Bagherzadeh"; VariantName = "[No Variations]"
Added Component: Designator=Q1_1(TO92-lin)
Add component (AddParameter): Name = "Code"; Value = "J3Y"; VariantName = "[No Variations]"
Add component (AddParameter): Name = "ComponentLink1Description"; Value = "Linkedin"; VariantName = "[No Variations]"
Add component (AddParameter): Name = "ComponentLink1URL"; Value = "https://ir.linkedin.com/in/mahdi-bagherzade"; VariantName = "[No Variations]"
Add component (AddParameter): Name = "Phone Number"; Value = "0915 8700 314"; VariantName = "[No Variations]"
Add component (AddParameter): Name = "Published Date"; Value = "9-15-2024"; VariantName = "[No Variations]"
Add component (AddParameter): Name = "Publisher"; Value = "Mahdi Bagherzadeh"; VariantName = "[No Variations]"
Add component (AddParameter): Name = "Type"; Value = "SMD/THD"; VariantName = "[No Variations]"
Add component (AddParameter): Name = "Value"; Value = "S8050"; VariantName = "[No Variations]"
Added Component: Designator=Q1_2(TO92-lin)
Add component (AddParameter): Name = "Code"; Value = "J3Y"; VariantName = "[No Variations]"
Add component (AddParameter): Name = "ComponentLink1Description"; Value = "Linkedin"; VariantName = "[No Variations]"
Add component (AddParameter): Name = "ComponentLink1URL"; Value = "https://ir.linkedin.com/in/mahdi-bagherzade"; VariantName = "[No Variations]"
Add component (AddParameter): Name = "Phone Number"; Value = "0915 8700 314"; VariantName = "[No Variations]"
Add component (AddParameter): Name = "Published Date"; Value = "9-15-2024"; VariantName = "[No Variations]"
Add component (AddParameter): Name = "Publisher"; Value = "Mahdi Bagherzadeh"; VariantName = "[No Variations]"
Add component (AddParameter): Name = "Type"; Value = "SMD/THD"; VariantName = "[No Variations]"
Add component (AddParameter): Name = "Value"; Value = "S8050"; VariantName = "[No Variations]"
Added Component: Designator=Q1_3(TO92-lin)
Add component (AddParameter): Name = "Code"; Value = "J3Y"; VariantName = "[No Variations]"
Add component (AddParameter): Name = "ComponentLink1Description"; Value = "Linkedin"; VariantName = "[No Variations]"
Add component (AddParameter): Name = "ComponentLink1URL"; Value = "https://ir.linkedin.com/in/mahdi-bagherzade"; VariantName = "[No Variations]"
Add component (AddParameter): Name = "Phone Number"; Value = "0915 8700 314"; VariantName = "[No Variations]"
Add component (AddParameter): Name = "Published Date"; Value = "9-15-2024"; VariantName = "[No Variations]"
Add component (AddParameter): Name = "Publisher"; Value = "Mahdi Bagherzadeh"; VariantName = "[No Variations]"
Add component (AddParameter): Name = "Type"; Value = "SMD/THD"; VariantName = "[No Variations]"
Add component (AddParameter): Name = "Value"; Value = "S8050"; VariantName = "[No Variations]"
Added Component: Designator=Q1_4(TO92-lin)
Add component (AddParameter): Name = "Code"; Value = "J3Y"; VariantName = "[No Variations]"
Add component (AddParameter): Name = "ComponentLink1Description"; Value = "Linkedin"; VariantName = "[No Variations]"
Add component (AddParameter): Name = "ComponentLink1URL"; Value = "https://ir.linkedin.com/in/mahdi-bagherzade"; VariantName = "[No Variations]"
Add component (AddParameter): Name = "Phone Number"; Value = "0915 8700 314"; VariantName = "[No Variations]"
Add component (AddParameter): Name = "Published Date"; Value = "9-15-2024"; VariantName = "[No Variations]"
Add component (AddParameter): Name = "Publisher"; Value = "Mahdi Bagherzadeh"; VariantName = "[No Variations]"
Add component (AddParameter): Name = "Type"; Value = "SMD/THD"; VariantName = "[No Variations]"
Add component (AddParameter): Name = "Value"; Value = "S8050"; VariantName = "[No Variations]"
Added Component: Designator=Q1_5(TO92-lin)
Add component (AddParameter): Name = "Code"; Value = "J3Y"; VariantName = "[No Variations]"
Add component (AddParameter): Name = "ComponentLink1Description"; Value = "Linkedin"; VariantName = "[No Variations]"
Add component (AddParameter): Name = "ComponentLink1URL"; Value = "https://ir.linkedin.com/in/mahdi-bagherzade"; VariantName = "[No Variations]"
Add component (AddParameter): Name = "Phone Number"; Value = "0915 8700 314"; VariantName = "[No Variations]"
Add component (AddParameter): Name = "Published Date"; Value = "9-15-2024"; VariantName = "[No Variations]"
Add component (AddParameter): Name = "Publisher"; Value = "Mahdi Bagherzadeh"; VariantName = "[No Variations]"
Add component (AddParameter): Name = "Type"; Value = "SMD/THD"; VariantName = "[No Variations]"
Add component (AddParameter): Name = "Value"; Value = "S8050"; VariantName = "[No Variations]"
Added Component: Designator=Q1_6(TO92-lin)
Add component (AddParameter): Name = "Code"; Value = "J3Y"; VariantName = "[No Variations]"
Add component (AddParameter): Name = "ComponentLink1Description"; Value = "Linkedin"; VariantName = "[No Variations]"
Add component (AddParameter): Name = "ComponentLink1URL"; Value = "https://ir.linkedin.com/in/mahdi-bagherzade"; VariantName = "[No Variations]"
Add component (AddParameter): Name = "Phone Number"; Value = "0915 8700 314"; VariantName = "[No Variations]"
Add component (AddParameter): Name = "Published Date"; Value = "9-15-2024"; VariantName = "[No Variations]"
Add component (AddParameter): Name = "Publisher"; Value = "Mahdi Bagherzadeh"; VariantName = "[No Variations]"
Add component (AddParameter): Name = "Type"; Value = "SMD/THD"; VariantName = "[No Variations]"
Add component (AddParameter): Name = "Value"; Value = "S8050"; VariantName = "[No Variations]"
Added Component: Designator=Q1_7(TO92-lin)
Add component (AddParameter): Name = "Code"; Value = "J3Y"; VariantName = "[No Variations]"
Add component (AddParameter): Name = "ComponentLink1Description"; Value = "Linkedin"; VariantName = "[No Variations]"
Add component (AddParameter): Name = "ComponentLink1URL"; Value = "https://ir.linkedin.com/in/mahdi-bagherzade"; VariantName = "[No Variations]"
Add component (AddParameter): Name = "Phone Number"; Value = "0915 8700 314"; VariantName = "[No Variations]"
Add component (AddParameter): Name = "Published Date"; Value = "9-15-2024"; VariantName = "[No Variations]"
Add component (AddParameter): Name = "Publisher"; Value = "Mahdi Bagherzadeh"; VariantName = "[No Variations]"
Add component (AddParameter): Name = "Type"; Value = "SMD/THD"; VariantName = "[No Variations]"
Add component (AddParameter): Name = "Value"; Value = "S8050"; VariantName = "[No Variations]"
Added Component: Designator=Q1_8(TO92-lin)
Add component (AddParameter): Name = "Code"; Value = "J3Y"; VariantName = "[No Variations]"
Add component (AddParameter): Name = "ComponentLink1Description"; Value = "Linkedin"; VariantName = "[No Variations]"
Add component (AddParameter): Name = "ComponentLink1URL"; Value = "https://ir.linkedin.com/in/mahdi-bagherzade"; VariantName = "[No Variations]"
Add component (AddParameter): Name = "Phone Number"; Value = "0915 8700 314"; VariantName = "[No Variations]"
Add component (AddParameter): Name = "Published Date"; Value = "9-15-2024"; VariantName = "[No Variations]"
Add component (AddParameter): Name = "Publisher"; Value = "Mahdi Bagherzadeh"; VariantName = "[No Variations]"
Add component (AddParameter): Name = "Type"; Value = "SMD/THD"; VariantName = "[No Variations]"
Add component (AddParameter): Name = "Value"; Value = "S8050"; VariantName = "[No Variations]"
Added Component: Designator=Q2_1(TO92-lin)
Add component (AddParameter): Name = "Code"; Value = "1P"; VariantName = "[No Variations]"
Add component (AddParameter): Name = "ComponentLink1Description"; Value = "Linkedin"; VariantName = "[No Variations]"
Add component (AddParameter): Name = "ComponentLink1URL"; Value = "https://ir.linkedin.com/in/mahdi-bagherzade"; VariantName = "[No Variations]"
Add component (AddParameter): Name = "Phone Number"; Value = "0915 8700 314"; VariantName = "[No Variations]"
Add component (AddParameter): Name = "Published Date"; Value = "9-15-2024"; VariantName = "[No Variations]"
Add component (AddParameter): Name = "Publisher"; Value = "Mahdi Bagherzadeh"; VariantName = "[No Variations]"
Add component (AddParameter): Name = "Type"; Value = "SMD"; VariantName = "[No Variations]"
Add component (AddParameter): Name = "Value"; Value = "2N2222"; VariantName = "[No Variations]"
Added Component: Designator=Q2_2(TO92-lin)
Add component (AddParameter): Name = "Code"; Value = "1P"; VariantName = "[No Variations]"
Add component (AddParameter): Name = "ComponentLink1Description"; Value = "Linkedin"; VariantName = "[No Variations]"
Add component (AddParameter): Name = "ComponentLink1URL"; Value = "https://ir.linkedin.com/in/mahdi-bagherzade"; VariantName = "[No Variations]"
Add component (AddParameter): Name = "Phone Number"; Value = "0915 8700 314"; VariantName = "[No Variations]"
Add component (AddParameter): Name = "Published Date"; Value = "9-15-2024"; VariantName = "[No Variations]"
Add component (AddParameter): Name = "Publisher"; Value = "Mahdi Bagherzadeh"; VariantName = "[No Variations]"
Add component (AddParameter): Name = "Type"; Value = "SMD"; VariantName = "[No Variations]"
Add component (AddParameter): Name = "Value"; Value = "2N2222"; VariantName = "[No Variations]"
Added Component: Designator=Q2_3(TO92-lin)
Add component (AddParameter): Name = "Code"; Value = "1P"; VariantName = "[No Variations]"
Add component (AddParameter): Name = "ComponentLink1Description"; Value = "Linkedin"; VariantName = "[No Variations]"
Add component (AddParameter): Name = "ComponentLink1URL"; Value = "https://ir.linkedin.com/in/mahdi-bagherzade"; VariantName = "[No Variations]"
Add component (AddParameter): Name = "Phone Number"; Value = "0915 8700 314"; VariantName = "[No Variations]"
Add component (AddParameter): Name = "Published Date"; Value = "9-15-2024"; VariantName = "[No Variations]"
Add component (AddParameter): Name = "Publisher"; Value = "Mahdi Bagherzadeh"; VariantName = "[No Variations]"
Add component (AddParameter): Name = "Type"; Value = "SMD"; VariantName = "[No Variations]"
Add component (AddParameter): Name = "Value"; Value = "2N2222"; VariantName = "[No Variations]"
Added Component: Designator=Q2_4(TO92-lin)
Add component (AddParameter): Name = "Code"; Value = "1P"; VariantName = "[No Variations]"
Add component (AddParameter): Name = "ComponentLink1Description"; Value = "Linkedin"; VariantName = "[No Variations]"
Add component (AddParameter): Name = "ComponentLink1URL"; Value = "https://ir.linkedin.com/in/mahdi-bagherzade"; VariantName = "[No Variations]"
Add component (AddParameter): Name = "Phone Number"; Value = "0915 8700 314"; VariantName = "[No Variations]"
Add component (AddParameter): Name = "Published Date"; Value = "9-15-2024"; VariantName = "[No Variations]"
Add component (AddParameter): Name = "Publisher"; Value = "Mahdi Bagherzadeh"; VariantName = "[No Variations]"
Add component (AddParameter): Name = "Type"; Value = "SMD"; VariantName = "[No Variations]"
Add component (AddParameter): Name = "Value"; Value = "2N2222"; VariantName = "[No Variations]"
Added Component: Designator=Q2_5(TO92-lin)
Add component (AddParameter): Name = "Code"; Value = "1P"; VariantName = "[No Variations]"
Add component (AddParameter): Name = "ComponentLink1Description"; Value = "Linkedin"; VariantName = "[No Variations]"
Add component (AddParameter): Name = "ComponentLink1URL"; Value = "https://ir.linkedin.com/in/mahdi-bagherzade"; VariantName = "[No Variations]"
Add component (AddParameter): Name = "Phone Number"; Value = "0915 8700 314"; VariantName = "[No Variations]"
Add component (AddParameter): Name = "Published Date"; Value = "9-15-2024"; VariantName = "[No Variations]"
Add component (AddParameter): Name = "Publisher"; Value = "Mahdi Bagherzadeh"; VariantName = "[No Variations]"
Add component (AddParameter): Name = "Type"; Value = "SMD"; VariantName = "[No Variations]"
Add component (AddParameter): Name = "Value"; Value = "2N2222"; VariantName = "[No Variations]"
Added Component: Designator=Q2_6(TO92-lin)
Add component (AddParameter): Name = "Code"; Value = "1P"; VariantName = "[No Variations]"
Add component (AddParameter): Name = "ComponentLink1Description"; Value = "Linkedin"; VariantName = "[No Variations]"
Add component (AddParameter): Name = "ComponentLink1URL"; Value = "https://ir.linkedin.com/in/mahdi-bagherzade"; VariantName = "[No Variations]"
Add component (AddParameter): Name = "Phone Number"; Value = "0915 8700 314"; VariantName = "[No Variations]"
Add component (AddParameter): Name = "Published Date"; Value = "9-15-2024"; VariantName = "[No Variations]"
Add component (AddParameter): Name = "Publisher"; Value = "Mahdi Bagherzadeh"; VariantName = "[No Variations]"
Add component (AddParameter): Name = "Type"; Value = "SMD"; VariantName = "[No Variations]"
Add component (AddParameter): Name = "Value"; Value = "2N2222"; VariantName = "[No Variations]"
Added Component: Designator=Q2_7(TO92-lin)
Add component (AddParameter): Name = "Code"; Value = "1P"; VariantName = "[No Variations]"
Add component (AddParameter): Name = "ComponentLink1Description"; Value = "Linkedin"; VariantName = "[No Variations]"
Add component (AddParameter): Name = "ComponentLink1URL"; Value = "https://ir.linkedin.com/in/mahdi-bagherzade"; VariantName = "[No Variations]"
Add component (AddParameter): Name = "Phone Number"; Value = "0915 8700 314"; VariantName = "[No Variations]"
Add component (AddParameter): Name = "Published Date"; Value = "9-15-2024"; VariantName = "[No Variations]"
Add component (AddParameter): Name = "Publisher"; Value = "Mahdi Bagherzadeh"; VariantName = "[No Variations]"
Add component (AddParameter): Name = "Type"; Value = "SMD"; VariantName = "[No Variations]"
Add component (AddParameter): Name = "Value"; Value = "2N2222"; VariantName = "[No Variations]"
Added Component: Designator=Q2_8(TO92-lin)
Add component (AddParameter): Name = "Code"; Value = "1P"; VariantName = "[No Variations]"
Add component (AddParameter): Name = "ComponentLink1Description"; Value = "Linkedin"; VariantName = "[No Variations]"
Add component (AddParameter): Name = "ComponentLink1URL"; Value = "https://ir.linkedin.com/in/mahdi-bagherzade"; VariantName = "[No Variations]"
Add component (AddParameter): Name = "Phone Number"; Value = "0915 8700 314"; VariantName = "[No Variations]"
Add component (AddParameter): Name = "Published Date"; Value = "9-15-2024"; VariantName = "[No Variations]"
Add component (AddParameter): Name = "Publisher"; Value = "Mahdi Bagherzadeh"; VariantName = "[No Variations]"
Add component (AddParameter): Name = "Type"; Value = "SMD"; VariantName = "[No Variations]"
Add component (AddParameter): Name = "Value"; Value = "2N2222"; VariantName = "[No Variations]"
Added Component: Designator=Q3(SOT23-213)
Add component (AddParameter): Name = "ComponentLink1Description"; Value = "Linkedin"; VariantName = "[No Variations]"
Add component (AddParameter): Name = "ComponentLink1URL"; Value = "https://ir.linkedin.com/in/mahdi-bagherzade"; VariantName = "[No Variations]"
Add component (AddParameter): Name = "Phone Number"; Value = "0915 8700 314"; VariantName = "[No Variations]"
Add component (AddParameter): Name = "Published Date"; Value = "9-15-2024"; VariantName = "[No Variations]"
Add component (AddParameter): Name = "Publisher"; Value = "Mahdi Bagherzadeh"; VariantName = "[No Variations]"
Add component (AddParameter): Name = "VALUE"; Value = ""; VariantName = "[No Variations]"
Added Component: Designator=R1_1(R-0805)
Add component (AddParameter): Name = "ComponentLink1Description"; Value = "Linkedin"; VariantName = "[No Variations]"
Add component (AddParameter): Name = "ComponentLink1URL"; Value = "https://ir.linkedin.com/in/mahdi-bagherzade"; VariantName = "[No Variations]"
Add component (AddParameter): Name = "Phone Number"; Value = "0915 8700 314"; VariantName = "[No Variations]"
Add component (AddParameter): Name = "Power"; Value = "1/8W"; VariantName = "[No Variations]"
Add component (AddParameter): Name = "Published Date"; Value = "9-15-2024"; VariantName = "[No Variations]"
Add component (AddParameter): Name = "Publisher"; Value = "Mahdi Bagherzadeh"; VariantName = "[No Variations]"
Add component (AddParameter): Name = "Tolerance"; Value = "5%"; VariantName = "[No Variations]"
Add component (AddParameter): Name = "Value"; Value = "10K"; VariantName = "[No Variations]"
Added Component: Designator=R1_2(R-0805)
Add component (AddParameter): Name = "ComponentLink1Description"; Value = "Linkedin"; VariantName = "[No Variations]"
Add component (AddParameter): Name = "ComponentLink1URL"; Value = "https://ir.linkedin.com/in/mahdi-bagherzade"; VariantName = "[No Variations]"
Add component (AddParameter): Name = "Phone Number"; Value = "0915 8700 314"; VariantName = "[No Variations]"
Add component (AddParameter): Name = "Power"; Value = "1/8W"; VariantName = "[No Variations]"
Add component (AddParameter): Name = "Published Date"; Value = "9-15-2024"; VariantName = "[No Variations]"
Add component (AddParameter): Name = "Publisher"; Value = "Mahdi Bagherzadeh"; VariantName = "[No Variations]"
Add component (AddParameter): Name = "Tolerance"; Value = "5%"; VariantName = "[No Variations]"
Add component (AddParameter): Name = "Value"; Value = "10K"; VariantName = "[No Variations]"
Added Component: Designator=R1_3(R-0805)
Add component (AddParameter): Name = "ComponentLink1Description"; Value = "Linkedin"; VariantName = "[No Variations]"
Add component (AddParameter): Name = "ComponentLink1URL"; Value = "https://ir.linkedin.com/in/mahdi-bagherzade"; VariantName = "[No Variations]"
Add component (AddParameter): Name = "Phone Number"; Value = "0915 8700 314"; VariantName = "[No Variations]"
Add component (AddParameter): Name = "Power"; Value = "1/8W"; VariantName = "[No Variations]"
Add component (AddParameter): Name = "Published Date"; Value = "9-15-2024"; VariantName = "[No Variations]"
Add component (AddParameter): Name = "Publisher"; Value = "Mahdi Bagherzadeh"; VariantName = "[No Variations]"
Add component (AddParameter): Name = "Tolerance"; Value = "5%"; VariantName = "[No Variations]"
Add component (AddParameter): Name = "Value"; Value = "10K"; VariantName = "[No Variations]"
Added Component: Designator=R2_1(R-0805)
Add component (AddParameter): Name = "ComponentLink1Description"; Value = "Linkedin"; VariantName = "[No Variations]"
Add component (AddParameter): Name = "ComponentLink1URL"; Value = "https://ir.linkedin.com/in/mahdi-bagherzade"; VariantName = "[No Variations]"
Add component (AddParameter): Name = "Phone Number"; Value = "0915 8700 314"; VariantName = "[No Variations]"
Add component (AddParameter): Name = "Power"; Value = "1/8W"; VariantName = "[No Variations]"
Add component (AddParameter): Name = "Published Date"; Value = "9-15-2024"; VariantName = "[No Variations]"
Add component (AddParameter): Name = "Publisher"; Value = "Mahdi Bagherzadeh"; VariantName = "[No Variations]"
Add component (AddParameter): Name = "Tolerance"; Value = "5%"; VariantName = "[No Variations]"
Add component (AddParameter): Name = "Value"; Value = "100R"; VariantName = "[No Variations]"
Added Component: Designator=R2_2(R-0805)
Add component (AddParameter): Name = "ComponentLink1Description"; Value = "Linkedin"; VariantName = "[No Variations]"
Add component (AddParameter): Name = "ComponentLink1URL"; Value = "https://ir.linkedin.com/in/mahdi-bagherzade"; VariantName = "[No Variations]"
Add component (AddParameter): Name = "Phone Number"; Value = "0915 8700 314"; VariantName = "[No Variations]"
Add component (AddParameter): Name = "Power"; Value = "1/8W"; VariantName = "[No Variations]"
Add component (AddParameter): Name = "Published Date"; Value = "9-15-2024"; VariantName = "[No Variations]"
Add component (AddParameter): Name = "Publisher"; Value = "Mahdi Bagherzadeh"; VariantName = "[No Variations]"
Add component (AddParameter): Name = "Tolerance"; Value = "5%"; VariantName = "[No Variations]"
Add component (AddParameter): Name = "Value"; Value = "100R"; VariantName = "[No Variations]"
Added Component: Designator=R2_3(R-0805)
Add component (AddParameter): Name = "ComponentLink1Description"; Value = "Linkedin"; VariantName = "[No Variations]"
Add component (AddParameter): Name = "ComponentLink1URL"; Value = "https://ir.linkedin.com/in/mahdi-bagherzade"; VariantName = "[No Variations]"
Add component (AddParameter): Name = "Phone Number"; Value = "0915 8700 314"; VariantName = "[No Variations]"
Add component (AddParameter): Name = "Power"; Value = "1/8W"; VariantName = "[No Variations]"
Add component (AddParameter): Name = "Published Date"; Value = "9-15-2024"; VariantName = "[No Variations]"
Add component (AddParameter): Name = "Publisher"; Value = "Mahdi Bagherzadeh"; VariantName = "[No Variations]"
Add component (AddParameter): Name = "Tolerance"; Value = "5%"; VariantName = "[No Variations]"
Add component (AddParameter): Name = "Value"; Value = "100R"; VariantName = "[No Variations]"
Added Component: Designator=R2_4(R-0805)
Add component (AddParameter): Name = "ComponentLink1Description"; Value = "Linkedin"; VariantName = "[No Variations]"
Add component (AddParameter): Name = "ComponentLink1URL"; Value = "https://ir.linkedin.com/in/mahdi-bagherzade"; VariantName = "[No Variations]"
Add component (AddParameter): Name = "Phone Number"; Value = "0915 8700 314"; VariantName = "[No Variations]"
Add component (AddParameter): Name = "Power"; Value = "1/8W"; VariantName = "[No Variations]"
Add component (AddParameter): Name = "Published Date"; Value = "9-15-2024"; VariantName = "[No Variations]"
Add component (AddParameter): Name = "Publisher"; Value = "Mahdi Bagherzadeh"; VariantName = "[No Variations]"
Add component (AddParameter): Name = "Tolerance"; Value = "5%"; VariantName = "[No Variations]"
Add component (AddParameter): Name = "Value"; Value = "100R"; VariantName = "[No Variations]"
Added Component: Designator=R2_5(R-0805)
Add component (AddParameter): Name = "ComponentLink1Description"; Value = "Linkedin"; VariantName = "[No Variations]"
Add component (AddParameter): Name = "ComponentLink1URL"; Value = "https://ir.linkedin.com/in/mahdi-bagherzade"; VariantName = "[No Variations]"
Add component (AddParameter): Name = "Phone Number"; Value = "0915 8700 314"; VariantName = "[No Variations]"
Add component (AddParameter): Name = "Power"; Value = "1/8W"; VariantName = "[No Variations]"
Add component (AddParameter): Name = "Published Date"; Value = "9-15-2024"; VariantName = "[No Variations]"
Add component (AddParameter): Name = "Publisher"; Value = "Mahdi Bagherzadeh"; VariantName = "[No Variations]"
Add component (AddParameter): Name = "Tolerance"; Value = "5%"; VariantName = "[No Variations]"
Add component (AddParameter): Name = "Value"; Value = "100R"; VariantName = "[No Variations]"
Added Component: Designator=R2_6(R-0805)
Add component (AddParameter): Name = "ComponentLink1Description"; Value = "Linkedin"; VariantName = "[No Variations]"
Add component (AddParameter): Name = "ComponentLink1URL"; Value = "https://ir.linkedin.com/in/mahdi-bagherzade"; VariantName = "[No Variations]"
Add component (AddParameter): Name = "Phone Number"; Value = "0915 8700 314"; VariantName = "[No Variations]"
Add component (AddParameter): Name = "Power"; Value = "1/8W"; VariantName = "[No Variations]"
Add component (AddParameter): Name = "Published Date"; Value = "9-15-2024"; VariantName = "[No Variations]"
Add component (AddParameter): Name = "Publisher"; Value = "Mahdi Bagherzadeh"; VariantName = "[No Variations]"
Add component (AddParameter): Name = "Tolerance"; Value = "5%"; VariantName = "[No Variations]"
Add component (AddParameter): Name = "Value"; Value = "100R"; VariantName = "[No Variations]"
Added Component: Designator=R2_7(R-0805)
Add component (AddParameter): Name = "ComponentLink1Description"; Value = "Linkedin"; VariantName = "[No Variations]"
Add component (AddParameter): Name = "ComponentLink1URL"; Value = "https://ir.linkedin.com/in/mahdi-bagherzade"; VariantName = "[No Variations]"
Add component (AddParameter): Name = "Phone Number"; Value = "0915 8700 314"; VariantName = "[No Variations]"
Add component (AddParameter): Name = "Power"; Value = "1/8W"; VariantName = "[No Variations]"
Add component (AddParameter): Name = "Published Date"; Value = "9-15-2024"; VariantName = "[No Variations]"
Add component (AddParameter): Name = "Publisher"; Value = "Mahdi Bagherzadeh"; VariantName = "[No Variations]"
Add component (AddParameter): Name = "Tolerance"; Value = "5%"; VariantName = "[No Variations]"
Add component (AddParameter): Name = "Value"; Value = "100R"; VariantName = "[No Variations]"
Added Component: Designator=R2_8(R-0805)
Add component (AddParameter): Name = "ComponentLink1Description"; Value = "Linkedin"; VariantName = "[No Variations]"
Add component (AddParameter): Name = "ComponentLink1URL"; Value = "https://ir.linkedin.com/in/mahdi-bagherzade"; VariantName = "[No Variations]"
Add component (AddParameter): Name = "Phone Number"; Value = "0915 8700 314"; VariantName = "[No Variations]"
Add component (AddParameter): Name = "Power"; Value = "1/8W"; VariantName = "[No Variations]"
Add component (AddParameter): Name = "Published Date"; Value = "9-15-2024"; VariantName = "[No Variations]"
Add component (AddParameter): Name = "Publisher"; Value = "Mahdi Bagherzadeh"; VariantName = "[No Variations]"
Add component (AddParameter): Name = "Tolerance"; Value = "5%"; VariantName = "[No Variations]"
Add component (AddParameter): Name = "Value"; Value = "100R"; VariantName = "[No Variations]"
Added Component: Designator=R3_1(R-0805)
Add component (AddParameter): Name = "ComponentLink1Description"; Value = "Linkedin"; VariantName = "[No Variations]"
Add component (AddParameter): Name = "ComponentLink1URL"; Value = "https://ir.linkedin.com/in/mahdi-bagherzade"; VariantName = "[No Variations]"
Add component (AddParameter): Name = "Phone Number"; Value = "0915 8700 314"; VariantName = "[No Variations]"
Add component (AddParameter): Name = "Power"; Value = "1/8W"; VariantName = "[No Variations]"
Add component (AddParameter): Name = "Published Date"; Value = "9-15-2024"; VariantName = "[No Variations]"
Add component (AddParameter): Name = "Publisher"; Value = "Mahdi Bagherzadeh"; VariantName = "[No Variations]"
Add component (AddParameter): Name = "Tolerance"; Value = "5%"; VariantName = "[No Variations]"
Add component (AddParameter): Name = "Value"; Value = "1K"; VariantName = "[No Variations]"
Added Component: Designator=R3_2(R-0805)
Add component (AddParameter): Name = "ComponentLink1Description"; Value = "Linkedin"; VariantName = "[No Variations]"
Add component (AddParameter): Name = "ComponentLink1URL"; Value = "https://ir.linkedin.com/in/mahdi-bagherzade"; VariantName = "[No Variations]"
Add component (AddParameter): Name = "Phone Number"; Value = "0915 8700 314"; VariantName = "[No Variations]"
Add component (AddParameter): Name = "Power"; Value = "1/8W"; VariantName = "[No Variations]"
Add component (AddParameter): Name = "Published Date"; Value = "9-15-2024"; VariantName = "[No Variations]"
Add component (AddParameter): Name = "Publisher"; Value = "Mahdi Bagherzadeh"; VariantName = "[No Variations]"
Add component (AddParameter): Name = "Tolerance"; Value = "5%"; VariantName = "[No Variations]"
Add component (AddParameter): Name = "Value"; Value = "1K"; VariantName = "[No Variations]"
Added Component: Designator=R3_3(R-0805)
Add component (AddParameter): Name = "ComponentLink1Description"; Value = "Linkedin"; VariantName = "[No Variations]"
Add component (AddParameter): Name = "ComponentLink1URL"; Value = "https://ir.linkedin.com/in/mahdi-bagherzade"; VariantName = "[No Variations]"
Add component (AddParameter): Name = "Phone Number"; Value = "0915 8700 314"; VariantName = "[No Variations]"
Add component (AddParameter): Name = "Power"; Value = "1/8W"; VariantName = "[No Variations]"
Add component (AddParameter): Name = "Published Date"; Value = "9-15-2024"; VariantName = "[No Variations]"
Add component (AddParameter): Name = "Publisher"; Value = "Mahdi Bagherzadeh"; VariantName = "[No Variations]"
Add component (AddParameter): Name = "Tolerance"; Value = "5%"; VariantName = "[No Variations]"
Add component (AddParameter): Name = "Value"; Value = "1K"; VariantName = "[No Variations]"
Added Component: Designator=R3_4(R-0805)
Add component (AddParameter): Name = "ComponentLink1Description"; Value = "Linkedin"; VariantName = "[No Variations]"
Add component (AddParameter): Name = "ComponentLink1URL"; Value = "https://ir.linkedin.com/in/mahdi-bagherzade"; VariantName = "[No Variations]"
Add component (AddParameter): Name = "Phone Number"; Value = "0915 8700 314"; VariantName = "[No Variations]"
Add component (AddParameter): Name = "Power"; Value = "1/8W"; VariantName = "[No Variations]"
Add component (AddParameter): Name = "Published Date"; Value = "9-15-2024"; VariantName = "[No Variations]"
Add component (AddParameter): Name = "Publisher"; Value = "Mahdi Bagherzadeh"; VariantName = "[No Variations]"
Add component (AddParameter): Name = "Tolerance"; Value = "5%"; VariantName = "[No Variations]"
Add component (AddParameter): Name = "Value"; Value = "1K"; VariantName = "[No Variations]"
Added Component: Designator=R3_5(R-0805)
Add component (AddParameter): Name = "ComponentLink1Description"; Value = "Linkedin"; VariantName = "[No Variations]"
Add component (AddParameter): Name = "ComponentLink1URL"; Value = "https://ir.linkedin.com/in/mahdi-bagherzade"; VariantName = "[No Variations]"
Add component (AddParameter): Name = "Phone Number"; Value = "0915 8700 314"; VariantName = "[No Variations]"
Add component (AddParameter): Name = "Power"; Value = "1/8W"; VariantName = "[No Variations]"
Add component (AddParameter): Name = "Published Date"; Value = "9-15-2024"; VariantName = "[No Variations]"
Add component (AddParameter): Name = "Publisher"; Value = "Mahdi Bagherzadeh"; VariantName = "[No Variations]"
Add component (AddParameter): Name = "Tolerance"; Value = "5%"; VariantName = "[No Variations]"
Add component (AddParameter): Name = "Value"; Value = "1K"; VariantName = "[No Variations]"
Added Component: Designator=R3_6(R-0805)
Add component (AddParameter): Name = "ComponentLink1Description"; Value = "Linkedin"; VariantName = "[No Variations]"
Add component (AddParameter): Name = "ComponentLink1URL"; Value = "https://ir.linkedin.com/in/mahdi-bagherzade"; VariantName = "[No Variations]"
Add component (AddParameter): Name = "Phone Number"; Value = "0915 8700 314"; VariantName = "[No Variations]"
Add component (AddParameter): Name = "Power"; Value = "1/8W"; VariantName = "[No Variations]"
Add component (AddParameter): Name = "Published Date"; Value = "9-15-2024"; VariantName = "[No Variations]"
Add component (AddParameter): Name = "Publisher"; Value = "Mahdi Bagherzadeh"; VariantName = "[No Variations]"
Add component (AddParameter): Name = "Tolerance"; Value = "5%"; VariantName = "[No Variations]"
Add component (AddParameter): Name = "Value"; Value = "1K"; VariantName = "[No Variations]"
Added Component: Designator=R3_7(R-0805)
Add component (AddParameter): Name = "ComponentLink1Description"; Value = "Linkedin"; VariantName = "[No Variations]"
Add component (AddParameter): Name = "ComponentLink1URL"; Value = "https://ir.linkedin.com/in/mahdi-bagherzade"; VariantName = "[No Variations]"
Add component (AddParameter): Name = "Phone Number"; Value = "0915 8700 314"; VariantName = "[No Variations]"
Add component (AddParameter): Name = "Power"; Value = "1/8W"; VariantName = "[No Variations]"
Add component (AddParameter): Name = "Published Date"; Value = "9-15-2024"; VariantName = "[No Variations]"
Add component (AddParameter): Name = "Publisher"; Value = "Mahdi Bagherzadeh"; VariantName = "[No Variations]"
Add component (AddParameter): Name = "Tolerance"; Value = "5%"; VariantName = "[No Variations]"
Add component (AddParameter): Name = "Value"; Value = "1K"; VariantName = "[No Variations]"
Added Component: Designator=R3_8(R-0805)
Add component (AddParameter): Name = "ComponentLink1Description"; Value = "Linkedin"; VariantName = "[No Variations]"
Add component (AddParameter): Name = "ComponentLink1URL"; Value = "https://ir.linkedin.com/in/mahdi-bagherzade"; VariantName = "[No Variations]"
Add component (AddParameter): Name = "Phone Number"; Value = "0915 8700 314"; VariantName = "[No Variations]"
Add component (AddParameter): Name = "Power"; Value = "1/8W"; VariantName = "[No Variations]"
Add component (AddParameter): Name = "Published Date"; Value = "9-15-2024"; VariantName = "[No Variations]"
Add component (AddParameter): Name = "Publisher"; Value = "Mahdi Bagherzadeh"; VariantName = "[No Variations]"
Add component (AddParameter): Name = "Tolerance"; Value = "5%"; VariantName = "[No Variations]"
Add component (AddParameter): Name = "Value"; Value = "1K"; VariantName = "[No Variations]"
Added Component: Designator=R4_1(R-0805)
Add component (AddParameter): Name = "ComponentLink1Description"; Value = "Linkedin"; VariantName = "[No Variations]"
Add component (AddParameter): Name = "ComponentLink1URL"; Value = "https://ir.linkedin.com/in/mahdi-bagherzade"; VariantName = "[No Variations]"
Add component (AddParameter): Name = "Phone Number"; Value = "0915 8700 314"; VariantName = "[No Variations]"
Add component (AddParameter): Name = "Power"; Value = "1/8W"; VariantName = "[No Variations]"
Add component (AddParameter): Name = "Published Date"; Value = "9-15-2024"; VariantName = "[No Variations]"
Add component (AddParameter): Name = "Publisher"; Value = "Mahdi Bagherzadeh"; VariantName = "[No Variations]"
Add component (AddParameter): Name = "Tolerance"; Value = "5%"; VariantName = "[No Variations]"
Add component (AddParameter): Name = "Value"; Value = "680R"; VariantName = "[No Variations]"
Added Component: Designator=R4_2(R-0805)
Add component (AddParameter): Name = "ComponentLink1Description"; Value = "Linkedin"; VariantName = "[No Variations]"
Add component (AddParameter): Name = "ComponentLink1URL"; Value = "https://ir.linkedin.com/in/mahdi-bagherzade"; VariantName = "[No Variations]"
Add component (AddParameter): Name = "Phone Number"; Value = "0915 8700 314"; VariantName = "[No Variations]"
Add component (AddParameter): Name = "Power"; Value = "1/8W"; VariantName = "[No Variations]"
Add component (AddParameter): Name = "Published Date"; Value = "9-15-2024"; VariantName = "[No Variations]"
Add component (AddParameter): Name = "Publisher"; Value = "Mahdi Bagherzadeh"; VariantName = "[No Variations]"
Add component (AddParameter): Name = "Tolerance"; Value = "5%"; VariantName = "[No Variations]"
Add component (AddParameter): Name = "Value"; Value = "680R"; VariantName = "[No Variations]"
Added Component: Designator=R4_3(R-0805)
Add component (AddParameter): Name = "ComponentLink1Description"; Value = "Linkedin"; VariantName = "[No Variations]"
Add component (AddParameter): Name = "ComponentLink1URL"; Value = "https://ir.linkedin.com/in/mahdi-bagherzade"; VariantName = "[No Variations]"
Add component (AddParameter): Name = "Phone Number"; Value = "0915 8700 314"; VariantName = "[No Variations]"
Add component (AddParameter): Name = "Power"; Value = "1/8W"; VariantName = "[No Variations]"
Add component (AddParameter): Name = "Published Date"; Value = "9-15-2024"; VariantName = "[No Variations]"
Add component (AddParameter): Name = "Publisher"; Value = "Mahdi Bagherzadeh"; VariantName = "[No Variations]"
Add component (AddParameter): Name = "Tolerance"; Value = "5%"; VariantName = "[No Variations]"
Add component (AddParameter): Name = "Value"; Value = "680R"; VariantName = "[No Variations]"
Added Component: Designator=R4_4(R-0805)
Add component (AddParameter): Name = "ComponentLink1Description"; Value = "Linkedin"; VariantName = "[No Variations]"
Add component (AddParameter): Name = "ComponentLink1URL"; Value = "https://ir.linkedin.com/in/mahdi-bagherzade"; VariantName = "[No Variations]"
Add component (AddParameter): Name = "Phone Number"; Value = "0915 8700 314"; VariantName = "[No Variations]"
Add component (AddParameter): Name = "Power"; Value = "1/8W"; VariantName = "[No Variations]"
Add component (AddParameter): Name = "Published Date"; Value = "9-15-2024"; VariantName = "[No Variations]"
Add component (AddParameter): Name = "Publisher"; Value = "Mahdi Bagherzadeh"; VariantName = "[No Variations]"
Add component (AddParameter): Name = "Tolerance"; Value = "5%"; VariantName = "[No Variations]"
Add component (AddParameter): Name = "Value"; Value = "680R"; VariantName = "[No Variations]"
Added Component: Designator=R4_5(R-0805)
Add component (AddParameter): Name = "ComponentLink1Description"; Value = "Linkedin"; VariantName = "[No Variations]"
Add component (AddParameter): Name = "ComponentLink1URL"; Value = "https://ir.linkedin.com/in/mahdi-bagherzade"; VariantName = "[No Variations]"
Add component (AddParameter): Name = "Phone Number"; Value = "0915 8700 314"; VariantName = "[No Variations]"
Add component (AddParameter): Name = "Power"; Value = "1/8W"; VariantName = "[No Variations]"
Add component (AddParameter): Name = "Published Date"; Value = "9-15-2024"; VariantName = "[No Variations]"
Add component (AddParameter): Name = "Publisher"; Value = "Mahdi Bagherzadeh"; VariantName = "[No Variations]"
Add component (AddParameter): Name = "Tolerance"; Value = "5%"; VariantName = "[No Variations]"
Add component (AddParameter): Name = "Value"; Value = "680R"; VariantName = "[No Variations]"
Added Component: Designator=R4_6(R-0805)
Add component (AddParameter): Name = "ComponentLink1Description"; Value = "Linkedin"; VariantName = "[No Variations]"
Add component (AddParameter): Name = "ComponentLink1URL"; Value = "https://ir.linkedin.com/in/mahdi-bagherzade"; VariantName = "[No Variations]"
Add component (AddParameter): Name = "Phone Number"; Value = "0915 8700 314"; VariantName = "[No Variations]"
Add component (AddParameter): Name = "Power"; Value = "1/8W"; VariantName = "[No Variations]"
Add component (AddParameter): Name = "Published Date"; Value = "9-15-2024"; VariantName = "[No Variations]"
Add component (AddParameter): Name = "Publisher"; Value = "Mahdi Bagherzadeh"; VariantName = "[No Variations]"
Add component (AddParameter): Name = "Tolerance"; Value = "5%"; VariantName = "[No Variations]"
Add component (AddParameter): Name = "Value"; Value = "680R"; VariantName = "[No Variations]"
Added Component: Designator=R4_7(R-0805)
Add component (AddParameter): Name = "ComponentLink1Description"; Value = "Linkedin"; VariantName = "[No Variations]"
Add component (AddParameter): Name = "ComponentLink1URL"; Value = "https://ir.linkedin.com/in/mahdi-bagherzade"; VariantName = "[No Variations]"
Add component (AddParameter): Name = "Phone Number"; Value = "0915 8700 314"; VariantName = "[No Variations]"
Add component (AddParameter): Name = "Power"; Value = "1/8W"; VariantName = "[No Variations]"
Add component (AddParameter): Name = "Published Date"; Value = "9-15-2024"; VariantName = "[No Variations]"
Add component (AddParameter): Name = "Publisher"; Value = "Mahdi Bagherzadeh"; VariantName = "[No Variations]"
Add component (AddParameter): Name = "Tolerance"; Value = "5%"; VariantName = "[No Variations]"
Add component (AddParameter): Name = "Value"; Value = "680R"; VariantName = "[No Variations]"
Added Component: Designator=R4_8(R-0805)
Add component (AddParameter): Name = "ComponentLink1Description"; Value = "Linkedin"; VariantName = "[No Variations]"
Add component (AddParameter): Name = "ComponentLink1URL"; Value = "https://ir.linkedin.com/in/mahdi-bagherzade"; VariantName = "[No Variations]"
Add component (AddParameter): Name = "Phone Number"; Value = "0915 8700 314"; VariantName = "[No Variations]"
Add component (AddParameter): Name = "Power"; Value = "1/8W"; VariantName = "[No Variations]"
Add component (AddParameter): Name = "Published Date"; Value = "9-15-2024"; VariantName = "[No Variations]"
Add component (AddParameter): Name = "Publisher"; Value = "Mahdi Bagherzadeh"; VariantName = "[No Variations]"
Add component (AddParameter): Name = "Tolerance"; Value = "5%"; VariantName = "[No Variations]"
Add component (AddParameter): Name = "Value"; Value = "680R"; VariantName = "[No Variations]"
Added Component: Designator=R5_1(R-0805)
Add component (AddParameter): Name = "ComponentLink1Description"; Value = "Linkedin"; VariantName = "[No Variations]"
Add component (AddParameter): Name = "ComponentLink1URL"; Value = "https://ir.linkedin.com/in/mahdi-bagherzade"; VariantName = "[No Variations]"
Add component (AddParameter): Name = "Phone Number"; Value = "0915 8700 314"; VariantName = "[No Variations]"
Add component (AddParameter): Name = "Power"; Value = "1/8W"; VariantName = "[No Variations]"
Add component (AddParameter): Name = "Published Date"; Value = "9-15-2024"; VariantName = "[No Variations]"
Add component (AddParameter): Name = "Publisher"; Value = "Mahdi Bagherzadeh"; VariantName = "[No Variations]"
Add component (AddParameter): Name = "Tolerance"; Value = "5%"; VariantName = "[No Variations]"
Add component (AddParameter): Name = "Value"; Value = "47K"; VariantName = "[No Variations]"
Added Component: Designator=R5_2(R-0805)
Add component (AddParameter): Name = "ComponentLink1Description"; Value = "Linkedin"; VariantName = "[No Variations]"
Add component (AddParameter): Name = "ComponentLink1URL"; Value = "https://ir.linkedin.com/in/mahdi-bagherzade"; VariantName = "[No Variations]"
Add component (AddParameter): Name = "Phone Number"; Value = "0915 8700 314"; VariantName = "[No Variations]"
Add component (AddParameter): Name = "Power"; Value = "1/8W"; VariantName = "[No Variations]"
Add component (AddParameter): Name = "Published Date"; Value = "9-15-2024"; VariantName = "[No Variations]"
Add component (AddParameter): Name = "Publisher"; Value = "Mahdi Bagherzadeh"; VariantName = "[No Variations]"
Add component (AddParameter): Name = "Tolerance"; Value = "5%"; VariantName = "[No Variations]"
Add component (AddParameter): Name = "Value"; Value = "47K"; VariantName = "[No Variations]"
Added Component: Designator=R5_3(R-0805)
Add component (AddParameter): Name = "ComponentLink1Description"; Value = "Linkedin"; VariantName = "[No Variations]"
Add component (AddParameter): Name = "ComponentLink1URL"; Value = "https://ir.linkedin.com/in/mahdi-bagherzade"; VariantName = "[No Variations]"
Add component (AddParameter): Name = "Phone Number"; Value = "0915 8700 314"; VariantName = "[No Variations]"
Add component (AddParameter): Name = "Power"; Value = "1/8W"; VariantName = "[No Variations]"
Add component (AddParameter): Name = "Published Date"; Value = "9-15-2024"; VariantName = "[No Variations]"
Add component (AddParameter): Name = "Publisher"; Value = "Mahdi Bagherzadeh"; VariantName = "[No Variations]"
Add component (AddParameter): Name = "Tolerance"; Value = "5%"; VariantName = "[No Variations]"
Add component (AddParameter): Name = "Value"; Value = "47K"; VariantName = "[No Variations]"
Added Component: Designator=R5_4(R-0805)
Add component (AddParameter): Name = "ComponentLink1Description"; Value = "Linkedin"; VariantName = "[No Variations]"
Add component (AddParameter): Name = "ComponentLink1URL"; Value = "https://ir.linkedin.com/in/mahdi-bagherzade"; VariantName = "[No Variations]"
Add component (AddParameter): Name = "Phone Number"; Value = "0915 8700 314"; VariantName = "[No Variations]"
Add component (AddParameter): Name = "Power"; Value = "1/8W"; VariantName = "[No Variations]"
Add component (AddParameter): Name = "Published Date"; Value = "9-15-2024"; VariantName = "[No Variations]"
Add component (AddParameter): Name = "Publisher"; Value = "Mahdi Bagherzadeh"; VariantName = "[No Variations]"
Add component (AddParameter): Name = "Tolerance"; Value = "5%"; VariantName = "[No Variations]"
Add component (AddParameter): Name = "Value"; Value = "47K"; VariantName = "[No Variations]"
Added Component: Designator=R5_5(R-0805)
Add component (AddParameter): Name = "ComponentLink1Description"; Value = "Linkedin"; VariantName = "[No Variations]"
Add component (AddParameter): Name = "ComponentLink1URL"; Value = "https://ir.linkedin.com/in/mahdi-bagherzade"; VariantName = "[No Variations]"
Add component (AddParameter): Name = "Phone Number"; Value = "0915 8700 314"; VariantName = "[No Variations]"
Add component (AddParameter): Name = "Power"; Value = "1/8W"; VariantName = "[No Variations]"
Add component (AddParameter): Name = "Published Date"; Value = "9-15-2024"; VariantName = "[No Variations]"
Add component (AddParameter): Name = "Publisher"; Value = "Mahdi Bagherzadeh"; VariantName = "[No Variations]"
Add component (AddParameter): Name = "Tolerance"; Value = "5%"; VariantName = "[No Variations]"
Add component (AddParameter): Name = "Value"; Value = "47K"; VariantName = "[No Variations]"
Added Component: Designator=R5_6(R-0805)
Add component (AddParameter): Name = "ComponentLink1Description"; Value = "Linkedin"; VariantName = "[No Variations]"
Add component (AddParameter): Name = "ComponentLink1URL"; Value = "https://ir.linkedin.com/in/mahdi-bagherzade"; VariantName = "[No Variations]"
Add component (AddParameter): Name = "Phone Number"; Value = "0915 8700 314"; VariantName = "[No Variations]"
Add component (AddParameter): Name = "Power"; Value = "1/8W"; VariantName = "[No Variations]"
Add component (AddParameter): Name = "Published Date"; Value = "9-15-2024"; VariantName = "[No Variations]"
Add component (AddParameter): Name = "Publisher"; Value = "Mahdi Bagherzadeh"; VariantName = "[No Variations]"
Add component (AddParameter): Name = "Tolerance"; Value = "5%"; VariantName = "[No Variations]"
Add component (AddParameter): Name = "Value"; Value = "47K"; VariantName = "[No Variations]"
Added Component: Designator=R5_7(R-0805)
Add component (AddParameter): Name = "ComponentLink1Description"; Value = "Linkedin"; VariantName = "[No Variations]"
Add component (AddParameter): Name = "ComponentLink1URL"; Value = "https://ir.linkedin.com/in/mahdi-bagherzade"; VariantName = "[No Variations]"
Add component (AddParameter): Name = "Phone Number"; Value = "0915 8700 314"; VariantName = "[No Variations]"
Add component (AddParameter): Name = "Power"; Value = "1/8W"; VariantName = "[No Variations]"
Add component (AddParameter): Name = "Published Date"; Value = "9-15-2024"; VariantName = "[No Variations]"
Add component (AddParameter): Name = "Publisher"; Value = "Mahdi Bagherzadeh"; VariantName = "[No Variations]"
Add component (AddParameter): Name = "Tolerance"; Value = "5%"; VariantName = "[No Variations]"
Add component (AddParameter): Name = "Value"; Value = "47K"; VariantName = "[No Variations]"
Added Component: Designator=R5_8(R-0805)
Add component (AddParameter): Name = "ComponentLink1Description"; Value = "Linkedin"; VariantName = "[No Variations]"
Add component (AddParameter): Name = "ComponentLink1URL"; Value = "https://ir.linkedin.com/in/mahdi-bagherzade"; VariantName = "[No Variations]"
Add component (AddParameter): Name = "Phone Number"; Value = "0915 8700 314"; VariantName = "[No Variations]"
Add component (AddParameter): Name = "Power"; Value = "1/8W"; VariantName = "[No Variations]"
Add component (AddParameter): Name = "Published Date"; Value = "9-15-2024"; VariantName = "[No Variations]"
Add component (AddParameter): Name = "Publisher"; Value = "Mahdi Bagherzadeh"; VariantName = "[No Variations]"
Add component (AddParameter): Name = "Tolerance"; Value = "5%"; VariantName = "[No Variations]"
Add component (AddParameter): Name = "Value"; Value = "47K"; VariantName = "[No Variations]"
Added Component: Designator=R6_1(R-0805)
Add component (AddParameter): Name = "ComponentLink1Description"; Value = "Linkedin"; VariantName = "[No Variations]"
Add component (AddParameter): Name = "ComponentLink1URL"; Value = "https://ir.linkedin.com/in/mahdi-bagherzade"; VariantName = "[No Variations]"
Add component (AddParameter): Name = "Phone Number"; Value = "0915 8700 314"; VariantName = "[No Variations]"
Add component (AddParameter): Name = "Power"; Value = "1/8W"; VariantName = "[No Variations]"
Add component (AddParameter): Name = "Published Date"; Value = "9-15-2024"; VariantName = "[No Variations]"
Add component (AddParameter): Name = "Publisher"; Value = "Mahdi Bagherzadeh"; VariantName = "[No Variations]"
Add component (AddParameter): Name = "Tolerance"; Value = "5%"; VariantName = "[No Variations]"
Add component (AddParameter): Name = "Value"; Value = "47K"; VariantName = "[No Variations]"
Added Component: Designator=R6_2(R-0805)
Add component (AddParameter): Name = "ComponentLink1Description"; Value = "Linkedin"; VariantName = "[No Variations]"
Add component (AddParameter): Name = "ComponentLink1URL"; Value = "https://ir.linkedin.com/in/mahdi-bagherzade"; VariantName = "[No Variations]"
Add component (AddParameter): Name = "Phone Number"; Value = "0915 8700 314"; VariantName = "[No Variations]"
Add component (AddParameter): Name = "Power"; Value = "1/8W"; VariantName = "[No Variations]"
Add component (AddParameter): Name = "Published Date"; Value = "9-15-2024"; VariantName = "[No Variations]"
Add component (AddParameter): Name = "Publisher"; Value = "Mahdi Bagherzadeh"; VariantName = "[No Variations]"
Add component (AddParameter): Name = "Tolerance"; Value = "5%"; VariantName = "[No Variations]"
Add component (AddParameter): Name = "Value"; Value = "47K"; VariantName = "[No Variations]"
Added Component: Designator=R6_3(R-0805)
Add component (AddParameter): Name = "ComponentLink1Description"; Value = "Linkedin"; VariantName = "[No Variations]"
Add component (AddParameter): Name = "ComponentLink1URL"; Value = "https://ir.linkedin.com/in/mahdi-bagherzade"; VariantName = "[No Variations]"
Add component (AddParameter): Name = "Phone Number"; Value = "0915 8700 314"; VariantName = "[No Variations]"
Add component (AddParameter): Name = "Power"; Value = "1/8W"; VariantName = "[No Variations]"
Add component (AddParameter): Name = "Published Date"; Value = "9-15-2024"; VariantName = "[No Variations]"
Add component (AddParameter): Name = "Publisher"; Value = "Mahdi Bagherzadeh"; VariantName = "[No Variations]"
Add component (AddParameter): Name = "Tolerance"; Value = "5%"; VariantName = "[No Variations]"
Add component (AddParameter): Name = "Value"; Value = "47K"; VariantName = "[No Variations]"
Added Component: Designator=R6_4(R-0805)
Add component (AddParameter): Name = "ComponentLink1Description"; Value = "Linkedin"; VariantName = "[No Variations]"
Add component (AddParameter): Name = "ComponentLink1URL"; Value = "https://ir.linkedin.com/in/mahdi-bagherzade"; VariantName = "[No Variations]"
Add component (AddParameter): Name = "Phone Number"; Value = "0915 8700 314"; VariantName = "[No Variations]"
Add component (AddParameter): Name = "Power"; Value = "1/8W"; VariantName = "[No Variations]"
Add component (AddParameter): Name = "Published Date"; Value = "9-15-2024"; VariantName = "[No Variations]"
Add component (AddParameter): Name = "Publisher"; Value = "Mahdi Bagherzadeh"; VariantName = "[No Variations]"
Add component (AddParameter): Name = "Tolerance"; Value = "5%"; VariantName = "[No Variations]"
Add component (AddParameter): Name = "Value"; Value = "47K"; VariantName = "[No Variations]"
Added Component: Designator=R6_5(R-0805)
Add component (AddParameter): Name = "ComponentLink1Description"; Value = "Linkedin"; VariantName = "[No Variations]"
Add component (AddParameter): Name = "ComponentLink1URL"; Value = "https://ir.linkedin.com/in/mahdi-bagherzade"; VariantName = "[No Variations]"
Add component (AddParameter): Name = "Phone Number"; Value = "0915 8700 314"; VariantName = "[No Variations]"
Add component (AddParameter): Name = "Power"; Value = "1/8W"; VariantName = "[No Variations]"
Add component (AddParameter): Name = "Published Date"; Value = "9-15-2024"; VariantName = "[No Variations]"
Add component (AddParameter): Name = "Publisher"; Value = "Mahdi Bagherzadeh"; VariantName = "[No Variations]"
Add component (AddParameter): Name = "Tolerance"; Value = "5%"; VariantName = "[No Variations]"
Add component (AddParameter): Name = "Value"; Value = "47K"; VariantName = "[No Variations]"
Added Component: Designator=R6_6(R-0805)
Add component (AddParameter): Name = "ComponentLink1Description"; Value = "Linkedin"; VariantName = "[No Variations]"
Add component (AddParameter): Name = "ComponentLink1URL"; Value = "https://ir.linkedin.com/in/mahdi-bagherzade"; VariantName = "[No Variations]"
Add component (AddParameter): Name = "Phone Number"; Value = "0915 8700 314"; VariantName = "[No Variations]"
Add component (AddParameter): Name = "Power"; Value = "1/8W"; VariantName = "[No Variations]"
Add component (AddParameter): Name = "Published Date"; Value = "9-15-2024"; VariantName = "[No Variations]"
Add component (AddParameter): Name = "Publisher"; Value = "Mahdi Bagherzadeh"; VariantName = "[No Variations]"
Add component (AddParameter): Name = "Tolerance"; Value = "5%"; VariantName = "[No Variations]"
Add component (AddParameter): Name = "Value"; Value = "47K"; VariantName = "[No Variations]"
Added Component: Designator=R6_7(R-0805)
Add component (AddParameter): Name = "ComponentLink1Description"; Value = "Linkedin"; VariantName = "[No Variations]"
Add component (AddParameter): Name = "ComponentLink1URL"; Value = "https://ir.linkedin.com/in/mahdi-bagherzade"; VariantName = "[No Variations]"
Add component (AddParameter): Name = "Phone Number"; Value = "0915 8700 314"; VariantName = "[No Variations]"
Add component (AddParameter): Name = "Power"; Value = "1/8W"; VariantName = "[No Variations]"
Add component (AddParameter): Name = "Published Date"; Value = "9-15-2024"; VariantName = "[No Variations]"
Add component (AddParameter): Name = "Publisher"; Value = "Mahdi Bagherzadeh"; VariantName = "[No Variations]"
Add component (AddParameter): Name = "Tolerance"; Value = "5%"; VariantName = "[No Variations]"
Add component (AddParameter): Name = "Value"; Value = "47K"; VariantName = "[No Variations]"
Added Component: Designator=R6_8(R-0805)
Add component (AddParameter): Name = "ComponentLink1Description"; Value = "Linkedin"; VariantName = "[No Variations]"
Add component (AddParameter): Name = "ComponentLink1URL"; Value = "https://ir.linkedin.com/in/mahdi-bagherzade"; VariantName = "[No Variations]"
Add component (AddParameter): Name = "Phone Number"; Value = "0915 8700 314"; VariantName = "[No Variations]"
Add component (AddParameter): Name = "Power"; Value = "1/8W"; VariantName = "[No Variations]"
Add component (AddParameter): Name = "Published Date"; Value = "9-15-2024"; VariantName = "[No Variations]"
Add component (AddParameter): Name = "Publisher"; Value = "Mahdi Bagherzadeh"; VariantName = "[No Variations]"
Add component (AddParameter): Name = "Tolerance"; Value = "5%"; VariantName = "[No Variations]"
Add component (AddParameter): Name = "Value"; Value = "47K"; VariantName = "[No Variations]"
Added Component: Designator=R7_1(R-0805)
Add component (AddParameter): Name = "ComponentLink1Description"; Value = "Linkedin"; VariantName = "[No Variations]"
Add component (AddParameter): Name = "ComponentLink1URL"; Value = "https://ir.linkedin.com/in/mahdi-bagherzade"; VariantName = "[No Variations]"
Add component (AddParameter): Name = "Phone Number"; Value = "0915 8700 314"; VariantName = "[No Variations]"
Add component (AddParameter): Name = "Power"; Value = "1/8W"; VariantName = "[No Variations]"
Add component (AddParameter): Name = "Published Date"; Value = "9-15-2024"; VariantName = "[No Variations]"
Add component (AddParameter): Name = "Publisher"; Value = "Mahdi Bagherzadeh"; VariantName = "[No Variations]"
Add component (AddParameter): Name = "Tolerance"; Value = "5%"; VariantName = "[No Variations]"
Add component (AddParameter): Name = "Value"; Value = "470R"; VariantName = "[No Variations]"
Added Component: Designator=R7_2(R-0805)
Add component (AddParameter): Name = "ComponentLink1Description"; Value = "Linkedin"; VariantName = "[No Variations]"
Add component (AddParameter): Name = "ComponentLink1URL"; Value = "https://ir.linkedin.com/in/mahdi-bagherzade"; VariantName = "[No Variations]"
Add component (AddParameter): Name = "Phone Number"; Value = "0915 8700 314"; VariantName = "[No Variations]"
Add component (AddParameter): Name = "Power"; Value = "1/8W"; VariantName = "[No Variations]"
Add component (AddParameter): Name = "Published Date"; Value = "9-15-2024"; VariantName = "[No Variations]"
Add component (AddParameter): Name = "Publisher"; Value = "Mahdi Bagherzadeh"; VariantName = "[No Variations]"
Add component (AddParameter): Name = "Tolerance"; Value = "5%"; VariantName = "[No Variations]"
Add component (AddParameter): Name = "Value"; Value = "470R"; VariantName = "[No Variations]"
Added Component: Designator=R7_3(R-0805)
Add component (AddParameter): Name = "ComponentLink1Description"; Value = "Linkedin"; VariantName = "[No Variations]"
Add component (AddParameter): Name = "ComponentLink1URL"; Value = "https://ir.linkedin.com/in/mahdi-bagherzade"; VariantName = "[No Variations]"
Add component (AddParameter): Name = "Phone Number"; Value = "0915 8700 314"; VariantName = "[No Variations]"
Add component (AddParameter): Name = "Power"; Value = "1/8W"; VariantName = "[No Variations]"
Add component (AddParameter): Name = "Published Date"; Value = "9-15-2024"; VariantName = "[No Variations]"
Add component (AddParameter): Name = "Publisher"; Value = "Mahdi Bagherzadeh"; VariantName = "[No Variations]"
Add component (AddParameter): Name = "Tolerance"; Value = "5%"; VariantName = "[No Variations]"
Add component (AddParameter): Name = "Value"; Value = "470R"; VariantName = "[No Variations]"
Added Component: Designator=R7_4(R-0805)
Add component (AddParameter): Name = "ComponentLink1Description"; Value = "Linkedin"; VariantName = "[No Variations]"
Add component (AddParameter): Name = "ComponentLink1URL"; Value = "https://ir.linkedin.com/in/mahdi-bagherzade"; VariantName = "[No Variations]"
Add component (AddParameter): Name = "Phone Number"; Value = "0915 8700 314"; VariantName = "[No Variations]"
Add component (AddParameter): Name = "Power"; Value = "1/8W"; VariantName = "[No Variations]"
Add component (AddParameter): Name = "Published Date"; Value = "9-15-2024"; VariantName = "[No Variations]"
Add component (AddParameter): Name = "Publisher"; Value = "Mahdi Bagherzadeh"; VariantName = "[No Variations]"
Add component (AddParameter): Name = "Tolerance"; Value = "5%"; VariantName = "[No Variations]"
Add component (AddParameter): Name = "Value"; Value = "470R"; VariantName = "[No Variations]"
Added Component: Designator=R7_5(R-0805)
Add component (AddParameter): Name = "ComponentLink1Description"; Value = "Linkedin"; VariantName = "[No Variations]"
Add component (AddParameter): Name = "ComponentLink1URL"; Value = "https://ir.linkedin.com/in/mahdi-bagherzade"; VariantName = "[No Variations]"
Add component (AddParameter): Name = "Phone Number"; Value = "0915 8700 314"; VariantName = "[No Variations]"
Add component (AddParameter): Name = "Power"; Value = "1/8W"; VariantName = "[No Variations]"
Add component (AddParameter): Name = "Published Date"; Value = "9-15-2024"; VariantName = "[No Variations]"
Add component (AddParameter): Name = "Publisher"; Value = "Mahdi Bagherzadeh"; VariantName = "[No Variations]"
Add component (AddParameter): Name = "Tolerance"; Value = "5%"; VariantName = "[No Variations]"
Add component (AddParameter): Name = "Value"; Value = "470R"; VariantName = "[No Variations]"
Added Component: Designator=R7_6(R-0805)
Add component (AddParameter): Name = "ComponentLink1Description"; Value = "Linkedin"; VariantName = "[No Variations]"
Add component (AddParameter): Name = "ComponentLink1URL"; Value = "https://ir.linkedin.com/in/mahdi-bagherzade"; VariantName = "[No Variations]"
Add component (AddParameter): Name = "Phone Number"; Value = "0915 8700 314"; VariantName = "[No Variations]"
Add component (AddParameter): Name = "Power"; Value = "1/8W"; VariantName = "[No Variations]"
Add component (AddParameter): Name = "Published Date"; Value = "9-15-2024"; VariantName = "[No Variations]"
Add component (AddParameter): Name = "Publisher"; Value = "Mahdi Bagherzadeh"; VariantName = "[No Variations]"
Add component (AddParameter): Name = "Tolerance"; Value = "5%"; VariantName = "[No Variations]"
Add component (AddParameter): Name = "Value"; Value = "470R"; VariantName = "[No Variations]"
Added Component: Designator=R7_7(R-0805)
Add component (AddParameter): Name = "ComponentLink1Description"; Value = "Linkedin"; VariantName = "[No Variations]"
Add component (AddParameter): Name = "ComponentLink1URL"; Value = "https://ir.linkedin.com/in/mahdi-bagherzade"; VariantName = "[No Variations]"
Add component (AddParameter): Name = "Phone Number"; Value = "0915 8700 314"; VariantName = "[No Variations]"
Add component (AddParameter): Name = "Power"; Value = "1/8W"; VariantName = "[No Variations]"
Add component (AddParameter): Name = "Published Date"; Value = "9-15-2024"; VariantName = "[No Variations]"
Add component (AddParameter): Name = "Publisher"; Value = "Mahdi Bagherzadeh"; VariantName = "[No Variations]"
Add component (AddParameter): Name = "Tolerance"; Value = "5%"; VariantName = "[No Variations]"
Add component (AddParameter): Name = "Value"; Value = "470R"; VariantName = "[No Variations]"
Added Component: Designator=R7_8(R-0805)
Add component (AddParameter): Name = "ComponentLink1Description"; Value = "Linkedin"; VariantName = "[No Variations]"
Add component (AddParameter): Name = "ComponentLink1URL"; Value = "https://ir.linkedin.com/in/mahdi-bagherzade"; VariantName = "[No Variations]"
Add component (AddParameter): Name = "Phone Number"; Value = "0915 8700 314"; VariantName = "[No Variations]"
Add component (AddParameter): Name = "Power"; Value = "1/8W"; VariantName = "[No Variations]"
Add component (AddParameter): Name = "Published Date"; Value = "9-15-2024"; VariantName = "[No Variations]"
Add component (AddParameter): Name = "Publisher"; Value = "Mahdi Bagherzadeh"; VariantName = "[No Variations]"
Add component (AddParameter): Name = "Tolerance"; Value = "5%"; VariantName = "[No Variations]"
Add component (AddParameter): Name = "Value"; Value = "470R"; VariantName = "[No Variations]"
Added Component: Designator=R8(R-0805)
Add component (AddParameter): Name = "ComponentLink1Description"; Value = "Linkedin"; VariantName = "[No Variations]"
Add component (AddParameter): Name = "ComponentLink1URL"; Value = "https://ir.linkedin.com/in/mahdi-bagherzade"; VariantName = "[No Variations]"
Add component (AddParameter): Name = "Phone Number"; Value = "0915 8700 314"; VariantName = "[No Variations]"
Add component (AddParameter): Name = "Published Date"; Value = "9-15-2024"; VariantName = "[No Variations]"
Add component (AddParameter): Name = "Publisher"; Value = "Mahdi Bagherzadeh"; VariantName = "[No Variations]"
Add component (AddParameter): Name = "VALUE"; Value = ""; VariantName = "[No Variations]"
Added Component: Designator=R9(R-0805)
Add component (AddParameter): Name = "ComponentLink1Description"; Value = "Linkedin"; VariantName = "[No Variations]"
Add component (AddParameter): Name = "ComponentLink1URL"; Value = "https://ir.linkedin.com/in/mahdi-bagherzade"; VariantName = "[No Variations]"
Add component (AddParameter): Name = "Phone Number"; Value = "0915 8700 314"; VariantName = "[No Variations]"
Add component (AddParameter): Name = "Published Date"; Value = "9-15-2024"; VariantName = "[No Variations]"
Add component (AddParameter): Name = "Publisher"; Value = "Mahdi Bagherzadeh"; VariantName = "[No Variations]"
Add component (AddParameter): Name = "VALUE"; Value = ""; VariantName = "[No Variations]"
Added Component: Designator=R10(R-0805)
Add component (AddParameter): Name = "ComponentLink1Description"; Value = "Linkedin"; VariantName = "[No Variations]"
Add component (AddParameter): Name = "ComponentLink1URL"; Value = "https://ir.linkedin.com/in/mahdi-bagherzade"; VariantName = "[No Variations]"
Add component (AddParameter): Name = "Phone Number"; Value = "0915 8700 314"; VariantName = "[No Variations]"
Add component (AddParameter): Name = "Published Date"; Value = "9-15-2024"; VariantName = "[No Variations]"
Add component (AddParameter): Name = "Publisher"; Value = "Mahdi Bagherzadeh"; VariantName = "[No Variations]"
Add component (AddParameter): Name = "VALUE"; Value = ""; VariantName = "[No Variations]"
Added Component: Designator=R11(R-0805)
Add component (AddParameter): Name = "ComponentLink1Description"; Value = "Linkedin"; VariantName = "[No Variations]"
Add component (AddParameter): Name = "ComponentLink1URL"; Value = "https://ir.linkedin.com/in/mahdi-bagherzade"; VariantName = "[No Variations]"
Add component (AddParameter): Name = "Phone Number"; Value = "0915 8700 314"; VariantName = "[No Variations]"
Add component (AddParameter): Name = "Published Date"; Value = "9-15-2024"; VariantName = "[No Variations]"
Add component (AddParameter): Name = "Publisher"; Value = "Mahdi Bagherzadeh"; VariantName = "[No Variations]"
Add component (AddParameter): Name = "VALUE"; Value = ""; VariantName = "[No Variations]"
Added Component: Designator=R12(R-0805)
Add component (AddParameter): Name = "ComponentLink1Description"; Value = "Linkedin"; VariantName = "[No Variations]"
Add component (AddParameter): Name = "ComponentLink1URL"; Value = "https://ir.linkedin.com/in/mahdi-bagherzade"; VariantName = "[No Variations]"
Add component (AddParameter): Name = "Phone Number"; Value = "0915 8700 314"; VariantName = "[No Variations]"
Add component (AddParameter): Name = "Published Date"; Value = "9-15-2024"; VariantName = "[No Variations]"
Add component (AddParameter): Name = "Publisher"; Value = "Mahdi Bagherzadeh"; VariantName = "[No Variations]"
Add component (AddParameter): Name = "VALUE"; Value = ""; VariantName = "[No Variations]"
Added Component: Designator=R13(R-0805)
Add component (AddParameter): Name = "ComponentLink1Description"; Value = "Linkedin"; VariantName = "[No Variations]"
Add component (AddParameter): Name = "ComponentLink1URL"; Value = "https://ir.linkedin.com/in/mahdi-bagherzade"; VariantName = "[No Variations]"
Add component (AddParameter): Name = "Phone Number"; Value = "0915 8700 314"; VariantName = "[No Variations]"
Add component (AddParameter): Name = "Published Date"; Value = "9-15-2024"; VariantName = "[No Variations]"
Add component (AddParameter): Name = "Publisher"; Value = "Mahdi Bagherzadeh"; VariantName = "[No Variations]"
Add component (AddParameter): Name = "VALUE"; Value = ""; VariantName = "[No Variations]"
Added Component: Designator=R14(R-0805)
Add component (AddParameter): Name = "ComponentLink1Description"; Value = "Linkedin"; VariantName = "[No Variations]"
Add component (AddParameter): Name = "ComponentLink1URL"; Value = "https://ir.linkedin.com/in/mahdi-bagherzade"; VariantName = "[No Variations]"
Add component (AddParameter): Name = "Phone Number"; Value = "0915 8700 314"; VariantName = "[No Variations]"
Add component (AddParameter): Name = "Published Date"; Value = "9-15-2024"; VariantName = "[No Variations]"
Add component (AddParameter): Name = "Publisher"; Value = "Mahdi Bagherzadeh"; VariantName = "[No Variations]"
Add component (AddParameter): Name = "VALUE"; Value = ""; VariantName = "[No Variations]"
Added Component: Designator=R15(R-0805)
Add component (AddParameter): Name = "ComponentLink1Description"; Value = "Linkedin"; VariantName = "[No Variations]"
Add component (AddParameter): Name = "ComponentLink1URL"; Value = "https://ir.linkedin.com/in/mahdi-bagherzade"; VariantName = "[No Variations]"
Add component (AddParameter): Name = "Phone Number"; Value = "0915 8700 314"; VariantName = "[No Variations]"
Add component (AddParameter): Name = "Published Date"; Value = "9-15-2024"; VariantName = "[No Variations]"
Add component (AddParameter): Name = "Publisher"; Value = "Mahdi Bagherzadeh"; VariantName = "[No Variations]"
Add component (AddParameter): Name = "VALUE"; Value = ""; VariantName = "[No Variations]"
Added Component: Designator=R16(R-0805)
Add component (AddParameter): Name = "ComponentLink1Description"; Value = "Linkedin"; VariantName = "[No Variations]"
Add component (AddParameter): Name = "ComponentLink1URL"; Value = "https://ir.linkedin.com/in/mahdi-bagherzade"; VariantName = "[No Variations]"
Add component (AddParameter): Name = "Phone Number"; Value = "0915 8700 314"; VariantName = "[No Variations]"
Add component (AddParameter): Name = "Published Date"; Value = "9-15-2024"; VariantName = "[No Variations]"
Add component (AddParameter): Name = "Publisher"; Value = "Mahdi Bagherzadeh"; VariantName = "[No Variations]"
Add component (AddParameter): Name = "VALUE"; Value = ""; VariantName = "[No Variations]"
Added Component: Designator=R17(R-0805)
Add component (AddParameter): Name = "ComponentLink1Description"; Value = "Linkedin"; VariantName = "[No Variations]"
Add component (AddParameter): Name = "ComponentLink1URL"; Value = "https://ir.linkedin.com/in/mahdi-bagherzade"; VariantName = "[No Variations]"
Add component (AddParameter): Name = "Phone Number"; Value = "0915 8700 314"; VariantName = "[No Variations]"
Add component (AddParameter): Name = "Published Date"; Value = "9-15-2024"; VariantName = "[No Variations]"
Add component (AddParameter): Name = "Publisher"; Value = "Mahdi Bagherzadeh"; VariantName = "[No Variations]"
Add component (AddParameter): Name = "VALUE"; Value = ""; VariantName = "[No Variations]"
Added Component: Designator=R18(R-0805)
Add component (AddParameter): Name = "ComponentLink1Description"; Value = "Linkedin"; VariantName = "[No Variations]"
Add component (AddParameter): Name = "ComponentLink1URL"; Value = "https://ir.linkedin.com/in/mahdi-bagherzade"; VariantName = "[No Variations]"
Add component (AddParameter): Name = "Phone Number"; Value = "0915 8700 314"; VariantName = "[No Variations]"
Add component (AddParameter): Name = "Published Date"; Value = "9-15-2024"; VariantName = "[No Variations]"
Add component (AddParameter): Name = "Publisher"; Value = "Mahdi Bagherzadeh"; VariantName = "[No Variations]"
Add component (AddParameter): Name = "VALUE"; Value = ""; VariantName = "[No Variations]"
Added Component: Designator=R19(R-0805)
Add component (AddParameter): Name = "ComponentLink1Description"; Value = "Linkedin"; VariantName = "[No Variations]"
Add component (AddParameter): Name = "ComponentLink1URL"; Value = "https://ir.linkedin.com/in/mahdi-bagherzade"; VariantName = "[No Variations]"
Add component (AddParameter): Name = "Phone Number"; Value = "0915 8700 314"; VariantName = "[No Variations]"
Add component (AddParameter): Name = "Published Date"; Value = "9-15-2024"; VariantName = "[No Variations]"
Add component (AddParameter): Name = "Publisher"; Value = "Mahdi Bagherzadeh"; VariantName = "[No Variations]"
Add component (AddParameter): Name = "VALUE"; Value = ""; VariantName = "[No Variations]"
Added Component: Designator=R20(R-0805)
Add component (AddParameter): Name = "ComponentLink1Description"; Value = "Linkedin"; VariantName = "[No Variations]"
Add component (AddParameter): Name = "ComponentLink1URL"; Value = "https://ir.linkedin.com/in/mahdi-bagherzade"; VariantName = "[No Variations]"
Add component (AddParameter): Name = "Phone Number"; Value = "0915 8700 314"; VariantName = "[No Variations]"
Add component (AddParameter): Name = "Published Date"; Value = "9-15-2024"; VariantName = "[No Variations]"
Add component (AddParameter): Name = "Publisher"; Value = "Mahdi Bagherzadeh"; VariantName = "[No Variations]"
Add component (AddParameter): Name = "VALUE"; Value = ""; VariantName = "[No Variations]"
Added Component: Designator=R21(R-0805)
Add component (AddParameter): Name = "ComponentLink1Description"; Value = "Linkedin"; VariantName = "[No Variations]"
Add component (AddParameter): Name = "ComponentLink1URL"; Value = "https://ir.linkedin.com/in/mahdi-bagherzade"; VariantName = "[No Variations]"
Add component (AddParameter): Name = "Phone Number"; Value = "0915 8700 314"; VariantName = "[No Variations]"
Add component (AddParameter): Name = "Published Date"; Value = "9-15-2024"; VariantName = "[No Variations]"
Add component (AddParameter): Name = "Publisher"; Value = "Mahdi Bagherzadeh"; VariantName = "[No Variations]"
Add component (AddParameter): Name = "VALUE"; Value = ""; VariantName = "[No Variations]"
Added Component: Designator=R22(R-0805)
Add component (AddParameter): Name = "ComponentLink1Description"; Value = "Linkedin"; VariantName = "[No Variations]"
Add component (AddParameter): Name = "ComponentLink1URL"; Value = "https://ir.linkedin.com/in/mahdi-bagherzade"; VariantName = "[No Variations]"
Add component (AddParameter): Name = "Phone Number"; Value = "0915 8700 314"; VariantName = "[No Variations]"
Add component (AddParameter): Name = "Published Date"; Value = "9-15-2024"; VariantName = "[No Variations]"
Add component (AddParameter): Name = "Publisher"; Value = "Mahdi Bagherzadeh"; VariantName = "[No Variations]"
Add component (AddParameter): Name = "VALUE"; Value = ""; VariantName = "[No Variations]"
Added Component: Designator=R23(R-0805)
Add component (AddParameter): Name = "ComponentLink1Description"; Value = "Linkedin"; VariantName = "[No Variations]"
Add component (AddParameter): Name = "ComponentLink1URL"; Value = "https://ir.linkedin.com/in/mahdi-bagherzade"; VariantName = "[No Variations]"
Add component (AddParameter): Name = "Phone Number"; Value = "0915 8700 314"; VariantName = "[No Variations]"
Add component (AddParameter): Name = "Published Date"; Value = "9-15-2024"; VariantName = "[No Variations]"
Add component (AddParameter): Name = "Publisher"; Value = "Mahdi Bagherzadeh"; VariantName = "[No Variations]"
Add component (AddParameter): Name = "VALUE"; Value = ""; VariantName = "[No Variations]"
Added Component: Designator=R24(R-0805)
Add component (AddParameter): Name = "ComponentLink1Description"; Value = "Linkedin"; VariantName = "[No Variations]"
Add component (AddParameter): Name = "ComponentLink1URL"; Value = "https://ir.linkedin.com/in/mahdi-bagherzade"; VariantName = "[No Variations]"
Add component (AddParameter): Name = "Phone Number"; Value = "0915 8700 314"; VariantName = "[No Variations]"
Add component (AddParameter): Name = "Published Date"; Value = "9-15-2024"; VariantName = "[No Variations]"
Add component (AddParameter): Name = "Publisher"; Value = "Mahdi Bagherzadeh"; VariantName = "[No Variations]"
Add component (AddParameter): Name = "VALUE"; Value = ""; VariantName = "[No Variations]"
Added Component: Designator=R25(R-0805)
Add component (AddParameter): Name = "ComponentLink1Description"; Value = "Linkedin"; VariantName = "[No Variations]"
Add component (AddParameter): Name = "ComponentLink1URL"; Value = "https://ir.linkedin.com/in/mahdi-bagherzade"; VariantName = "[No Variations]"
Add component (AddParameter): Name = "Phone Number"; Value = "0915 8700 314"; VariantName = "[No Variations]"
Add component (AddParameter): Name = "Power"; Value = "1/8W"; VariantName = "[No Variations]"
Add component (AddParameter): Name = "Published Date"; Value = "9-15-2024"; VariantName = "[No Variations]"
Add component (AddParameter): Name = "Publisher"; Value = "Mahdi Bagherzadeh"; VariantName = "[No Variations]"
Add component (AddParameter): Name = "Tolerance"; Value = "5%"; VariantName = "[No Variations]"
Add component (AddParameter): Name = "VALUE"; Value = "10K"; VariantName = "[No Variations]"
Added Component: Designator=R26(R-0805)
Add component (AddParameter): Name = "ComponentLink1Description"; Value = "Linkedin"; VariantName = "[No Variations]"
Add component (AddParameter): Name = "ComponentLink1URL"; Value = "https://ir.linkedin.com/in/mahdi-bagherzade"; VariantName = "[No Variations]"
Add component (AddParameter): Name = "Phone Number"; Value = "0915 8700 314"; VariantName = "[No Variations]"
Add component (AddParameter): Name = "Power"; Value = "1/8W"; VariantName = "[No Variations]"
Add component (AddParameter): Name = "Published Date"; Value = "9-15-2024"; VariantName = "[No Variations]"
Add component (AddParameter): Name = "Publisher"; Value = "Mahdi Bagherzadeh"; VariantName = "[No Variations]"
Add component (AddParameter): Name = "Tolerance"; Value = "5%"; VariantName = "[No Variations]"
Add component (AddParameter): Name = "VALUE"; Value = "10K"; VariantName = "[No Variations]"
Added Component: Designator=R27(R-0805)
Add component (AddParameter): Name = "ComponentLink1Description"; Value = "Linkedin"; VariantName = "[No Variations]"
Add component (AddParameter): Name = "ComponentLink1URL"; Value = "https://ir.linkedin.com/in/mahdi-bagherzade"; VariantName = "[No Variations]"
Add component (AddParameter): Name = "Phone Number"; Value = "0915 8700 314"; VariantName = "[No Variations]"
Add component (AddParameter): Name = "Power"; Value = "1/8W"; VariantName = "[No Variations]"
Add component (AddParameter): Name = "Published Date"; Value = "9-15-2024"; VariantName = "[No Variations]"
Add component (AddParameter): Name = "Publisher"; Value = "Mahdi Bagherzadeh"; VariantName = "[No Variations]"
Add component (AddParameter): Name = "Tolerance"; Value = "5%"; VariantName = "[No Variations]"
Add component (AddParameter): Name = "VALUE"; Value = "2.2K"; VariantName = "[No Variations]"
Added Component: Designator=R28(R-0805)
Add component (AddParameter): Name = "ComponentLink1Description"; Value = "Linkedin"; VariantName = "[No Variations]"
Add component (AddParameter): Name = "ComponentLink1URL"; Value = "https://ir.linkedin.com/in/mahdi-bagherzade"; VariantName = "[No Variations]"
Add component (AddParameter): Name = "Phone Number"; Value = "0915 8700 314"; VariantName = "[No Variations]"
Add component (AddParameter): Name = "Power"; Value = "1/8W"; VariantName = "[No Variations]"
Add component (AddParameter): Name = "Published Date"; Value = "9-15-2024"; VariantName = "[No Variations]"
Add component (AddParameter): Name = "Publisher"; Value = "Mahdi Bagherzadeh"; VariantName = "[No Variations]"
Add component (AddParameter): Name = "Tolerance"; Value = "5%"; VariantName = "[No Variations]"
Add component (AddParameter): Name = "Type"; Value = "SMD"; VariantName = "[No Variations]"
Add component (AddParameter): Name = "Value"; Value = "1K"; VariantName = "[No Variations]"
Added Component: Designator=R29(R-0805)
Add component (AddParameter): Name = "ComponentLink1Description"; Value = "Linkedin"; VariantName = "[No Variations]"
Add component (AddParameter): Name = "ComponentLink1URL"; Value = "https://ir.linkedin.com/in/mahdi-bagherzade"; VariantName = "[No Variations]"
Add component (AddParameter): Name = "Phone Number"; Value = "0915 8700 314"; VariantName = "[No Variations]"
Add component (AddParameter): Name = "Power"; Value = "1/8W"; VariantName = "[No Variations]"
Add component (AddParameter): Name = "Published Date"; Value = "9-15-2024"; VariantName = "[No Variations]"
Add component (AddParameter): Name = "Publisher"; Value = "Mahdi Bagherzadeh"; VariantName = "[No Variations]"
Add component (AddParameter): Name = "Tolerance"; Value = "5%"; VariantName = "[No Variations]"
Add component (AddParameter): Name = "Type"; Value = "SMD"; VariantName = "[No Variations]"
Add component (AddParameter): Name = "Value"; Value = "2.2K"; VariantName = "[No Variations]"
Added Component: Designator=S1_1(SW-SMD-2pin-3x6)
Add component (AddParameter): Name = "ComponentLink1Description"; Value = "Linkedin"; VariantName = "[No Variations]"
Add component (AddParameter): Name = "ComponentLink1URL"; Value = "https://ir.linkedin.com/in/mahdi-bagherzade"; VariantName = "[No Variations]"
Add component (AddParameter): Name = "Phone Number"; Value = "0915 8700 314"; VariantName = "[No Variations]"
Add component (AddParameter): Name = "Published Date"; Value = "9-15-2024"; VariantName = "[No Variations]"
Add component (AddParameter): Name = "Publisher"; Value = "Mahdi Bagherzadeh"; VariantName = "[No Variations]"
Add component (AddParameter): Name = "Size"; Value = "3x6mm"; VariantName = "[No Variations]"
Added Component: Designator=S1_2(SW-SMD-2pin-3x6)
Add component (AddParameter): Name = "ComponentLink1Description"; Value = "Linkedin"; VariantName = "[No Variations]"
Add component (AddParameter): Name = "ComponentLink1URL"; Value = "https://ir.linkedin.com/in/mahdi-bagherzade"; VariantName = "[No Variations]"
Add component (AddParameter): Name = "Phone Number"; Value = "0915 8700 314"; VariantName = "[No Variations]"
Add component (AddParameter): Name = "Published Date"; Value = "9-15-2024"; VariantName = "[No Variations]"
Add component (AddParameter): Name = "Publisher"; Value = "Mahdi Bagherzadeh"; VariantName = "[No Variations]"
Add component (AddParameter): Name = "Size"; Value = "3x6mm"; VariantName = "[No Variations]"
Added Component: Designator=S1_3(SW-SMD-2pin-3x6)
Add component (AddParameter): Name = "ComponentLink1Description"; Value = "Linkedin"; VariantName = "[No Variations]"
Add component (AddParameter): Name = "ComponentLink1URL"; Value = "https://ir.linkedin.com/in/mahdi-bagherzade"; VariantName = "[No Variations]"
Add component (AddParameter): Name = "Phone Number"; Value = "0915 8700 314"; VariantName = "[No Variations]"
Add component (AddParameter): Name = "Published Date"; Value = "9-15-2024"; VariantName = "[No Variations]"
Add component (AddParameter): Name = "Publisher"; Value = "Mahdi Bagherzadeh"; VariantName = "[No Variations]"
Add component (AddParameter): Name = "Size"; Value = "3x6mm"; VariantName = "[No Variations]"
Added Component: Designator=S2(SW-SMD-2pin-3x6)
Add component (AddParameter): Name = "ComponentLink1Description"; Value = "Linkedin"; VariantName = "[No Variations]"
Add component (AddParameter): Name = "ComponentLink1URL"; Value = "https://ir.linkedin.com/in/mahdi-bagherzade"; VariantName = "[No Variations]"
Add component (AddParameter): Name = "Phone Number"; Value = "0915 8700 314"; VariantName = "[No Variations]"
Add component (AddParameter): Name = "Published Date"; Value = "9-15-2024"; VariantName = "[No Variations]"
Add component (AddParameter): Name = "Publisher"; Value = "Mahdi Bagherzadeh"; VariantName = "[No Variations]"
Add component (AddParameter): Name = "Size"; Value = "3x6mm-2Pin"; VariantName = "[No Variations]"
Added Component: Designator=SC1(Screw_M3)
Add component (AddParameter): Name = "ComponentLink1Description"; Value = "Linkedin"; VariantName = "[No Variations]"
Add component (AddParameter): Name = "ComponentLink1URL"; Value = "https://ir.linkedin.com/in/mahdi-bagherzade"; VariantName = "[No Variations]"
Add component (AddParameter): Name = "Phone Number"; Value = "0915 8700 314"; VariantName = "[No Variations]"
Add component (AddParameter): Name = "Published Date"; Value = "9-15-2024"; VariantName = "[No Variations]"
Add component (AddParameter): Name = "Publisher"; Value = "Mahdi Bagherzadeh"; VariantName = "[No Variations]"
Add component (AddParameter): Name = "Size"; Value = "3mm"; VariantName = "[No Variations]"
Added Component: Designator=SC2(Screw_M3)
Add component (AddParameter): Name = "ComponentLink1Description"; Value = "Linkedin"; VariantName = "[No Variations]"
Add component (AddParameter): Name = "ComponentLink1URL"; Value = "https://ir.linkedin.com/in/mahdi-bagherzade"; VariantName = "[No Variations]"
Add component (AddParameter): Name = "Phone Number"; Value = "0915 8700 314"; VariantName = "[No Variations]"
Add component (AddParameter): Name = "Published Date"; Value = "9-15-2024"; VariantName = "[No Variations]"
Add component (AddParameter): Name = "Publisher"; Value = "Mahdi Bagherzadeh"; VariantName = "[No Variations]"
Add component (AddParameter): Name = "Size"; Value = "3mm"; VariantName = "[No Variations]"
Added Component: Designator=SC3(Screw_M3)
Add component (AddParameter): Name = "ComponentLink1Description"; Value = "Linkedin"; VariantName = "[No Variations]"
Add component (AddParameter): Name = "ComponentLink1URL"; Value = "https://ir.linkedin.com/in/mahdi-bagherzade"; VariantName = "[No Variations]"
Add component (AddParameter): Name = "Phone Number"; Value = "0915 8700 314"; VariantName = "[No Variations]"
Add component (AddParameter): Name = "Published Date"; Value = "9-15-2024"; VariantName = "[No Variations]"
Add component (AddParameter): Name = "Publisher"; Value = "Mahdi Bagherzadeh"; VariantName = "[No Variations]"
Add component (AddParameter): Name = "Size"; Value = "3mm"; VariantName = "[No Variations]"
Added Component: Designator=SC4(Screw_M3)
Add component (AddParameter): Name = "ComponentLink1Description"; Value = "Linkedin"; VariantName = "[No Variations]"
Add component (AddParameter): Name = "ComponentLink1URL"; Value = "https://ir.linkedin.com/in/mahdi-bagherzade"; VariantName = "[No Variations]"
Add component (AddParameter): Name = "Phone Number"; Value = "0915 8700 314"; VariantName = "[No Variations]"
Add component (AddParameter): Name = "Published Date"; Value = "9-15-2024"; VariantName = "[No Variations]"
Add component (AddParameter): Name = "Publisher"; Value = "Mahdi Bagherzadeh"; VariantName = "[No Variations]"
Add component (AddParameter): Name = "Size"; Value = "3mm"; VariantName = "[No Variations]"
Added Component: Designator=TP1(TEST POINT-DIP)
Add component (AddParameter): Name = "ComponentLink1Description"; Value = "Linkedin"; VariantName = "[No Variations]"
Add component (AddParameter): Name = "ComponentLink1URL"; Value = "https://ir.linkedin.com/in/mahdi-bagherzade"; VariantName = "[No Variations]"
Add component (AddParameter): Name = "Phone Number"; Value = "0915 8700 314"; VariantName = "[No Variations]"
Add component (AddParameter): Name = "Published Date"; Value = "9-15-2024"; VariantName = "[No Variations]"
Add component (AddParameter): Name = "Publisher"; Value = "Mahdi Bagherzadeh"; VariantName = "[No Variations]"
Added Component: Designator=TP2(TEST POINT-DIP)
Add component (AddParameter): Name = "ComponentLink1Description"; Value = "Linkedin"; VariantName = "[No Variations]"
Add component (AddParameter): Name = "ComponentLink1URL"; Value = "https://ir.linkedin.com/in/mahdi-bagherzade"; VariantName = "[No Variations]"
Add component (AddParameter): Name = "Phone Number"; Value = "0915 8700 314"; VariantName = "[No Variations]"
Add component (AddParameter): Name = "Published Date"; Value = "9-15-2024"; VariantName = "[No Variations]"
Add component (AddParameter): Name = "Publisher"; Value = "Mahdi Bagherzadeh"; VariantName = "[No Variations]"
Added Component: Designator=TP3(TEST POINT-DIP)
Add component (AddParameter): Name = "ComponentLink1Description"; Value = "Linkedin"; VariantName = "[No Variations]"
Add component (AddParameter): Name = "ComponentLink1URL"; Value = "https://ir.linkedin.com/in/mahdi-bagherzade"; VariantName = "[No Variations]"
Add component (AddParameter): Name = "Phone Number"; Value = "0915 8700 314"; VariantName = "[No Variations]"
Add component (AddParameter): Name = "Published Date"; Value = "9-15-2024"; VariantName = "[No Variations]"
Add component (AddParameter): Name = "Publisher"; Value = "Mahdi Bagherzadeh"; VariantName = "[No Variations]"
Added Component: Designator=TP4(TEST POINT-DIP)
Add component (AddParameter): Name = "ComponentLink1Description"; Value = "Linkedin"; VariantName = "[No Variations]"
Add component (AddParameter): Name = "ComponentLink1URL"; Value = "https://ir.linkedin.com/in/mahdi-bagherzade"; VariantName = "[No Variations]"
Add component (AddParameter): Name = "Phone Number"; Value = "0915 8700 314"; VariantName = "[No Variations]"
Add component (AddParameter): Name = "Published Date"; Value = "9-15-2024"; VariantName = "[No Variations]"
Add component (AddParameter): Name = "Publisher"; Value = "Mahdi Bagherzadeh"; VariantName = "[No Variations]"
Added Component: Designator=TP5(TEST POINT-DIP)
Add component (AddParameter): Name = "ComponentLink1Description"; Value = "Linkedin"; VariantName = "[No Variations]"
Add component (AddParameter): Name = "ComponentLink1URL"; Value = "https://ir.linkedin.com/in/mahdi-bagherzade"; VariantName = "[No Variations]"
Add component (AddParameter): Name = "Phone Number"; Value = "0915 8700 314"; VariantName = "[No Variations]"
Add component (AddParameter): Name = "Published Date"; Value = "9-15-2024"; VariantName = "[No Variations]"
Add component (AddParameter): Name = "Publisher"; Value = "Mahdi Bagherzadeh"; VariantName = "[No Variations]"
Added Component: Designator=TP6(TEST POINT-DIP)
Add component (AddParameter): Name = "ComponentLink1Description"; Value = "Linkedin"; VariantName = "[No Variations]"
Add component (AddParameter): Name = "ComponentLink1URL"; Value = "https://ir.linkedin.com/in/mahdi-bagherzade"; VariantName = "[No Variations]"
Add component (AddParameter): Name = "Phone Number"; Value = "0915 8700 314"; VariantName = "[No Variations]"
Add component (AddParameter): Name = "Published Date"; Value = "9-15-2024"; VariantName = "[No Variations]"
Add component (AddParameter): Name = "Publisher"; Value = "Mahdi Bagherzadeh"; VariantName = "[No Variations]"
Added Component: Designator=TP7(TEST POINT-DIP)
Add component (AddParameter): Name = "ComponentLink1Description"; Value = "Linkedin"; VariantName = "[No Variations]"
Add component (AddParameter): Name = "ComponentLink1URL"; Value = "https://ir.linkedin.com/in/mahdi-bagherzade"; VariantName = "[No Variations]"
Add component (AddParameter): Name = "Phone Number"; Value = "0915 8700 314"; VariantName = "[No Variations]"
Add component (AddParameter): Name = "Published Date"; Value = "9-15-2024"; VariantName = "[No Variations]"
Add component (AddParameter): Name = "Publisher"; Value = "Mahdi Bagherzadeh"; VariantName = "[No Variations]"
Added Component: Designator=TP8(TEST POINT-DIP)
Add component (AddParameter): Name = "ComponentLink1Description"; Value = "Linkedin"; VariantName = "[No Variations]"
Add component (AddParameter): Name = "ComponentLink1URL"; Value = "https://ir.linkedin.com/in/mahdi-bagherzade"; VariantName = "[No Variations]"
Add component (AddParameter): Name = "Phone Number"; Value = "0915 8700 314"; VariantName = "[No Variations]"
Add component (AddParameter): Name = "Published Date"; Value = "9-15-2024"; VariantName = "[No Variations]"
Add component (AddParameter): Name = "Publisher"; Value = "Mahdi Bagherzadeh"; VariantName = "[No Variations]"
Added Component: Designator=TP9(TEST POINT-DIP)
Add component (AddParameter): Name = "ComponentLink1Description"; Value = "Linkedin"; VariantName = "[No Variations]"
Add component (AddParameter): Name = "ComponentLink1URL"; Value = "https://ir.linkedin.com/in/mahdi-bagherzade"; VariantName = "[No Variations]"
Add component (AddParameter): Name = "Phone Number"; Value = "0915 8700 314"; VariantName = "[No Variations]"
Add component (AddParameter): Name = "Published Date"; Value = "9-15-2024"; VariantName = "[No Variations]"
Add component (AddParameter): Name = "Publisher"; Value = "Mahdi Bagherzadeh"; VariantName = "[No Variations]"
Added Component: Designator=TP10(TEST POINT-DIP)
Add component (AddParameter): Name = "ComponentLink1Description"; Value = "Linkedin"; VariantName = "[No Variations]"
Add component (AddParameter): Name = "ComponentLink1URL"; Value = "https://ir.linkedin.com/in/mahdi-bagherzade"; VariantName = "[No Variations]"
Add component (AddParameter): Name = "Phone Number"; Value = "0915 8700 314"; VariantName = "[No Variations]"
Add component (AddParameter): Name = "Published Date"; Value = "9-15-2024"; VariantName = "[No Variations]"
Add component (AddParameter): Name = "Publisher"; Value = "Mahdi Bagherzadeh"; VariantName = "[No Variations]"
Added Component: Designator=TP11(TEST POINT-DIP)
Add component (AddParameter): Name = "ComponentLink1Description"; Value = "Linkedin"; VariantName = "[No Variations]"
Add component (AddParameter): Name = "ComponentLink1URL"; Value = "https://ir.linkedin.com/in/mahdi-bagherzade"; VariantName = "[No Variations]"
Add component (AddParameter): Name = "Phone Number"; Value = "0915 8700 314"; VariantName = "[No Variations]"
Add component (AddParameter): Name = "Published Date"; Value = "9-15-2024"; VariantName = "[No Variations]"
Add component (AddParameter): Name = "Publisher"; Value = "Mahdi Bagherzadeh"; VariantName = "[No Variations]"
Added Component: Designator=TP12(TEST POINT-DIP)
Add component (AddParameter): Name = "ComponentLink1Description"; Value = "Linkedin"; VariantName = "[No Variations]"
Add component (AddParameter): Name = "ComponentLink1URL"; Value = "https://ir.linkedin.com/in/mahdi-bagherzade"; VariantName = "[No Variations]"
Add component (AddParameter): Name = "Phone Number"; Value = "0915 8700 314"; VariantName = "[No Variations]"
Add component (AddParameter): Name = "Published Date"; Value = "9-15-2024"; VariantName = "[No Variations]"
Add component (AddParameter): Name = "Publisher"; Value = "Mahdi Bagherzadeh"; VariantName = "[No Variations]"
Added Component: Designator=TP13(TEST POINT-DIP)
Add component (AddParameter): Name = "ComponentLink1Description"; Value = "Linkedin"; VariantName = "[No Variations]"
Add component (AddParameter): Name = "ComponentLink1URL"; Value = "https://ir.linkedin.com/in/mahdi-bagherzade"; VariantName = "[No Variations]"
Add component (AddParameter): Name = "Phone Number"; Value = "0915 8700 314"; VariantName = "[No Variations]"
Add component (AddParameter): Name = "Published Date"; Value = "9-15-2024"; VariantName = "[No Variations]"
Add component (AddParameter): Name = "Publisher"; Value = "Mahdi Bagherzadeh"; VariantName = "[No Variations]"
Added Component: Designator=TP14(TEST POINT-DIP)
Add component (AddParameter): Name = "ComponentLink1Description"; Value = "Linkedin"; VariantName = "[No Variations]"
Add component (AddParameter): Name = "ComponentLink1URL"; Value = "https://ir.linkedin.com/in/mahdi-bagherzade"; VariantName = "[No Variations]"
Add component (AddParameter): Name = "Phone Number"; Value = "0915 8700 314"; VariantName = "[No Variations]"
Add component (AddParameter): Name = "Published Date"; Value = "9-15-2024"; VariantName = "[No Variations]"
Add component (AddParameter): Name = "Publisher"; Value = "Mahdi Bagherzadeh"; VariantName = "[No Variations]"
Added Component: Designator=TR1(KF129-2pin)
Add component (AddParameter): Name = "Code"; Value = "KF?/Phoenix-2Pin"; VariantName = "[No Variations]"
Add component (AddParameter): Name = "ComponentLink1Description"; Value = "Linkedin"; VariantName = "[No Variations]"
Add component (AddParameter): Name = "ComponentLink1URL"; Value = "https://ir.linkedin.com/in/mahdi-bagherzade"; VariantName = "[No Variations]"
Add component (AddParameter): Name = "Phone Number"; Value = "0915 8700 314"; VariantName = "[No Variations]"
Add component (AddParameter): Name = "Published Date"; Value = "9-15-2024"; VariantName = "[No Variations]"
Add component (AddParameter): Name = "Publisher"; Value = "Mahdi Bagherzadeh"; VariantName = "[No Variations]"
Add component (AddParameter): Name = "Size"; Value = "?mm"; VariantName = "[No Variations]"
Add component (AddParameter): Name = "Type"; Value = "Straight/Right"; VariantName = "[No Variations]"
Added Component: Designator=U1(SOIC8)
Add component (AddParameter): Name = "ComponentLink1Description"; Value = "Linkedin"; VariantName = "[No Variations]"
Add component (AddParameter): Name = "ComponentLink1URL"; Value = "https://ir.linkedin.com/in/mahdi-bagherzade"; VariantName = "[No Variations]"
Add component (AddParameter): Name = "Phone Number"; Value = "0915 8700 314"; VariantName = "[No Variations]"
Add component (AddParameter): Name = "Published Date"; Value = "9-15-2024"; VariantName = "[No Variations]"
Add component (AddParameter): Name = "Publisher"; Value = "Mahdi Bagherzadeh"; VariantName = "[No Variations]"
Added Component: Designator=U2(DIP28-wide)
Add component (AddParameter): Name = "ComponentLink1Description"; Value = "Linkedin"; VariantName = "[No Variations]"
Add component (AddParameter): Name = "ComponentLink1URL"; Value = "https://ir.linkedin.com/in/mahdi-bagherzade"; VariantName = "[No Variations]"
Add component (AddParameter): Name = "Phone Number"; Value = "0915 8700 314"; VariantName = "[No Variations]"
Add component (AddParameter): Name = "Published Date"; Value = "9-15-2024"; VariantName = "[No Variations]"
Add component (AddParameter): Name = "Publisher"; Value = "Mahdi Bagherzadeh"; VariantName = "[No Variations]"
Add Component: Footprint Not Found STM-LQFP144_M
Added Component: Designator=U4(SOT223)
Add component (AddParameter): Name = "ComponentLink1Description"; Value = "Linkedin"; VariantName = "[No Variations]"
Add component (AddParameter): Name = "ComponentLink1URL"; Value = "https://ir.linkedin.com/in/mahdi-bagherzade"; VariantName = "[No Variations]"
Add component (AddParameter): Name = "Phone Number"; Value = "0915 8700 314"; VariantName = "[No Variations]"
Add component (AddParameter): Name = "Published Date"; Value = "9-15-2024"; VariantName = "[No Variations]"
Add component (AddParameter): Name = "Publisher"; Value = "Mahdi Bagherzadeh"; VariantName = "[No Variations]"
Add component (AddParameter): Name = "Voltage"; Value = "?V"; VariantName = "[No Variations]"
Added Component: Designator=U5(TO220-HEARSINK-1)
Add component (AddParameter): Name = "Code"; Value = "7805"; VariantName = "[No Variations]"
Add component (AddParameter): Name = "ComponentLink1Description"; Value = "Linkedin"; VariantName = "[No Variations]"
Add component (AddParameter): Name = "ComponentLink1URL"; Value = "https://ir.linkedin.com/in/mahdi-bagherzade"; VariantName = "[No Variations]"
Add component (AddParameter): Name = "Phone Number"; Value = "0915 8700 314"; VariantName = "[No Variations]"
Add component (AddParameter): Name = "Published Date"; Value = "9-15-2024"; VariantName = "[No Variations]"
Add component (AddParameter): Name = "Publisher"; Value = "Mahdi Bagherzadeh"; VariantName = "[No Variations]"
Add component (AddParameter): Name = "Type"; Value = "THD"; VariantName = "[No Variations]"
Add component (AddParameter): Name = "Voltage"; Value = "5V"; VariantName = "[No Variations]"
Added Component: Designator=Y1(CRYSTAL-SMD)
Add component (AddParameter): Name = "ComponentLink1Description"; Value = "Linkedin"; VariantName = "[No Variations]"
Add component (AddParameter): Name = "ComponentLink1URL"; Value = "https://ir.linkedin.com/in/mahdi-bagherzade"; VariantName = "[No Variations]"
Add component (AddParameter): Name = "Phone Number"; Value = "0915 8700 314"; VariantName = "[No Variations]"
Add component (AddParameter): Name = "Published Date"; Value = "9-15-2024"; VariantName = "[No Variations]"
Add component (AddParameter): Name = "Publisher"; Value = "Mahdi Bagherzadeh"; VariantName = "[No Variations]"
Add component (AddParameter): Name = "Value"; Value = "8MHz"; VariantName = "[No Variations]"
Added Component: Designator=ZD1_1(SOD80)
Add component (AddParameter): Name = "Code"; Value = ""; VariantName = "[No Variations]"
Add component (AddParameter): Name = "ComponentLink1Description"; Value = "Linkedin"; VariantName = "[No Variations]"
Add component (AddParameter): Name = "ComponentLink1URL"; Value = "https://ir.linkedin.com/in/mahdi-bagherzade"; VariantName = "[No Variations]"
Add component (AddParameter): Name = "Phone Number"; Value = "0915 8700 314"; VariantName = "[No Variations]"
Add component (AddParameter): Name = "Power"; Value = "Minimelf"; VariantName = "[No Variations]"
Add component (AddParameter): Name = "Published Date"; Value = "9-15-2024"; VariantName = "[No Variations]"
Add component (AddParameter): Name = "Publisher"; Value = "Mahdi Bagherzadeh"; VariantName = "[No Variations]"
Add component (AddParameter): Name = "Type"; Value = "SMD"; VariantName = "[No Variations]"
Add component (AddParameter): Name = "Voltage"; Value = "3.3V"; VariantName = "[No Variations]"
Added Component: Designator=ZD1_2(SOD80)
Add component (AddParameter): Name = "Code"; Value = ""; VariantName = "[No Variations]"
Add component (AddParameter): Name = "ComponentLink1Description"; Value = "Linkedin"; VariantName = "[No Variations]"
Add component (AddParameter): Name = "ComponentLink1URL"; Value = "https://ir.linkedin.com/in/mahdi-bagherzade"; VariantName = "[No Variations]"
Add component (AddParameter): Name = "Phone Number"; Value = "0915 8700 314"; VariantName = "[No Variations]"
Add component (AddParameter): Name = "Power"; Value = "Minimelf"; VariantName = "[No Variations]"
Add component (AddParameter): Name = "Published Date"; Value = "9-15-2024"; VariantName = "[No Variations]"
Add component (AddParameter): Name = "Publisher"; Value = "Mahdi Bagherzadeh"; VariantName = "[No Variations]"
Add component (AddParameter): Name = "Type"; Value = "SMD"; VariantName = "[No Variations]"
Add component (AddParameter): Name = "Voltage"; Value = "3.3V"; VariantName = "[No Variations]"
Added Component: Designator=ZD1_3(SOD80)
Add component (AddParameter): Name = "Code"; Value = ""; VariantName = "[No Variations]"
Add component (AddParameter): Name = "ComponentLink1Description"; Value = "Linkedin"; VariantName = "[No Variations]"
Add component (AddParameter): Name = "ComponentLink1URL"; Value = "https://ir.linkedin.com/in/mahdi-bagherzade"; VariantName = "[No Variations]"
Add component (AddParameter): Name = "Phone Number"; Value = "0915 8700 314"; VariantName = "[No Variations]"
Add component (AddParameter): Name = "Power"; Value = "Minimelf"; VariantName = "[No Variations]"
Add component (AddParameter): Name = "Published Date"; Value = "9-15-2024"; VariantName = "[No Variations]"
Add component (AddParameter): Name = "Publisher"; Value = "Mahdi Bagherzadeh"; VariantName = "[No Variations]"
Add component (AddParameter): Name = "Type"; Value = "SMD"; VariantName = "[No Variations]"
Add component (AddParameter): Name = "Voltage"; Value = "3.3V"; VariantName = "[No Variations]"
Added Component: Designator=ZD1_4(SOD80)
Add component (AddParameter): Name = "Code"; Value = ""; VariantName = "[No Variations]"
Add component (AddParameter): Name = "ComponentLink1Description"; Value = "Linkedin"; VariantName = "[No Variations]"
Add component (AddParameter): Name = "ComponentLink1URL"; Value = "https://ir.linkedin.com/in/mahdi-bagherzade"; VariantName = "[No Variations]"
Add component (AddParameter): Name = "Phone Number"; Value = "0915 8700 314"; VariantName = "[No Variations]"
Add component (AddParameter): Name = "Power"; Value = "Minimelf"; VariantName = "[No Variations]"
Add component (AddParameter): Name = "Published Date"; Value = "9-15-2024"; VariantName = "[No Variations]"
Add component (AddParameter): Name = "Publisher"; Value = "Mahdi Bagherzadeh"; VariantName = "[No Variations]"
Add component (AddParameter): Name = "Type"; Value = "SMD"; VariantName = "[No Variations]"
Add component (AddParameter): Name = "Voltage"; Value = "3.3V"; VariantName = "[No Variations]"
Added Component: Designator=ZD1_5(SOD80)
Add component (AddParameter): Name = "Code"; Value = ""; VariantName = "[No Variations]"
Add component (AddParameter): Name = "ComponentLink1Description"; Value = "Linkedin"; VariantName = "[No Variations]"
Add component (AddParameter): Name = "ComponentLink1URL"; Value = "https://ir.linkedin.com/in/mahdi-bagherzade"; VariantName = "[No Variations]"
Add component (AddParameter): Name = "Phone Number"; Value = "0915 8700 314"; VariantName = "[No Variations]"
Add component (AddParameter): Name = "Power"; Value = "Minimelf"; VariantName = "[No Variations]"
Add component (AddParameter): Name = "Published Date"; Value = "9-15-2024"; VariantName = "[No Variations]"
Add component (AddParameter): Name = "Publisher"; Value = "Mahdi Bagherzadeh"; VariantName = "[No Variations]"
Add component (AddParameter): Name = "Type"; Value = "SMD"; VariantName = "[No Variations]"
Add component (AddParameter): Name = "Voltage"; Value = "3.3V"; VariantName = "[No Variations]"
Added Component: Designator=ZD1_6(SOD80)
Add component (AddParameter): Name = "Code"; Value = ""; VariantName = "[No Variations]"
Add component (AddParameter): Name = "ComponentLink1Description"; Value = "Linkedin"; VariantName = "[No Variations]"
Add component (AddParameter): Name = "ComponentLink1URL"; Value = "https://ir.linkedin.com/in/mahdi-bagherzade"; VariantName = "[No Variations]"
Add component (AddParameter): Name = "Phone Number"; Value = "0915 8700 314"; VariantName = "[No Variations]"
Add component (AddParameter): Name = "Power"; Value = "Minimelf"; VariantName = "[No Variations]"
Add component (AddParameter): Name = "Published Date"; Value = "9-15-2024"; VariantName = "[No Variations]"
Add component (AddParameter): Name = "Publisher"; Value = "Mahdi Bagherzadeh"; VariantName = "[No Variations]"
Add component (AddParameter): Name = "Type"; Value = "SMD"; VariantName = "[No Variations]"
Add component (AddParameter): Name = "Voltage"; Value = "3.3V"; VariantName = "[No Variations]"
Added Component: Designator=ZD1_7(SOD80)
Add component (AddParameter): Name = "Code"; Value = ""; VariantName = "[No Variations]"
Add component (AddParameter): Name = "ComponentLink1Description"; Value = "Linkedin"; VariantName = "[No Variations]"
Add component (AddParameter): Name = "ComponentLink1URL"; Value = "https://ir.linkedin.com/in/mahdi-bagherzade"; VariantName = "[No Variations]"
Add component (AddParameter): Name = "Phone Number"; Value = "0915 8700 314"; VariantName = "[No Variations]"
Add component (AddParameter): Name = "Power"; Value = "Minimelf"; VariantName = "[No Variations]"
Add component (AddParameter): Name = "Published Date"; Value = "9-15-2024"; VariantName = "[No Variations]"
Add component (AddParameter): Name = "Publisher"; Value = "Mahdi Bagherzadeh"; VariantName = "[No Variations]"
Add component (AddParameter): Name = "Type"; Value = "SMD"; VariantName = "[No Variations]"
Add component (AddParameter): Name = "Voltage"; Value = "3.3V"; VariantName = "[No Variations]"
Added Component: Designator=ZD1_8(SOD80)
Add component (AddParameter): Name = "Code"; Value = ""; VariantName = "[No Variations]"
Add component (AddParameter): Name = "ComponentLink1Description"; Value = "Linkedin"; VariantName = "[No Variations]"
Add component (AddParameter): Name = "ComponentLink1URL"; Value = "https://ir.linkedin.com/in/mahdi-bagherzade"; VariantName = "[No Variations]"
Add component (AddParameter): Name = "Phone Number"; Value = "0915 8700 314"; VariantName = "[No Variations]"
Add component (AddParameter): Name = "Power"; Value = "Minimelf"; VariantName = "[No Variations]"
Add component (AddParameter): Name = "Published Date"; Value = "9-15-2024"; VariantName = "[No Variations]"
Add component (AddParameter): Name = "Publisher"; Value = "Mahdi Bagherzadeh"; VariantName = "[No Variations]"
Add component (AddParameter): Name = "Type"; Value = "SMD"; VariantName = "[No Variations]"
Add component (AddParameter): Name = "Voltage"; Value = "3.3V"; VariantName = "[No Variations]"
Added Pin To Net: NetName=+3V3 Pin=C37-1
Added Pin To Net: NetName=+3V3 Pin=C38-1
Added Pin To Net: NetName=+3V3 Pin=FB1-2
Added Pin To Net: NetName=+3V3 Pin=FB3-1
Added Pin To Net: NetName=+3V3 Pin=FB4-1
Added Pin To Net: NetName=+3V3 Pin=FB5-1
Added Pin To Net: NetName=+3V3 Pin=R1_1-1
Added Pin To Net: NetName=+3V3 Pin=R1_2-1
Added Pin To Net: NetName=+3V3 Pin=R1_3-1
Added Pin To Net: NetName=+3V3 Pin=R27-1
Added Pin To Net: NetName=+3V3 Pin=TP2-1
Added Pin To Net: NetName=+3V3 Pin=U4-2
Added Net: Name=+3V3
Added Pin To Net: NetName=+5 Pin=C35-1
Added Pin To Net: NetName=+5 Pin=C36-1
Added Pin To Net: NetName=+5 Pin=C42-1
Added Pin To Net: NetName=+5 Pin=C43-1
Added Pin To Net: NetName=+5 Pin=C46-1
Added Pin To Net: NetName=+5 Pin=C48-1
Added Pin To Net: NetName=+5 Pin=CN5-3
Added Pin To Net: NetName=+5 Pin=FB2-1
Added Pin To Net: NetName=+5 Pin=LED3-1
Added Pin To Net: NetName=+5 Pin=U4-3
Added Pin To Net: NetName=+5 Pin=U5-3
Added Net: Name=+5
Added Pin To Net: NetName=+12_IN Pin=D2-1
Added Pin To Net: NetName=+12_IN Pin=TR1-2
Added Net: Name=+12_IN
Added Pin To Net: NetName=+12 Pin=C45-1
Added Pin To Net: NetName=+12 Pin=C47-1
Added Pin To Net: NetName=+12 Pin=CN1_1-5
Added Pin To Net: NetName=+12 Pin=CN1_2-5
Added Pin To Net: NetName=+12 Pin=CN1_3-5
Added Pin To Net: NetName=+12 Pin=CN1_4-5
Added Pin To Net: NetName=+12 Pin=CN1_5-5
Added Pin To Net: NetName=+12 Pin=CN1_6-5
Added Pin To Net: NetName=+12 Pin=CN1_7-5
Added Pin To Net: NetName=+12 Pin=CN1_8-5
Added Pin To Net: NetName=+12 Pin=D2-2
Added Pin To Net: NetName=+12 Pin=R6_1-1
Added Pin To Net: NetName=+12 Pin=R6_2-1
Added Pin To Net: NetName=+12 Pin=R6_3-1
Added Pin To Net: NetName=+12 Pin=R6_4-1
Added Pin To Net: NetName=+12 Pin=R6_5-1
Added Pin To Net: NetName=+12 Pin=R6_6-1
Added Pin To Net: NetName=+12 Pin=R6_7-1
Added Pin To Net: NetName=+12 Pin=R6_8-1
Added Pin To Net: NetName=+12 Pin=U5-1
Added Net: Name=+12
Added Pin To Net: NetName=GND_MCU Pin=BAT1-2
Added Pin To Net: NetName=GND_MCU Pin=C1_1-2
Added Pin To Net: NetName=GND_MCU Pin=C1_2-2
Added Pin To Net: NetName=GND_MCU Pin=C1_3-2
Added Pin To Net: NetName=GND_MCU Pin=C3-2
Added Pin To Net: NetName=GND_MCU Pin=C4-2
Added Pin To Net: NetName=GND_MCU Pin=C7-2
Added Pin To Net: NetName=GND_MCU Pin=C8-2
Added Pin To Net: NetName=GND_MCU Pin=C9-2
Added Pin To Net: NetName=GND_MCU Pin=C10-2
Added Pin To Net: NetName=GND_MCU Pin=C11-2
Added Pin To Net: NetName=GND_MCU Pin=C12-2
Added Pin To Net: NetName=GND_MCU Pin=C13-2
Added Pin To Net: NetName=GND_MCU Pin=C14-2
Added Pin To Net: NetName=GND_MCU Pin=C15-2
Added Pin To Net: NetName=GND_MCU Pin=C16-2
Added Pin To Net: NetName=GND_MCU Pin=C17-2
Added Pin To Net: NetName=GND_MCU Pin=C18-2
Added Pin To Net: NetName=GND_MCU Pin=C19-2
Added Pin To Net: NetName=GND_MCU Pin=C20-2
Added Pin To Net: NetName=GND_MCU Pin=C21-2
Added Pin To Net: NetName=GND_MCU Pin=C22-2
Added Pin To Net: NetName=GND_MCU Pin=C23-2
Added Pin To Net: NetName=GND_MCU Pin=C24-2
Added Pin To Net: NetName=GND_MCU Pin=C25-2
Added Pin To Net: NetName=GND_MCU Pin=C26-2
Added Pin To Net: NetName=GND_MCU Pin=C27-2
Added Pin To Net: NetName=GND_MCU Pin=C28-2
Added Pin To Net: NetName=GND_MCU Pin=C29-2
Added Pin To Net: NetName=GND_MCU Pin=C30-2
Added Pin To Net: NetName=GND_MCU Pin=C31-2
Added Pin To Net: NetName=GND_MCU Pin=C32-2
Added Pin To Net: NetName=GND_MCU Pin=C33-2
Added Pin To Net: NetName=GND_MCU Pin=C34-2
Added Pin To Net: NetName=GND_MCU Pin=C35-2
Added Pin To Net: NetName=GND_MCU Pin=C36-2
Added Pin To Net: NetName=GND_MCU Pin=C37-2
Added Pin To Net: NetName=GND_MCU Pin=C38-2
Added Pin To Net: NetName=GND_MCU Pin=C39-2
Added Pin To Net: NetName=GND_MCU Pin=C40-1
Added Pin To Net: NetName=GND_MCU Pin=C41-1
Added Pin To Net: NetName=GND_MCU Pin=C42-2
Added Pin To Net: NetName=GND_MCU Pin=C43-2
Added Pin To Net: NetName=GND_MCU Pin=CN3-5
Added Pin To Net: NetName=GND_MCU Pin=CN3-16
Added Pin To Net: NetName=GND_MCU Pin=CN3-17
Added Pin To Net: NetName=GND_MCU Pin=CN3-18
Added Pin To Net: NetName=GND_MCU Pin=CN3-19
Added Pin To Net: NetName=GND_MCU Pin=CN3-20
Added Pin To Net: NetName=GND_MCU Pin=CN3-21
Added Pin To Net: NetName=GND_MCU Pin=CN3-22
Added Pin To Net: NetName=GND_MCU Pin=CN3-23
Added Pin To Net: NetName=GND_MCU Pin=CN3-24
Added Pin To Net: NetName=GND_MCU Pin=CN3-25
Added Pin To Net: NetName=GND_MCU Pin=CN3-26
Added Pin To Net: NetName=GND_MCU Pin=CN3-27
Added Pin To Net: NetName=GND_MCU Pin=CN3-28
Added Pin To Net: NetName=GND_MCU Pin=CN3-29
Added Pin To Net: NetName=GND_MCU Pin=CN3-30
Added Pin To Net: NetName=GND_MCU Pin=CN3-31
Added Pin To Net: NetName=GND_MCU Pin=CN3-32
Added Pin To Net: NetName=GND_MCU Pin=CN3-37
Added Pin To Net: NetName=GND_MCU Pin=CN3-41
Added Pin To Net: NetName=GND_MCU Pin=CN3-42
Added Pin To Net: NetName=GND_MCU Pin=CN4-4
Added Pin To Net: NetName=GND_MCU Pin=CN5-6
Added Pin To Net: NetName=GND_MCU Pin=H1-3
Added Pin To Net: NetName=GND_MCU Pin=LED2-2
Added Pin To Net: NetName=GND_MCU Pin=NT1-1
Added Pin To Net: NetName=GND_MCU Pin=Q3-1
Added Pin To Net: NetName=GND_MCU Pin=R13-1
Added Pin To Net: NetName=GND_MCU Pin=R14-1
Added Pin To Net: NetName=GND_MCU Pin=R22-1
Added Pin To Net: NetName=GND_MCU Pin=R23-1
Added Pin To Net: NetName=GND_MCU Pin=R24-1
Added Pin To Net: NetName=GND_MCU Pin=S1_1-1
Added Pin To Net: NetName=GND_MCU Pin=S1_2-1
Added Pin To Net: NetName=GND_MCU Pin=S1_3-1
Added Pin To Net: NetName=GND_MCU Pin=S2-1
Added Pin To Net: NetName=GND_MCU Pin=TP1-1
Added Pin To Net: NetName=GND_MCU Pin=U1-1
Added Pin To Net: NetName=GND_MCU Pin=U1-2
Added Pin To Net: NetName=GND_MCU Pin=U1-3
Added Pin To Net: NetName=GND_MCU Pin=U1-4
Added Pin To Net: NetName=GND_MCU Pin=U1-7
Added Pin To Net: NetName=GND_MCU Pin=U2-8
Added Pin To Net: NetName=GND_MCU Pin=U2-12
Added Pin To Net: NetName=GND_MCU Pin=U2-16
Added Pin To Net: NetName=GND_MCU Pin=U2-28
Added Pin To Net: NetName=GND_MCU Pin=U4-1
Added Net: Name=GND_MCU
Added Pin To Net: NetName=GND Pin=C2_1-2
Added Pin To Net: NetName=GND Pin=C2_2-2
Added Pin To Net: NetName=GND Pin=C2_3-2
Added Pin To Net: NetName=GND Pin=C2_4-2
Added Pin To Net: NetName=GND Pin=C2_5-2
Added Pin To Net: NetName=GND Pin=C2_6-2
Added Pin To Net: NetName=GND Pin=C2_7-2
Added Pin To Net: NetName=GND Pin=C2_8-2
Added Pin To Net: NetName=GND Pin=C44-2
Added Pin To Net: NetName=GND Pin=C45-2
Added Pin To Net: NetName=GND Pin=C46-2
Added Pin To Net: NetName=GND Pin=C47-2
Added Pin To Net: NetName=GND Pin=C48-2
Added Pin To Net: NetName=GND Pin=CN1_1-4
Added Pin To Net: NetName=GND Pin=CN1_2-4
Added Pin To Net: NetName=GND Pin=CN1_3-4
Added Pin To Net: NetName=GND Pin=CN1_4-4
Added Pin To Net: NetName=GND Pin=CN1_5-4
Added Pin To Net: NetName=GND Pin=CN1_6-4
Added Pin To Net: NetName=GND Pin=CN1_7-4
Added Pin To Net: NetName=GND Pin=CN1_8-4
Added Pin To Net: NetName=GND Pin=NT1-2
Added Pin To Net: NetName=GND Pin=Q1_1-1
Added Pin To Net: NetName=GND Pin=Q1_2-1
Added Pin To Net: NetName=GND Pin=Q1_3-1
Added Pin To Net: NetName=GND Pin=Q1_4-1
Added Pin To Net: NetName=GND Pin=Q1_5-1
Added Pin To Net: NetName=GND Pin=Q1_6-1
Added Pin To Net: NetName=GND Pin=Q1_7-1
Added Pin To Net: NetName=GND Pin=Q1_8-1
Added Pin To Net: NetName=GND Pin=Q2_1-1
Added Pin To Net: NetName=GND Pin=Q2_2-1
Added Pin To Net: NetName=GND Pin=Q2_3-1
Added Pin To Net: NetName=GND Pin=Q2_4-1
Added Pin To Net: NetName=GND Pin=Q2_5-1
Added Pin To Net: NetName=GND Pin=Q2_6-1
Added Pin To Net: NetName=GND Pin=Q2_7-1
Added Pin To Net: NetName=GND Pin=Q2_8-1
Added Pin To Net: NetName=GND Pin=R3_1-1
Added Pin To Net: NetName=GND Pin=R3_2-1
Added Pin To Net: NetName=GND Pin=R3_3-1
Added Pin To Net: NetName=GND Pin=R3_4-1
Added Pin To Net: NetName=GND Pin=R3_5-1
Added Pin To Net: NetName=GND Pin=R3_6-1
Added Pin To Net: NetName=GND Pin=R3_7-1
Added Pin To Net: NetName=GND Pin=R3_8-1
Added Pin To Net: NetName=GND Pin=R5_1-1
Added Pin To Net: NetName=GND Pin=R5_2-1
Added Pin To Net: NetName=GND Pin=R5_3-1
Added Pin To Net: NetName=GND Pin=R5_4-1
Added Pin To Net: NetName=GND Pin=R5_5-1
Added Pin To Net: NetName=GND Pin=R5_6-1
Added Pin To Net: NetName=GND Pin=R5_7-1
Added Pin To Net: NetName=GND Pin=R5_8-1
Added Pin To Net: NetName=GND Pin=R29-2
Added Pin To Net: NetName=GND Pin=TR1-1
Added Pin To Net: NetName=GND Pin=U5-2
Added Pin To Net: NetName=GND Pin=ZD1_1-1
Added Pin To Net: NetName=GND Pin=ZD1_2-1
Added Pin To Net: NetName=GND Pin=ZD1_3-1
Added Pin To Net: NetName=GND Pin=ZD1_4-1
Added Pin To Net: NetName=GND Pin=ZD1_5-1
Added Pin To Net: NetName=GND Pin=ZD1_6-1
Added Pin To Net: NetName=GND Pin=ZD1_7-1
Added Pin To Net: NetName=GND Pin=ZD1_8-1
Added Net: Name=GND
Added Pin To Net: NetName=ISD_LED Pin=R10-2
Added Pin To Net: NetName=ISD_LED Pin=U2-2
Added Net: Name=ISD_LED
Added Pin To Net: NetName=ISD_MIC_N Pin=C6-2
Added Pin To Net: NetName=ISD_MIC_N Pin=U2-11
Added Net: Name=ISD_MIC_N
Added Pin To Net: NetName=ISD_MIC_P Pin=C5-2
Added Pin To Net: NetName=ISD_MIC_P Pin=U2-10
Added Net: Name=ISD_MIC_P
Added Pin To Net: NetName=ISD_MISO Pin=U2-4
Added Net: Name=ISD_MISO
Added Pin To Net: NetName=ISD_MOSI Pin=U2-5
Added Net: Name=ISD_MOSI
Added Pin To Net: NetName=ISD_SCK Pin=U2-6
Added Net: Name=ISD_SCK
Added Pin To Net: NetName=ISD_SS Pin=U2-7
Added Net: Name=ISD_SS
Added Pin To Net: NetName=MCU_BOOT0 Pin=H1-2
Added Net: Name=MCU_BOOT0
Added Pin To Net: NetName=MCU_KEY1 Pin=C1_1-1
Added Pin To Net: NetName=MCU_KEY1 Pin=R1_1-2
Added Pin To Net: NetName=MCU_KEY1 Pin=S1_1-2
Added Net: Name=MCU_KEY1
Added Pin To Net: NetName=MCU_KEY2 Pin=C1_2-1
Added Pin To Net: NetName=MCU_KEY2 Pin=R1_2-2
Added Pin To Net: NetName=MCU_KEY2 Pin=S1_2-2
Added Net: Name=MCU_KEY2
Added Pin To Net: NetName=MCU_KEY3 Pin=C1_3-1
Added Pin To Net: NetName=MCU_KEY3 Pin=R1_3-2
Added Pin To Net: NetName=MCU_KEY3 Pin=S1_3-2
Added Net: Name=MCU_KEY3
Added Pin To Net: NetName=MCU_LED1 Pin=R4_1-2
Added Net: Name=MCU_LED1
Added Pin To Net: NetName=MCU_LED2 Pin=R4_2-2
Added Net: Name=MCU_LED2
Added Pin To Net: NetName=MCU_LED3 Pin=R4_3-2
Added Net: Name=MCU_LED3
Added Pin To Net: NetName=MCU_LED4 Pin=R4_4-2
Added Net: Name=MCU_LED4
Added Pin To Net: NetName=MCU_LED5 Pin=R4_5-2
Added Net: Name=MCU_LED5
Added Pin To Net: NetName=MCU_LED6 Pin=R4_6-2
Added Net: Name=MCU_LED6
Added Pin To Net: NetName=MCU_LED7 Pin=R4_7-2
Added Net: Name=MCU_LED7
Added Pin To Net: NetName=MCU_LED8 Pin=R4_8-2
Added Net: Name=MCU_LED8
Added Pin To Net: NetName=MCU_LOCK1 Pin=R2_1-2
Added Net: Name=MCU_LOCK1
Added Pin To Net: NetName=MCU_LOCK2 Pin=R2_2-2
Added Net: Name=MCU_LOCK2
Added Pin To Net: NetName=MCU_LOCK3 Pin=R2_3-2
Added Net: Name=MCU_LOCK3
Added Pin To Net: NetName=MCU_LOCK4 Pin=R2_4-2
Added Net: Name=MCU_LOCK4
Added Pin To Net: NetName=MCU_LOCK5 Pin=R2_5-2
Added Net: Name=MCU_LOCK5
Added Pin To Net: NetName=MCU_LOCK6 Pin=R2_6-2
Added Net: Name=MCU_LOCK6
Added Pin To Net: NetName=MCU_LOCK7 Pin=R2_7-2
Added Net: Name=MCU_LOCK7
Added Pin To Net: NetName=MCU_LOCK8 Pin=R2_8-2
Added Net: Name=MCU_LOCK8
Added Pin To Net: NetName=MCU_MAGNET1 Pin=C2_1-1
Added Pin To Net: NetName=MCU_MAGNET1 Pin=R6_1-2
Added Pin To Net: NetName=MCU_MAGNET1 Pin=R7_1-2
Added Pin To Net: NetName=MCU_MAGNET1 Pin=ZD1_1-2
Added Net: Name=MCU_MAGNET1
Added Pin To Net: NetName=MCU_MAGNET2 Pin=C2_2-1
Added Pin To Net: NetName=MCU_MAGNET2 Pin=R6_2-2
Added Pin To Net: NetName=MCU_MAGNET2 Pin=R7_2-2
Added Pin To Net: NetName=MCU_MAGNET2 Pin=ZD1_2-2
Added Net: Name=MCU_MAGNET2
Added Pin To Net: NetName=MCU_MAGNET3 Pin=C2_3-1
Added Pin To Net: NetName=MCU_MAGNET3 Pin=R6_3-2
Added Pin To Net: NetName=MCU_MAGNET3 Pin=R7_3-2
Added Pin To Net: NetName=MCU_MAGNET3 Pin=ZD1_3-2
Added Net: Name=MCU_MAGNET3
Added Pin To Net: NetName=MCU_MAGNET4 Pin=C2_4-1
Added Pin To Net: NetName=MCU_MAGNET4 Pin=R6_4-2
Added Pin To Net: NetName=MCU_MAGNET4 Pin=R7_4-2
Added Pin To Net: NetName=MCU_MAGNET4 Pin=ZD1_4-2
Added Net: Name=MCU_MAGNET4
Added Pin To Net: NetName=MCU_MAGNET5 Pin=C2_5-1
Added Pin To Net: NetName=MCU_MAGNET5 Pin=R6_5-2
Added Pin To Net: NetName=MCU_MAGNET5 Pin=R7_5-2
Added Pin To Net: NetName=MCU_MAGNET5 Pin=ZD1_5-2
Added Net: Name=MCU_MAGNET5
Added Pin To Net: NetName=MCU_MAGNET6 Pin=C2_6-1
Added Pin To Net: NetName=MCU_MAGNET6 Pin=R6_6-2
Added Pin To Net: NetName=MCU_MAGNET6 Pin=R7_6-2
Added Pin To Net: NetName=MCU_MAGNET6 Pin=ZD1_6-2
Added Net: Name=MCU_MAGNET6
Added Pin To Net: NetName=MCU_MAGNET7 Pin=C2_7-1
Added Pin To Net: NetName=MCU_MAGNET7 Pin=R6_7-2
Added Pin To Net: NetName=MCU_MAGNET7 Pin=R7_7-2
Added Pin To Net: NetName=MCU_MAGNET7 Pin=ZD1_7-2
Added Net: Name=MCU_MAGNET7
Added Pin To Net: NetName=MCU_MAGNET8 Pin=C2_8-1
Added Pin To Net: NetName=MCU_MAGNET8 Pin=R6_8-2
Added Pin To Net: NetName=MCU_MAGNET8 Pin=R7_8-2
Added Pin To Net: NetName=MCU_MAGNET8 Pin=ZD1_8-2
Added Net: Name=MCU_MAGNET8
Added Pin To Net: NetName=MCU_NRST Pin=C17-1
Added Pin To Net: NetName=MCU_NRST Pin=R25-1
Added Pin To Net: NetName=MCU_NRST Pin=S2-2
Added Net: Name=MCU_NRST
Added Pin To Net: NetName=MCU_OCS_N Pin=C18-1
Added Pin To Net: NetName=MCU_OCS_N Pin=Y1-1
Added Net: Name=MCU_OCS_N
Added Pin To Net: NetName=MCU_OCS_P Pin=C19-1
Added Pin To Net: NetName=MCU_OCS_P Pin=Y1-2
Added Net: Name=MCU_OCS_P
Added Pin To Net: NetName=MCU_RXD Pin=CN5-4
Added Net: Name=MCU_RXD
Added Pin To Net: NetName=MCU_SCL Pin=R8-1
Added Pin To Net: NetName=MCU_SCL Pin=U1-6
Added Net: Name=MCU_SCL
Added Pin To Net: NetName=MCU_SDA Pin=R9-1
Added Pin To Net: NetName=MCU_SDA Pin=U1-5
Added Net: Name=MCU_SDA
Added Pin To Net: NetName=MCU_SWCLK Pin=CN4-3
Added Net: Name=MCU_SWCLK
Added Pin To Net: NetName=MCU_SWDIO Pin=CN4-1
Added Net: Name=MCU_SWDIO
Added Pin To Net: NetName=MCU_TXD Pin=CN5-5
Added Net: Name=MCU_TXD
Added Pin To Net: NetName=MCU_VBAT Pin=BAT1-1
Added Pin To Net: NetName=MCU_VBAT Pin=C40-2
Added Pin To Net: NetName=MCU_VBAT Pin=C41-2
Added Pin To Net: NetName=MCU_VBAT Pin=D1-2
Added Net: Name=MCU_VBAT
Added Pin To Net: NetName=NetC4_1 Pin=C4-1
Added Pin To Net: NetName=NetC4_1 Pin=R11-1
Added Pin To Net: NetName=NetC4_1 Pin=R12-2
Added Net: Name=NetC4_1
Added Pin To Net: NetName=NetC5_1 Pin=C5-1
Added Pin To Net: NetName=NetC5_1 Pin=MIC1-1
Added Pin To Net: NetName=NetC5_1 Pin=R12-1
Added Net: Name=NetC5_1
Added Pin To Net: NetName=NetC6_1 Pin=C6-1
Added Pin To Net: NetName=NetC6_1 Pin=MIC1-2
Added Pin To Net: NetName=NetC6_1 Pin=R14-2
Added Net: Name=NetC6_1
Added Pin To Net: NetName=NetC7_1 Pin=C7-1
Added Pin To Net: NetName=NetC7_1 Pin=U2-18
Added Net: Name=NetC7_1
Added Pin To Net: NetName=NetC44_1 Pin=C44-1
Added Pin To Net: NetName=NetC44_1 Pin=SC2-1
Added Net: Name=NetC44_1
Added Pin To Net: NetName=NetCN1_1_1 Pin=CN1_1-1
Added Pin To Net: NetName=NetCN1_1_1 Pin=R7_1-1
Added Net: Name=NetCN1_1_1
Added Pin To Net: NetName=NetCN1_1_2 Pin=CN1_1-2
Added Pin To Net: NetName=NetCN1_1_2 Pin=Q2_1-3
Added Net: Name=NetCN1_1_2
Added Pin To Net: NetName=NetCN1_1_3 Pin=CN1_1-3
Added Pin To Net: NetName=NetCN1_1_3 Pin=Q1_1-3
Added Net: Name=NetCN1_1_3
Added Pin To Net: NetName=NetCN1_2_1 Pin=CN1_2-1
Added Pin To Net: NetName=NetCN1_2_1 Pin=R7_2-1
Added Net: Name=NetCN1_2_1
Added Pin To Net: NetName=NetCN1_2_2 Pin=CN1_2-2
Added Pin To Net: NetName=NetCN1_2_2 Pin=Q2_2-3
Added Net: Name=NetCN1_2_2
Added Pin To Net: NetName=NetCN1_2_3 Pin=CN1_2-3
Added Pin To Net: NetName=NetCN1_2_3 Pin=Q1_2-3
Added Net: Name=NetCN1_2_3
Added Pin To Net: NetName=NetCN1_3_1 Pin=CN1_3-1
Added Pin To Net: NetName=NetCN1_3_1 Pin=R7_3-1
Added Net: Name=NetCN1_3_1
Added Pin To Net: NetName=NetCN1_3_2 Pin=CN1_3-2
Added Pin To Net: NetName=NetCN1_3_2 Pin=Q2_3-3
Added Net: Name=NetCN1_3_2
Added Pin To Net: NetName=NetCN1_3_3 Pin=CN1_3-3
Added Pin To Net: NetName=NetCN1_3_3 Pin=Q1_3-3
Added Net: Name=NetCN1_3_3
Added Pin To Net: NetName=NetCN1_4_1 Pin=CN1_4-1
Added Pin To Net: NetName=NetCN1_4_1 Pin=R7_4-1
Added Net: Name=NetCN1_4_1
Added Pin To Net: NetName=NetCN1_4_2 Pin=CN1_4-2
Added Pin To Net: NetName=NetCN1_4_2 Pin=Q2_4-3
Added Net: Name=NetCN1_4_2
Added Pin To Net: NetName=NetCN1_4_3 Pin=CN1_4-3
Added Pin To Net: NetName=NetCN1_4_3 Pin=Q1_4-3
Added Net: Name=NetCN1_4_3
Added Pin To Net: NetName=NetCN1_5_1 Pin=CN1_5-1
Added Pin To Net: NetName=NetCN1_5_1 Pin=R7_5-1
Added Net: Name=NetCN1_5_1
Added Pin To Net: NetName=NetCN1_5_2 Pin=CN1_5-2
Added Pin To Net: NetName=NetCN1_5_2 Pin=Q2_5-3
Added Net: Name=NetCN1_5_2
Added Pin To Net: NetName=NetCN1_5_3 Pin=CN1_5-3
Added Pin To Net: NetName=NetCN1_5_3 Pin=Q1_5-3
Added Net: Name=NetCN1_5_3
Added Pin To Net: NetName=NetCN1_6_1 Pin=CN1_6-1
Added Pin To Net: NetName=NetCN1_6_1 Pin=R7_6-1
Added Net: Name=NetCN1_6_1
Added Pin To Net: NetName=NetCN1_6_2 Pin=CN1_6-2
Added Pin To Net: NetName=NetCN1_6_2 Pin=Q2_6-3
Added Net: Name=NetCN1_6_2
Added Pin To Net: NetName=NetCN1_6_3 Pin=CN1_6-3
Added Pin To Net: NetName=NetCN1_6_3 Pin=Q1_6-3
Added Net: Name=NetCN1_6_3
Added Pin To Net: NetName=NetCN1_7_1 Pin=CN1_7-1
Added Pin To Net: NetName=NetCN1_7_1 Pin=R7_7-1
Added Net: Name=NetCN1_7_1
Added Pin To Net: NetName=NetCN1_7_2 Pin=CN1_7-2
Added Pin To Net: NetName=NetCN1_7_2 Pin=Q2_7-3
Added Net: Name=NetCN1_7_2
Added Pin To Net: NetName=NetCN1_7_3 Pin=CN1_7-3
Added Pin To Net: NetName=NetCN1_7_3 Pin=Q1_7-3
Added Net: Name=NetCN1_7_3
Added Pin To Net: NetName=NetCN1_8_1 Pin=CN1_8-1
Added Pin To Net: NetName=NetCN1_8_1 Pin=R7_8-1
Added Net: Name=NetCN1_8_1
Added Pin To Net: NetName=NetCN1_8_2 Pin=CN1_8-2
Added Pin To Net: NetName=NetCN1_8_2 Pin=Q2_8-3
Added Net: Name=NetCN1_8_2
Added Pin To Net: NetName=NetCN1_8_3 Pin=CN1_8-3
Added Pin To Net: NetName=NetCN1_8_3 Pin=Q1_8-3
Added Net: Name=NetCN1_8_3
Added Pin To Net: NetName=NetD1_1 Pin=D1-1
Added Pin To Net: NetName=NetD1_1 Pin=R28-1
Added Net: Name=NetD1_1
Added Pin To Net: NetName=NetFB5_2 Pin=FB5-2
Added Pin To Net: NetName=NetFB5_2 Pin=R28-2
Added Net: Name=NetFB5_2
Added Pin To Net: NetName=NetH1_1 Pin=H1-1
Added Pin To Net: NetName=NetH1_1 Pin=R26-2
Added Net: Name=NetH1_1
Added Pin To Net: NetName=NetLED1_2 Pin=LED1-2
Added Pin To Net: NetName=NetLED1_2 Pin=R10-1
Added Net: Name=NetLED1_2
Added Pin To Net: NetName=NetLED2_1 Pin=LED2-1
Added Pin To Net: NetName=NetLED2_1 Pin=R27-2
Added Net: Name=NetLED2_1
Added Pin To Net: NetName=NetLED3_2 Pin=LED3-2
Added Pin To Net: NetName=NetLED3_2 Pin=R29-1
Added Net: Name=NetLED3_2
Added Pin To Net: NetName=NetQ1_1_2 Pin=Q1_1-2
Added Pin To Net: NetName=NetQ1_1_2 Pin=R2_1-1
Added Pin To Net: NetName=NetQ1_1_2 Pin=R3_1-2
Added Net: Name=NetQ1_1_2
Added Pin To Net: NetName=NetQ1_2_2 Pin=Q1_2-2
Added Pin To Net: NetName=NetQ1_2_2 Pin=R2_2-1
Added Pin To Net: NetName=NetQ1_2_2 Pin=R3_2-2
Added Net: Name=NetQ1_2_2
Added Pin To Net: NetName=NetQ1_3_2 Pin=Q1_3-2
Added Pin To Net: NetName=NetQ1_3_2 Pin=R2_3-1
Added Pin To Net: NetName=NetQ1_3_2 Pin=R3_3-2
Added Net: Name=NetQ1_3_2
Added Pin To Net: NetName=NetQ1_4_2 Pin=Q1_4-2
Added Pin To Net: NetName=NetQ1_4_2 Pin=R2_4-1
Added Pin To Net: NetName=NetQ1_4_2 Pin=R3_4-2
Added Net: Name=NetQ1_4_2
Added Pin To Net: NetName=NetQ1_5_2 Pin=Q1_5-2
Added Pin To Net: NetName=NetQ1_5_2 Pin=R2_5-1
Added Pin To Net: NetName=NetQ1_5_2 Pin=R3_5-2
Added Net: Name=NetQ1_5_2
Added Pin To Net: NetName=NetQ1_6_2 Pin=Q1_6-2
Added Pin To Net: NetName=NetQ1_6_2 Pin=R2_6-1
Added Pin To Net: NetName=NetQ1_6_2 Pin=R3_6-2
Added Net: Name=NetQ1_6_2
Added Pin To Net: NetName=NetQ1_7_2 Pin=Q1_7-2
Added Pin To Net: NetName=NetQ1_7_2 Pin=R2_7-1
Added Pin To Net: NetName=NetQ1_7_2 Pin=R3_7-2
Added Net: Name=NetQ1_7_2
Added Pin To Net: NetName=NetQ1_8_2 Pin=Q1_8-2
Added Pin To Net: NetName=NetQ1_8_2 Pin=R2_8-1
Added Pin To Net: NetName=NetQ1_8_2 Pin=R3_8-2
Added Net: Name=NetQ1_8_2
Added Pin To Net: NetName=NetQ2_1_2 Pin=Q2_1-2
Added Pin To Net: NetName=NetQ2_1_2 Pin=R4_1-1
Added Pin To Net: NetName=NetQ2_1_2 Pin=R5_1-2
Added Net: Name=NetQ2_1_2
Added Pin To Net: NetName=NetQ2_2_2 Pin=Q2_2-2
Added Pin To Net: NetName=NetQ2_2_2 Pin=R4_2-1
Added Pin To Net: NetName=NetQ2_2_2 Pin=R5_2-2
Added Net: Name=NetQ2_2_2
Added Pin To Net: NetName=NetQ2_3_2 Pin=Q2_3-2
Added Pin To Net: NetName=NetQ2_3_2 Pin=R4_3-1
Added Pin To Net: NetName=NetQ2_3_2 Pin=R5_3-2
Added Net: Name=NetQ2_3_2
Added Pin To Net: NetName=NetQ2_4_2 Pin=Q2_4-2
Added Pin To Net: NetName=NetQ2_4_2 Pin=R4_4-1
Added Pin To Net: NetName=NetQ2_4_2 Pin=R5_4-2
Added Net: Name=NetQ2_4_2
Added Pin To Net: NetName=NetQ2_5_2 Pin=Q2_5-2
Added Pin To Net: NetName=NetQ2_5_2 Pin=R4_5-1
Added Pin To Net: NetName=NetQ2_5_2 Pin=R5_5-2
Added Net: Name=NetQ2_5_2
Added Pin To Net: NetName=NetQ2_6_2 Pin=Q2_6-2
Added Pin To Net: NetName=NetQ2_6_2 Pin=R4_6-1
Added Pin To Net: NetName=NetQ2_6_2 Pin=R5_6-2
Added Net: Name=NetQ2_6_2
Added Pin To Net: NetName=NetQ2_7_2 Pin=Q2_7-2
Added Pin To Net: NetName=NetQ2_7_2 Pin=R4_7-1
Added Pin To Net: NetName=NetQ2_7_2 Pin=R5_7-2
Added Net: Name=NetQ2_7_2
Added Pin To Net: NetName=NetQ2_8_2 Pin=Q2_8-2
Added Pin To Net: NetName=NetQ2_8_2 Pin=R4_8-1
Added Pin To Net: NetName=NetQ2_8_2 Pin=R5_8-2
Added Net: Name=NetQ2_8_2
Added Pin To Net: NetName=NetQ3_2 Pin=Q3-2
Added Pin To Net: NetName=NetQ3_2 Pin=R21-2
Added Pin To Net: NetName=NetQ3_2 Pin=R22-2
Added Net: Name=NetQ3_2
Added Pin To Net: NetName=NetQ3_3 Pin=Q3-3
Added Pin To Net: NetName=NetQ3_3 Pin=R15-1
Added Pin To Net: NetName=NetQ3_3 Pin=R16-1
Added Pin To Net: NetName=NetQ3_3 Pin=R20-1
Added Net: Name=NetQ3_3
Added Pin To Net: NetName=NetR13_2 Pin=R13-2
Added Pin To Net: NetName=NetR13_2 Pin=U2-20
Added Net: Name=NetR13_2
Added Pin To Net: NetName=SPK_N Pin=CN2-2
Added Pin To Net: NetName=SPK_N Pin=U2-13
Added Net: Name=SPK_N
Added Pin To Net: NetName=SPK_P Pin=CN2-1
Added Pin To Net: NetName=SPK_P Pin=U2-15
Added Net: Name=SPK_P
Added Pin To Net: NetName=TFT_BLK Pin=R21-1
Added Pin To Net: NetName=TFT_BLK Pin=TP12-1
Added Net: Name=TFT_BLK
Added Pin To Net: NetName=TFT_CLK Pin=CN3-10
Added Pin To Net: NetName=TFT_CLK Pin=TP4-1
Added Pin To Net: NetName=TFT_CLK Pin=TP5-1
Added Net: Name=TFT_CLK
Added Pin To Net: NetName=TFT_CS_2 Pin=TP13-1
Added Net: Name=TFT_CS_2
Added Pin To Net: NetName=TFT_CS_3 Pin=TP14-1
Added Net: Name=TFT_CS_3
Added Pin To Net: NetName=TFT_CS Pin=CN3-9
Added Pin To Net: NetName=TFT_CS Pin=TP3-1
Added Net: Name=TFT_CS
Added Pin To Net: NetName=TFT_DC Pin=CN3-11
Added Pin To Net: NetName=TFT_DC Pin=TP6-1
Added Net: Name=TFT_DC
Added Pin To Net: NetName=TFT_IM0 Pin=CN3-38
Added Pin To Net: NetName=TFT_IM0 Pin=R19-1
Added Pin To Net: NetName=TFT_IM0 Pin=R24-2
Added Net: Name=TFT_IM0
Added Pin To Net: NetName=TFT_IM1 Pin=CN3-39
Added Pin To Net: NetName=TFT_IM1 Pin=R18-1
Added Pin To Net: NetName=TFT_IM1 Pin=R23-2
Added Net: Name=TFT_IM1
Added Pin To Net: NetName=TFT_IM2 Pin=CN3-40
Added Pin To Net: NetName=TFT_IM2 Pin=R17-1
Added Net: Name=TFT_IM2
Added Pin To Net: NetName=TFT_LED_K1 Pin=CN3-34
Added Pin To Net: NetName=TFT_LED_K1 Pin=R15-2
Added Net: Name=TFT_LED_K1
Added Pin To Net: NetName=TFT_LED_K2 Pin=CN3-35
Added Pin To Net: NetName=TFT_LED_K2 Pin=R16-2
Added Net: Name=TFT_LED_K2
Added Pin To Net: NetName=TFT_LED_K3 Pin=CN3-36
Added Pin To Net: NetName=TFT_LED_K3 Pin=R20-2
Added Net: Name=TFT_LED_K3
Added Pin To Net: NetName=TFT_MISO Pin=CN3-14
Added Pin To Net: NetName=TFT_MISO Pin=TP9-1
Added Pin To Net: NetName=TFT_MISO Pin=TP10-1
Added Net: Name=TFT_MISO
Added Pin To Net: NetName=TFT_MOSI Pin=CN3-13
Added Pin To Net: NetName=TFT_MOSI Pin=TP7-1
Added Pin To Net: NetName=TFT_MOSI Pin=TP8-1
Added Net: Name=TFT_MOSI
Added Pin To Net: NetName=TFT_RES Pin=CN3-15
Added Pin To Net: NetName=TFT_RES Pin=TP11-1
Added Net: Name=TFT_RES
Added Pin To Net: NetName=V_CAP_1 Pin=C34-1
Added Net: Name=V_CAP_1
Added Pin To Net: NetName=V_CAP_2 Pin=C39-1
Added Net: Name=V_CAP_2
Added Pin To Net: NetName=VCC_EEPROM Pin=C3-1
Added Pin To Net: NetName=VCC_EEPROM Pin=FB1-1
Added Pin To Net: NetName=VCC_EEPROM Pin=R8-2
Added Pin To Net: NetName=VCC_EEPROM Pin=R9-2
Added Pin To Net: NetName=VCC_EEPROM Pin=U1-8
Added Net: Name=VCC_EEPROM
Added Pin To Net: NetName=VCC_ISD Pin=C8-1
Added Pin To Net: NetName=VCC_ISD Pin=C9-1
Added Pin To Net: NetName=VCC_ISD Pin=C10-1
Added Pin To Net: NetName=VCC_ISD Pin=FB2-2
Added Pin To Net: NetName=VCC_ISD Pin=LED1-1
Added Pin To Net: NetName=VCC_ISD Pin=R11-2
Added Pin To Net: NetName=VCC_ISD Pin=U2-1
Added Pin To Net: NetName=VCC_ISD Pin=U2-14
Added Pin To Net: NetName=VCC_ISD Pin=U2-21
Added Net: Name=VCC_ISD
Added Pin To Net: NetName=VCC_MCU Pin=C20-1
Added Pin To Net: NetName=VCC_MCU Pin=C21-1
Added Pin To Net: NetName=VCC_MCU Pin=C22-1
Added Pin To Net: NetName=VCC_MCU Pin=C23-1
Added Pin To Net: NetName=VCC_MCU Pin=C24-1
Added Pin To Net: NetName=VCC_MCU Pin=C25-1
Added Pin To Net: NetName=VCC_MCU Pin=C26-1
Added Pin To Net: NetName=VCC_MCU Pin=C27-1
Added Pin To Net: NetName=VCC_MCU Pin=C28-1
Added Pin To Net: NetName=VCC_MCU Pin=C29-1
Added Pin To Net: NetName=VCC_MCU Pin=C30-1
Added Pin To Net: NetName=VCC_MCU Pin=C31-1
Added Pin To Net: NetName=VCC_MCU Pin=C32-1
Added Pin To Net: NetName=VCC_MCU Pin=C33-1
Added Pin To Net: NetName=VCC_MCU Pin=CN4-2
Added Pin To Net: NetName=VCC_MCU Pin=FB4-2
Added Pin To Net: NetName=VCC_MCU Pin=R25-2
Added Pin To Net: NetName=VCC_MCU Pin=R26-1
Added Net: Name=VCC_MCU
Added Pin To Net: NetName=VCC_TFT Pin=C11-1
Added Pin To Net: NetName=VCC_TFT Pin=C12-1
Added Pin To Net: NetName=VCC_TFT Pin=C13-1
Added Pin To Net: NetName=VCC_TFT Pin=C14-1
Added Pin To Net: NetName=VCC_TFT Pin=C15-1
Added Pin To Net: NetName=VCC_TFT Pin=C16-1
Added Pin To Net: NetName=VCC_TFT Pin=CN3-6
Added Pin To Net: NetName=VCC_TFT Pin=CN3-7
Added Pin To Net: NetName=VCC_TFT Pin=CN3-12
Added Pin To Net: NetName=VCC_TFT Pin=CN3-33
Added Pin To Net: NetName=VCC_TFT Pin=FB3-2
Added Pin To Net: NetName=VCC_TFT Pin=R17-2
Added Pin To Net: NetName=VCC_TFT Pin=R18-2
Added Pin To Net: NetName=VCC_TFT Pin=R19-2
Added Net: Name=VCC_TFT
Added Class: Name=CHANNELB
Added Class: Name=CHANNELC
Added Class: Name=CHANNELD
Added Class: Name=CHANNELE
Added Class: Name=CHANNELF
Added Class: Name=CHANNELG
Added Class: Name=CHANNELH
Added Class: Name=CHANNELI
Added Class: Name=EEPROM
Added Class: Name=Interface
Added Class: Name=ISD1730
Added Class: Name=KEYB
Added Class: Name=KEYC
Added Class: Name=KEYD
Added Class: Name=MCU
Added Class: Name=Power
Added Class: Name=STM_AUX
Added Class: Name=TFT
Added Class: Name=FPC
Added Class: Name=ISD
Added Class: Name=MCU_KEY[1..3]
Added Class: Name=MCU_LED[1..8]
Added Class: Name=MCU_LOCK[1..8]
Added Class: Name=MCU_MAGNET[1..8]
Added Class: Name=STM32
Added Differential Pair: Name=ISD_MIC
Added Differential Pair: Name=MCU_OCS
Added Differential Pair: Name=SPK
Added Class: Name=Channel
Added Class: Name=Digital Input
Added Room: Name=CHANNELB
Added Room: Name=CHANNELC
Added Room: Name=CHANNELD
Added Room: Name=CHANNELE
Added Room: Name=CHANNELF
Added Room: Name=CHANNELG
Added Room: Name=CHANNELH
Added Room: Name=CHANNELI
Added Room: Name=EEPROM
Added Room: Name=Interface
Added Room: Name=ISD1730
Added Room: Name=KEYB
Added Room: Name=KEYC
Added Room: Name=KEYD
Added Room: Name=MCU
Added Room: Name=Power
Added Room: Name=STM_AUX
Added Room: Name=TFT
